# OpenTelemetry Metrics report: .csv, 4 fields: 
# <metric name>, <period start, nanoseconds>, <period end, nanoseconds>, <metric value>
# See CsvMetricsExporter for details.
# 
# NAME, PERIOD_START_NANOS, PERIOD_END_NANOS, VALUE
AWTEventQueue.dispatchTimeMaxNs,1787298013410000000,1787298073432000000,1027604479
FlushQueue.executionTimeAvgNs,1787298013410000000,1787298073432000000,7677818.431264729
NonBlockingReadAction.finalizedExecutionTimeUs,1787298013410000000,1787298073432000000,3571664
AWTEventQueue.dispatchTimeTotalNS,1787298013410000000,1787298073432000000,25953279034
FlushQueue.queueSizeMax,1787298013410000000,1787298073432000000,114
FlushQueue.waitingTimeMaxNs,1787298013410000000,1787298073432000000,5905580031
AWTEventQueue.dispatchTime90PNs,1787298013410000000,1787298073432000000,2768895
FlushQueue.waitingTime90PNs,1787298013410000000,1787298073432000000,4697620479
NonBlockingReadAction.failedExecutionsCount,1787298013410000000,1787298073432000000,2
FlushQueue.executionTime90PNs,1787298013410000000,1787298073432000000,10354687
AWTEventQueue.eventsDispatched,1787298013410000000,1787298073432000000,6983
FlushQueue.tasksExecuted,1787298013410000000,1787298073432000000,1271
AWTEventQueue.dispatchTimeAvgNs,1787298013410000000,1787298073432000000,3715611.5583560076
FlushQueue.queueSize90P,1787298013410000000,1787298073432000000,86
FlushQueue.waitingTimeAvgNs,1787298013410000000,1787298073432000000,9.978761584484658E8
NonBlockingReadAction.finalizedExecutionsCount,1787298013410000000,1787298073432000000,46
FlushQueue.queueSizeAvg,1787298013410000000,1787298073432000000,26.68813825608798
FlushQueue.executionTimeMaxNs,1787298013410000000,1787298073432000000,1023410175
NonBlockingReadAction.failedExecutionTimeUs,1787298013410000000,1787298073432000000,140617
Indexes.stubs.lookupDurationAvgMs,1787298013410000000,1787298073432000000,10.0
VFSFlusher.totalFlushesRetried,1787298013410000000,1787298073432000000,0
Indexes.entries.lookupDuration90PMs,1787298013410000000,1787298073432000000,26.0
VFSFlusher.totalFlushes,1787298013410000000,1787298073432000000,3
Indexes.entries.lookups,1787298013410000000,1787298073432000000,8.0
VFSFlusher.totalContentionQuotaSpent,1787298013410000000,1787298073432000000,0
Indexes.entries.lookupDurationAvgMs,1787298013410000000,1787298073432000000,13.5
IndexesFlusher.totalFlushingTimeUs,1787298013410000000,1787298073432000000,1607676
Indexes.allKeys.lookupDurationMaxMs,1787298013410000000,1787298073432000000,0.0
Indexes.allKeys.lookups,1787298013410000000,1787298073432000000,0.0
IndexesFlusher.totalFlushes,1787298013410000000,1787298073432000000,102
Indexes.allKeys.lookupDurationAvgMs,1787298013410000000,1787298073432000000,0.0
VFSFlusher.totalFlushingTimeUs,1787298013410000000,1787298073432000000,35987
IndexesFlusher.totalContentionQuotaSpent,1787298013410000000,1787298073432000000,18
Indexes.stubs.lookupDuration90PMs,1787298013410000000,1787298073432000000,28.0
Indexes.stubs.lookups,1787298013410000000,1787298073432000000,44.0
Indexes.allKeys.lookupDuration90PMs,1787298013410000000,1787298073432000000,0.0
Indexes.entries.lookupDurationMaxMs,1787298013410000000,1787298073432000000,26.0
Indexes.stubs.lookupDurationMaxMs,1787298013410000000,1787298073432000000,60.0
IndexesFlusher.totalFlushesRetried,1787298013410000000,1787298073432000000,1
workspaceModel.init.bridges.ms,1787298013410000000,1787298073432000000,2
workspaceModel.to.snapshot.ms,1787298013410000000,1787298073432000000,8
workspaceModel.replace.project.model.ms,1787298013410000000,1787298073432000000,0
workspaceModel.update.unloaded.entities.ms,1787298013410000000,1787298073432000000,0
workspaceModel.loading.total.ms,1787298013410000000,1787298073432000000,277
workspaceModel.updates.precise.ms,1787298013410000000,1787298073432000000,44
workspaceModel.check.recursive.update.ms,1787298013410000000,1787298073432000000,3
workspaceModel.updates.ms,1787298013410000000,1787298073432000000,120
workspaceModel.loading.from.cache.ms,1787298013410000000,1787298073432000000,241
workspaceModel.pre.handlers.ms,1787298013410000000,1787298073432000000,1
workspaceModel.initializing.ms,1787298013410000000,1787298073432000000,2
workspaceModel.collect.changes.ms,1787298013410000000,1787298073432000000,0
workspaceModel.updates.count,1787298013410000000,1787298073432000000,5
JVM.GC.collectionTimesMs,1787298013410000000,1787298073432000000,336
JVM.totalCpuTimeMs,1787298013410000000,1787298073432000000,89557
JVM.threadCount,1787298013410000000,1787298073432000000,133
OS.loadAverage,1787298013410000000,1787298073432000000,3.0751953125
JVM.usedHeapBytes,1787298013410000000,1787298073432000000,463870976
JVM.maxHeapBytes,1787298013410000000,1787298073432000000,2147483648
JVM.GC.collections,1787298013410000000,1787298073432000000,33
JVM.maxNativeBytes,1787298013410000000,1787298073432000000,-1
JVM.usedNativeBytes,1787298013410000000,1787298073432000000,349959032
jps.project.serializers.load.ms,1787298013410000000,1787298073432000000,211
jps.artifact.entities.serializer.load.entities.ms,1787298013410000000,1787298073432000000,0
workspaceModel.orphan.listener.update.ms,1787298013410000000,1787298073432000000,7
workspaceModel.delayed.project.synchronizer.sync.ms,1787298013410000000,1787298073432000000,1324
jps.global.initialize.library.bridges.ms,1787298013410000000,1787298073432000000,0
jps.project.serializers.save.ms,1787298013410000000,1787298073432000000,0
jps.artifact.entities.serializer.save.entities.ms,1787298013410000000,1787298073432000000,0
jps.load.initial.state.ms,1787298013410000000,1787298073432000000,13
workspaceModel.global.apply.state.to.project.ms,1787298013410000000,1787298073432000000,51
jps.module.iml.entities.serializer.save.entities.ms,1787298013410000000,1787298073432000000,0
jps.facet.change.listener.process.change.events.ms,1787298013410000000,1787298073432000000,1
workspaceModel.mutableEntityStorage.replace.by.source.ms,1787298013410000000,1787298073432000000,28
workspaceModel.moduleManagerBridge.load.all.modules.ms,1787298013410000000,1787298073432000000,130
workspaceModel.mutableEntityStorage.mutable.ext.mapping.ms,1787298013410000000,1787298073432000000,0
jps.load.project.to.empty.storage.ms,1787298013410000000,1787298073432000000,382
workspaceModel.mutableEntityStorage.resolve.ms,1787298013410000000,1787298073432000000,0
workspaceModel.moduleManagerBridge.load.module.ms,1787298013410000000,1787298073432000000,0
workspaceModel.moduleManagerBridge.create.module.instance.ms,1787298013410000000,1787298073432000000,0
workspaceModel.mutableEntityStorage.entities.ms,1787298013410000000,1787298073432000000,0
jps.facet.change.listener.init.bridge.ms,1787298013410000000,1787298073432000000,0
jps.global.handle.changed.events.ms,1787298013410000000,1787298073432000000,0
workspaceModel.moduleManagerBridge.newModule.ms,1787298013410000000,1787298073432000000,0
workspaceModel.global.updates.count,1787298013410000000,1787298073432000000,0
workspaceModel.moduleBridgeLoader.loading.modules.ms,1787298013410000000,1787298073432000000,959
jps.global.initialize.library.bridges.after.loading.ms,1787298013410000000,1787298073432000000,0
workspaceModel.moduleManagerBridge.build.module.graph.ms,1787298013410000000,1787298073432000000,1
workspaceModel.mutableEntityStorage.collect.changes.ms,1787298013410000000,1787298073432000000,0
jps.storage.jps.conf.reader.load.component.ms,1787298013410000000,1787298073432000000,241
workspaceModel.global.updates.ms,1787298013410000000,1787298073432000000,0
jps.reload.project.entities.ms,1787298013410000000,1787298073432000000,0
jps.save.changed.project.entities.ms,1787298013410000000,1787298073432000000,0
workspaceModel.moduleManagerBridge.get.modules.ms,1787298013410000000,1787298073432000000,6
workspaceModel.mutableEntityStorage.to.snapshot.ms,1787298013410000000,1787298073432000000,9
workspaceModel.mutableEntityStorage.modify.entity.ms,1787298013410000000,1787298073432000000,14
workspaceModel.mutableEntityStorage.referrers.ms,1787298013410000000,1787298073432000000,0
workspaceModel.moduleBridge.before.changed.ms,1787298013410000000,1787298073432000000,0
jps.apply.loaded.storage.ms,1787298013410000000,1787298073432000000,923
workspaceModel.mutableEntityStorage.add.diff.ms,1787298013410000000,1787298073432000000,41
workspaceModel.moduleBridge.update.option.ms,1787298013410000000,1787298073432000000,0
workspaceModel.mutableEntityStorage.put.entity.ms,1787298013410000000,1787298073432000000,51
jps.library.entities.serializer.save.entities.ms,1787298013410000000,1787298073432000000,0
workspaceModel.load.cache.from.file.ms,1787298013410000000,1787298073432000000,239
jps.global.handle.before.change.events.ms,1787298013410000000,1787298073432000000,0
workspaceModel.mutableEntityStorage.add.entity.ms,1787298013410000000,1787298073432000000,238
jps.global.get.library.ms,1787298013410000000,1787298073432000000,0
jps.global.get.library.by.name.ms,1787298013410000000,1787298073432000000,0
workspaceModel.sync.entities.ms,1787298013410000000,1787298073432000000,0
workspaceModel.mutableEntityStorage.remove.entity.ms,1787298013410000000,1787298073432000000,0
workspaceModel.save.cache.to.file.ms,1787298013410000000,1787298073432000000,197
jps.global.get.libraries.ms,1787298013410000000,1787298073432000000,4
jps.module.iml.entities.serializer.load.entities.ms,1787298013410000000,1787298073432000000,249
workspaceModel.moduleBridge.facet.initialization.ms,1787298013410000000,1787298073432000000,1
jps.facet.change.listener.before.change.events.ms,1787298013410000000,1787298073432000000,0
jps.save.global.entities.ms,1787298013410000000,1787298073432000000,0
jps.library.entities.serializer.load.entities.ms,1787298013410000000,1787298073432000000,132
workspaceModel.mutableEntityStorage.mutable.vfurl.index.ms,1787298013410000000,1787298073432000000,1
workspaceModel.mutableEntityStorage.entities.by.source.ms,1787298013410000000,1787298073432000000,1
jps.app.storage.content.reader.load.component.ms,1787298013410000000,1787298073432000000,0
workspaceModel.moduleManagerBridge.set.unloadedModules.ms,1787298013410000000,1787298073432000000,0
workspaceModel.mutableEntityStorage.has.same.entities.ms,1787298013410000000,1787298073432000000,0
workspaceModel.global.apply.state.to.project.builder.ms,1787298013410000000,1787298073432000000,5
workspaceModel.moduleManagerBridge.new.nonPersistent.module.ms,1787298013410000000,1787298073432000000,0
FilePageCache.maxRegisteredFiles,1787298013410000000,1787298073432000000,617
FilePageCache.disposedBuffers,1787298013410000000,1787298073432000000,3
StreamlinedBlobStorage.recordsAllocated,1787298013410000000,1787298073432000000,7221
DirectByteBufferAllocator.misses,1787298013410000000,1787298073432000000,248
FilePageCache.maxCacheSizeInBytes,1787298013410000000,1787298073432000000,265322496
StreamlinedBlobStorage.totalLiveRecordsCapacityBytes,1787298013410000000,1787298073432000000,528808
DirectByteBufferAllocator.reclaimed,1787298013410000000,1787298073432000000,3
FilePageCache.pageLoadsAboveSizeThreshold,1787298013410000000,1787298073432000000,0
StreamlinedBlobStorage.recordsRelocated,1787298013410000000,1787298073432000000,0
FilePageCache.capacityInBytes,1787298013410000000,1787298073432000000,524288000
StorageLockContext.competingThreads.max,1787298013410000000,1787298073432000000,11
DirectByteBufferAllocator.hits,1787298013410000000,1787298073432000000,3
FilePageCache.pageFastCacheHits,1787298013410000000,1787298073432000000,21734
DirectByteBufferAllocator.totalSizeOfBuffersAllocatedInBytes,1787298013410000000,1787298073432000000,265322496
StorageLockContext.competingThreads.avg,1787298013410000000,1787298073432000000,0.09565217391304348
DirectByteBufferAllocator.totalSizeOfBuffersCachedInBytes,1787298013410000000,1787298073432000000,0
FilePageCache.totalPageDisposalsUs,1787298013410000000,1787298073432000000,8534
StreamlinedBlobStorage.totalLiveRecordsPayloadBytes,1787298013410000000,1787298073432000000,257241
FilePageCache.pageLoads,1787298013410000000,1787298073432000000,251
FilePageCache.pageHits,1787298013410000000,1787298073432000000,0
FilePageCache.uncachedFileAccess,1787298013410000000,1787298073432000000,135
StreamlinedBlobStorage.recordsDeleted,1787298013410000000,1787298073432000000,19
DirectByteBufferAllocator.disposed,1787298013410000000,1787298073432000000,0
StorageLockContext.competingThreads.90P,1787298013410000000,1787298073432000000,0
FilePageCache.totalPageLoadsUs,1787298013410000000,1787298073432000000,443507
FileNameCache.totalMisses,1787298013410000000,1787298073432000000,4711
FileNameCache.queries,1787298013410000000,1787298073432000000,167069
FileNameCache.fastMisses,1787298013410000000,1787298073432000000,7006
AWTEventQueue.dispatchTimeMaxNs,1787298073432000000,1787298133435000000,545259519
FlushQueue.executionTimeAvgNs,1787298073432000000,1787298133435000000,2065424.4669299112
NonBlockingReadAction.finalizedExecutionTimeUs,1787298073432000000,1787298133435000000,118
AWTEventQueue.dispatchTimeTotalNS,1787298073432000000,1787298133435000000,15301614627
FlushQueue.queueSizeMax,1787298073432000000,1787298133435000000,38
FlushQueue.waitingTimeMaxNs,1787298073432000000,1787298133435000000,1166016511
AWTEventQueue.dispatchTime90PNs,1787298073432000000,1787298133435000000,1056767
FlushQueue.waitingTime90PNs,1787298073432000000,1787298133435000000,65535999
NonBlockingReadAction.failedExecutionsCount,1787298073432000000,1787298133435000000,0
FlushQueue.executionTime90PNs,1787298073432000000,1787298133435000000,1966079
AWTEventQueue.eventsDispatched,1787298073432000000,1787298133435000000,16997
FlushQueue.tasksExecuted,1787298073432000000,1787298133435000000,1013
AWTEventQueue.dispatchTimeAvgNs,1787298073432000000,1787298133435000000,900025.0872506913
FlushQueue.queueSize90P,1787298073432000000,1787298133435000000,5
FlushQueue.waitingTimeAvgNs,1787298073432000000,1787298133435000000,3.98927913958539E7
NonBlockingReadAction.finalizedExecutionsCount,1787298073432000000,1787298133435000000,5
FlushQueue.queueSizeAvg,1787298073432000000,1787298133435000000,1.9615004935834155
FlushQueue.executionTimeMaxNs,1787298073432000000,1787298133435000000,387973119
NonBlockingReadAction.failedExecutionTimeUs,1787298073432000000,1787298133435000000,0
Indexes.stubs.lookupDurationAvgMs,1787298073432000000,1787298133435000000,0.0
VFSFlusher.totalFlushesRetried,1787298073432000000,1787298133435000000,0
Indexes.entries.lookupDuration90PMs,1787298073432000000,1787298133435000000,0.0
VFSFlusher.totalFlushes,1787298073432000000,1787298133435000000,0
Indexes.entries.lookups,1787298073432000000,1787298133435000000,0.0
VFSFlusher.totalContentionQuotaSpent,1787298073432000000,1787298133435000000,0
Indexes.entries.lookupDurationAvgMs,1787298073432000000,1787298133435000000,0.0
IndexesFlusher.totalFlushingTimeUs,1787298073432000000,1787298133435000000,665505
Indexes.allKeys.lookupDurationMaxMs,1787298073432000000,1787298133435000000,0.0
Indexes.allKeys.lookups,1787298073432000000,1787298133435000000,0.0
IndexesFlusher.totalFlushes,1787298073432000000,1787298133435000000,117
Indexes.allKeys.lookupDurationAvgMs,1787298073432000000,1787298133435000000,0.0
VFSFlusher.totalFlushingTimeUs,1787298073432000000,1787298133435000000,0
IndexesFlusher.totalContentionQuotaSpent,1787298073432000000,1787298133435000000,0
Indexes.stubs.lookupDuration90PMs,1787298073432000000,1787298133435000000,0.0
Indexes.stubs.lookups,1787298073432000000,1787298133435000000,0.0
Indexes.allKeys.lookupDuration90PMs,1787298073432000000,1787298133435000000,0.0
Indexes.entries.lookupDurationMaxMs,1787298073432000000,1787298133435000000,0.0
Indexes.stubs.lookupDurationMaxMs,1787298073432000000,1787298133435000000,0.0
IndexesFlusher.totalFlushesRetried,1787298073432000000,1787298133435000000,0
workspaceModel.init.bridges.ms,1787298073432000000,1787298133435000000,2
workspaceModel.to.snapshot.ms,1787298073432000000,1787298133435000000,8
workspaceModel.replace.project.model.ms,1787298073432000000,1787298133435000000,0
workspaceModel.update.unloaded.entities.ms,1787298073432000000,1787298133435000000,0
workspaceModel.loading.total.ms,1787298073432000000,1787298133435000000,277
workspaceModel.updates.precise.ms,1787298073432000000,1787298133435000000,44
workspaceModel.check.recursive.update.ms,1787298073432000000,1787298133435000000,3
workspaceModel.updates.ms,1787298073432000000,1787298133435000000,120
workspaceModel.loading.from.cache.ms,1787298073432000000,1787298133435000000,241
workspaceModel.pre.handlers.ms,1787298073432000000,1787298133435000000,1
workspaceModel.initializing.ms,1787298073432000000,1787298133435000000,2
workspaceModel.collect.changes.ms,1787298073432000000,1787298133435000000,0
workspaceModel.updates.count,1787298073432000000,1787298133435000000,5
JVM.GC.collectionTimesMs,1787298073432000000,1787298133435000000,166
JVM.totalCpuTimeMs,1787298073432000000,1787298133435000000,55733
JVM.threadCount,1787298073432000000,1787298133435000000,116
OS.loadAverage,1787298073432000000,1787298133435000000,3.38037109375
JVM.usedHeapBytes,1787298073432000000,1787298133435000000,420205008
JVM.maxHeapBytes,1787298073432000000,1787298133435000000,2147483648
JVM.GC.collections,1787298073432000000,1787298133435000000,13
JVM.maxNativeBytes,1787298073432000000,1787298133435000000,-1
JVM.usedNativeBytes,1787298073432000000,1787298133435000000,399058920
jps.project.serializers.load.ms,1787298073432000000,1787298133435000000,211
jps.artifact.entities.serializer.load.entities.ms,1787298073432000000,1787298133435000000,0
workspaceModel.orphan.listener.update.ms,1787298073432000000,1787298133435000000,7
workspaceModel.delayed.project.synchronizer.sync.ms,1787298073432000000,1787298133435000000,1324
jps.global.initialize.library.bridges.ms,1787298073432000000,1787298133435000000,0
jps.project.serializers.save.ms,1787298073432000000,1787298133435000000,0
jps.artifact.entities.serializer.save.entities.ms,1787298073432000000,1787298133435000000,0
jps.load.initial.state.ms,1787298073432000000,1787298133435000000,13
workspaceModel.global.apply.state.to.project.ms,1787298073432000000,1787298133435000000,51
jps.module.iml.entities.serializer.save.entities.ms,1787298073432000000,1787298133435000000,0
jps.facet.change.listener.process.change.events.ms,1787298073432000000,1787298133435000000,1
workspaceModel.mutableEntityStorage.replace.by.source.ms,1787298073432000000,1787298133435000000,28
workspaceModel.moduleManagerBridge.load.all.modules.ms,1787298073432000000,1787298133435000000,130
workspaceModel.mutableEntityStorage.mutable.ext.mapping.ms,1787298073432000000,1787298133435000000,0
jps.load.project.to.empty.storage.ms,1787298073432000000,1787298133435000000,382
workspaceModel.mutableEntityStorage.resolve.ms,1787298073432000000,1787298133435000000,0
workspaceModel.moduleManagerBridge.load.module.ms,1787298073432000000,1787298133435000000,0
workspaceModel.moduleManagerBridge.create.module.instance.ms,1787298073432000000,1787298133435000000,0
workspaceModel.mutableEntityStorage.entities.ms,1787298073432000000,1787298133435000000,0
jps.facet.change.listener.init.bridge.ms,1787298073432000000,1787298133435000000,0
jps.global.handle.changed.events.ms,1787298073432000000,1787298133435000000,0
workspaceModel.moduleManagerBridge.newModule.ms,1787298073432000000,1787298133435000000,0
workspaceModel.global.updates.count,1787298073432000000,1787298133435000000,0
workspaceModel.moduleBridgeLoader.loading.modules.ms,1787298073432000000,1787298133435000000,959
jps.global.initialize.library.bridges.after.loading.ms,1787298073432000000,1787298133435000000,0
workspaceModel.moduleManagerBridge.build.module.graph.ms,1787298073432000000,1787298133435000000,1
workspaceModel.mutableEntityStorage.collect.changes.ms,1787298073432000000,1787298133435000000,0
jps.storage.jps.conf.reader.load.component.ms,1787298073432000000,1787298133435000000,241
workspaceModel.global.updates.ms,1787298073432000000,1787298133435000000,0
jps.reload.project.entities.ms,1787298073432000000,1787298133435000000,0
jps.save.changed.project.entities.ms,1787298073432000000,1787298133435000000,0
workspaceModel.moduleManagerBridge.get.modules.ms,1787298073432000000,1787298133435000000,6
workspaceModel.mutableEntityStorage.to.snapshot.ms,1787298073432000000,1787298133435000000,9
workspaceModel.mutableEntityStorage.modify.entity.ms,1787298073432000000,1787298133435000000,14
workspaceModel.mutableEntityStorage.referrers.ms,1787298073432000000,1787298133435000000,0
workspaceModel.moduleBridge.before.changed.ms,1787298073432000000,1787298133435000000,0
jps.apply.loaded.storage.ms,1787298073432000000,1787298133435000000,923
workspaceModel.mutableEntityStorage.add.diff.ms,1787298073432000000,1787298133435000000,41
workspaceModel.moduleBridge.update.option.ms,1787298073432000000,1787298133435000000,0
workspaceModel.mutableEntityStorage.put.entity.ms,1787298073432000000,1787298133435000000,51
jps.library.entities.serializer.save.entities.ms,1787298073432000000,1787298133435000000,0
workspaceModel.load.cache.from.file.ms,1787298073432000000,1787298133435000000,239
jps.global.handle.before.change.events.ms,1787298073432000000,1787298133435000000,0
workspaceModel.mutableEntityStorage.add.entity.ms,1787298073432000000,1787298133435000000,238
jps.global.get.library.ms,1787298073432000000,1787298133435000000,0
jps.global.get.library.by.name.ms,1787298073432000000,1787298133435000000,0
workspaceModel.sync.entities.ms,1787298073432000000,1787298133435000000,0
workspaceModel.mutableEntityStorage.remove.entity.ms,1787298073432000000,1787298133435000000,0
workspaceModel.save.cache.to.file.ms,1787298073432000000,1787298133435000000,197
jps.global.get.libraries.ms,1787298073432000000,1787298133435000000,4
jps.module.iml.entities.serializer.load.entities.ms,1787298073432000000,1787298133435000000,249
workspaceModel.moduleBridge.facet.initialization.ms,1787298073432000000,1787298133435000000,1
jps.facet.change.listener.before.change.events.ms,1787298073432000000,1787298133435000000,0
jps.save.global.entities.ms,1787298073432000000,1787298133435000000,0
jps.library.entities.serializer.load.entities.ms,1787298073432000000,1787298133435000000,132
workspaceModel.mutableEntityStorage.mutable.vfurl.index.ms,1787298073432000000,1787298133435000000,1
workspaceModel.mutableEntityStorage.entities.by.source.ms,1787298073432000000,1787298133435000000,1
jps.app.storage.content.reader.load.component.ms,1787298073432000000,1787298133435000000,0
workspaceModel.moduleManagerBridge.set.unloadedModules.ms,1787298073432000000,1787298133435000000,0
workspaceModel.mutableEntityStorage.has.same.entities.ms,1787298073432000000,1787298133435000000,0
workspaceModel.global.apply.state.to.project.builder.ms,1787298073432000000,1787298133435000000,5
workspaceModel.moduleManagerBridge.new.nonPersistent.module.ms,1787298073432000000,1787298133435000000,0
FilePageCache.maxRegisteredFiles,1787298073432000000,1787298133435000000,617
FilePageCache.disposedBuffers,1787298073432000000,1787298133435000000,0
StreamlinedBlobStorage.recordsAllocated,1787298073432000000,1787298133435000000,0
DirectByteBufferAllocator.misses,1787298073432000000,1787298133435000000,0
FilePageCache.maxCacheSizeInBytes,1787298073432000000,1787298133435000000,265322496
StreamlinedBlobStorage.totalLiveRecordsCapacityBytes,1787298073432000000,1787298133435000000,0
DirectByteBufferAllocator.reclaimed,1787298073432000000,1787298133435000000,0
FilePageCache.pageLoadsAboveSizeThreshold,1787298073432000000,1787298133435000000,0
StreamlinedBlobStorage.recordsRelocated,1787298073432000000,1787298133435000000,0
FilePageCache.capacityInBytes,1787298073432000000,1787298133435000000,524288000
StorageLockContext.competingThreads.max,1787298073432000000,1787298133435000000,0
DirectByteBufferAllocator.hits,1787298073432000000,1787298133435000000,0
FilePageCache.pageFastCacheHits,1787298073432000000,1787298133435000000,0
DirectByteBufferAllocator.totalSizeOfBuffersAllocatedInBytes,1787298073432000000,1787298133435000000,265322496
StorageLockContext.competingThreads.avg,1787298073432000000,1787298133435000000,0.0
DirectByteBufferAllocator.totalSizeOfBuffersCachedInBytes,1787298073432000000,1787298133435000000,0
FilePageCache.totalPageDisposalsUs,1787298073432000000,1787298133435000000,0
StreamlinedBlobStorage.totalLiveRecordsPayloadBytes,1787298073432000000,1787298133435000000,0
FilePageCache.pageLoads,1787298073432000000,1787298133435000000,0
FilePageCache.pageHits,1787298073432000000,1787298133435000000,0
FilePageCache.uncachedFileAccess,1787298073432000000,1787298133435000000,0
StreamlinedBlobStorage.recordsDeleted,1787298073432000000,1787298133435000000,0
DirectByteBufferAllocator.disposed,1787298073432000000,1787298133435000000,0
StorageLockContext.competingThreads.90P,1787298073432000000,1787298133435000000,0
FilePageCache.totalPageLoadsUs,1787298073432000000,1787298133435000000,0
FileNameCache.totalMisses,1787298073432000000,1787298133435000000,0
FileNameCache.queries,1787298073432000000,1787298133435000000,1880
FileNameCache.fastMisses,1787298073432000000,1787298133435000000,0
AWTEventQueue.dispatchTimeMaxNs,1787298133435000000,1787298193431000000,654311423
FlushQueue.executionTimeAvgNs,1787298133435000000,1787298193431000000,4560658.109090909
NonBlockingReadAction.finalizedExecutionTimeUs,1787298133435000000,1787298193431000000,0
AWTEventQueue.dispatchTimeTotalNS,1787298133435000000,1787298193431000000,9408902626
FlushQueue.queueSizeMax,1787298133435000000,1787298193431000000,58
FlushQueue.waitingTimeMaxNs,1787298133435000000,1787298193431000000,960495615
AWTEventQueue.dispatchTime90PNs,1787298133435000000,1787298193431000000,1236991
FlushQueue.waitingTime90PNs,1787298133435000000,1787298193431000000,532676607
NonBlockingReadAction.failedExecutionsCount,1787298133435000000,1787298193431000000,0
FlushQueue.executionTime90PNs,1787298133435000000,1787298193431000000,2039807
AWTEventQueue.eventsDispatched,1787298133435000000,1787298193431000000,7618
FlushQueue.tasksExecuted,1787298133435000000,1787298193431000000,495
AWTEventQueue.dispatchTimeAvgNs,1787298133435000000,1787298193431000000,1234674.8332895774
FlushQueue.queueSize90P,1787298133435000000,1787298193431000000,18
FlushQueue.waitingTimeAvgNs,1787298133435000000,1787298193431000000,1.0646607308282828E8
NonBlockingReadAction.finalizedExecutionsCount,1787298133435000000,1787298193431000000,0
FlushQueue.queueSizeAvg,1787298133435000000,1787298193431000000,5.096969696969697
FlushQueue.executionTimeMaxNs,1787298133435000000,1787298193431000000,415236095
NonBlockingReadAction.failedExecutionTimeUs,1787298133435000000,1787298193431000000,0
Indexes.stubs.lookupDurationAvgMs,1787298133435000000,1787298193431000000,0.0
VFSFlusher.totalFlushesRetried,1787298133435000000,1787298193431000000,0
Indexes.entries.lookupDuration90PMs,1787298133435000000,1787298193431000000,0.0
VFSFlusher.totalFlushes,1787298133435000000,1787298193431000000,0
Indexes.entries.lookups,1787298133435000000,1787298193431000000,0.0
VFSFlusher.totalContentionQuotaSpent,1787298133435000000,1787298193431000000,0
Indexes.entries.lookupDurationAvgMs,1787298133435000000,1787298193431000000,0.0
IndexesFlusher.totalFlushingTimeUs,1787298133435000000,1787298193431000000,705831
Indexes.allKeys.lookupDurationMaxMs,1787298133435000000,1787298193431000000,0.0
Indexes.allKeys.lookups,1787298133435000000,1787298193431000000,0.0
IndexesFlusher.totalFlushes,1787298133435000000,1787298193431000000,116
Indexes.allKeys.lookupDurationAvgMs,1787298133435000000,1787298193431000000,0.0
VFSFlusher.totalFlushingTimeUs,1787298133435000000,1787298193431000000,0
IndexesFlusher.totalContentionQuotaSpent,1787298133435000000,1787298193431000000,0
Indexes.stubs.lookupDuration90PMs,1787298133435000000,1787298193431000000,0.0
Indexes.stubs.lookups,1787298133435000000,1787298193431000000,0.0
Indexes.allKeys.lookupDuration90PMs,1787298133435000000,1787298193431000000,0.0
Indexes.entries.lookupDurationMaxMs,1787298133435000000,1787298193431000000,0.0
Indexes.stubs.lookupDurationMaxMs,1787298133435000000,1787298193431000000,0.0
IndexesFlusher.totalFlushesRetried,1787298133435000000,1787298193431000000,0
workspaceModel.init.bridges.ms,1787298133435000000,1787298193431000000,2
workspaceModel.to.snapshot.ms,1787298133435000000,1787298193431000000,8
workspaceModel.replace.project.model.ms,1787298133435000000,1787298193431000000,0
workspaceModel.update.unloaded.entities.ms,1787298133435000000,1787298193431000000,0
workspaceModel.loading.total.ms,1787298133435000000,1787298193431000000,277
workspaceModel.updates.precise.ms,1787298133435000000,1787298193431000000,44
workspaceModel.check.recursive.update.ms,1787298133435000000,1787298193431000000,3
workspaceModel.updates.ms,1787298133435000000,1787298193431000000,120
workspaceModel.loading.from.cache.ms,1787298133435000000,1787298193431000000,241
workspaceModel.pre.handlers.ms,1787298133435000000,1787298193431000000,1
workspaceModel.initializing.ms,1787298133435000000,1787298193431000000,2
workspaceModel.collect.changes.ms,1787298133435000000,1787298193431000000,0
workspaceModel.updates.count,1787298133435000000,1787298193431000000,5
JVM.GC.collectionTimesMs,1787298133435000000,1787298193431000000,103
JVM.totalCpuTimeMs,1787298133435000000,1787298193431000000,30499
JVM.threadCount,1787298133435000000,1787298193431000000,120
OS.loadAverage,1787298133435000000,1787298193431000000,2.90087890625
JVM.usedHeapBytes,1787298133435000000,1787298193431000000,468467632
JVM.maxHeapBytes,1787298133435000000,1787298193431000000,2147483648
JVM.GC.collections,1787298133435000000,1787298193431000000,9
JVM.maxNativeBytes,1787298133435000000,1787298193431000000,-1
JVM.usedNativeBytes,1787298133435000000,1787298193431000000,409054640
jps.project.serializers.load.ms,1787298133435000000,1787298193431000000,211
jps.artifact.entities.serializer.load.entities.ms,1787298133435000000,1787298193431000000,0
workspaceModel.orphan.listener.update.ms,1787298133435000000,1787298193431000000,7
workspaceModel.delayed.project.synchronizer.sync.ms,1787298133435000000,1787298193431000000,1324
jps.global.initialize.library.bridges.ms,1787298133435000000,1787298193431000000,0
jps.project.serializers.save.ms,1787298133435000000,1787298193431000000,0
jps.artifact.entities.serializer.save.entities.ms,1787298133435000000,1787298193431000000,0
jps.load.initial.state.ms,1787298133435000000,1787298193431000000,13
workspaceModel.global.apply.state.to.project.ms,1787298133435000000,1787298193431000000,51
jps.module.iml.entities.serializer.save.entities.ms,1787298133435000000,1787298193431000000,0
jps.facet.change.listener.process.change.events.ms,1787298133435000000,1787298193431000000,1
workspaceModel.mutableEntityStorage.replace.by.source.ms,1787298133435000000,1787298193431000000,28
workspaceModel.moduleManagerBridge.load.all.modules.ms,1787298133435000000,1787298193431000000,130
workspaceModel.mutableEntityStorage.mutable.ext.mapping.ms,1787298133435000000,1787298193431000000,0
jps.load.project.to.empty.storage.ms,1787298133435000000,1787298193431000000,382
workspaceModel.mutableEntityStorage.resolve.ms,1787298133435000000,1787298193431000000,0
workspaceModel.moduleManagerBridge.load.module.ms,1787298133435000000,1787298193431000000,0
workspaceModel.moduleManagerBridge.create.module.instance.ms,1787298133435000000,1787298193431000000,0
workspaceModel.mutableEntityStorage.entities.ms,1787298133435000000,1787298193431000000,0
jps.facet.change.listener.init.bridge.ms,1787298133435000000,1787298193431000000,0
jps.global.handle.changed.events.ms,1787298133435000000,1787298193431000000,0
workspaceModel.moduleManagerBridge.newModule.ms,1787298133435000000,1787298193431000000,0
workspaceModel.global.updates.count,1787298133435000000,1787298193431000000,0
workspaceModel.moduleBridgeLoader.loading.modules.ms,1787298133435000000,1787298193431000000,959
jps.global.initialize.library.bridges.after.loading.ms,1787298133435000000,1787298193431000000,0
workspaceModel.moduleManagerBridge.build.module.graph.ms,1787298133435000000,1787298193431000000,1
workspaceModel.mutableEntityStorage.collect.changes.ms,1787298133435000000,1787298193431000000,0
jps.storage.jps.conf.reader.load.component.ms,1787298133435000000,1787298193431000000,241
workspaceModel.global.updates.ms,1787298133435000000,1787298193431000000,0
jps.reload.project.entities.ms,1787298133435000000,1787298193431000000,0
jps.save.changed.project.entities.ms,1787298133435000000,1787298193431000000,0
workspaceModel.moduleManagerBridge.get.modules.ms,1787298133435000000,1787298193431000000,6
workspaceModel.mutableEntityStorage.to.snapshot.ms,1787298133435000000,1787298193431000000,9
workspaceModel.mutableEntityStorage.modify.entity.ms,1787298133435000000,1787298193431000000,14
workspaceModel.mutableEntityStorage.referrers.ms,1787298133435000000,1787298193431000000,0
workspaceModel.moduleBridge.before.changed.ms,1787298133435000000,1787298193431000000,0
jps.apply.loaded.storage.ms,1787298133435000000,1787298193431000000,923
workspaceModel.mutableEntityStorage.add.diff.ms,1787298133435000000,1787298193431000000,41
workspaceModel.moduleBridge.update.option.ms,1787298133435000000,1787298193431000000,0
workspaceModel.mutableEntityStorage.put.entity.ms,1787298133435000000,1787298193431000000,51
jps.library.entities.serializer.save.entities.ms,1787298133435000000,1787298193431000000,0
workspaceModel.load.cache.from.file.ms,1787298133435000000,1787298193431000000,239
jps.global.handle.before.change.events.ms,1787298133435000000,1787298193431000000,0
workspaceModel.mutableEntityStorage.add.entity.ms,1787298133435000000,1787298193431000000,238
jps.global.get.library.ms,1787298133435000000,1787298193431000000,0
jps.global.get.library.by.name.ms,1787298133435000000,1787298193431000000,0
workspaceModel.sync.entities.ms,1787298133435000000,1787298193431000000,0
workspaceModel.mutableEntityStorage.remove.entity.ms,1787298133435000000,1787298193431000000,0
workspaceModel.save.cache.to.file.ms,1787298133435000000,1787298193431000000,197
jps.global.get.libraries.ms,1787298133435000000,1787298193431000000,4
jps.module.iml.entities.serializer.load.entities.ms,1787298133435000000,1787298193431000000,249
workspaceModel.moduleBridge.facet.initialization.ms,1787298133435000000,1787298193431000000,1
jps.facet.change.listener.before.change.events.ms,1787298133435000000,1787298193431000000,0
jps.save.global.entities.ms,1787298133435000000,1787298193431000000,0
jps.library.entities.serializer.load.entities.ms,1787298133435000000,1787298193431000000,132
workspaceModel.mutableEntityStorage.mutable.vfurl.index.ms,1787298133435000000,1787298193431000000,1
workspaceModel.mutableEntityStorage.entities.by.source.ms,1787298133435000000,1787298193431000000,1
jps.app.storage.content.reader.load.component.ms,1787298133435000000,1787298193431000000,0
workspaceModel.moduleManagerBridge.set.unloadedModules.ms,1787298133435000000,1787298193431000000,0
workspaceModel.mutableEntityStorage.has.same.entities.ms,1787298133435000000,1787298193431000000,0
workspaceModel.global.apply.state.to.project.builder.ms,1787298133435000000,1787298193431000000,5
workspaceModel.moduleManagerBridge.new.nonPersistent.module.ms,1787298133435000000,1787298193431000000,0
FilePageCache.maxRegisteredFiles,1787298133435000000,1787298193431000000,617
FilePageCache.disposedBuffers,1787298133435000000,1787298193431000000,0
StreamlinedBlobStorage.recordsAllocated,1787298133435000000,1787298193431000000,0
DirectByteBufferAllocator.misses,1787298133435000000,1787298193431000000,0
FilePageCache.maxCacheSizeInBytes,1787298133435000000,1787298193431000000,265322496
StreamlinedBlobStorage.totalLiveRecordsCapacityBytes,1787298133435000000,1787298193431000000,0
DirectByteBufferAllocator.reclaimed,1787298133435000000,1787298193431000000,0
FilePageCache.pageLoadsAboveSizeThreshold,1787298133435000000,1787298193431000000,0
StreamlinedBlobStorage.recordsRelocated,1787298133435000000,1787298193431000000,0
FilePageCache.capacityInBytes,1787298133435000000,1787298193431000000,524288000
StorageLockContext.competingThreads.max,1787298133435000000,1787298193431000000,0
DirectByteBufferAllocator.hits,1787298133435000000,1787298193431000000,0
FilePageCache.pageFastCacheHits,1787298133435000000,1787298193431000000,0
DirectByteBufferAllocator.totalSizeOfBuffersAllocatedInBytes,1787298133435000000,1787298193431000000,265322496
StorageLockContext.competingThreads.avg,1787298133435000000,1787298193431000000,0.0
DirectByteBufferAllocator.totalSizeOfBuffersCachedInBytes,1787298133435000000,1787298193431000000,0
FilePageCache.totalPageDisposalsUs,1787298133435000000,1787298193431000000,0
StreamlinedBlobStorage.totalLiveRecordsPayloadBytes,1787298133435000000,1787298193431000000,0
FilePageCache.pageLoads,1787298133435000000,1787298193431000000,0
FilePageCache.pageHits,1787298133435000000,1787298193431000000,0
FilePageCache.uncachedFileAccess,1787298133435000000,1787298193431000000,0
StreamlinedBlobStorage.recordsDeleted,1787298133435000000,1787298193431000000,0
DirectByteBufferAllocator.disposed,1787298133435000000,1787298193431000000,0
StorageLockContext.competingThreads.90P,1787298133435000000,1787298193431000000,0
FilePageCache.totalPageLoadsUs,1787298133435000000,1787298193431000000,0
FileNameCache.totalMisses,1787298133435000000,1787298193431000000,0
FileNameCache.queries,1787298133435000000,1787298193431000000,0
FileNameCache.fastMisses,1787298133435000000,1787298193431000000,0
AWTEventQueue.dispatchTimeMaxNs,1787298193431000000,1787298253436000000,977272831
FlushQueue.executionTimeAvgNs,1787298193431000000,1787298253436000000,2737157.403263403
NonBlockingReadAction.finalizedExecutionTimeUs,1787298193431000000,1787298253436000000,0
AWTEventQueue.dispatchTimeTotalNS,1787298193431000000,1787298253436000000,6663802069
FlushQueue.queueSizeMax,1787298193431000000,1787298253436000000,5
FlushQueue.waitingTimeMaxNs,1787298193431000000,1787298253436000000,438304767
AWTEventQueue.dispatchTime90PNs,1787298193431000000,1787298253436000000,1310719
FlushQueue.waitingTime90PNs,1787298193431000000,1787298253436000000,7471103
NonBlockingReadAction.failedExecutionsCount,1787298193431000000,1787298253436000000,0
FlushQueue.executionTime90PNs,1787298193431000000,1787298253436000000,1867775
AWTEventQueue.eventsDispatched,1787298193431000000,1787298253436000000,8054
FlushQueue.tasksExecuted,1787298193431000000,1787298253436000000,429
AWTEventQueue.dispatchTimeAvgNs,1787298193431000000,1787298253436000000,827183.9016637695
FlushQueue.queueSize90P,1787298193431000000,1787298253436000000,1
FlushQueue.waitingTimeAvgNs,1787298193431000000,1787298253436000000,1.0080396307692308E7
NonBlockingReadAction.finalizedExecutionsCount,1787298193431000000,1787298253436000000,0
FlushQueue.queueSizeAvg,1787298193431000000,1787298253436000000,0.3333333333333333
FlushQueue.executionTimeMaxNs,1787298193431000000,1787298253436000000,202375167
NonBlockingReadAction.failedExecutionTimeUs,1787298193431000000,1787298253436000000,0
Indexes.stubs.lookupDurationAvgMs,1787298193431000000,1787298253436000000,0.0
VFSFlusher.totalFlushesRetried,1787298193431000000,1787298253436000000,0
Indexes.entries.lookupDuration90PMs,1787298193431000000,1787298253436000000,0.0
VFSFlusher.totalFlushes,1787298193431000000,1787298253436000000,0
Indexes.entries.lookups,1787298193431000000,1787298253436000000,0.0
VFSFlusher.totalContentionQuotaSpent,1787298193431000000,1787298253436000000,0
Indexes.entries.lookupDurationAvgMs,1787298193431000000,1787298253436000000,0.0
IndexesFlusher.totalFlushingTimeUs,1787298193431000000,1787298253436000000,626820
Indexes.allKeys.lookupDurationMaxMs,1787298193431000000,1787298253436000000,0.0
Indexes.allKeys.lookups,1787298193431000000,1787298253436000000,0.0
IndexesFlusher.totalFlushes,1787298193431000000,1787298253436000000,118
Indexes.allKeys.lookupDurationAvgMs,1787298193431000000,1787298253436000000,0.0
VFSFlusher.totalFlushingTimeUs,1787298193431000000,1787298253436000000,0
IndexesFlusher.totalContentionQuotaSpent,1787298193431000000,1787298253436000000,0
Indexes.stubs.lookupDuration90PMs,1787298193431000000,1787298253436000000,0.0
Indexes.stubs.lookups,1787298193431000000,1787298253436000000,0.0
Indexes.allKeys.lookupDuration90PMs,1787298193431000000,1787298253436000000,0.0
Indexes.entries.lookupDurationMaxMs,1787298193431000000,1787298253436000000,0.0
Indexes.stubs.lookupDurationMaxMs,1787298193431000000,1787298253436000000,0.0
IndexesFlusher.totalFlushesRetried,1787298193431000000,1787298253436000000,0
workspaceModel.init.bridges.ms,1787298193431000000,1787298253436000000,2
workspaceModel.to.snapshot.ms,1787298193431000000,1787298253436000000,8
workspaceModel.replace.project.model.ms,1787298193431000000,1787298253436000000,0
workspaceModel.update.unloaded.entities.ms,1787298193431000000,1787298253436000000,0
workspaceModel.loading.total.ms,1787298193431000000,1787298253436000000,277
workspaceModel.updates.precise.ms,1787298193431000000,1787298253436000000,44
workspaceModel.check.recursive.update.ms,1787298193431000000,1787298253436000000,3
workspaceModel.updates.ms,1787298193431000000,1787298253436000000,120
workspaceModel.loading.from.cache.ms,1787298193431000000,1787298253436000000,241
workspaceModel.pre.handlers.ms,1787298193431000000,1787298253436000000,1
workspaceModel.initializing.ms,1787298193431000000,1787298253436000000,2
workspaceModel.collect.changes.ms,1787298193431000000,1787298253436000000,0
workspaceModel.updates.count,1787298193431000000,1787298253436000000,5
JVM.GC.collectionTimesMs,1787298193431000000,1787298253436000000,20
JVM.totalCpuTimeMs,1787298193431000000,1787298253436000000,19099
JVM.threadCount,1787298193431000000,1787298253436000000,55
OS.loadAverage,1787298193431000000,1787298253436000000,2.76416015625
JVM.usedHeapBytes,1787298193431000000,1787298253436000000,505141848
JVM.maxHeapBytes,1787298193431000000,1787298253436000000,2147483648
JVM.GC.collections,1787298193431000000,1787298253436000000,3
JVM.maxNativeBytes,1787298193431000000,1787298253436000000,-1
JVM.usedNativeBytes,1787298193431000000,1787298253436000000,413483120
jps.project.serializers.load.ms,1787298193431000000,1787298253436000000,211
jps.artifact.entities.serializer.load.entities.ms,1787298193431000000,1787298253436000000,0
workspaceModel.orphan.listener.update.ms,1787298193431000000,1787298253436000000,7
workspaceModel.delayed.project.synchronizer.sync.ms,1787298193431000000,1787298253436000000,1324
jps.global.initialize.library.bridges.ms,1787298193431000000,1787298253436000000,0
jps.project.serializers.save.ms,1787298193431000000,1787298253436000000,0
jps.artifact.entities.serializer.save.entities.ms,1787298193431000000,1787298253436000000,0
jps.load.initial.state.ms,1787298193431000000,1787298253436000000,13
workspaceModel.global.apply.state.to.project.ms,1787298193431000000,1787298253436000000,51
jps.module.iml.entities.serializer.save.entities.ms,1787298193431000000,1787298253436000000,0
jps.facet.change.listener.process.change.events.ms,1787298193431000000,1787298253436000000,1
workspaceModel.mutableEntityStorage.replace.by.source.ms,1787298193431000000,1787298253436000000,28
workspaceModel.moduleManagerBridge.load.all.modules.ms,1787298193431000000,1787298253436000000,130
workspaceModel.mutableEntityStorage.mutable.ext.mapping.ms,1787298193431000000,1787298253436000000,0
jps.load.project.to.empty.storage.ms,1787298193431000000,1787298253436000000,382
workspaceModel.mutableEntityStorage.resolve.ms,1787298193431000000,1787298253436000000,0
workspaceModel.moduleManagerBridge.load.module.ms,1787298193431000000,1787298253436000000,0
workspaceModel.moduleManagerBridge.create.module.instance.ms,1787298193431000000,1787298253436000000,0
workspaceModel.mutableEntityStorage.entities.ms,1787298193431000000,1787298253436000000,0
jps.facet.change.listener.init.bridge.ms,1787298193431000000,1787298253436000000,0
jps.global.handle.changed.events.ms,1787298193431000000,1787298253436000000,0
workspaceModel.moduleManagerBridge.newModule.ms,1787298193431000000,1787298253436000000,0
workspaceModel.global.updates.count,1787298193431000000,1787298253436000000,0
workspaceModel.moduleBridgeLoader.loading.modules.ms,1787298193431000000,1787298253436000000,959
jps.global.initialize.library.bridges.after.loading.ms,1787298193431000000,1787298253436000000,0
workspaceModel.moduleManagerBridge.build.module.graph.ms,1787298193431000000,1787298253436000000,1
workspaceModel.mutableEntityStorage.collect.changes.ms,1787298193431000000,1787298253436000000,0
jps.storage.jps.conf.reader.load.component.ms,1787298193431000000,1787298253436000000,241
workspaceModel.global.updates.ms,1787298193431000000,1787298253436000000,0
jps.reload.project.entities.ms,1787298193431000000,1787298253436000000,0
jps.save.changed.project.entities.ms,1787298193431000000,1787298253436000000,0
workspaceModel.moduleManagerBridge.get.modules.ms,1787298193431000000,1787298253436000000,6
workspaceModel.mutableEntityStorage.to.snapshot.ms,1787298193431000000,1787298253436000000,9
workspaceModel.mutableEntityStorage.modify.entity.ms,1787298193431000000,1787298253436000000,14
workspaceModel.mutableEntityStorage.referrers.ms,1787298193431000000,1787298253436000000,0
workspaceModel.moduleBridge.before.changed.ms,1787298193431000000,1787298253436000000,0
jps.apply.loaded.storage.ms,1787298193431000000,1787298253436000000,923
workspaceModel.mutableEntityStorage.add.diff.ms,1787298193431000000,1787298253436000000,41
workspaceModel.moduleBridge.update.option.ms,1787298193431000000,1787298253436000000,0
workspaceModel.mutableEntityStorage.put.entity.ms,1787298193431000000,1787298253436000000,51
jps.library.entities.serializer.save.entities.ms,1787298193431000000,1787298253436000000,0
workspaceModel.load.cache.from.file.ms,1787298193431000000,1787298253436000000,239
jps.global.handle.before.change.events.ms,1787298193431000000,1787298253436000000,0
workspaceModel.mutableEntityStorage.add.entity.ms,1787298193431000000,1787298253436000000,238
jps.global.get.library.ms,1787298193431000000,1787298253436000000,0
jps.global.get.library.by.name.ms,1787298193431000000,1787298253436000000,0
workspaceModel.sync.entities.ms,1787298193431000000,1787298253436000000,0
workspaceModel.mutableEntityStorage.remove.entity.ms,1787298193431000000,1787298253436000000,0
workspaceModel.save.cache.to.file.ms,1787298193431000000,1787298253436000000,197
jps.global.get.libraries.ms,1787298193431000000,1787298253436000000,4
jps.module.iml.entities.serializer.load.entities.ms,1787298193431000000,1787298253436000000,249
workspaceModel.moduleBridge.facet.initialization.ms,1787298193431000000,1787298253436000000,1
jps.facet.change.listener.before.change.events.ms,1787298193431000000,1787298253436000000,0
jps.save.global.entities.ms,1787298193431000000,1787298253436000000,0
jps.library.entities.serializer.load.entities.ms,1787298193431000000,1787298253436000000,132
workspaceModel.mutableEntityStorage.mutable.vfurl.index.ms,1787298193431000000,1787298253436000000,1
workspaceModel.mutableEntityStorage.entities.by.source.ms,1787298193431000000,1787298253436000000,1
jps.app.storage.content.reader.load.component.ms,1787298193431000000,1787298253436000000,0
workspaceModel.moduleManagerBridge.set.unloadedModules.ms,1787298193431000000,1787298253436000000,0
workspaceModel.mutableEntityStorage.has.same.entities.ms,1787298193431000000,1787298253436000000,0
workspaceModel.global.apply.state.to.project.builder.ms,1787298193431000000,1787298253436000000,5
workspaceModel.moduleManagerBridge.new.nonPersistent.module.ms,1787298193431000000,1787298253436000000,0
FilePageCache.maxRegisteredFiles,1787298193431000000,1787298253436000000,617
FilePageCache.disposedBuffers,1787298193431000000,1787298253436000000,0
StreamlinedBlobStorage.recordsAllocated,1787298193431000000,1787298253436000000,0
DirectByteBufferAllocator.misses,1787298193431000000,1787298253436000000,0
FilePageCache.maxCacheSizeInBytes,1787298193431000000,1787298253436000000,265322496
StreamlinedBlobStorage.totalLiveRecordsCapacityBytes,1787298193431000000,1787298253436000000,0
DirectByteBufferAllocator.reclaimed,1787298193431000000,1787298253436000000,0
FilePageCache.pageLoadsAboveSizeThreshold,1787298193431000000,1787298253436000000,0
StreamlinedBlobStorage.recordsRelocated,1787298193431000000,1787298253436000000,0
FilePageCache.capacityInBytes,1787298193431000000,1787298253436000000,524288000
StorageLockContext.competingThreads.max,1787298193431000000,1787298253436000000,0
DirectByteBufferAllocator.hits,1787298193431000000,1787298253436000000,0
FilePageCache.pageFastCacheHits,1787298193431000000,1787298253436000000,0
DirectByteBufferAllocator.totalSizeOfBuffersAllocatedInBytes,1787298193431000000,1787298253436000000,265322496
StorageLockContext.competingThreads.avg,1787298193431000000,1787298253436000000,0.0
DirectByteBufferAllocator.totalSizeOfBuffersCachedInBytes,1787298193431000000,1787298253436000000,0
FilePageCache.totalPageDisposalsUs,1787298193431000000,1787298253436000000,0
StreamlinedBlobStorage.totalLiveRecordsPayloadBytes,1787298193431000000,1787298253436000000,0
FilePageCache.pageLoads,1787298193431000000,1787298253436000000,0
FilePageCache.pageHits,1787298193431000000,1787298253436000000,0
FilePageCache.uncachedFileAccess,1787298193431000000,1787298253436000000,0
StreamlinedBlobStorage.recordsDeleted,1787298193431000000,1787298253436000000,0
DirectByteBufferAllocator.disposed,1787298193431000000,1787298253436000000,0
StorageLockContext.competingThreads.90P,1787298193431000000,1787298253436000000,0
FilePageCache.totalPageLoadsUs,1787298193431000000,1787298253436000000,0
FileNameCache.totalMisses,1787298193431000000,1787298253436000000,0
FileNameCache.queries,1787298193431000000,1787298253436000000,20
FileNameCache.fastMisses,1787298193431000000,1787298253436000000,0
AWTEventQueue.dispatchTimeMaxNs,1787298253436000000,1787298313438000000,1140850687
FlushQueue.executionTimeAvgNs,1787298253436000000,1787298313438000000,2491248.509578544
NonBlockingReadAction.finalizedExecutionTimeUs,1787298253436000000,1787298313438000000,146424
AWTEventQueue.dispatchTimeTotalNS,1787298253436000000,1787298313438000000,9685867866
FlushQueue.queueSizeMax,1787298253436000000,1787298313438000000,210
FlushQueue.waitingTimeMaxNs,1787298253436000000,1787298313438000000,1044381695
AWTEventQueue.dispatchTime90PNs,1787298253436000000,1787298313438000000,884735
FlushQueue.waitingTime90PNs,1787298253436000000,1787298313438000000,137363455
NonBlockingReadAction.failedExecutionsCount,1787298253436000000,1787298313438000000,0
FlushQueue.executionTime90PNs,1787298253436000000,1787298313438000000,2490367
AWTEventQueue.eventsDispatched,1787298253436000000,1787298313438000000,10270
FlushQueue.tasksExecuted,1787298253436000000,1787298313438000000,783
AWTEventQueue.dispatchTimeAvgNs,1787298253436000000,1787298313438000000,943363.1092502434
FlushQueue.queueSize90P,1787298253436000000,1787298313438000000,15
FlushQueue.waitingTimeAvgNs,1787298253436000000,1787298313438000000,4.004386588250319E7
NonBlockingReadAction.finalizedExecutionsCount,1787298253436000000,1787298313438000000,7
FlushQueue.queueSizeAvg,1787298253436000000,1787298313438000000,12.59514687100894
FlushQueue.executionTimeMaxNs,1787298253436000000,1787298313438000000,708837375
NonBlockingReadAction.failedExecutionTimeUs,1787298253436000000,1787298313438000000,0
Indexes.stubs.lookupDurationAvgMs,1787298253436000000,1787298313438000000,1.7083333333333333
VFSFlusher.totalFlushesRetried,1787298253436000000,1787298313438000000,0
Indexes.entries.lookupDuration90PMs,1787298253436000000,1787298313438000000,12.0
VFSFlusher.totalFlushes,1787298253436000000,1787298313438000000,2
Indexes.entries.lookups,1787298253436000000,1787298313438000000,1.0
VFSFlusher.totalContentionQuotaSpent,1787298253436000000,1787298313438000000,0
Indexes.entries.lookupDurationAvgMs,1787298253436000000,1787298313438000000,12.0
IndexesFlusher.totalFlushingTimeUs,1787298253436000000,1787298313438000000,-3292549
Indexes.allKeys.lookupDurationMaxMs,1787298253436000000,1787298313438000000,0.0
Indexes.allKeys.lookups,1787298253436000000,1787298313438000000,0.0
IndexesFlusher.totalFlushes,1787298253436000000,1787298313438000000,-424
Indexes.allKeys.lookupDurationAvgMs,1787298253436000000,1787298313438000000,0.0
VFSFlusher.totalFlushingTimeUs,1787298253436000000,1787298313438000000,13049
IndexesFlusher.totalContentionQuotaSpent,1787298253436000000,1787298313438000000,-18
Indexes.stubs.lookupDuration90PMs,1787298253436000000,1787298313438000000,5.0
Indexes.stubs.lookups,1787298253436000000,1787298313438000000,24.0
Indexes.allKeys.lookupDuration90PMs,1787298253436000000,1787298313438000000,0.0
Indexes.entries.lookupDurationMaxMs,1787298253436000000,1787298313438000000,12.0
Indexes.stubs.lookupDurationMaxMs,1787298253436000000,1787298313438000000,7.0
IndexesFlusher.totalFlushesRetried,1787298253436000000,1787298313438000000,-1
workspaceModel.init.bridges.ms,1787298253436000000,1787298313438000000,2
workspaceModel.to.snapshot.ms,1787298253436000000,1787298313438000000,8
workspaceModel.replace.project.model.ms,1787298253436000000,1787298313438000000,0
workspaceModel.update.unloaded.entities.ms,1787298253436000000,1787298313438000000,0
workspaceModel.loading.total.ms,1787298253436000000,1787298313438000000,277
workspaceModel.updates.precise.ms,1787298253436000000,1787298313438000000,44
workspaceModel.check.recursive.update.ms,1787298253436000000,1787298313438000000,3
workspaceModel.updates.ms,1787298253436000000,1787298313438000000,120
workspaceModel.loading.from.cache.ms,1787298253436000000,1787298313438000000,241
workspaceModel.pre.handlers.ms,1787298253436000000,1787298313438000000,1
workspaceModel.initializing.ms,1787298253436000000,1787298313438000000,2
workspaceModel.collect.changes.ms,1787298253436000000,1787298313438000000,0
workspaceModel.updates.count,1787298253436000000,1787298313438000000,5
JVM.GC.collectionTimesMs,1787298253436000000,1787298313438000000,75
JVM.totalCpuTimeMs,1787298253436000000,1787298313438000000,25072
JVM.threadCount,1787298253436000000,1787298313438000000,81
OS.loadAverage,1787298253436000000,1787298313438000000,3.67724609375
JVM.usedHeapBytes,1787298253436000000,1787298313438000000,593171968
JVM.maxHeapBytes,1787298253436000000,1787298313438000000,2147483648
JVM.GC.collections,1787298253436000000,1787298313438000000,3
JVM.maxNativeBytes,1787298253436000000,1787298313438000000,-1
JVM.usedNativeBytes,1787298253436000000,1787298313438000000,432103512
jps.project.serializers.load.ms,1787298253436000000,1787298313438000000,211
jps.artifact.entities.serializer.load.entities.ms,1787298253436000000,1787298313438000000,0
workspaceModel.orphan.listener.update.ms,1787298253436000000,1787298313438000000,7
workspaceModel.delayed.project.synchronizer.sync.ms,1787298253436000000,1787298313438000000,1324
jps.global.initialize.library.bridges.ms,1787298253436000000,1787298313438000000,0
jps.project.serializers.save.ms,1787298253436000000,1787298313438000000,1
jps.artifact.entities.serializer.save.entities.ms,1787298253436000000,1787298313438000000,0
jps.app.storage.content.writer.save.component.ms,1787298253436000000,1787298313438000000,0
jps.load.initial.state.ms,1787298253436000000,1787298313438000000,13
workspaceModel.global.apply.state.to.project.ms,1787298253436000000,1787298313438000000,51
jps.module.iml.entities.serializer.save.entities.ms,1787298253436000000,1787298313438000000,0
jps.facet.change.listener.process.change.events.ms,1787298253436000000,1787298313438000000,1
workspaceModel.mutableEntityStorage.replace.by.source.ms,1787298253436000000,1787298313438000000,28
workspaceModel.moduleManagerBridge.load.all.modules.ms,1787298253436000000,1787298313438000000,130
workspaceModel.mutableEntityStorage.mutable.ext.mapping.ms,1787298253436000000,1787298313438000000,0
jps.load.project.to.empty.storage.ms,1787298253436000000,1787298313438000000,382
workspaceModel.mutableEntityStorage.resolve.ms,1787298253436000000,1787298313438000000,0
workspaceModel.moduleManagerBridge.load.module.ms,1787298253436000000,1787298313438000000,0
workspaceModel.moduleManagerBridge.create.module.instance.ms,1787298253436000000,1787298313438000000,0
workspaceModel.mutableEntityStorage.entities.ms,1787298253436000000,1787298313438000000,0
jps.facet.change.listener.init.bridge.ms,1787298253436000000,1787298313438000000,0
jps.global.handle.changed.events.ms,1787298253436000000,1787298313438000000,0
workspaceModel.moduleManagerBridge.newModule.ms,1787298253436000000,1787298313438000000,0
workspaceModel.global.updates.count,1787298253436000000,1787298313438000000,0
workspaceModel.moduleBridgeLoader.loading.modules.ms,1787298253436000000,1787298313438000000,959
jps.global.initialize.library.bridges.after.loading.ms,1787298253436000000,1787298313438000000,0
workspaceModel.moduleManagerBridge.build.module.graph.ms,1787298253436000000,1787298313438000000,1
workspaceModel.mutableEntityStorage.collect.changes.ms,1787298253436000000,1787298313438000000,0
jps.storage.jps.conf.reader.load.component.ms,1787298253436000000,1787298313438000000,241
workspaceModel.global.updates.ms,1787298253436000000,1787298313438000000,0
jps.reload.project.entities.ms,1787298253436000000,1787298313438000000,0
jps.save.changed.project.entities.ms,1787298253436000000,1787298313438000000,2
workspaceModel.moduleManagerBridge.get.modules.ms,1787298253436000000,1787298313438000000,6
workspaceModel.mutableEntityStorage.to.snapshot.ms,1787298253436000000,1787298313438000000,9
workspaceModel.mutableEntityStorage.modify.entity.ms,1787298253436000000,1787298313438000000,14
workspaceModel.mutableEntityStorage.referrers.ms,1787298253436000000,1787298313438000000,0
workspaceModel.moduleBridge.before.changed.ms,1787298253436000000,1787298313438000000,0
jps.apply.loaded.storage.ms,1787298253436000000,1787298313438000000,923
workspaceModel.mutableEntityStorage.add.diff.ms,1787298253436000000,1787298313438000000,41
workspaceModel.moduleBridge.update.option.ms,1787298253436000000,1787298313438000000,0
workspaceModel.mutableEntityStorage.put.entity.ms,1787298253436000000,1787298313438000000,51
jps.library.entities.serializer.save.entities.ms,1787298253436000000,1787298313438000000,0
workspaceModel.load.cache.from.file.ms,1787298253436000000,1787298313438000000,239
jps.global.handle.before.change.events.ms,1787298253436000000,1787298313438000000,0
workspaceModel.mutableEntityStorage.add.entity.ms,1787298253436000000,1787298313438000000,238
jps.global.get.library.ms,1787298253436000000,1787298313438000000,0
jps.global.get.library.by.name.ms,1787298253436000000,1787298313438000000,0
workspaceModel.sync.entities.ms,1787298253436000000,1787298313438000000,0
workspaceModel.mutableEntityStorage.remove.entity.ms,1787298253436000000,1787298313438000000,0
workspaceModel.save.cache.to.file.ms,1787298253436000000,1787298313438000000,197
jps.global.get.libraries.ms,1787298253436000000,1787298313438000000,4
jps.module.iml.entities.serializer.load.entities.ms,1787298253436000000,1787298313438000000,249
workspaceModel.moduleBridge.facet.initialization.ms,1787298253436000000,1787298313438000000,1
jps.facet.change.listener.before.change.events.ms,1787298253436000000,1787298313438000000,0
jps.save.global.entities.ms,1787298253436000000,1787298313438000000,13
jps.library.entities.serializer.load.entities.ms,1787298253436000000,1787298313438000000,132
workspaceModel.mutableEntityStorage.mutable.vfurl.index.ms,1787298253436000000,1787298313438000000,1
workspaceModel.mutableEntityStorage.entities.by.source.ms,1787298253436000000,1787298313438000000,1
jps.app.storage.content.reader.load.component.ms,1787298253436000000,1787298313438000000,0
workspaceModel.moduleManagerBridge.set.unloadedModules.ms,1787298253436000000,1787298313438000000,0
workspaceModel.mutableEntityStorage.has.same.entities.ms,1787298253436000000,1787298313438000000,0
workspaceModel.global.apply.state.to.project.builder.ms,1787298253436000000,1787298313438000000,5
workspaceModel.moduleManagerBridge.new.nonPersistent.module.ms,1787298253436000000,1787298313438000000,0
FilePageCache.maxRegisteredFiles,1787298253436000000,1787298313438000000,621
FilePageCache.disposedBuffers,1787298253436000000,1787298313438000000,238
StreamlinedBlobStorage.recordsAllocated,1787298253436000000,1787298313438000000,0
DirectByteBufferAllocator.misses,1787298253436000000,1787298313438000000,227
FilePageCache.maxCacheSizeInBytes,1787298253436000000,1787298313438000000,289513472
StreamlinedBlobStorage.totalLiveRecordsCapacityBytes,1787298253436000000,1787298313438000000,0
DirectByteBufferAllocator.reclaimed,1787298253436000000,1787298313438000000,43
FilePageCache.pageLoadsAboveSizeThreshold,1787298253436000000,1787298313438000000,0
StreamlinedBlobStorage.recordsRelocated,1787298253436000000,1787298313438000000,0
FilePageCache.capacityInBytes,1787298253436000000,1787298313438000000,524288000
StorageLockContext.competingThreads.max,1787298253436000000,1787298313438000000,0
DirectByteBufferAllocator.hits,1787298253436000000,1787298313438000000,43
FilePageCache.pageFastCacheHits,1787298253436000000,1787298313438000000,15016
DirectByteBufferAllocator.totalSizeOfBuffersAllocatedInBytes,1787298253436000000,1787298313438000000,289513472
StorageLockContext.competingThreads.avg,1787298253436000000,1787298313438000000,0.0
DirectByteBufferAllocator.totalSizeOfBuffersCachedInBytes,1787298253436000000,1787298313438000000,0
FilePageCache.totalPageDisposalsUs,1787298253436000000,1787298313438000000,3607
StreamlinedBlobStorage.totalLiveRecordsPayloadBytes,1787298253436000000,1787298313438000000,0
FilePageCache.pageLoads,1787298253436000000,1787298313438000000,270
FilePageCache.pageHits,1787298253436000000,1787298313438000000,2
FilePageCache.uncachedFileAccess,1787298253436000000,1787298313438000000,135
StreamlinedBlobStorage.recordsDeleted,1787298253436000000,1787298313438000000,0
DirectByteBufferAllocator.disposed,1787298253436000000,1787298313438000000,195
StorageLockContext.competingThreads.90P,1787298253436000000,1787298313438000000,0
FilePageCache.totalPageLoadsUs,1787298253436000000,1787298313438000000,244873
FileNameCache.totalMisses,1787298253436000000,1787298313438000000,2
FileNameCache.queries,1787298253436000000,1787298313438000000,107047
FileNameCache.fastMisses,1787298253436000000,1787298313438000000,5216
AWTEventQueue.dispatchTimeMaxNs,1787298313438000000,1787298373437000000,49807359
FlushQueue.executionTimeAvgNs,1787298313438000000,1787298373437000000,230066.13333333333
NonBlockingReadAction.finalizedExecutionTimeUs,1787298313438000000,1787298373437000000,881113
AWTEventQueue.dispatchTimeTotalNS,1787298313438000000,1787298373437000000,746141228
FlushQueue.queueSizeMax,1787298313438000000,1787298373437000000,0
FlushQueue.waitingTimeMaxNs,1787298313438000000,1787298373437000000,1572863
AWTEventQueue.dispatchTime90PNs,1787298313438000000,1787298373437000000,380927
FlushQueue.waitingTime90PNs,1787298313438000000,1787298373437000000,409599
NonBlockingReadAction.failedExecutionsCount,1787298313438000000,1787298373437000000,0
FlushQueue.executionTime90PNs,1787298313438000000,1787298373437000000,333823
AWTEventQueue.eventsDispatched,1787298313438000000,1787298373437000000,3356
FlushQueue.tasksExecuted,1787298313438000000,1787298373437000000,120
AWTEventQueue.dispatchTimeAvgNs,1787298313438000000,1787298373437000000,221771.82359952325
FlushQueue.queueSize90P,1787298313438000000,1787298373437000000,0
FlushQueue.waitingTimeAvgNs,1787298313438000000,1787298373437000000,282970.6666666667
NonBlockingReadAction.finalizedExecutionsCount,1787298313438000000,1787298373437000000,254
FlushQueue.queueSizeAvg,1787298313438000000,1787298373437000000,0.0
FlushQueue.executionTimeMaxNs,1787298313438000000,1787298373437000000,2686975
NonBlockingReadAction.failedExecutionTimeUs,1787298313438000000,1787298373437000000,0
Indexes.stubs.lookupDurationAvgMs,1787298313438000000,1787298373437000000,0.19042769857433808
VFSFlusher.totalFlushesRetried,1787298313438000000,1787298373437000000,0
Indexes.entries.lookupDuration90PMs,1787298313438000000,1787298373437000000,36.0
VFSFlusher.totalFlushes,1787298313438000000,1787298373437000000,1
Indexes.entries.lookups,1787298313438000000,1787298373437000000,1.0
VFSFlusher.totalContentionQuotaSpent,1787298313438000000,1787298373437000000,0
Indexes.entries.lookupDurationAvgMs,1787298313438000000,1787298373437000000,36.0
IndexesFlusher.totalFlushingTimeUs,1787298313438000000,1787298373437000000,956160
Indexes.allKeys.lookupDurationMaxMs,1787298313438000000,1787298373437000000,0.0
Indexes.allKeys.lookups,1787298313438000000,1787298373437000000,0.0
IndexesFlusher.totalFlushes,1787298313438000000,1787298373437000000,80
Indexes.allKeys.lookupDurationAvgMs,1787298313438000000,1787298373437000000,0.0
VFSFlusher.totalFlushingTimeUs,1787298313438000000,1787298373437000000,2381
IndexesFlusher.totalContentionQuotaSpent,1787298313438000000,1787298373437000000,0
Indexes.stubs.lookupDuration90PMs,1787298313438000000,1787298373437000000,0.0
Indexes.stubs.lookups,1787298313438000000,1787298373437000000,982.0
Indexes.allKeys.lookupDuration90PMs,1787298313438000000,1787298373437000000,0.0
Indexes.entries.lookupDurationMaxMs,1787298313438000000,1787298373437000000,36.0
Indexes.stubs.lookupDurationMaxMs,1787298313438000000,1787298373437000000,62.0
IndexesFlusher.totalFlushesRetried,1787298313438000000,1787298373437000000,0
workspaceModel.init.bridges.ms,1787298313438000000,1787298373437000000,2
workspaceModel.to.snapshot.ms,1787298313438000000,1787298373437000000,8
workspaceModel.replace.project.model.ms,1787298313438000000,1787298373437000000,0
workspaceModel.update.unloaded.entities.ms,1787298313438000000,1787298373437000000,0
workspaceModel.loading.total.ms,1787298313438000000,1787298373437000000,277
workspaceModel.updates.precise.ms,1787298313438000000,1787298373437000000,44
workspaceModel.check.recursive.update.ms,1787298313438000000,1787298373437000000,3
workspaceModel.updates.ms,1787298313438000000,1787298373437000000,120
workspaceModel.loading.from.cache.ms,1787298313438000000,1787298373437000000,241
workspaceModel.pre.handlers.ms,1787298313438000000,1787298373437000000,1
workspaceModel.initializing.ms,1787298313438000000,1787298373437000000,2
workspaceModel.collect.changes.ms,1787298313438000000,1787298373437000000,0
workspaceModel.updates.count,1787298313438000000,1787298373437000000,5
JVM.GC.collectionTimesMs,1787298313438000000,1787298373437000000,65
JVM.totalCpuTimeMs,1787298313438000000,1787298373437000000,8734
JVM.threadCount,1787298313438000000,1787298373437000000,68
OS.loadAverage,1787298313438000000,1787298373437000000,4.67626953125
JVM.usedHeapBytes,1787298313438000000,1787298373437000000,412705920
JVM.maxHeapBytes,1787298313438000000,1787298373437000000,2147483648
JVM.GC.collections,1787298313438000000,1787298373437000000,2
JVM.maxNativeBytes,1787298313438000000,1787298373437000000,-1
JVM.usedNativeBytes,1787298313438000000,1787298373437000000,438031640
jps.project.serializers.load.ms,1787298313438000000,1787298373437000000,211
jps.artifact.entities.serializer.load.entities.ms,1787298313438000000,1787298373437000000,0
workspaceModel.orphan.listener.update.ms,1787298313438000000,1787298373437000000,7
workspaceModel.delayed.project.synchronizer.sync.ms,1787298313438000000,1787298373437000000,1324
jps.global.initialize.library.bridges.ms,1787298313438000000,1787298373437000000,0
jps.project.serializers.save.ms,1787298313438000000,1787298373437000000,1
jps.artifact.entities.serializer.save.entities.ms,1787298313438000000,1787298373437000000,0
jps.app.storage.content.writer.save.component.ms,1787298313438000000,1787298373437000000,0
jps.load.initial.state.ms,1787298313438000000,1787298373437000000,13
workspaceModel.global.apply.state.to.project.ms,1787298313438000000,1787298373437000000,51
jps.module.iml.entities.serializer.save.entities.ms,1787298313438000000,1787298373437000000,0
jps.facet.change.listener.process.change.events.ms,1787298313438000000,1787298373437000000,1
workspaceModel.mutableEntityStorage.replace.by.source.ms,1787298313438000000,1787298373437000000,28
workspaceModel.moduleManagerBridge.load.all.modules.ms,1787298313438000000,1787298373437000000,130
workspaceModel.mutableEntityStorage.mutable.ext.mapping.ms,1787298313438000000,1787298373437000000,0
jps.load.project.to.empty.storage.ms,1787298313438000000,1787298373437000000,382
workspaceModel.mutableEntityStorage.resolve.ms,1787298313438000000,1787298373437000000,0
workspaceModel.moduleManagerBridge.load.module.ms,1787298313438000000,1787298373437000000,0
workspaceModel.moduleManagerBridge.create.module.instance.ms,1787298313438000000,1787298373437000000,0
workspaceModel.mutableEntityStorage.entities.ms,1787298313438000000,1787298373437000000,0
jps.facet.change.listener.init.bridge.ms,1787298313438000000,1787298373437000000,0
jps.global.handle.changed.events.ms,1787298313438000000,1787298373437000000,0
workspaceModel.moduleManagerBridge.newModule.ms,1787298313438000000,1787298373437000000,0
workspaceModel.global.updates.count,1787298313438000000,1787298373437000000,0
workspaceModel.moduleBridgeLoader.loading.modules.ms,1787298313438000000,1787298373437000000,959
jps.global.initialize.library.bridges.after.loading.ms,1787298313438000000,1787298373437000000,0
workspaceModel.moduleManagerBridge.build.module.graph.ms,1787298313438000000,1787298373437000000,3
workspaceModel.mutableEntityStorage.collect.changes.ms,1787298313438000000,1787298373437000000,0
jps.storage.jps.conf.reader.load.component.ms,1787298313438000000,1787298373437000000,241
workspaceModel.global.updates.ms,1787298313438000000,1787298373437000000,0
jps.reload.project.entities.ms,1787298313438000000,1787298373437000000,0
jps.save.changed.project.entities.ms,1787298313438000000,1787298373437000000,2
workspaceModel.moduleManagerBridge.get.modules.ms,1787298313438000000,1787298373437000000,10
workspaceModel.mutableEntityStorage.to.snapshot.ms,1787298313438000000,1787298373437000000,9
workspaceModel.mutableEntityStorage.modify.entity.ms,1787298313438000000,1787298373437000000,14
workspaceModel.mutableEntityStorage.referrers.ms,1787298313438000000,1787298373437000000,0
workspaceModel.moduleBridge.before.changed.ms,1787298313438000000,1787298373437000000,0
jps.apply.loaded.storage.ms,1787298313438000000,1787298373437000000,923
workspaceModel.mutableEntityStorage.add.diff.ms,1787298313438000000,1787298373437000000,41
workspaceModel.moduleBridge.update.option.ms,1787298313438000000,1787298373437000000,0
workspaceModel.mutableEntityStorage.put.entity.ms,1787298313438000000,1787298373437000000,51
jps.library.entities.serializer.save.entities.ms,1787298313438000000,1787298373437000000,0
workspaceModel.load.cache.from.file.ms,1787298313438000000,1787298373437000000,239
jps.global.handle.before.change.events.ms,1787298313438000000,1787298373437000000,0
workspaceModel.mutableEntityStorage.add.entity.ms,1787298313438000000,1787298373437000000,238
jps.global.get.library.ms,1787298313438000000,1787298373437000000,0
jps.global.get.library.by.name.ms,1787298313438000000,1787298373437000000,0
workspaceModel.sync.entities.ms,1787298313438000000,1787298373437000000,0
workspaceModel.mutableEntityStorage.remove.entity.ms,1787298313438000000,1787298373437000000,0
workspaceModel.save.cache.to.file.ms,1787298313438000000,1787298373437000000,197
jps.global.get.libraries.ms,1787298313438000000,1787298373437000000,8
jps.module.iml.entities.serializer.load.entities.ms,1787298313438000000,1787298373437000000,249
workspaceModel.moduleBridge.facet.initialization.ms,1787298313438000000,1787298373437000000,1
jps.facet.change.listener.before.change.events.ms,1787298313438000000,1787298373437000000,0
jps.save.global.entities.ms,1787298313438000000,1787298373437000000,13
jps.library.entities.serializer.load.entities.ms,1787298313438000000,1787298373437000000,132
workspaceModel.mutableEntityStorage.mutable.vfurl.index.ms,1787298313438000000,1787298373437000000,1
workspaceModel.mutableEntityStorage.entities.by.source.ms,1787298313438000000,1787298373437000000,1
jps.app.storage.content.reader.load.component.ms,1787298313438000000,1787298373437000000,0
workspaceModel.moduleManagerBridge.set.unloadedModules.ms,1787298313438000000,1787298373437000000,0
workspaceModel.mutableEntityStorage.has.same.entities.ms,1787298313438000000,1787298373437000000,0
workspaceModel.global.apply.state.to.project.builder.ms,1787298313438000000,1787298373437000000,5
workspaceModel.moduleManagerBridge.new.nonPersistent.module.ms,1787298313438000000,1787298373437000000,0
FilePageCache.maxRegisteredFiles,1787298313438000000,1787298373437000000,621
FilePageCache.disposedBuffers,1787298313438000000,1787298373437000000,0
StreamlinedBlobStorage.recordsAllocated,1787298313438000000,1787298373437000000,0
DirectByteBufferAllocator.misses,1787298313438000000,1787298373437000000,1
FilePageCache.maxCacheSizeInBytes,1787298313438000000,1787298373437000000,290562048
StreamlinedBlobStorage.totalLiveRecordsCapacityBytes,1787298313438000000,1787298373437000000,0
DirectByteBufferAllocator.reclaimed,1787298313438000000,1787298373437000000,0
FilePageCache.pageLoadsAboveSizeThreshold,1787298313438000000,1787298373437000000,0
StreamlinedBlobStorage.recordsRelocated,1787298313438000000,1787298373437000000,0
FilePageCache.capacityInBytes,1787298313438000000,1787298373437000000,524288000
StorageLockContext.competingThreads.max,1787298313438000000,1787298373437000000,0
DirectByteBufferAllocator.hits,1787298313438000000,1787298373437000000,0
FilePageCache.pageFastCacheHits,1787298313438000000,1787298373437000000,39
DirectByteBufferAllocator.totalSizeOfBuffersAllocatedInBytes,1787298313438000000,1787298373437000000,290562048
StorageLockContext.competingThreads.avg,1787298313438000000,1787298373437000000,0.0
DirectByteBufferAllocator.totalSizeOfBuffersCachedInBytes,1787298313438000000,1787298373437000000,0
FilePageCache.totalPageDisposalsUs,1787298313438000000,1787298373437000000,195
StreamlinedBlobStorage.totalLiveRecordsPayloadBytes,1787298313438000000,1787298373437000000,0
FilePageCache.pageLoads,1787298313438000000,1787298373437000000,1
FilePageCache.pageHits,1787298313438000000,1787298373437000000,0
FilePageCache.uncachedFileAccess,1787298313438000000,1787298373437000000,1
StreamlinedBlobStorage.recordsDeleted,1787298313438000000,1787298373437000000,0
DirectByteBufferAllocator.disposed,1787298313438000000,1787298373437000000,0
StorageLockContext.competingThreads.90P,1787298313438000000,1787298373437000000,0
FilePageCache.totalPageLoadsUs,1787298313438000000,1787298373437000000,3673
FileNameCache.totalMisses,1787298313438000000,1787298373437000000,10
FileNameCache.queries,1787298313438000000,1787298373437000000,10795
FileNameCache.fastMisses,1787298313438000000,1787298373437000000,990
AWTEventQueue.dispatchTimeMaxNs,1787298373437000000,1787298433434000000,242221055
FlushQueue.executionTimeAvgNs,1787298373437000000,1787298433434000000,1578418.5472636817
NonBlockingReadAction.finalizedExecutionTimeUs,1787298373437000000,1787298433434000000,324
AWTEventQueue.dispatchTimeTotalNS,1787298373437000000,1787298433434000000,2129806781
FlushQueue.queueSizeMax,1787298373437000000,1787298433434000000,8
FlushQueue.waitingTimeMaxNs,1787298373437000000,1787298433434000000,427819007
AWTEventQueue.dispatchTime90PNs,1787298373437000000,1787298433434000000,391167
FlushQueue.waitingTime90PNs,1787298373437000000,1787298433434000000,15728639
NonBlockingReadAction.failedExecutionsCount,1787298373437000000,1787298433434000000,0
FlushQueue.executionTime90PNs,1787298373437000000,1787298433434000000,1925119
AWTEventQueue.eventsDispatched,1787298373437000000,1787298433434000000,3618
FlushQueue.tasksExecuted,1787298373437000000,1787298433434000000,201
AWTEventQueue.dispatchTimeAvgNs,1787298373437000000,1787298433434000000,588710.8678828082
FlushQueue.queueSize90P,1787298373437000000,1787298433434000000,3
FlushQueue.waitingTimeAvgNs,1787298373437000000,1787298433434000000,2.255760143283582E7
NonBlockingReadAction.finalizedExecutionsCount,1787298373437000000,1787298433434000000,1
FlushQueue.queueSizeAvg,1787298373437000000,1787298433434000000,0.6766169154228856
FlushQueue.executionTimeMaxNs,1787298373437000000,1787298433434000000,148897791
NonBlockingReadAction.failedExecutionTimeUs,1787298373437000000,1787298433434000000,0
Indexes.stubs.lookupDurationAvgMs,1787298373437000000,1787298433434000000,0.0
VFSFlusher.totalFlushesRetried,1787298373437000000,1787298433434000000,0
Indexes.entries.lookupDuration90PMs,1787298373437000000,1787298433434000000,0.0
VFSFlusher.totalFlushes,1787298373437000000,1787298433434000000,0
Indexes.entries.lookups,1787298373437000000,1787298433434000000,0.0
VFSFlusher.totalContentionQuotaSpent,1787298373437000000,1787298433434000000,0
Indexes.entries.lookupDurationAvgMs,1787298373437000000,1787298433434000000,0.0
IndexesFlusher.totalFlushingTimeUs,1787298373437000000,1787298433434000000,613881
Indexes.allKeys.lookupDurationMaxMs,1787298373437000000,1787298433434000000,0.0
Indexes.allKeys.lookups,1787298373437000000,1787298433434000000,0.0
IndexesFlusher.totalFlushes,1787298373437000000,1787298433434000000,116
Indexes.allKeys.lookupDurationAvgMs,1787298373437000000,1787298433434000000,0.0
VFSFlusher.totalFlushingTimeUs,1787298373437000000,1787298433434000000,0
IndexesFlusher.totalContentionQuotaSpent,1787298373437000000,1787298433434000000,0
Indexes.stubs.lookupDuration90PMs,1787298373437000000,1787298433434000000,0.0
Indexes.stubs.lookups,1787298373437000000,1787298433434000000,0.0
Indexes.allKeys.lookupDuration90PMs,1787298373437000000,1787298433434000000,0.0
Indexes.entries.lookupDurationMaxMs,1787298373437000000,1787298433434000000,0.0
Indexes.stubs.lookupDurationMaxMs,1787298373437000000,1787298433434000000,0.0
IndexesFlusher.totalFlushesRetried,1787298373437000000,1787298433434000000,0
workspaceModel.init.bridges.ms,1787298373437000000,1787298433434000000,2
workspaceModel.to.snapshot.ms,1787298373437000000,1787298433434000000,8
workspaceModel.replace.project.model.ms,1787298373437000000,1787298433434000000,0
workspaceModel.update.unloaded.entities.ms,1787298373437000000,1787298433434000000,0
workspaceModel.loading.total.ms,1787298373437000000,1787298433434000000,277
workspaceModel.updates.precise.ms,1787298373437000000,1787298433434000000,44
workspaceModel.check.recursive.update.ms,1787298373437000000,1787298433434000000,3
workspaceModel.updates.ms,1787298373437000000,1787298433434000000,120
workspaceModel.loading.from.cache.ms,1787298373437000000,1787298433434000000,241
workspaceModel.pre.handlers.ms,1787298373437000000,1787298433434000000,1
workspaceModel.initializing.ms,1787298373437000000,1787298433434000000,2
workspaceModel.collect.changes.ms,1787298373437000000,1787298433434000000,0
workspaceModel.updates.count,1787298373437000000,1787298433434000000,5
JVM.GC.collectionTimesMs,1787298373437000000,1787298433434000000,0
JVM.totalCpuTimeMs,1787298373437000000,1787298433434000000,8128
JVM.threadCount,1787298373437000000,1787298433434000000,72
OS.loadAverage,1787298373437000000,1787298433434000000,3.98583984375
JVM.usedHeapBytes,1787298373437000000,1787298433434000000,503932032
JVM.maxHeapBytes,1787298373437000000,1787298433434000000,2147483648
JVM.GC.collections,1787298373437000000,1787298433434000000,0
JVM.maxNativeBytes,1787298373437000000,1787298433434000000,-1
JVM.usedNativeBytes,1787298373437000000,1787298433434000000,440211368
jps.project.serializers.load.ms,1787298373437000000,1787298433434000000,211
jps.artifact.entities.serializer.load.entities.ms,1787298373437000000,1787298433434000000,0
workspaceModel.orphan.listener.update.ms,1787298373437000000,1787298433434000000,7
workspaceModel.delayed.project.synchronizer.sync.ms,1787298373437000000,1787298433434000000,1324
jps.global.initialize.library.bridges.ms,1787298373437000000,1787298433434000000,0
jps.project.serializers.save.ms,1787298373437000000,1787298433434000000,1
jps.artifact.entities.serializer.save.entities.ms,1787298373437000000,1787298433434000000,0
jps.app.storage.content.writer.save.component.ms,1787298373437000000,1787298433434000000,0
jps.load.initial.state.ms,1787298373437000000,1787298433434000000,13
workspaceModel.global.apply.state.to.project.ms,1787298373437000000,1787298433434000000,51
jps.module.iml.entities.serializer.save.entities.ms,1787298373437000000,1787298433434000000,0
jps.facet.change.listener.process.change.events.ms,1787298373437000000,1787298433434000000,1
workspaceModel.mutableEntityStorage.replace.by.source.ms,1787298373437000000,1787298433434000000,28
workspaceModel.moduleManagerBridge.load.all.modules.ms,1787298373437000000,1787298433434000000,130
workspaceModel.mutableEntityStorage.mutable.ext.mapping.ms,1787298373437000000,1787298433434000000,0
jps.load.project.to.empty.storage.ms,1787298373437000000,1787298433434000000,382
workspaceModel.mutableEntityStorage.resolve.ms,1787298373437000000,1787298433434000000,0
workspaceModel.moduleManagerBridge.load.module.ms,1787298373437000000,1787298433434000000,0
workspaceModel.moduleManagerBridge.create.module.instance.ms,1787298373437000000,1787298433434000000,0
workspaceModel.mutableEntityStorage.entities.ms,1787298373437000000,1787298433434000000,0
jps.facet.change.listener.init.bridge.ms,1787298373437000000,1787298433434000000,0
jps.global.handle.changed.events.ms,1787298373437000000,1787298433434000000,0
workspaceModel.moduleManagerBridge.newModule.ms,1787298373437000000,1787298433434000000,0
workspaceModel.global.updates.count,1787298373437000000,1787298433434000000,0
workspaceModel.moduleBridgeLoader.loading.modules.ms,1787298373437000000,1787298433434000000,959
jps.global.initialize.library.bridges.after.loading.ms,1787298373437000000,1787298433434000000,0
workspaceModel.moduleManagerBridge.build.module.graph.ms,1787298373437000000,1787298433434000000,3
workspaceModel.mutableEntityStorage.collect.changes.ms,1787298373437000000,1787298433434000000,0
jps.storage.jps.conf.reader.load.component.ms,1787298373437000000,1787298433434000000,241
workspaceModel.global.updates.ms,1787298373437000000,1787298433434000000,0
jps.reload.project.entities.ms,1787298373437000000,1787298433434000000,0
jps.save.changed.project.entities.ms,1787298373437000000,1787298433434000000,2
workspaceModel.moduleManagerBridge.get.modules.ms,1787298373437000000,1787298433434000000,10
workspaceModel.mutableEntityStorage.to.snapshot.ms,1787298373437000000,1787298433434000000,9
workspaceModel.mutableEntityStorage.modify.entity.ms,1787298373437000000,1787298433434000000,14
workspaceModel.mutableEntityStorage.referrers.ms,1787298373437000000,1787298433434000000,0
workspaceModel.moduleBridge.before.changed.ms,1787298373437000000,1787298433434000000,0
jps.apply.loaded.storage.ms,1787298373437000000,1787298433434000000,923
workspaceModel.mutableEntityStorage.add.diff.ms,1787298373437000000,1787298433434000000,41
workspaceModel.moduleBridge.update.option.ms,1787298373437000000,1787298433434000000,0
workspaceModel.mutableEntityStorage.put.entity.ms,1787298373437000000,1787298433434000000,51
jps.library.entities.serializer.save.entities.ms,1787298373437000000,1787298433434000000,0
workspaceModel.load.cache.from.file.ms,1787298373437000000,1787298433434000000,239
jps.global.handle.before.change.events.ms,1787298373437000000,1787298433434000000,0
workspaceModel.mutableEntityStorage.add.entity.ms,1787298373437000000,1787298433434000000,238
jps.global.get.library.ms,1787298373437000000,1787298433434000000,0
jps.global.get.library.by.name.ms,1787298373437000000,1787298433434000000,0
workspaceModel.sync.entities.ms,1787298373437000000,1787298433434000000,0
workspaceModel.mutableEntityStorage.remove.entity.ms,1787298373437000000,1787298433434000000,0
workspaceModel.save.cache.to.file.ms,1787298373437000000,1787298433434000000,197
jps.global.get.libraries.ms,1787298373437000000,1787298433434000000,8
jps.module.iml.entities.serializer.load.entities.ms,1787298373437000000,1787298433434000000,249
workspaceModel.moduleBridge.facet.initialization.ms,1787298373437000000,1787298433434000000,1
jps.facet.change.listener.before.change.events.ms,1787298373437000000,1787298433434000000,0
jps.save.global.entities.ms,1787298373437000000,1787298433434000000,15
jps.library.entities.serializer.load.entities.ms,1787298373437000000,1787298433434000000,132
workspaceModel.mutableEntityStorage.mutable.vfurl.index.ms,1787298373437000000,1787298433434000000,1
workspaceModel.mutableEntityStorage.entities.by.source.ms,1787298373437000000,1787298433434000000,1
jps.app.storage.content.reader.load.component.ms,1787298373437000000,1787298433434000000,0
workspaceModel.moduleManagerBridge.set.unloadedModules.ms,1787298373437000000,1787298433434000000,0
workspaceModel.mutableEntityStorage.has.same.entities.ms,1787298373437000000,1787298433434000000,0
workspaceModel.global.apply.state.to.project.builder.ms,1787298373437000000,1787298433434000000,5
workspaceModel.moduleManagerBridge.new.nonPersistent.module.ms,1787298373437000000,1787298433434000000,0
FilePageCache.maxRegisteredFiles,1787298373437000000,1787298433434000000,621
FilePageCache.disposedBuffers,1787298373437000000,1787298433434000000,0
StreamlinedBlobStorage.recordsAllocated,1787298373437000000,1787298433434000000,0
DirectByteBufferAllocator.misses,1787298373437000000,1787298433434000000,0
FilePageCache.maxCacheSizeInBytes,1787298373437000000,1787298433434000000,290562048
StreamlinedBlobStorage.totalLiveRecordsCapacityBytes,1787298373437000000,1787298433434000000,0
DirectByteBufferAllocator.reclaimed,1787298373437000000,1787298433434000000,0
FilePageCache.pageLoadsAboveSizeThreshold,1787298373437000000,1787298433434000000,0
StreamlinedBlobStorage.recordsRelocated,1787298373437000000,1787298433434000000,0
FilePageCache.capacityInBytes,1787298373437000000,1787298433434000000,524288000
StorageLockContext.competingThreads.max,1787298373437000000,1787298433434000000,0
DirectByteBufferAllocator.hits,1787298373437000000,1787298433434000000,0
FilePageCache.pageFastCacheHits,1787298373437000000,1787298433434000000,4
DirectByteBufferAllocator.totalSizeOfBuffersAllocatedInBytes,1787298373437000000,1787298433434000000,290562048
StorageLockContext.competingThreads.avg,1787298373437000000,1787298433434000000,0.0
DirectByteBufferAllocator.totalSizeOfBuffersCachedInBytes,1787298373437000000,1787298433434000000,0
FilePageCache.totalPageDisposalsUs,1787298373437000000,1787298433434000000,0
StreamlinedBlobStorage.totalLiveRecordsPayloadBytes,1787298373437000000,1787298433434000000,0
FilePageCache.pageLoads,1787298373437000000,1787298433434000000,0
FilePageCache.pageHits,1787298373437000000,1787298433434000000,0
FilePageCache.uncachedFileAccess,1787298373437000000,1787298433434000000,0
StreamlinedBlobStorage.recordsDeleted,1787298373437000000,1787298433434000000,0
DirectByteBufferAllocator.disposed,1787298373437000000,1787298433434000000,0
StorageLockContext.competingThreads.90P,1787298373437000000,1787298433434000000,0
FilePageCache.totalPageLoadsUs,1787298373437000000,1787298433434000000,0
FileNameCache.totalMisses,1787298373437000000,1787298433434000000,0
FileNameCache.queries,1787298373437000000,1787298433434000000,13883
FileNameCache.fastMisses,1787298373437000000,1787298433434000000,408
AWTEventQueue.dispatchTimeMaxNs,1787298433434000000,1787298493438000000,4292607
FlushQueue.executionTimeAvgNs,1787298433434000000,1787298493438000000,122029.22314049587
NonBlockingReadAction.finalizedExecutionTimeUs,1787298433434000000,1787298493438000000,0
AWTEventQueue.dispatchTimeTotalNS,1787298433434000000,1787298493438000000,630699422
FlushQueue.queueSizeMax,1787298433434000000,1787298493438000000,0
FlushQueue.waitingTimeMaxNs,1787298433434000000,1787298493438000000,2785279
AWTEventQueue.dispatchTime90PNs,1787298433434000000,1787298493438000000,385023
FlushQueue.waitingTime90PNs,1787298433434000000,1787298493438000000,507903
NonBlockingReadAction.failedExecutionsCount,1787298433434000000,1787298493438000000,0
FlushQueue.executionTime90PNs,1787298433434000000,1787298493438000000,146431
AWTEventQueue.eventsDispatched,1787298433434000000,1787298493438000000,3389
FlushQueue.tasksExecuted,1787298433434000000,1787298493438000000,121
AWTEventQueue.dispatchTimeAvgNs,1787298433434000000,1787298493438000000,185896.0165240484
FlushQueue.queueSize90P,1787298433434000000,1787298493438000000,0
FlushQueue.waitingTimeAvgNs,1787298433434000000,1787298493438000000,379281.9834710744
NonBlockingReadAction.finalizedExecutionsCount,1787298433434000000,1787298493438000000,0
FlushQueue.queueSizeAvg,1787298433434000000,1787298493438000000,0.0
FlushQueue.executionTimeMaxNs,1787298433434000000,1787298493438000000,2473983
NonBlockingReadAction.failedExecutionTimeUs,1787298433434000000,1787298493438000000,0
Indexes.stubs.lookupDurationAvgMs,1787298433434000000,1787298493438000000,0.0
VFSFlusher.totalFlushesRetried,1787298433434000000,1787298493438000000,0
Indexes.entries.lookupDuration90PMs,1787298433434000000,1787298493438000000,0.0
VFSFlusher.totalFlushes,1787298433434000000,1787298493438000000,0
Indexes.entries.lookups,1787298433434000000,1787298493438000000,0.0
VFSFlusher.totalContentionQuotaSpent,1787298433434000000,1787298493438000000,0
Indexes.entries.lookupDurationAvgMs,1787298433434000000,1787298493438000000,0.0
IndexesFlusher.totalFlushingTimeUs,1787298433434000000,1787298493438000000,564256
Indexes.allKeys.lookupDurationMaxMs,1787298433434000000,1787298493438000000,0.0
Indexes.allKeys.lookups,1787298433434000000,1787298493438000000,0.0
IndexesFlusher.totalFlushes,1787298433434000000,1787298493438000000,118
Indexes.allKeys.lookupDurationAvgMs,1787298433434000000,1787298493438000000,0.0
VFSFlusher.totalFlushingTimeUs,1787298433434000000,1787298493438000000,0
IndexesFlusher.totalContentionQuotaSpent,1787298433434000000,1787298493438000000,0
Indexes.stubs.lookupDuration90PMs,1787298433434000000,1787298493438000000,0.0
Indexes.stubs.lookups,1787298433434000000,1787298493438000000,0.0
Indexes.allKeys.lookupDuration90PMs,1787298433434000000,1787298493438000000,0.0
Indexes.entries.lookupDurationMaxMs,1787298433434000000,1787298493438000000,0.0
Indexes.stubs.lookupDurationMaxMs,1787298433434000000,1787298493438000000,0.0
IndexesFlusher.totalFlushesRetried,1787298433434000000,1787298493438000000,0
workspaceModel.init.bridges.ms,1787298433434000000,1787298493438000000,2
workspaceModel.to.snapshot.ms,1787298433434000000,1787298493438000000,8
workspaceModel.replace.project.model.ms,1787298433434000000,1787298493438000000,0
workspaceModel.update.unloaded.entities.ms,1787298433434000000,1787298493438000000,0
workspaceModel.loading.total.ms,1787298433434000000,1787298493438000000,277
workspaceModel.updates.precise.ms,1787298433434000000,1787298493438000000,44
workspaceModel.check.recursive.update.ms,1787298433434000000,1787298493438000000,3
workspaceModel.updates.ms,1787298433434000000,1787298493438000000,120
workspaceModel.loading.from.cache.ms,1787298433434000000,1787298493438000000,241
workspaceModel.pre.handlers.ms,1787298433434000000,1787298493438000000,1
workspaceModel.initializing.ms,1787298433434000000,1787298493438000000,2
workspaceModel.collect.changes.ms,1787298433434000000,1787298493438000000,0
workspaceModel.updates.count,1787298433434000000,1787298493438000000,5
JVM.GC.collectionTimesMs,1787298433434000000,1787298493438000000,0
JVM.totalCpuTimeMs,1787298433434000000,1787298493438000000,5058
JVM.threadCount,1787298433434000000,1787298493438000000,56
OS.loadAverage,1787298433434000000,1787298493438000000,4.30908203125
JVM.usedHeapBytes,1787298433434000000,1787298493438000000,541680768
JVM.maxHeapBytes,1787298433434000000,1787298493438000000,2147483648
JVM.GC.collections,1787298433434000000,1787298493438000000,0
JVM.maxNativeBytes,1787298433434000000,1787298493438000000,-1
JVM.usedNativeBytes,1787298433434000000,1787298493438000000,440008568
jps.project.serializers.load.ms,1787298433434000000,1787298493438000000,211
jps.artifact.entities.serializer.load.entities.ms,1787298433434000000,1787298493438000000,0
workspaceModel.orphan.listener.update.ms,1787298433434000000,1787298493438000000,7
workspaceModel.delayed.project.synchronizer.sync.ms,1787298433434000000,1787298493438000000,1324
jps.global.initialize.library.bridges.ms,1787298433434000000,1787298493438000000,0
jps.project.serializers.save.ms,1787298433434000000,1787298493438000000,1
jps.artifact.entities.serializer.save.entities.ms,1787298433434000000,1787298493438000000,0
jps.app.storage.content.writer.save.component.ms,1787298433434000000,1787298493438000000,0
jps.load.initial.state.ms,1787298433434000000,1787298493438000000,13
workspaceModel.global.apply.state.to.project.ms,1787298433434000000,1787298493438000000,51
jps.module.iml.entities.serializer.save.entities.ms,1787298433434000000,1787298493438000000,0
jps.facet.change.listener.process.change.events.ms,1787298433434000000,1787298493438000000,1
workspaceModel.mutableEntityStorage.replace.by.source.ms,1787298433434000000,1787298493438000000,28
workspaceModel.moduleManagerBridge.load.all.modules.ms,1787298433434000000,1787298493438000000,130
workspaceModel.mutableEntityStorage.mutable.ext.mapping.ms,1787298433434000000,1787298493438000000,0
jps.load.project.to.empty.storage.ms,1787298433434000000,1787298493438000000,382
workspaceModel.mutableEntityStorage.resolve.ms,1787298433434000000,1787298493438000000,0
workspaceModel.moduleManagerBridge.load.module.ms,1787298433434000000,1787298493438000000,0
workspaceModel.moduleManagerBridge.create.module.instance.ms,1787298433434000000,1787298493438000000,0
workspaceModel.mutableEntityStorage.entities.ms,1787298433434000000,1787298493438000000,0
jps.facet.change.listener.init.bridge.ms,1787298433434000000,1787298493438000000,0
jps.global.handle.changed.events.ms,1787298433434000000,1787298493438000000,0
workspaceModel.moduleManagerBridge.newModule.ms,1787298433434000000,1787298493438000000,0
workspaceModel.global.updates.count,1787298433434000000,1787298493438000000,0
workspaceModel.moduleBridgeLoader.loading.modules.ms,1787298433434000000,1787298493438000000,959
jps.global.initialize.library.bridges.after.loading.ms,1787298433434000000,1787298493438000000,0
workspaceModel.moduleManagerBridge.build.module.graph.ms,1787298433434000000,1787298493438000000,3
workspaceModel.mutableEntityStorage.collect.changes.ms,1787298433434000000,1787298493438000000,0
jps.storage.jps.conf.reader.load.component.ms,1787298433434000000,1787298493438000000,241
workspaceModel.global.updates.ms,1787298433434000000,1787298493438000000,0
jps.reload.project.entities.ms,1787298433434000000,1787298493438000000,0
jps.save.changed.project.entities.ms,1787298433434000000,1787298493438000000,2
workspaceModel.moduleManagerBridge.get.modules.ms,1787298433434000000,1787298493438000000,10
workspaceModel.mutableEntityStorage.to.snapshot.ms,1787298433434000000,1787298493438000000,9
workspaceModel.mutableEntityStorage.modify.entity.ms,1787298433434000000,1787298493438000000,14
workspaceModel.mutableEntityStorage.referrers.ms,1787298433434000000,1787298493438000000,0
workspaceModel.moduleBridge.before.changed.ms,1787298433434000000,1787298493438000000,0
jps.apply.loaded.storage.ms,1787298433434000000,1787298493438000000,923
workspaceModel.mutableEntityStorage.add.diff.ms,1787298433434000000,1787298493438000000,41
workspaceModel.moduleBridge.update.option.ms,1787298433434000000,1787298493438000000,0
workspaceModel.mutableEntityStorage.put.entity.ms,1787298433434000000,1787298493438000000,51
jps.library.entities.serializer.save.entities.ms,1787298433434000000,1787298493438000000,0
workspaceModel.load.cache.from.file.ms,1787298433434000000,1787298493438000000,239
jps.global.handle.before.change.events.ms,1787298433434000000,1787298493438000000,0
workspaceModel.mutableEntityStorage.add.entity.ms,1787298433434000000,1787298493438000000,238
jps.global.get.library.ms,1787298433434000000,1787298493438000000,0
jps.global.get.library.by.name.ms,1787298433434000000,1787298493438000000,0
workspaceModel.sync.entities.ms,1787298433434000000,1787298493438000000,0
workspaceModel.mutableEntityStorage.remove.entity.ms,1787298433434000000,1787298493438000000,0
workspaceModel.save.cache.to.file.ms,1787298433434000000,1787298493438000000,197
jps.global.get.libraries.ms,1787298433434000000,1787298493438000000,8
jps.module.iml.entities.serializer.load.entities.ms,1787298433434000000,1787298493438000000,249
workspaceModel.moduleBridge.facet.initialization.ms,1787298433434000000,1787298493438000000,1
jps.facet.change.listener.before.change.events.ms,1787298433434000000,1787298493438000000,0
jps.save.global.entities.ms,1787298433434000000,1787298493438000000,15
jps.library.entities.serializer.load.entities.ms,1787298433434000000,1787298493438000000,132
workspaceModel.mutableEntityStorage.mutable.vfurl.index.ms,1787298433434000000,1787298493438000000,1
workspaceModel.mutableEntityStorage.entities.by.source.ms,1787298433434000000,1787298493438000000,1
jps.app.storage.content.reader.load.component.ms,1787298433434000000,1787298493438000000,0
workspaceModel.moduleManagerBridge.set.unloadedModules.ms,1787298433434000000,1787298493438000000,0
workspaceModel.mutableEntityStorage.has.same.entities.ms,1787298433434000000,1787298493438000000,0
workspaceModel.global.apply.state.to.project.builder.ms,1787298433434000000,1787298493438000000,5
workspaceModel.moduleManagerBridge.new.nonPersistent.module.ms,1787298433434000000,1787298493438000000,0
FilePageCache.maxRegisteredFiles,1787298433434000000,1787298493438000000,621
FilePageCache.disposedBuffers,1787298433434000000,1787298493438000000,0
StreamlinedBlobStorage.recordsAllocated,1787298433434000000,1787298493438000000,0
DirectByteBufferAllocator.misses,1787298433434000000,1787298493438000000,0
FilePageCache.maxCacheSizeInBytes,1787298433434000000,1787298493438000000,290562048
StreamlinedBlobStorage.totalLiveRecordsCapacityBytes,1787298433434000000,1787298493438000000,0
DirectByteBufferAllocator.reclaimed,1787298433434000000,1787298493438000000,0
FilePageCache.pageLoadsAboveSizeThreshold,1787298433434000000,1787298493438000000,0
StreamlinedBlobStorage.recordsRelocated,1787298433434000000,1787298493438000000,0
FilePageCache.capacityInBytes,1787298433434000000,1787298493438000000,524288000
StorageLockContext.competingThreads.max,1787298433434000000,1787298493438000000,0
DirectByteBufferAllocator.hits,1787298433434000000,1787298493438000000,0
FilePageCache.pageFastCacheHits,1787298433434000000,1787298493438000000,0
DirectByteBufferAllocator.totalSizeOfBuffersAllocatedInBytes,1787298433434000000,1787298493438000000,290562048
StorageLockContext.competingThreads.avg,1787298433434000000,1787298493438000000,0.0
DirectByteBufferAllocator.totalSizeOfBuffersCachedInBytes,1787298433434000000,1787298493438000000,0
FilePageCache.totalPageDisposalsUs,1787298433434000000,1787298493438000000,0
StreamlinedBlobStorage.totalLiveRecordsPayloadBytes,1787298433434000000,1787298493438000000,0
FilePageCache.pageLoads,1787298433434000000,1787298493438000000,0
FilePageCache.pageHits,1787298433434000000,1787298493438000000,0
FilePageCache.uncachedFileAccess,1787298433434000000,1787298493438000000,0
StreamlinedBlobStorage.recordsDeleted,1787298433434000000,1787298493438000000,0
DirectByteBufferAllocator.disposed,1787298433434000000,1787298493438000000,0
StorageLockContext.competingThreads.90P,1787298433434000000,1787298493438000000,0
FilePageCache.totalPageLoadsUs,1787298433434000000,1787298493438000000,0
FileNameCache.totalMisses,1787298433434000000,1787298493438000000,0
FileNameCache.queries,1787298433434000000,1787298493438000000,0
FileNameCache.fastMisses,1787298433434000000,1787298493438000000,0
AWTEventQueue.dispatchTimeMaxNs,1787298493438000000,1787298553437000000,102760447
FlushQueue.executionTimeAvgNs,1787298493438000000,1787298553437000000,889286.7843137255
NonBlockingReadAction.finalizedExecutionTimeUs,1787298493438000000,1787298553437000000,60
AWTEventQueue.dispatchTimeTotalNS,1787298493438000000,1787298553437000000,1614843926
FlushQueue.queueSizeMax,1787298493438000000,1787298553437000000,8
FlushQueue.waitingTimeMaxNs,1787298493438000000,1787298553437000000,83361791
AWTEventQueue.dispatchTime90PNs,1787298493438000000,1787298553437000000,423935
FlushQueue.waitingTime90PNs,1787298493438000000,1787298553437000000,12451839
NonBlockingReadAction.failedExecutionsCount,1787298493438000000,1787298553437000000,0
FlushQueue.executionTime90PNs,1787298493438000000,1787298553437000000,1556479
AWTEventQueue.eventsDispatched,1787298493438000000,1787298553437000000,4069
FlushQueue.tasksExecuted,1787298493438000000,1787298553437000000,204
AWTEventQueue.dispatchTimeAvgNs,1787298493438000000,1787298553437000000,396773.9002211846
FlushQueue.queueSize90P,1787298493438000000,1787298553437000000,2
FlushQueue.waitingTimeAvgNs,1787298493438000000,1787298553437000000,4150822.2352941176
NonBlockingReadAction.finalizedExecutionsCount,1787298493438000000,1787298553437000000,1
FlushQueue.queueSizeAvg,1787298493438000000,1787298553437000000,0.5686274509803921
FlushQueue.executionTimeMaxNs,1787298493438000000,1787298553437000000,23724031
NonBlockingReadAction.failedExecutionTimeUs,1787298493438000000,1787298553437000000,0
Indexes.stubs.lookupDurationAvgMs,1787298493438000000,1787298553437000000,0.0
VFSFlusher.totalFlushesRetried,1787298493438000000,1787298553437000000,0
Indexes.entries.lookupDuration90PMs,1787298493438000000,1787298553437000000,0.0
VFSFlusher.totalFlushes,1787298493438000000,1787298553437000000,0
Indexes.entries.lookups,1787298493438000000,1787298553437000000,0.0
VFSFlusher.totalContentionQuotaSpent,1787298493438000000,1787298553437000000,0
Indexes.entries.lookupDurationAvgMs,1787298493438000000,1787298553437000000,0.0
IndexesFlusher.totalFlushingTimeUs,1787298493438000000,1787298553437000000,576770
Indexes.allKeys.lookupDurationMaxMs,1787298493438000000,1787298553437000000,0.0
Indexes.allKeys.lookups,1787298493438000000,1787298553437000000,0.0
IndexesFlusher.totalFlushes,1787298493438000000,1787298553437000000,116
Indexes.allKeys.lookupDurationAvgMs,1787298493438000000,1787298553437000000,0.0
VFSFlusher.totalFlushingTimeUs,1787298493438000000,1787298553437000000,0
IndexesFlusher.totalContentionQuotaSpent,1787298493438000000,1787298553437000000,0
Indexes.stubs.lookupDuration90PMs,1787298493438000000,1787298553437000000,0.0
Indexes.stubs.lookups,1787298493438000000,1787298553437000000,0.0
Indexes.allKeys.lookupDuration90PMs,1787298493438000000,1787298553437000000,0.0
Indexes.entries.lookupDurationMaxMs,1787298493438000000,1787298553437000000,0.0
Indexes.stubs.lookupDurationMaxMs,1787298493438000000,1787298553437000000,0.0
IndexesFlusher.totalFlushesRetried,1787298493438000000,1787298553437000000,0
workspaceModel.init.bridges.ms,1787298493438000000,1787298553437000000,2
workspaceModel.to.snapshot.ms,1787298493438000000,1787298553437000000,8
workspaceModel.replace.project.model.ms,1787298493438000000,1787298553437000000,0
workspaceModel.update.unloaded.entities.ms,1787298493438000000,1787298553437000000,0
workspaceModel.loading.total.ms,1787298493438000000,1787298553437000000,277
workspaceModel.updates.precise.ms,1787298493438000000,1787298553437000000,44
workspaceModel.check.recursive.update.ms,1787298493438000000,1787298553437000000,3
workspaceModel.updates.ms,1787298493438000000,1787298553437000000,120
workspaceModel.loading.from.cache.ms,1787298493438000000,1787298553437000000,241
workspaceModel.pre.handlers.ms,1787298493438000000,1787298553437000000,1
workspaceModel.initializing.ms,1787298493438000000,1787298553437000000,2
workspaceModel.collect.changes.ms,1787298493438000000,1787298553437000000,0
workspaceModel.updates.count,1787298493438000000,1787298553437000000,5
JVM.GC.collectionTimesMs,1787298493438000000,1787298553437000000,46
JVM.totalCpuTimeMs,1787298493438000000,1787298553437000000,6916
JVM.threadCount,1787298493438000000,1787298553437000000,55
OS.loadAverage,1787298493438000000,1787298553437000000,3.91357421875
JVM.usedHeapBytes,1787298493438000000,1787298553437000000,384817480
JVM.maxHeapBytes,1787298493438000000,1787298553437000000,2147483648
JVM.GC.collections,1787298493438000000,1787298553437000000,1
JVM.maxNativeBytes,1787298493438000000,1787298553437000000,-1
JVM.usedNativeBytes,1787298493438000000,1787298553437000000,441058984
jps.project.serializers.load.ms,1787298493438000000,1787298553437000000,211
jps.artifact.entities.serializer.load.entities.ms,1787298493438000000,1787298553437000000,0
workspaceModel.orphan.listener.update.ms,1787298493438000000,1787298553437000000,7
workspaceModel.delayed.project.synchronizer.sync.ms,1787298493438000000,1787298553437000000,1324
jps.global.initialize.library.bridges.ms,1787298493438000000,1787298553437000000,0
jps.project.serializers.save.ms,1787298493438000000,1787298553437000000,2
jps.artifact.entities.serializer.save.entities.ms,1787298493438000000,1787298553437000000,0
jps.app.storage.content.writer.save.component.ms,1787298493438000000,1787298553437000000,0
jps.load.initial.state.ms,1787298493438000000,1787298553437000000,13
workspaceModel.global.apply.state.to.project.ms,1787298493438000000,1787298553437000000,51
jps.module.iml.entities.serializer.save.entities.ms,1787298493438000000,1787298553437000000,0
jps.facet.change.listener.process.change.events.ms,1787298493438000000,1787298553437000000,1
workspaceModel.mutableEntityStorage.replace.by.source.ms,1787298493438000000,1787298553437000000,28
workspaceModel.moduleManagerBridge.load.all.modules.ms,1787298493438000000,1787298553437000000,130
workspaceModel.mutableEntityStorage.mutable.ext.mapping.ms,1787298493438000000,1787298553437000000,0
jps.load.project.to.empty.storage.ms,1787298493438000000,1787298553437000000,382
workspaceModel.mutableEntityStorage.resolve.ms,1787298493438000000,1787298553437000000,0
workspaceModel.moduleManagerBridge.load.module.ms,1787298493438000000,1787298553437000000,0
workspaceModel.moduleManagerBridge.create.module.instance.ms,1787298493438000000,1787298553437000000,0
workspaceModel.mutableEntityStorage.entities.ms,1787298493438000000,1787298553437000000,0
jps.facet.change.listener.init.bridge.ms,1787298493438000000,1787298553437000000,0
jps.global.handle.changed.events.ms,1787298493438000000,1787298553437000000,0
workspaceModel.moduleManagerBridge.newModule.ms,1787298493438000000,1787298553437000000,0
workspaceModel.global.updates.count,1787298493438000000,1787298553437000000,0
workspaceModel.moduleBridgeLoader.loading.modules.ms,1787298493438000000,1787298553437000000,959
jps.global.initialize.library.bridges.after.loading.ms,1787298493438000000,1787298553437000000,0
workspaceModel.moduleManagerBridge.build.module.graph.ms,1787298493438000000,1787298553437000000,3
workspaceModel.mutableEntityStorage.collect.changes.ms,1787298493438000000,1787298553437000000,0
jps.storage.jps.conf.reader.load.component.ms,1787298493438000000,1787298553437000000,241
workspaceModel.global.updates.ms,1787298493438000000,1787298553437000000,0
jps.reload.project.entities.ms,1787298493438000000,1787298553437000000,0
jps.save.changed.project.entities.ms,1787298493438000000,1787298553437000000,3
workspaceModel.moduleManagerBridge.get.modules.ms,1787298493438000000,1787298553437000000,10
workspaceModel.mutableEntityStorage.to.snapshot.ms,1787298493438000000,1787298553437000000,9
workspaceModel.mutableEntityStorage.modify.entity.ms,1787298493438000000,1787298553437000000,14
workspaceModel.mutableEntityStorage.referrers.ms,1787298493438000000,1787298553437000000,0
workspaceModel.moduleBridge.before.changed.ms,1787298493438000000,1787298553437000000,0
jps.apply.loaded.storage.ms,1787298493438000000,1787298553437000000,923
workspaceModel.mutableEntityStorage.add.diff.ms,1787298493438000000,1787298553437000000,41
workspaceModel.moduleBridge.update.option.ms,1787298493438000000,1787298553437000000,0
workspaceModel.mutableEntityStorage.put.entity.ms,1787298493438000000,1787298553437000000,51
jps.library.entities.serializer.save.entities.ms,1787298493438000000,1787298553437000000,0
workspaceModel.load.cache.from.file.ms,1787298493438000000,1787298553437000000,239
jps.global.handle.before.change.events.ms,1787298493438000000,1787298553437000000,0
workspaceModel.mutableEntityStorage.add.entity.ms,1787298493438000000,1787298553437000000,238
jps.global.get.library.ms,1787298493438000000,1787298553437000000,0
jps.global.get.library.by.name.ms,1787298493438000000,1787298553437000000,0
workspaceModel.sync.entities.ms,1787298493438000000,1787298553437000000,0
workspaceModel.mutableEntityStorage.remove.entity.ms,1787298493438000000,1787298553437000000,0
workspaceModel.save.cache.to.file.ms,1787298493438000000,1787298553437000000,197
jps.global.get.libraries.ms,1787298493438000000,1787298553437000000,8
jps.module.iml.entities.serializer.load.entities.ms,1787298493438000000,1787298553437000000,249
workspaceModel.moduleBridge.facet.initialization.ms,1787298493438000000,1787298553437000000,1
jps.facet.change.listener.before.change.events.ms,1787298493438000000,1787298553437000000,0
jps.save.global.entities.ms,1787298493438000000,1787298553437000000,33
jps.library.entities.serializer.load.entities.ms,1787298493438000000,1787298553437000000,132
workspaceModel.mutableEntityStorage.mutable.vfurl.index.ms,1787298493438000000,1787298553437000000,1
workspaceModel.mutableEntityStorage.entities.by.source.ms,1787298493438000000,1787298553437000000,1
jps.app.storage.content.reader.load.component.ms,1787298493438000000,1787298553437000000,0
workspaceModel.moduleManagerBridge.set.unloadedModules.ms,1787298493438000000,1787298553437000000,0
workspaceModel.mutableEntityStorage.has.same.entities.ms,1787298493438000000,1787298553437000000,0
workspaceModel.global.apply.state.to.project.builder.ms,1787298493438000000,1787298553437000000,5
workspaceModel.moduleManagerBridge.new.nonPersistent.module.ms,1787298493438000000,1787298553437000000,0
FilePageCache.maxRegisteredFiles,1787298493438000000,1787298553437000000,621
FilePageCache.disposedBuffers,1787298493438000000,1787298553437000000,0
StreamlinedBlobStorage.recordsAllocated,1787298493438000000,1787298553437000000,0
DirectByteBufferAllocator.misses,1787298493438000000,1787298553437000000,0
FilePageCache.maxCacheSizeInBytes,1787298493438000000,1787298553437000000,290562048
StreamlinedBlobStorage.totalLiveRecordsCapacityBytes,1787298493438000000,1787298553437000000,0
DirectByteBufferAllocator.reclaimed,1787298493438000000,1787298553437000000,0
FilePageCache.pageLoadsAboveSizeThreshold,1787298493438000000,1787298553437000000,0
StreamlinedBlobStorage.recordsRelocated,1787298493438000000,1787298553437000000,0
FilePageCache.capacityInBytes,1787298493438000000,1787298553437000000,524288000
StorageLockContext.competingThreads.max,1787298493438000000,1787298553437000000,0
DirectByteBufferAllocator.hits,1787298493438000000,1787298553437000000,0
FilePageCache.pageFastCacheHits,1787298493438000000,1787298553437000000,0
DirectByteBufferAllocator.totalSizeOfBuffersAllocatedInBytes,1787298493438000000,1787298553437000000,290562048
StorageLockContext.competingThreads.avg,1787298493438000000,1787298553437000000,0.0
DirectByteBufferAllocator.totalSizeOfBuffersCachedInBytes,1787298493438000000,1787298553437000000,0
FilePageCache.totalPageDisposalsUs,1787298493438000000,1787298553437000000,0
StreamlinedBlobStorage.totalLiveRecordsPayloadBytes,1787298493438000000,1787298553437000000,0
FilePageCache.pageLoads,1787298493438000000,1787298553437000000,0
FilePageCache.pageHits,1787298493438000000,1787298553437000000,0
FilePageCache.uncachedFileAccess,1787298493438000000,1787298553437000000,0
StreamlinedBlobStorage.recordsDeleted,1787298493438000000,1787298553437000000,0
DirectByteBufferAllocator.disposed,1787298493438000000,1787298553437000000,0
StorageLockContext.competingThreads.90P,1787298493438000000,1787298553437000000,0
FilePageCache.totalPageLoadsUs,1787298493438000000,1787298553437000000,0
FileNameCache.totalMisses,1787298493438000000,1787298553437000000,0
FileNameCache.queries,1787298493438000000,1787298553437000000,694
FileNameCache.fastMisses,1787298493438000000,1787298553437000000,7
AWTEventQueue.dispatchTimeMaxNs,1787298553437000000,1787298613443000000,6291455
FlushQueue.executionTimeAvgNs,1787298553437000000,1787298613443000000,189432.65573770492
NonBlockingReadAction.finalizedExecutionTimeUs,1787298553437000000,1787298613443000000,84297
AWTEventQueue.dispatchTimeTotalNS,1787298553437000000,1787298613443000000,599966157
FlushQueue.queueSizeMax,1787298553437000000,1787298613443000000,0
FlushQueue.waitingTimeMaxNs,1787298553437000000,1787298613443000000,4128767
AWTEventQueue.dispatchTime90PNs,1787298553437000000,1787298613443000000,339967
FlushQueue.waitingTime90PNs,1787298553437000000,1787298613443000000,397311
NonBlockingReadAction.failedExecutionsCount,1787298553437000000,1787298613443000000,0
FlushQueue.executionTime90PNs,1787298553437000000,1787298613443000000,179199
AWTEventQueue.eventsDispatched,1787298553437000000,1787298613443000000,3358
FlushQueue.tasksExecuted,1787298553437000000,1787298613443000000,122
AWTEventQueue.dispatchTimeAvgNs,1787298553437000000,1787298613443000000,178500.51697438952
FlushQueue.queueSize90P,1787298553437000000,1787298613443000000,0
FlushQueue.waitingTimeAvgNs,1787298553437000000,1787298613443000000,346113.04918032786
NonBlockingReadAction.finalizedExecutionsCount,1787298553437000000,1787298613443000000,3
FlushQueue.queueSizeAvg,1787298553437000000,1787298613443000000,0.0
FlushQueue.executionTimeMaxNs,1787298553437000000,1787298613443000000,3686399
NonBlockingReadAction.failedExecutionTimeUs,1787298553437000000,1787298613443000000,0
Indexes.stubs.lookupDurationAvgMs,1787298553437000000,1787298613443000000,0.0
VFSFlusher.totalFlushesRetried,1787298553437000000,1787298613443000000,0
Indexes.entries.lookupDuration90PMs,1787298553437000000,1787298613443000000,0.0
VFSFlusher.totalFlushes,1787298553437000000,1787298613443000000,0
Indexes.entries.lookups,1787298553437000000,1787298613443000000,0.0
VFSFlusher.totalContentionQuotaSpent,1787298553437000000,1787298613443000000,0
Indexes.entries.lookupDurationAvgMs,1787298553437000000,1787298613443000000,0.0
IndexesFlusher.totalFlushingTimeUs,1787298553437000000,1787298613443000000,618729
Indexes.allKeys.lookupDurationMaxMs,1787298553437000000,1787298613443000000,0.0
Indexes.allKeys.lookups,1787298553437000000,1787298613443000000,0.0
IndexesFlusher.totalFlushes,1787298553437000000,1787298613443000000,118
Indexes.allKeys.lookupDurationAvgMs,1787298553437000000,1787298613443000000,0.0
VFSFlusher.totalFlushingTimeUs,1787298553437000000,1787298613443000000,0
IndexesFlusher.totalContentionQuotaSpent,1787298553437000000,1787298613443000000,0
Indexes.stubs.lookupDuration90PMs,1787298553437000000,1787298613443000000,0.0
Indexes.stubs.lookups,1787298553437000000,1787298613443000000,0.0
Indexes.allKeys.lookupDuration90PMs,1787298553437000000,1787298613443000000,0.0
Indexes.entries.lookupDurationMaxMs,1787298553437000000,1787298613443000000,0.0
Indexes.stubs.lookupDurationMaxMs,1787298553437000000,1787298613443000000,0.0
IndexesFlusher.totalFlushesRetried,1787298553437000000,1787298613443000000,0
workspaceModel.init.bridges.ms,1787298553437000000,1787298613443000000,2
workspaceModel.to.snapshot.ms,1787298553437000000,1787298613443000000,8
workspaceModel.replace.project.model.ms,1787298553437000000,1787298613443000000,0
workspaceModel.update.unloaded.entities.ms,1787298553437000000,1787298613443000000,0
workspaceModel.loading.total.ms,1787298553437000000,1787298613443000000,277
workspaceModel.updates.precise.ms,1787298553437000000,1787298613443000000,44
workspaceModel.check.recursive.update.ms,1787298553437000000,1787298613443000000,3
workspaceModel.updates.ms,1787298553437000000,1787298613443000000,120
workspaceModel.loading.from.cache.ms,1787298553437000000,1787298613443000000,241
workspaceModel.pre.handlers.ms,1787298553437000000,1787298613443000000,1
workspaceModel.initializing.ms,1787298553437000000,1787298613443000000,2
workspaceModel.collect.changes.ms,1787298553437000000,1787298613443000000,0
workspaceModel.updates.count,1787298553437000000,1787298613443000000,5
JVM.GC.collectionTimesMs,1787298553437000000,1787298613443000000,108
JVM.totalCpuTimeMs,1787298553437000000,1787298613443000000,6199
JVM.threadCount,1787298553437000000,1787298613443000000,49
OS.loadAverage,1787298553437000000,1787298613443000000,4.19580078125
JVM.usedHeapBytes,1787298553437000000,1787298613443000000,402269816
JVM.maxHeapBytes,1787298553437000000,1787298613443000000,2147483648
JVM.GC.collections,1787298553437000000,1787298613443000000,1
JVM.maxNativeBytes,1787298553437000000,1787298613443000000,-1
JVM.usedNativeBytes,1787298553437000000,1787298613443000000,440706672
jps.project.serializers.load.ms,1787298553437000000,1787298613443000000,211
jps.artifact.entities.serializer.load.entities.ms,1787298553437000000,1787298613443000000,0
workspaceModel.orphan.listener.update.ms,1787298553437000000,1787298613443000000,7
workspaceModel.delayed.project.synchronizer.sync.ms,1787298553437000000,1787298613443000000,1324
jps.global.initialize.library.bridges.ms,1787298553437000000,1787298613443000000,0
jps.project.serializers.save.ms,1787298553437000000,1787298613443000000,2
jps.artifact.entities.serializer.save.entities.ms,1787298553437000000,1787298613443000000,0
jps.app.storage.content.writer.save.component.ms,1787298553437000000,1787298613443000000,0
jps.load.initial.state.ms,1787298553437000000,1787298613443000000,13
workspaceModel.global.apply.state.to.project.ms,1787298553437000000,1787298613443000000,51
jps.module.iml.entities.serializer.save.entities.ms,1787298553437000000,1787298613443000000,0
jps.facet.change.listener.process.change.events.ms,1787298553437000000,1787298613443000000,1
workspaceModel.mutableEntityStorage.replace.by.source.ms,1787298553437000000,1787298613443000000,28
workspaceModel.moduleManagerBridge.load.all.modules.ms,1787298553437000000,1787298613443000000,130
workspaceModel.mutableEntityStorage.mutable.ext.mapping.ms,1787298553437000000,1787298613443000000,0
jps.load.project.to.empty.storage.ms,1787298553437000000,1787298613443000000,382
workspaceModel.mutableEntityStorage.resolve.ms,1787298553437000000,1787298613443000000,0
workspaceModel.moduleManagerBridge.load.module.ms,1787298553437000000,1787298613443000000,0
workspaceModel.moduleManagerBridge.create.module.instance.ms,1787298553437000000,1787298613443000000,0
workspaceModel.mutableEntityStorage.entities.ms,1787298553437000000,1787298613443000000,0
jps.facet.change.listener.init.bridge.ms,1787298553437000000,1787298613443000000,0
jps.global.handle.changed.events.ms,1787298553437000000,1787298613443000000,0
workspaceModel.moduleManagerBridge.newModule.ms,1787298553437000000,1787298613443000000,0
workspaceModel.global.updates.count,1787298553437000000,1787298613443000000,0
workspaceModel.moduleBridgeLoader.loading.modules.ms,1787298553437000000,1787298613443000000,959
jps.global.initialize.library.bridges.after.loading.ms,1787298553437000000,1787298613443000000,0
workspaceModel.moduleManagerBridge.build.module.graph.ms,1787298553437000000,1787298613443000000,3
workspaceModel.mutableEntityStorage.collect.changes.ms,1787298553437000000,1787298613443000000,0
jps.storage.jps.conf.reader.load.component.ms,1787298553437000000,1787298613443000000,241
workspaceModel.global.updates.ms,1787298553437000000,1787298613443000000,0
jps.reload.project.entities.ms,1787298553437000000,1787298613443000000,0
jps.save.changed.project.entities.ms,1787298553437000000,1787298613443000000,3
workspaceModel.moduleManagerBridge.get.modules.ms,1787298553437000000,1787298613443000000,10
workspaceModel.mutableEntityStorage.to.snapshot.ms,1787298553437000000,1787298613443000000,9
workspaceModel.mutableEntityStorage.modify.entity.ms,1787298553437000000,1787298613443000000,14
workspaceModel.mutableEntityStorage.referrers.ms,1787298553437000000,1787298613443000000,0
workspaceModel.moduleBridge.before.changed.ms,1787298553437000000,1787298613443000000,0
jps.apply.loaded.storage.ms,1787298553437000000,1787298613443000000,923
workspaceModel.mutableEntityStorage.add.diff.ms,1787298553437000000,1787298613443000000,41
workspaceModel.moduleBridge.update.option.ms,1787298553437000000,1787298613443000000,0
workspaceModel.mutableEntityStorage.put.entity.ms,1787298553437000000,1787298613443000000,51
jps.library.entities.serializer.save.entities.ms,1787298553437000000,1787298613443000000,0
workspaceModel.load.cache.from.file.ms,1787298553437000000,1787298613443000000,239
jps.global.handle.before.change.events.ms,1787298553437000000,1787298613443000000,0
workspaceModel.mutableEntityStorage.add.entity.ms,1787298553437000000,1787298613443000000,238
jps.global.get.library.ms,1787298553437000000,1787298613443000000,0
jps.global.get.library.by.name.ms,1787298553437000000,1787298613443000000,0
workspaceModel.sync.entities.ms,1787298553437000000,1787298613443000000,0
workspaceModel.mutableEntityStorage.remove.entity.ms,1787298553437000000,1787298613443000000,0
workspaceModel.save.cache.to.file.ms,1787298553437000000,1787298613443000000,197
jps.global.get.libraries.ms,1787298553437000000,1787298613443000000,9
jps.module.iml.entities.serializer.load.entities.ms,1787298553437000000,1787298613443000000,249
workspaceModel.moduleBridge.facet.initialization.ms,1787298553437000000,1787298613443000000,1
jps.facet.change.listener.before.change.events.ms,1787298553437000000,1787298613443000000,0
jps.save.global.entities.ms,1787298553437000000,1787298613443000000,33
jps.library.entities.serializer.load.entities.ms,1787298553437000000,1787298613443000000,132
workspaceModel.mutableEntityStorage.mutable.vfurl.index.ms,1787298553437000000,1787298613443000000,1
workspaceModel.mutableEntityStorage.entities.by.source.ms,1787298553437000000,1787298613443000000,1
jps.app.storage.content.reader.load.component.ms,1787298553437000000,1787298613443000000,0
workspaceModel.moduleManagerBridge.set.unloadedModules.ms,1787298553437000000,1787298613443000000,0
workspaceModel.mutableEntityStorage.has.same.entities.ms,1787298553437000000,1787298613443000000,0
workspaceModel.global.apply.state.to.project.builder.ms,1787298553437000000,1787298613443000000,5
workspaceModel.moduleManagerBridge.new.nonPersistent.module.ms,1787298553437000000,1787298613443000000,0
FilePageCache.maxRegisteredFiles,1787298553437000000,1787298613443000000,621
FilePageCache.disposedBuffers,1787298553437000000,1787298613443000000,0
StreamlinedBlobStorage.recordsAllocated,1787298553437000000,1787298613443000000,0
DirectByteBufferAllocator.misses,1787298553437000000,1787298613443000000,0
FilePageCache.maxCacheSizeInBytes,1787298553437000000,1787298613443000000,290562048
StreamlinedBlobStorage.totalLiveRecordsCapacityBytes,1787298553437000000,1787298613443000000,0
DirectByteBufferAllocator.reclaimed,1787298553437000000,1787298613443000000,0
FilePageCache.pageLoadsAboveSizeThreshold,1787298553437000000,1787298613443000000,0
StreamlinedBlobStorage.recordsRelocated,1787298553437000000,1787298613443000000,0
FilePageCache.capacityInBytes,1787298553437000000,1787298613443000000,524288000
StorageLockContext.competingThreads.max,1787298553437000000,1787298613443000000,0
DirectByteBufferAllocator.hits,1787298553437000000,1787298613443000000,0
FilePageCache.pageFastCacheHits,1787298553437000000,1787298613443000000,4
DirectByteBufferAllocator.totalSizeOfBuffersAllocatedInBytes,1787298553437000000,1787298613443000000,290562048
StorageLockContext.competingThreads.avg,1787298553437000000,1787298613443000000,0.0
DirectByteBufferAllocator.totalSizeOfBuffersCachedInBytes,1787298553437000000,1787298613443000000,0
FilePageCache.totalPageDisposalsUs,1787298553437000000,1787298613443000000,0
StreamlinedBlobStorage.totalLiveRecordsPayloadBytes,1787298553437000000,1787298613443000000,0
FilePageCache.pageLoads,1787298553437000000,1787298613443000000,0
FilePageCache.pageHits,1787298553437000000,1787298613443000000,0
FilePageCache.uncachedFileAccess,1787298553437000000,1787298613443000000,0
StreamlinedBlobStorage.recordsDeleted,1787298553437000000,1787298613443000000,0
DirectByteBufferAllocator.disposed,1787298553437000000,1787298613443000000,0
StorageLockContext.competingThreads.90P,1787298553437000000,1787298613443000000,0
FilePageCache.totalPageLoadsUs,1787298553437000000,1787298613443000000,0
FileNameCache.totalMisses,1787298553437000000,1787298613443000000,0
FileNameCache.queries,1787298553437000000,1787298613443000000,102
FileNameCache.fastMisses,1787298553437000000,1787298613443000000,2
NonBlockingReadAction.finalizedExecutionTimeUs,1787298613443000000,1787298629801000000,2105
AWTEventQueue.dispatchTimeTotalNS,1787298613443000000,1787298629801000000,3113532870
NonBlockingReadAction.failedExecutionsCount,1787298613443000000,1787298629801000000,0
NonBlockingReadAction.finalizedExecutionsCount,1787298613443000000,1787298629801000000,2
NonBlockingReadAction.failedExecutionTimeUs,1787298613443000000,1787298629801000000,0
Indexes.stubs.lookupDurationAvgMs,1787298613443000000,1787298629801000000,0.0
Indexes.entries.lookupDuration90PMs,1787298613443000000,1787298629801000000,0.0
Indexes.entries.lookups,1787298613443000000,1787298629801000000,0.0
Indexes.entries.lookupDurationAvgMs,1787298613443000000,1787298629801000000,0.0
Indexes.allKeys.lookupDurationMaxMs,1787298613443000000,1787298629801000000,0.0
Indexes.allKeys.lookups,1787298613443000000,1787298629801000000,0.0
Indexes.allKeys.lookupDurationAvgMs,1787298613443000000,1787298629801000000,0.0
Indexes.stubs.lookupDuration90PMs,1787298613443000000,1787298629801000000,0.0
Indexes.stubs.lookups,1787298613443000000,1787298629801000000,0.0
Indexes.allKeys.lookupDuration90PMs,1787298613443000000,1787298629801000000,0.0
Indexes.entries.lookupDurationMaxMs,1787298613443000000,1787298629801000000,0.0
Indexes.stubs.lookupDurationMaxMs,1787298613443000000,1787298629801000000,0.0
workspaceModel.init.bridges.ms,1787298613443000000,1787298629801000000,2
workspaceModel.to.snapshot.ms,1787298613443000000,1787298629801000000,8
workspaceModel.replace.project.model.ms,1787298613443000000,1787298629801000000,0
workspaceModel.update.unloaded.entities.ms,1787298613443000000,1787298629801000000,0
workspaceModel.loading.total.ms,1787298613443000000,1787298629801000000,277
workspaceModel.updates.precise.ms,1787298613443000000,1787298629801000000,44
workspaceModel.check.recursive.update.ms,1787298613443000000,1787298629801000000,3
workspaceModel.updates.ms,1787298613443000000,1787298629801000000,120
workspaceModel.loading.from.cache.ms,1787298613443000000,1787298629801000000,241
workspaceModel.pre.handlers.ms,1787298613443000000,1787298629801000000,1
workspaceModel.initializing.ms,1787298613443000000,1787298629801000000,2
workspaceModel.collect.changes.ms,1787298613443000000,1787298629801000000,0
workspaceModel.updates.count,1787298613443000000,1787298629801000000,5
jps.project.serializers.load.ms,1787298613443000000,1787298629801000000,211
jps.artifact.entities.serializer.load.entities.ms,1787298613443000000,1787298629801000000,0
workspaceModel.orphan.listener.update.ms,1787298613443000000,1787298629801000000,7
workspaceModel.delayed.project.synchronizer.sync.ms,1787298613443000000,1787298629801000000,1324
jps.global.initialize.library.bridges.ms,1787298613443000000,1787298629801000000,0
jps.project.serializers.save.ms,1787298613443000000,1787298629801000000,3
jps.artifact.entities.serializer.save.entities.ms,1787298613443000000,1787298629801000000,0
jps.app.storage.content.writer.save.component.ms,1787298613443000000,1787298629801000000,0
jps.load.initial.state.ms,1787298613443000000,1787298629801000000,13
workspaceModel.global.apply.state.to.project.ms,1787298613443000000,1787298629801000000,51
jps.module.iml.entities.serializer.save.entities.ms,1787298613443000000,1787298629801000000,0
jps.facet.change.listener.process.change.events.ms,1787298613443000000,1787298629801000000,1
workspaceModel.mutableEntityStorage.replace.by.source.ms,1787298613443000000,1787298629801000000,28
workspaceModel.moduleManagerBridge.load.all.modules.ms,1787298613443000000,1787298629801000000,130
workspaceModel.mutableEntityStorage.mutable.ext.mapping.ms,1787298613443000000,1787298629801000000,0
jps.load.project.to.empty.storage.ms,1787298613443000000,1787298629801000000,382
workspaceModel.mutableEntityStorage.resolve.ms,1787298613443000000,1787298629801000000,0
workspaceModel.moduleManagerBridge.load.module.ms,1787298613443000000,1787298629801000000,0
workspaceModel.moduleManagerBridge.create.module.instance.ms,1787298613443000000,1787298629801000000,0
workspaceModel.mutableEntityStorage.entities.ms,1787298613443000000,1787298629801000000,0
jps.facet.change.listener.init.bridge.ms,1787298613443000000,1787298629801000000,0
jps.global.handle.changed.events.ms,1787298613443000000,1787298629801000000,0
workspaceModel.moduleManagerBridge.newModule.ms,1787298613443000000,1787298629801000000,0
workspaceModel.global.updates.count,1787298613443000000,1787298629801000000,0
workspaceModel.moduleBridgeLoader.loading.modules.ms,1787298613443000000,1787298629801000000,959
jps.global.initialize.library.bridges.after.loading.ms,1787298613443000000,1787298629801000000,0
workspaceModel.moduleManagerBridge.build.module.graph.ms,1787298613443000000,1787298629801000000,3
workspaceModel.mutableEntityStorage.collect.changes.ms,1787298613443000000,1787298629801000000,0
jps.storage.jps.conf.reader.load.component.ms,1787298613443000000,1787298629801000000,241
workspaceModel.global.updates.ms,1787298613443000000,1787298629801000000,0
jps.reload.project.entities.ms,1787298613443000000,1787298629801000000,0
jps.save.changed.project.entities.ms,1787298613443000000,1787298629801000000,4
workspaceModel.moduleManagerBridge.get.modules.ms,1787298613443000000,1787298629801000000,11
workspaceModel.mutableEntityStorage.to.snapshot.ms,1787298613443000000,1787298629801000000,9
workspaceModel.mutableEntityStorage.modify.entity.ms,1787298613443000000,1787298629801000000,14
workspaceModel.mutableEntityStorage.referrers.ms,1787298613443000000,1787298629801000000,0
workspaceModel.moduleBridge.before.changed.ms,1787298613443000000,1787298629801000000,0
jps.apply.loaded.storage.ms,1787298613443000000,1787298629801000000,923
workspaceModel.mutableEntityStorage.add.diff.ms,1787298613443000000,1787298629801000000,41
workspaceModel.moduleBridge.update.option.ms,1787298613443000000,1787298629801000000,0
workspaceModel.mutableEntityStorage.put.entity.ms,1787298613443000000,1787298629801000000,51
jps.library.entities.serializer.save.entities.ms,1787298613443000000,1787298629801000000,0
workspaceModel.load.cache.from.file.ms,1787298613443000000,1787298629801000000,239
jps.global.handle.before.change.events.ms,1787298613443000000,1787298629801000000,0
workspaceModel.mutableEntityStorage.add.entity.ms,1787298613443000000,1787298629801000000,238
jps.global.get.library.ms,1787298613443000000,1787298629801000000,0
jps.global.get.library.by.name.ms,1787298613443000000,1787298629801000000,0
workspaceModel.sync.entities.ms,1787298613443000000,1787298629801000000,0
workspaceModel.mutableEntityStorage.remove.entity.ms,1787298613443000000,1787298629801000000,0
workspaceModel.save.cache.to.file.ms,1787298613443000000,1787298629801000000,197
jps.global.get.libraries.ms,1787298613443000000,1787298629801000000,10
jps.module.iml.entities.serializer.load.entities.ms,1787298613443000000,1787298629801000000,249
workspaceModel.moduleBridge.facet.initialization.ms,1787298613443000000,1787298629801000000,1
jps.facet.change.listener.before.change.events.ms,1787298613443000000,1787298629801000000,0
jps.save.global.entities.ms,1787298613443000000,1787298629801000000,35
jps.library.entities.serializer.load.entities.ms,1787298613443000000,1787298629801000000,132
workspaceModel.mutableEntityStorage.mutable.vfurl.index.ms,1787298613443000000,1787298629801000000,1
workspaceModel.mutableEntityStorage.entities.by.source.ms,1787298613443000000,1787298629801000000,1
jps.app.storage.content.reader.load.component.ms,1787298613443000000,1787298629801000000,0
workspaceModel.moduleManagerBridge.set.unloadedModules.ms,1787298613443000000,1787298629801000000,0
workspaceModel.mutableEntityStorage.has.same.entities.ms,1787298613443000000,1787298629801000000,0
workspaceModel.global.apply.state.to.project.builder.ms,1787298613443000000,1787298629801000000,5
workspaceModel.moduleManagerBridge.new.nonPersistent.module.ms,1787298613443000000,1787298629801000000,0
FilePageCache.maxRegisteredFiles,1787298613443000000,1787298629801000000,621
FilePageCache.disposedBuffers,1787298613443000000,1787298629801000000,281
DirectByteBufferAllocator.misses,1787298613443000000,1787298629801000000,0
FilePageCache.maxCacheSizeInBytes,1787298613443000000,1787298629801000000,290562048
DirectByteBufferAllocator.reclaimed,1787298613443000000,1787298629801000000,54
FilePageCache.pageLoadsAboveSizeThreshold,1787298613443000000,1787298629801000000,0
FilePageCache.capacityInBytes,1787298613443000000,1787298629801000000,524288000
StorageLockContext.competingThreads.max,1787298613443000000,1787298629801000000,0
DirectByteBufferAllocator.hits,1787298613443000000,1787298629801000000,0
FilePageCache.pageFastCacheHits,1787298613443000000,1787298629801000000,15
DirectByteBufferAllocator.totalSizeOfBuffersAllocatedInBytes,1787298613443000000,1787298629801000000,52535296
StorageLockContext.competingThreads.avg,1787298613443000000,1787298629801000000,0.0
DirectByteBufferAllocator.totalSizeOfBuffersCachedInBytes,1787298613443000000,1787298629801000000,52535296
FilePageCache.totalPageDisposalsUs,1787298613443000000,1787298629801000000,0
FilePageCache.pageLoads,1787298613443000000,1787298629801000000,0
FilePageCache.pageHits,1787298613443000000,1787298629801000000,0
FilePageCache.uncachedFileAccess,1787298613443000000,1787298629801000000,0
DirectByteBufferAllocator.disposed,1787298613443000000,1787298629801000000,227
StorageLockContext.competingThreads.90P,1787298613443000000,1787298629801000000,0
FilePageCache.totalPageLoadsUs,1787298613443000000,1787298629801000000,0
FileNameCache.totalMisses,1787298613443000000,1787298629801000000,0
FileNameCache.queries,1787298613443000000,1787298629801000000,977
FileNameCache.fastMisses,1787298613443000000,1787298629801000000,3
