# OpenTelemetry Metrics report: .csv, 4 fields: 
# <metric name>, <period start, nanoseconds>, <period end, nanoseconds>, <metric value>
# See CsvMetricsExporter for details.
# 
# NAME, PERIOD_START_NANOS, PERIOD_END_NANOS, VALUE
workspaceModel.initializing.ms,1787734320002000000,1787734380031000000,3
workspaceModel.updates.precise.ms,1787734320002000000,1787734380031000000,289
workspaceModel.update.unloaded.entities.ms,1787734320002000000,1787734380031000000,0
workspaceModel.loading.from.cache.ms,1787734320002000000,1787734380031000000,302
workspaceModel.check.recursive.update.ms,1787734320002000000,1787734380031000000,2
workspaceModel.pre.handlers.ms,1787734320002000000,1787734380031000000,0
workspaceModel.replace.project.model.ms,1787734320002000000,1787734380031000000,0
workspaceModel.updates.count,1787734320002000000,1787734380031000000,5
workspaceModel.updates.ms,1787734320002000000,1787734380031000000,396
workspaceModel.collect.changes.ms,1787734320002000000,1787734380031000000,0
workspaceModel.to.snapshot.ms,1787734320002000000,1787734380031000000,11
workspaceModel.init.bridges.ms,1787734320002000000,1787734380031000000,3
workspaceModel.loading.total.ms,1787734320002000000,1787734380031000000,318
FileNameCache.queries,1787734320002000000,1787734380031000000,333427
FileNameCache.fastMisses,1787734320002000000,1787734380031000000,19349
FileNameCache.totalMisses,1787734320002000000,1787734380031000000,7634
JVM.maxHeapBytes,1787734320002000000,1787734380031000000,2147483648
JVM.threadCount,1787734320002000000,1787734380031000000,138
JVM.maxNativeBytes,1787734320002000000,1787734380031000000,-1
JVM.totalCpuTimeMs,1787734320002000000,1787734380031000000,111353
JVM.GC.collectionTimesMs,1787734320002000000,1787734380031000000,414
JVM.GC.collections,1787734320002000000,1787734380031000000,32
OS.loadAverage,1787734320002000000,1787734380031000000,6.63427734375
JVM.usedNativeBytes,1787734320002000000,1787734380031000000,359412568
JVM.usedHeapBytes,1787734320002000000,1787734380031000000,283376536
FilePageCache.totalPageLoadsUs,1787734320002000000,1787734380031000000,543355
StreamlinedBlobStorage.totalLiveRecordsCapacityBytes,1787734320002000000,1787734380031000000,802660
DirectByteBufferAllocator.totalSizeOfBuffersAllocatedInBytes,1787734320002000000,1787734380031000000,291569664
StorageLockContext.competingThreads.90P,1787734320002000000,1787734380031000000,0
DirectByteBufferAllocator.disposed,1787734320002000000,1787734380031000000,0
FilePageCache.maxCacheSizeInBytes,1787734320002000000,1787734380031000000,291569664
StorageLockContext.competingThreads.avg,1787734320002000000,1787734380031000000,0.07079646017699115
DirectByteBufferAllocator.reclaimed,1787734320002000000,1787734380031000000,3
DirectByteBufferAllocator.hits,1787734320002000000,1787734380031000000,3
FilePageCache.pageFastCacheHits,1787734320002000000,1787734380031000000,34257
FilePageCache.pageLoads,1787734320002000000,1787734380031000000,280
StreamlinedBlobStorage.totalLiveRecordsPayloadBytes,1787734320002000000,1787734380031000000,325465
StreamlinedBlobStorage.recordsAllocated,1787734320002000000,1787734380031000000,11136
FilePageCache.pageLoadsAboveSizeThreshold,1787734320002000000,1787734380031000000,0
DirectByteBufferAllocator.misses,1787734320002000000,1787734380031000000,277
FilePageCache.disposedBuffers,1787734320002000000,1787734380031000000,3
FilePageCache.pageHits,1787734320002000000,1787734380031000000,3
StorageLockContext.competingThreads.max,1787734320002000000,1787734380031000000,8
DirectByteBufferAllocator.totalSizeOfBuffersCachedInBytes,1787734320002000000,1787734380031000000,0
FilePageCache.capacityInBytes,1787734320002000000,1787734380031000000,524288000
StreamlinedBlobStorage.recordsDeleted,1787734320002000000,1787734380031000000,32
StreamlinedBlobStorage.recordsRelocated,1787734320002000000,1787734380031000000,0
FilePageCache.uncachedFileAccess,1787734320002000000,1787734380031000000,135
FilePageCache.maxRegisteredFiles,1787734320002000000,1787734380031000000,617
FilePageCache.totalPageDisposalsUs,1787734320002000000,1787734380031000000,21259
Indexes.allKeys.lookupDurationAvgMs,1787734320002000000,1787734380031000000,0.0
VFSFlusher.totalContentionQuotaSpent,1787734320002000000,1787734380031000000,0
Indexes.entries.lookups,1787734320002000000,1787734380031000000,52.0
IndexesFlusher.totalFlushesRetried,1787734320002000000,1787734380031000000,2
IndexesFlusher.totalContentionQuotaSpent,1787734320002000000,1787734380031000000,20
VFSFlusher.totalFlushes,1787734320002000000,1787734380031000000,4
Indexes.stubs.lookupDuration90PMs,1787734320002000000,1787734380031000000,7.0
Indexes.allKeys.lookupDuration90PMs,1787734320002000000,1787734380031000000,0.0
Indexes.entries.lookupDurationAvgMs,1787734320002000000,1787734380031000000,2.8076923076923075
Indexes.stubs.lookupDurationMaxMs,1787734320002000000,1787734380031000000,30.0
Indexes.stubs.lookups,1787734320002000000,1787734380031000000,40.0
Indexes.entries.lookupDurationMaxMs,1787734320002000000,1787734380031000000,25.0
IndexesFlusher.totalFlushes,1787734320002000000,1787734380031000000,60
Indexes.allKeys.lookups,1787734320002000000,1787734380031000000,0.0
IndexesFlusher.totalFlushingTimeUs,1787734320002000000,1787734380031000000,1473512
VFSFlusher.totalFlushingTimeUs,1787734320002000000,1787734380031000000,46434
Indexes.stubs.lookupDurationAvgMs,1787734320002000000,1787734380031000000,2.7
VFSFlusher.totalFlushesRetried,1787734320002000000,1787734380031000000,0
Indexes.allKeys.lookupDurationMaxMs,1787734320002000000,1787734380031000000,0.0
Indexes.entries.lookupDuration90PMs,1787734320002000000,1787734380031000000,12.0
jps.facet.change.listener.process.change.events.ms,1787734320002000000,1787734380031000000,0
workspaceModel.mutableEntityStorage.to.snapshot.ms,1787734320002000000,1787734380031000000,13
workspaceModel.mutableEntityStorage.remove.entity.ms,1787734320002000000,1787734380031000000,0
jps.library.entities.serializer.load.entities.ms,1787734320002000000,1787734380031000000,282
workspaceModel.moduleManagerBridge.load.all.modules.ms,1787734320002000000,1787734380031000000,133
jps.global.get.library.ms,1787734320002000000,1787734380031000000,0
jps.save.changed.project.entities.ms,1787734320002000000,1787734380031000000,0
workspaceModel.mutableEntityStorage.add.entity.ms,1787734320002000000,1787734380031000000,295
jps.library.entities.serializer.save.entities.ms,1787734320002000000,1787734380031000000,0
workspaceModel.global.updates.count,1787734320002000000,1787734380031000000,0
workspaceModel.moduleManagerBridge.build.module.graph.ms,1787734320002000000,1787734380031000000,1
workspaceModel.moduleBridge.before.changed.ms,1787734320002000000,1787734380031000000,0
jps.module.iml.entities.serializer.load.entities.ms,1787734320002000000,1787734380031000000,397
workspaceModel.sync.entities.ms,1787734320002000000,1787734380031000000,0
workspaceModel.moduleManagerBridge.get.modules.ms,1787734320002000000,1787734380031000000,4
jps.artifact.entities.serializer.load.entities.ms,1787734320002000000,1787734380031000000,0
jps.global.handle.before.change.events.ms,1787734320002000000,1787734380031000000,0
workspaceModel.mutableEntityStorage.entities.by.source.ms,1787734320002000000,1787734380031000000,17
workspaceModel.moduleBridge.update.option.ms,1787734320002000000,1787734380031000000,0
workspaceModel.global.updates.ms,1787734320002000000,1787734380031000000,0
workspaceModel.mutableEntityStorage.mutable.vfurl.index.ms,1787734320002000000,1787734380031000000,0
workspaceModel.mutableEntityStorage.resolve.ms,1787734320002000000,1787734380031000000,0
jps.apply.loaded.storage.ms,1787734320002000000,1787734380031000000,772
jps.facet.change.listener.before.change.events.ms,1787734320002000000,1787734380031000000,0
jps.load.project.to.empty.storage.ms,1787734320002000000,1787734380031000000,835
jps.global.get.libraries.ms,1787734320002000000,1787734380031000000,4
workspaceModel.delayed.project.synchronizer.sync.ms,1787734320002000000,1787734380031000000,1669
jps.reload.project.entities.ms,1787734320002000000,1787734380031000000,0
workspaceModel.global.apply.state.to.project.builder.ms,1787734320002000000,1787734380031000000,3
workspaceModel.global.apply.state.to.project.ms,1787734320002000000,1787734380031000000,48
workspaceModel.moduleManagerBridge.load.module.ms,1787734320002000000,1787734380031000000,0
workspaceModel.mutableEntityStorage.has.same.entities.ms,1787734320002000000,1787734380031000000,0
workspaceModel.mutableEntityStorage.collect.changes.ms,1787734320002000000,1787734380031000000,0
jps.project.serializers.save.ms,1787734320002000000,1787734380031000000,0
workspaceModel.mutableEntityStorage.referrers.ms,1787734320002000000,1787734380031000000,0
workspaceModel.moduleManagerBridge.create.module.instance.ms,1787734320002000000,1787734380031000000,0
workspaceModel.mutableEntityStorage.put.entity.ms,1787734320002000000,1787734380031000000,95
workspaceModel.mutableEntityStorage.entities.ms,1787734320002000000,1787734380031000000,1
workspaceModel.load.cache.from.file.ms,1787734320002000000,1787734380031000000,300
jps.load.initial.state.ms,1787734320002000000,1787734380031000000,9
workspaceModel.mutableEntityStorage.modify.entity.ms,1787734320002000000,1787734380031000000,140
workspaceModel.moduleBridgeLoader.loading.modules.ms,1787734320002000000,1787734380031000000,862
jps.save.global.entities.ms,1787734320002000000,1787734380031000000,0
workspaceModel.moduleBridge.facet.initialization.ms,1787734320002000000,1787734380031000000,0
workspaceModel.orphan.listener.update.ms,1787734320002000000,1787734380031000000,19
jps.global.handle.changed.events.ms,1787734320002000000,1787734380031000000,0
jps.project.serializers.load.ms,1787734320002000000,1787734380031000000,736
jps.global.initialize.library.bridges.after.loading.ms,1787734320002000000,1787734380031000000,0
jps.storage.jps.conf.reader.load.component.ms,1787734320002000000,1787734380031000000,284
workspaceModel.moduleManagerBridge.newModule.ms,1787734320002000000,1787734380031000000,0
workspaceModel.mutableEntityStorage.add.diff.ms,1787734320002000000,1787734380031000000,210
workspaceModel.moduleManagerBridge.set.unloadedModules.ms,1787734320002000000,1787734380031000000,0
workspaceModel.moduleManagerBridge.new.nonPersistent.module.ms,1787734320002000000,1787734380031000000,0
jps.app.storage.content.reader.load.component.ms,1787734320002000000,1787734380031000000,0
jps.global.get.library.by.name.ms,1787734320002000000,1787734380031000000,0
jps.global.initialize.library.bridges.ms,1787734320002000000,1787734380031000000,0
workspaceModel.mutableEntityStorage.mutable.ext.mapping.ms,1787734320002000000,1787734380031000000,1
workspaceModel.mutableEntityStorage.replace.by.source.ms,1787734320002000000,1787734380031000000,270
jps.module.iml.entities.serializer.save.entities.ms,1787734320002000000,1787734380031000000,0
jps.facet.change.listener.init.bridge.ms,1787734320002000000,1787734380031000000,0
workspaceModel.save.cache.to.file.ms,1787734320002000000,1787734380031000000,575
jps.artifact.entities.serializer.save.entities.ms,1787734320002000000,1787734380031000000,0
AWTEventQueue.eventsDispatched,1787734320002000000,1787734380031000000,7432
NonBlockingReadAction.failedExecutionsCount,1787734320002000000,1787734380031000000,1
FlushQueue.waitingTimeAvgNs,1787734320002000000,1787734380031000000,6.553380865267665E8
AWTEventQueue.dispatchTime90PNs,1787734320002000000,1787734380031000000,6422527
FlushQueue.queueSize90P,1787734320002000000,1787734380031000000,78
NonBlockingReadAction.finalizedExecutionsCount,1787734320002000000,1787734380031000000,52
FlushQueue.queueSizeMax,1787734320002000000,1787734380031000000,120
NonBlockingReadAction.finalizedExecutionTimeUs,1787734320002000000,1787734380031000000,2682236
NonBlockingReadAction.failedExecutionTimeUs,1787734320002000000,1787734380031000000,665
AWTEventQueue.dispatchTimeTotalNS,1787734320002000000,1787734380031000000,36231540711
AWTEventQueue.dispatchTimeMaxNs,1787734320002000000,1787734380031000000,2281701375
FlushQueue.executionTime90PNs,1787734320002000000,1787734380031000000,6979583
FlushQueue.waitingTimeMaxNs,1787734320002000000,1787734380031000000,5838471167
FlushQueue.executionTimeAvgNs,1787734320002000000,1787734380031000000,8057462.281584582
AWTEventQueue.dispatchTimeAvgNs,1787734320002000000,1787734380031000000,4875399.623250808
FlushQueue.queueSizeAvg,1787734320002000000,1787734380031000000,30.36134903640257
FlushQueue.executionTimeMaxNs,1787734320002000000,1787734380031000000,2264924159
FlushQueue.tasksExecuted,1787734320002000000,1787734380031000000,1868
FlushQueue.waitingTime90PNs,1787734320002000000,1787734380031000000,2466250751
workspaceModel.initializing.ms,1787734380031000000,1787734440028000000,3
workspaceModel.updates.precise.ms,1787734380031000000,1787734440028000000,289
workspaceModel.update.unloaded.entities.ms,1787734380031000000,1787734440028000000,0
workspaceModel.loading.from.cache.ms,1787734380031000000,1787734440028000000,302
workspaceModel.check.recursive.update.ms,1787734380031000000,1787734440028000000,2
workspaceModel.pre.handlers.ms,1787734380031000000,1787734440028000000,0
workspaceModel.replace.project.model.ms,1787734380031000000,1787734440028000000,0
workspaceModel.updates.count,1787734380031000000,1787734440028000000,5
workspaceModel.updates.ms,1787734380031000000,1787734440028000000,396
workspaceModel.collect.changes.ms,1787734380031000000,1787734440028000000,0
workspaceModel.to.snapshot.ms,1787734380031000000,1787734440028000000,11
workspaceModel.init.bridges.ms,1787734380031000000,1787734440028000000,3
workspaceModel.loading.total.ms,1787734380031000000,1787734440028000000,318
FileNameCache.queries,1787734380031000000,1787734440028000000,7306
FileNameCache.fastMisses,1787734380031000000,1787734440028000000,27
FileNameCache.totalMisses,1787734380031000000,1787734440028000000,0
JVM.maxHeapBytes,1787734380031000000,1787734440028000000,2147483648
JVM.threadCount,1787734380031000000,1787734440028000000,71
JVM.maxNativeBytes,1787734380031000000,1787734440028000000,-1
JVM.totalCpuTimeMs,1787734380031000000,1787734440028000000,37040
JVM.GC.collectionTimesMs,1787734380031000000,1787734440028000000,97
JVM.GC.collections,1787734380031000000,1787734440028000000,7
OS.loadAverage,1787734380031000000,1787734440028000000,5.15234375
JVM.usedNativeBytes,1787734380031000000,1787734440028000000,375128344
JVM.usedHeapBytes,1787734380031000000,1787734440028000000,237129224
FilePageCache.totalPageLoadsUs,1787734380031000000,1787734440028000000,0
StreamlinedBlobStorage.totalLiveRecordsCapacityBytes,1787734380031000000,1787734440028000000,0
DirectByteBufferAllocator.totalSizeOfBuffersAllocatedInBytes,1787734380031000000,1787734440028000000,291569664
StorageLockContext.competingThreads.90P,1787734380031000000,1787734440028000000,0
DirectByteBufferAllocator.disposed,1787734380031000000,1787734440028000000,0
FilePageCache.maxCacheSizeInBytes,1787734380031000000,1787734440028000000,291569664
StorageLockContext.competingThreads.avg,1787734380031000000,1787734440028000000,0.0
DirectByteBufferAllocator.reclaimed,1787734380031000000,1787734440028000000,0
DirectByteBufferAllocator.hits,1787734380031000000,1787734440028000000,0
FilePageCache.pageFastCacheHits,1787734380031000000,1787734440028000000,10
FilePageCache.pageLoads,1787734380031000000,1787734440028000000,0
StreamlinedBlobStorage.totalLiveRecordsPayloadBytes,1787734380031000000,1787734440028000000,0
StreamlinedBlobStorage.recordsAllocated,1787734380031000000,1787734440028000000,0
FilePageCache.pageLoadsAboveSizeThreshold,1787734380031000000,1787734440028000000,0
DirectByteBufferAllocator.misses,1787734380031000000,1787734440028000000,0
FilePageCache.disposedBuffers,1787734380031000000,1787734440028000000,0
FilePageCache.pageHits,1787734380031000000,1787734440028000000,2
StorageLockContext.competingThreads.max,1787734380031000000,1787734440028000000,0
DirectByteBufferAllocator.totalSizeOfBuffersCachedInBytes,1787734380031000000,1787734440028000000,0
FilePageCache.capacityInBytes,1787734380031000000,1787734440028000000,524288000
StreamlinedBlobStorage.recordsDeleted,1787734380031000000,1787734440028000000,0
StreamlinedBlobStorage.recordsRelocated,1787734380031000000,1787734440028000000,0
FilePageCache.uncachedFileAccess,1787734380031000000,1787734440028000000,0
FilePageCache.maxRegisteredFiles,1787734380031000000,1787734440028000000,617
FilePageCache.totalPageDisposalsUs,1787734380031000000,1787734440028000000,0
Indexes.allKeys.lookupDurationAvgMs,1787734380031000000,1787734440028000000,0.0
VFSFlusher.totalContentionQuotaSpent,1787734380031000000,1787734440028000000,0
Indexes.entries.lookups,1787734380031000000,1787734440028000000,44.0
IndexesFlusher.totalFlushesRetried,1787734380031000000,1787734440028000000,0
IndexesFlusher.totalContentionQuotaSpent,1787734380031000000,1787734440028000000,0
VFSFlusher.totalFlushes,1787734380031000000,1787734440028000000,0
Indexes.stubs.lookupDuration90PMs,1787734380031000000,1787734440028000000,1.0
Indexes.allKeys.lookupDuration90PMs,1787734380031000000,1787734440028000000,0.0
Indexes.entries.lookupDurationAvgMs,1787734380031000000,1787734440028000000,1.4545454545454546
Indexes.stubs.lookupDurationMaxMs,1787734380031000000,1787734440028000000,1.0
Indexes.stubs.lookups,1787734380031000000,1787734440028000000,4.0
Indexes.entries.lookupDurationMaxMs,1787734380031000000,1787734440028000000,27.0
IndexesFlusher.totalFlushes,1787734380031000000,1787734440028000000,58
Indexes.allKeys.lookups,1787734380031000000,1787734440028000000,0.0
IndexesFlusher.totalFlushingTimeUs,1787734380031000000,1787734440028000000,695857
VFSFlusher.totalFlushingTimeUs,1787734380031000000,1787734440028000000,0
Indexes.stubs.lookupDurationAvgMs,1787734380031000000,1787734440028000000,0.25
VFSFlusher.totalFlushesRetried,1787734380031000000,1787734440028000000,0
Indexes.allKeys.lookupDurationMaxMs,1787734380031000000,1787734440028000000,0.0
Indexes.entries.lookupDuration90PMs,1787734380031000000,1787734440028000000,2.0
jps.facet.change.listener.process.change.events.ms,1787734380031000000,1787734440028000000,0
workspaceModel.mutableEntityStorage.to.snapshot.ms,1787734380031000000,1787734440028000000,13
workspaceModel.mutableEntityStorage.remove.entity.ms,1787734380031000000,1787734440028000000,0
jps.library.entities.serializer.load.entities.ms,1787734380031000000,1787734440028000000,282
workspaceModel.moduleManagerBridge.load.all.modules.ms,1787734380031000000,1787734440028000000,133
jps.global.get.library.ms,1787734380031000000,1787734440028000000,0
jps.save.changed.project.entities.ms,1787734380031000000,1787734440028000000,0
workspaceModel.mutableEntityStorage.add.entity.ms,1787734380031000000,1787734440028000000,295
jps.library.entities.serializer.save.entities.ms,1787734380031000000,1787734440028000000,0
workspaceModel.global.updates.count,1787734380031000000,1787734440028000000,0
workspaceModel.moduleManagerBridge.build.module.graph.ms,1787734380031000000,1787734440028000000,1
workspaceModel.moduleBridge.before.changed.ms,1787734380031000000,1787734440028000000,0
jps.module.iml.entities.serializer.load.entities.ms,1787734380031000000,1787734440028000000,397
workspaceModel.sync.entities.ms,1787734380031000000,1787734440028000000,0
workspaceModel.moduleManagerBridge.get.modules.ms,1787734380031000000,1787734440028000000,4
jps.artifact.entities.serializer.load.entities.ms,1787734380031000000,1787734440028000000,0
jps.global.handle.before.change.events.ms,1787734380031000000,1787734440028000000,0
workspaceModel.mutableEntityStorage.entities.by.source.ms,1787734380031000000,1787734440028000000,17
workspaceModel.moduleBridge.update.option.ms,1787734380031000000,1787734440028000000,0
workspaceModel.global.updates.ms,1787734380031000000,1787734440028000000,0
workspaceModel.mutableEntityStorage.mutable.vfurl.index.ms,1787734380031000000,1787734440028000000,0
workspaceModel.mutableEntityStorage.resolve.ms,1787734380031000000,1787734440028000000,0
jps.apply.loaded.storage.ms,1787734380031000000,1787734440028000000,772
jps.facet.change.listener.before.change.events.ms,1787734380031000000,1787734440028000000,0
jps.load.project.to.empty.storage.ms,1787734380031000000,1787734440028000000,835
jps.global.get.libraries.ms,1787734380031000000,1787734440028000000,4
workspaceModel.delayed.project.synchronizer.sync.ms,1787734380031000000,1787734440028000000,1669
jps.reload.project.entities.ms,1787734380031000000,1787734440028000000,0
workspaceModel.global.apply.state.to.project.builder.ms,1787734380031000000,1787734440028000000,3
workspaceModel.global.apply.state.to.project.ms,1787734380031000000,1787734440028000000,48
workspaceModel.moduleManagerBridge.load.module.ms,1787734380031000000,1787734440028000000,0
workspaceModel.mutableEntityStorage.has.same.entities.ms,1787734380031000000,1787734440028000000,0
workspaceModel.mutableEntityStorage.collect.changes.ms,1787734380031000000,1787734440028000000,0
jps.project.serializers.save.ms,1787734380031000000,1787734440028000000,0
workspaceModel.mutableEntityStorage.referrers.ms,1787734380031000000,1787734440028000000,0
workspaceModel.moduleManagerBridge.create.module.instance.ms,1787734380031000000,1787734440028000000,0
workspaceModel.mutableEntityStorage.put.entity.ms,1787734380031000000,1787734440028000000,95
workspaceModel.mutableEntityStorage.entities.ms,1787734380031000000,1787734440028000000,1
workspaceModel.load.cache.from.file.ms,1787734380031000000,1787734440028000000,300
jps.load.initial.state.ms,1787734380031000000,1787734440028000000,9
workspaceModel.mutableEntityStorage.modify.entity.ms,1787734380031000000,1787734440028000000,140
workspaceModel.moduleBridgeLoader.loading.modules.ms,1787734380031000000,1787734440028000000,862
jps.save.global.entities.ms,1787734380031000000,1787734440028000000,0
workspaceModel.moduleBridge.facet.initialization.ms,1787734380031000000,1787734440028000000,0
workspaceModel.orphan.listener.update.ms,1787734380031000000,1787734440028000000,19
jps.global.handle.changed.events.ms,1787734380031000000,1787734440028000000,0
jps.project.serializers.load.ms,1787734380031000000,1787734440028000000,736
jps.global.initialize.library.bridges.after.loading.ms,1787734380031000000,1787734440028000000,0
jps.storage.jps.conf.reader.load.component.ms,1787734380031000000,1787734440028000000,284
workspaceModel.moduleManagerBridge.newModule.ms,1787734380031000000,1787734440028000000,0
workspaceModel.mutableEntityStorage.add.diff.ms,1787734380031000000,1787734440028000000,210
workspaceModel.moduleManagerBridge.set.unloadedModules.ms,1787734380031000000,1787734440028000000,0
workspaceModel.moduleManagerBridge.new.nonPersistent.module.ms,1787734380031000000,1787734440028000000,0
jps.app.storage.content.reader.load.component.ms,1787734380031000000,1787734440028000000,0
jps.global.get.library.by.name.ms,1787734380031000000,1787734440028000000,0
jps.global.initialize.library.bridges.ms,1787734380031000000,1787734440028000000,0
workspaceModel.mutableEntityStorage.mutable.ext.mapping.ms,1787734380031000000,1787734440028000000,1
workspaceModel.mutableEntityStorage.replace.by.source.ms,1787734380031000000,1787734440028000000,270
jps.module.iml.entities.serializer.save.entities.ms,1787734380031000000,1787734440028000000,0
jps.facet.change.listener.init.bridge.ms,1787734380031000000,1787734440028000000,0
workspaceModel.save.cache.to.file.ms,1787734380031000000,1787734440028000000,575
jps.artifact.entities.serializer.save.entities.ms,1787734380031000000,1787734440028000000,0
AWTEventQueue.eventsDispatched,1787734380031000000,1787734440028000000,14019
NonBlockingReadAction.failedExecutionsCount,1787734380031000000,1787734440028000000,2
FlushQueue.waitingTimeAvgNs,1787734380031000000,1787734440028000000,3.581168104156064E7
AWTEventQueue.dispatchTime90PNs,1787734380031000000,1787734440028000000,2031615
FlushQueue.queueSize90P,1787734380031000000,1787734440028000000,15
NonBlockingReadAction.finalizedExecutionsCount,1787734380031000000,1787734440028000000,63
FlushQueue.queueSizeMax,1787734380031000000,1787734440028000000,56
NonBlockingReadAction.finalizedExecutionTimeUs,1787734380031000000,1787734440028000000,274770
NonBlockingReadAction.failedExecutionTimeUs,1787734380031000000,1787734440028000000,19418
AWTEventQueue.dispatchTimeTotalNS,1787734380031000000,1787734440028000000,12891942797
AWTEventQueue.dispatchTimeMaxNs,1787734380031000000,1787734440028000000,314572799
FlushQueue.executionTime90PNs,1787734380031000000,1787734440028000000,1679359
FlushQueue.waitingTimeMaxNs,1787734380031000000,1787734440028000000,545259519
FlushQueue.executionTimeAvgNs,1787734380031000000,1787734440028000000,1136747.566581849
AWTEventQueue.dispatchTimeAvgNs,1787734380031000000,1787734440028000000,918412.8499893002
FlushQueue.queueSizeAvg,1787734380031000000,1787734440028000000,4.838846480067854
FlushQueue.executionTimeMaxNs,1787734380031000000,1787734440028000000,156237823
FlushQueue.tasksExecuted,1787734380031000000,1787734440028000000,1179
FlushQueue.waitingTime90PNs,1787734380031000000,1787734440028000000,100139007
workspaceModel.initializing.ms,1787734440028000000,1787734500033000000,3
workspaceModel.updates.precise.ms,1787734440028000000,1787734500033000000,289
workspaceModel.update.unloaded.entities.ms,1787734440028000000,1787734500033000000,0
workspaceModel.loading.from.cache.ms,1787734440028000000,1787734500033000000,302
workspaceModel.check.recursive.update.ms,1787734440028000000,1787734500033000000,2
workspaceModel.pre.handlers.ms,1787734440028000000,1787734500033000000,0
workspaceModel.replace.project.model.ms,1787734440028000000,1787734500033000000,0
workspaceModel.updates.count,1787734440028000000,1787734500033000000,5
workspaceModel.updates.ms,1787734440028000000,1787734500033000000,396
workspaceModel.collect.changes.ms,1787734440028000000,1787734500033000000,0
workspaceModel.to.snapshot.ms,1787734440028000000,1787734500033000000,11
workspaceModel.init.bridges.ms,1787734440028000000,1787734500033000000,3
workspaceModel.loading.total.ms,1787734440028000000,1787734500033000000,318
FileNameCache.queries,1787734440028000000,1787734500033000000,5639
FileNameCache.fastMisses,1787734440028000000,1787734500033000000,133
FileNameCache.totalMisses,1787734440028000000,1787734500033000000,0
JVM.maxHeapBytes,1787734440028000000,1787734500033000000,2147483648
JVM.threadCount,1787734440028000000,1787734500033000000,67
JVM.maxNativeBytes,1787734440028000000,1787734500033000000,-1
JVM.totalCpuTimeMs,1787734440028000000,1787734500033000000,27029
JVM.GC.collectionTimesMs,1787734440028000000,1787734500033000000,114
JVM.GC.collections,1787734440028000000,1787734500033000000,12
OS.loadAverage,1787734440028000000,1787734500033000000,3.9169921875
JVM.usedNativeBytes,1787734440028000000,1787734500033000000,380211920
JVM.usedHeapBytes,1787734440028000000,1787734500033000000,245684712
FilePageCache.totalPageLoadsUs,1787734440028000000,1787734500033000000,7454
StreamlinedBlobStorage.totalLiveRecordsCapacityBytes,1787734440028000000,1787734500033000000,0
DirectByteBufferAllocator.totalSizeOfBuffersAllocatedInBytes,1787734440028000000,1787734500033000000,291586048
StorageLockContext.competingThreads.90P,1787734440028000000,1787734500033000000,0
DirectByteBufferAllocator.disposed,1787734440028000000,1787734500033000000,0
FilePageCache.maxCacheSizeInBytes,1787734440028000000,1787734500033000000,291586048
StorageLockContext.competingThreads.avg,1787734440028000000,1787734500033000000,0.0
DirectByteBufferAllocator.reclaimed,1787734440028000000,1787734500033000000,0
DirectByteBufferAllocator.hits,1787734440028000000,1787734500033000000,0
FilePageCache.pageFastCacheHits,1787734440028000000,1787734500033000000,203
FilePageCache.pageLoads,1787734440028000000,1787734500033000000,2
StreamlinedBlobStorage.totalLiveRecordsPayloadBytes,1787734440028000000,1787734500033000000,0
StreamlinedBlobStorage.recordsAllocated,1787734440028000000,1787734500033000000,0
FilePageCache.pageLoadsAboveSizeThreshold,1787734440028000000,1787734500033000000,0
DirectByteBufferAllocator.misses,1787734440028000000,1787734500033000000,2
FilePageCache.disposedBuffers,1787734440028000000,1787734500033000000,0
FilePageCache.pageHits,1787734440028000000,1787734500033000000,1
StorageLockContext.competingThreads.max,1787734440028000000,1787734500033000000,0
DirectByteBufferAllocator.totalSizeOfBuffersCachedInBytes,1787734440028000000,1787734500033000000,0
FilePageCache.capacityInBytes,1787734440028000000,1787734500033000000,524288000
StreamlinedBlobStorage.recordsDeleted,1787734440028000000,1787734500033000000,0
StreamlinedBlobStorage.recordsRelocated,1787734440028000000,1787734500033000000,0
FilePageCache.uncachedFileAccess,1787734440028000000,1787734500033000000,0
FilePageCache.maxRegisteredFiles,1787734440028000000,1787734500033000000,617
FilePageCache.totalPageDisposalsUs,1787734440028000000,1787734500033000000,957
Indexes.allKeys.lookupDurationAvgMs,1787734440028000000,1787734500033000000,0.0
VFSFlusher.totalContentionQuotaSpent,1787734440028000000,1787734500033000000,0
Indexes.entries.lookups,1787734440028000000,1787734500033000000,0.0
IndexesFlusher.totalFlushesRetried,1787734440028000000,1787734500033000000,0
IndexesFlusher.totalContentionQuotaSpent,1787734440028000000,1787734500033000000,0
VFSFlusher.totalFlushes,1787734440028000000,1787734500033000000,3
Indexes.stubs.lookupDuration90PMs,1787734440028000000,1787734500033000000,0.0
Indexes.allKeys.lookupDuration90PMs,1787734440028000000,1787734500033000000,0.0
Indexes.entries.lookupDurationAvgMs,1787734440028000000,1787734500033000000,0.0
Indexes.stubs.lookupDurationMaxMs,1787734440028000000,1787734500033000000,0.0
Indexes.stubs.lookups,1787734440028000000,1787734500033000000,0.0
Indexes.entries.lookupDurationMaxMs,1787734440028000000,1787734500033000000,0.0
IndexesFlusher.totalFlushes,1787734440028000000,1787734500033000000,59
Indexes.allKeys.lookups,1787734440028000000,1787734500033000000,0.0
IndexesFlusher.totalFlushingTimeUs,1787734440028000000,1787734500033000000,578457
VFSFlusher.totalFlushingTimeUs,1787734440028000000,1787734500033000000,131636
Indexes.stubs.lookupDurationAvgMs,1787734440028000000,1787734500033000000,0.0
VFSFlusher.totalFlushesRetried,1787734440028000000,1787734500033000000,0
Indexes.allKeys.lookupDurationMaxMs,1787734440028000000,1787734500033000000,0.0
Indexes.entries.lookupDuration90PMs,1787734440028000000,1787734500033000000,0.0
jps.facet.change.listener.process.change.events.ms,1787734440028000000,1787734500033000000,0
workspaceModel.mutableEntityStorage.to.snapshot.ms,1787734440028000000,1787734500033000000,13
workspaceModel.mutableEntityStorage.remove.entity.ms,1787734440028000000,1787734500033000000,0
jps.library.entities.serializer.load.entities.ms,1787734440028000000,1787734500033000000,282
workspaceModel.moduleManagerBridge.load.all.modules.ms,1787734440028000000,1787734500033000000,133
jps.global.get.library.ms,1787734440028000000,1787734500033000000,0
jps.save.changed.project.entities.ms,1787734440028000000,1787734500033000000,1
workspaceModel.mutableEntityStorage.add.entity.ms,1787734440028000000,1787734500033000000,295
jps.library.entities.serializer.save.entities.ms,1787734440028000000,1787734500033000000,0
workspaceModel.global.updates.count,1787734440028000000,1787734500033000000,0
workspaceModel.moduleManagerBridge.build.module.graph.ms,1787734440028000000,1787734500033000000,1
workspaceModel.moduleBridge.before.changed.ms,1787734440028000000,1787734500033000000,0
jps.module.iml.entities.serializer.load.entities.ms,1787734440028000000,1787734500033000000,397
workspaceModel.sync.entities.ms,1787734440028000000,1787734500033000000,0
workspaceModel.moduleManagerBridge.get.modules.ms,1787734440028000000,1787734500033000000,4
jps.artifact.entities.serializer.load.entities.ms,1787734440028000000,1787734500033000000,0
jps.global.handle.before.change.events.ms,1787734440028000000,1787734500033000000,0
workspaceModel.mutableEntityStorage.entities.by.source.ms,1787734440028000000,1787734500033000000,17
workspaceModel.moduleBridge.update.option.ms,1787734440028000000,1787734500033000000,0
workspaceModel.global.updates.ms,1787734440028000000,1787734500033000000,0
workspaceModel.mutableEntityStorage.mutable.vfurl.index.ms,1787734440028000000,1787734500033000000,0
workspaceModel.mutableEntityStorage.resolve.ms,1787734440028000000,1787734500033000000,0
jps.apply.loaded.storage.ms,1787734440028000000,1787734500033000000,772
jps.facet.change.listener.before.change.events.ms,1787734440028000000,1787734500033000000,0
jps.load.project.to.empty.storage.ms,1787734440028000000,1787734500033000000,835
jps.global.get.libraries.ms,1787734440028000000,1787734500033000000,4
workspaceModel.delayed.project.synchronizer.sync.ms,1787734440028000000,1787734500033000000,1669
jps.reload.project.entities.ms,1787734440028000000,1787734500033000000,0
workspaceModel.global.apply.state.to.project.builder.ms,1787734440028000000,1787734500033000000,3
workspaceModel.global.apply.state.to.project.ms,1787734440028000000,1787734500033000000,48
workspaceModel.moduleManagerBridge.load.module.ms,1787734440028000000,1787734500033000000,0
workspaceModel.mutableEntityStorage.has.same.entities.ms,1787734440028000000,1787734500033000000,0
workspaceModel.mutableEntityStorage.collect.changes.ms,1787734440028000000,1787734500033000000,0
jps.project.serializers.save.ms,1787734440028000000,1787734500033000000,1
workspaceModel.mutableEntityStorage.referrers.ms,1787734440028000000,1787734500033000000,0
workspaceModel.moduleManagerBridge.create.module.instance.ms,1787734440028000000,1787734500033000000,0
workspaceModel.mutableEntityStorage.put.entity.ms,1787734440028000000,1787734500033000000,95
workspaceModel.mutableEntityStorage.entities.ms,1787734440028000000,1787734500033000000,1
workspaceModel.load.cache.from.file.ms,1787734440028000000,1787734500033000000,300
jps.load.initial.state.ms,1787734440028000000,1787734500033000000,9
workspaceModel.mutableEntityStorage.modify.entity.ms,1787734440028000000,1787734500033000000,140
workspaceModel.moduleBridgeLoader.loading.modules.ms,1787734440028000000,1787734500033000000,862
jps.app.storage.content.writer.save.component.ms,1787734440028000000,1787734500033000000,0
jps.save.global.entities.ms,1787734440028000000,1787734500033000000,37
workspaceModel.moduleBridge.facet.initialization.ms,1787734440028000000,1787734500033000000,0
workspaceModel.orphan.listener.update.ms,1787734440028000000,1787734500033000000,19
jps.global.handle.changed.events.ms,1787734440028000000,1787734500033000000,0
jps.project.serializers.load.ms,1787734440028000000,1787734500033000000,736
jps.global.initialize.library.bridges.after.loading.ms,1787734440028000000,1787734500033000000,0
jps.storage.jps.conf.reader.load.component.ms,1787734440028000000,1787734500033000000,284
workspaceModel.moduleManagerBridge.newModule.ms,1787734440028000000,1787734500033000000,0
workspaceModel.mutableEntityStorage.add.diff.ms,1787734440028000000,1787734500033000000,210
workspaceModel.moduleManagerBridge.set.unloadedModules.ms,1787734440028000000,1787734500033000000,0
workspaceModel.moduleManagerBridge.new.nonPersistent.module.ms,1787734440028000000,1787734500033000000,0
jps.app.storage.content.reader.load.component.ms,1787734440028000000,1787734500033000000,0
jps.global.get.library.by.name.ms,1787734440028000000,1787734500033000000,0
jps.global.initialize.library.bridges.ms,1787734440028000000,1787734500033000000,0
workspaceModel.mutableEntityStorage.mutable.ext.mapping.ms,1787734440028000000,1787734500033000000,1
workspaceModel.mutableEntityStorage.replace.by.source.ms,1787734440028000000,1787734500033000000,270
jps.module.iml.entities.serializer.save.entities.ms,1787734440028000000,1787734500033000000,0
jps.facet.change.listener.init.bridge.ms,1787734440028000000,1787734500033000000,0
workspaceModel.save.cache.to.file.ms,1787734440028000000,1787734500033000000,575
jps.artifact.entities.serializer.save.entities.ms,1787734440028000000,1787734500033000000,0
AWTEventQueue.eventsDispatched,1787734440028000000,1787734500033000000,11284
NonBlockingReadAction.failedExecutionsCount,1787734440028000000,1787734500033000000,1
FlushQueue.waitingTimeAvgNs,1787734440028000000,1787734500033000000,8648654.43902439
AWTEventQueue.dispatchTime90PNs,1787734440028000000,1787734500033000000,1744895
FlushQueue.queueSize90P,1787734440028000000,1787734500033000000,2
NonBlockingReadAction.finalizedExecutionsCount,1787734440028000000,1787734500033000000,8
FlushQueue.queueSizeMax,1787734440028000000,1787734500033000000,9
NonBlockingReadAction.finalizedExecutionTimeUs,1787734440028000000,1787734500033000000,2028
NonBlockingReadAction.failedExecutionTimeUs,1787734440028000000,1787734500033000000,2173
AWTEventQueue.dispatchTimeTotalNS,1787734440028000000,1787734500033000000,9443878982
AWTEventQueue.dispatchTimeMaxNs,1787734440028000000,1787734500033000000,306184191
FlushQueue.executionTime90PNs,1787734440028000000,1787734500033000000,2342911
FlushQueue.waitingTimeMaxNs,1787734440028000000,1787734500033000000,394264575
FlushQueue.executionTimeAvgNs,1787734440028000000,1787734500033000000,1785616.3470919325
AWTEventQueue.dispatchTimeAvgNs,1787734440028000000,1787734500033000000,834738.3750443106
FlushQueue.queueSizeAvg,1787734440028000000,1787734500033000000,0.5609756097560976
FlushQueue.executionTimeMaxNs,1787734440028000000,1787734500033000000,192937983
FlushQueue.tasksExecuted,1787734440028000000,1787734500033000000,533
FlushQueue.waitingTime90PNs,1787734440028000000,1787734500033000000,8585215
workspaceModel.initializing.ms,1787734500033000000,1787734560037000000,3
workspaceModel.updates.precise.ms,1787734500033000000,1787734560037000000,289
workspaceModel.update.unloaded.entities.ms,1787734500033000000,1787734560037000000,0
workspaceModel.loading.from.cache.ms,1787734500033000000,1787734560037000000,302
workspaceModel.check.recursive.update.ms,1787734500033000000,1787734560037000000,2
workspaceModel.pre.handlers.ms,1787734500033000000,1787734560037000000,0
workspaceModel.replace.project.model.ms,1787734500033000000,1787734560037000000,0
workspaceModel.updates.count,1787734500033000000,1787734560037000000,5
workspaceModel.updates.ms,1787734500033000000,1787734560037000000,396
workspaceModel.collect.changes.ms,1787734500033000000,1787734560037000000,0
workspaceModel.to.snapshot.ms,1787734500033000000,1787734560037000000,11
workspaceModel.init.bridges.ms,1787734500033000000,1787734560037000000,3
workspaceModel.loading.total.ms,1787734500033000000,1787734560037000000,318
FileNameCache.queries,1787734500033000000,1787734560037000000,2
FileNameCache.fastMisses,1787734500033000000,1787734560037000000,0
FileNameCache.totalMisses,1787734500033000000,1787734560037000000,0
JVM.maxHeapBytes,1787734500033000000,1787734560037000000,2147483648
JVM.threadCount,1787734500033000000,1787734560037000000,60
JVM.maxNativeBytes,1787734500033000000,1787734560037000000,-1
JVM.totalCpuTimeMs,1787734500033000000,1787734560037000000,7675
JVM.GC.collectionTimesMs,1787734500033000000,1787734560037000000,0
JVM.GC.collections,1787734500033000000,1787734560037000000,0
OS.loadAverage,1787734500033000000,1787734560037000000,3.77490234375
JVM.usedNativeBytes,1787734500033000000,1787734560037000000,382768160
JVM.usedHeapBytes,1787734500033000000,1787734560037000000,313842152
FilePageCache.totalPageLoadsUs,1787734500033000000,1787734560037000000,0
StreamlinedBlobStorage.totalLiveRecordsCapacityBytes,1787734500033000000,1787734560037000000,0
DirectByteBufferAllocator.totalSizeOfBuffersAllocatedInBytes,1787734500033000000,1787734560037000000,291586048
StorageLockContext.competingThreads.90P,1787734500033000000,1787734560037000000,0
DirectByteBufferAllocator.disposed,1787734500033000000,1787734560037000000,0
FilePageCache.maxCacheSizeInBytes,1787734500033000000,1787734560037000000,291586048
StorageLockContext.competingThreads.avg,1787734500033000000,1787734560037000000,0.0
DirectByteBufferAllocator.reclaimed,1787734500033000000,1787734560037000000,0
DirectByteBufferAllocator.hits,1787734500033000000,1787734560037000000,0
FilePageCache.pageFastCacheHits,1787734500033000000,1787734560037000000,0
FilePageCache.pageLoads,1787734500033000000,1787734560037000000,0
StreamlinedBlobStorage.totalLiveRecordsPayloadBytes,1787734500033000000,1787734560037000000,0
StreamlinedBlobStorage.recordsAllocated,1787734500033000000,1787734560037000000,0
FilePageCache.pageLoadsAboveSizeThreshold,1787734500033000000,1787734560037000000,0
DirectByteBufferAllocator.misses,1787734500033000000,1787734560037000000,0
FilePageCache.disposedBuffers,1787734500033000000,1787734560037000000,0
FilePageCache.pageHits,1787734500033000000,1787734560037000000,0
StorageLockContext.competingThreads.max,1787734500033000000,1787734560037000000,0
DirectByteBufferAllocator.totalSizeOfBuffersCachedInBytes,1787734500033000000,1787734560037000000,0
FilePageCache.capacityInBytes,1787734500033000000,1787734560037000000,524288000
StreamlinedBlobStorage.recordsDeleted,1787734500033000000,1787734560037000000,0
StreamlinedBlobStorage.recordsRelocated,1787734500033000000,1787734560037000000,0
FilePageCache.uncachedFileAccess,1787734500033000000,1787734560037000000,0
FilePageCache.maxRegisteredFiles,1787734500033000000,1787734560037000000,617
FilePageCache.totalPageDisposalsUs,1787734500033000000,1787734560037000000,0
Indexes.allKeys.lookupDurationAvgMs,1787734500033000000,1787734560037000000,0.0
VFSFlusher.totalContentionQuotaSpent,1787734500033000000,1787734560037000000,0
Indexes.entries.lookups,1787734500033000000,1787734560037000000,0.0
IndexesFlusher.totalFlushesRetried,1787734500033000000,1787734560037000000,0
IndexesFlusher.totalContentionQuotaSpent,1787734500033000000,1787734560037000000,0
VFSFlusher.totalFlushes,1787734500033000000,1787734560037000000,0
Indexes.stubs.lookupDuration90PMs,1787734500033000000,1787734560037000000,0.0
Indexes.allKeys.lookupDuration90PMs,1787734500033000000,1787734560037000000,0.0
Indexes.entries.lookupDurationAvgMs,1787734500033000000,1787734560037000000,0.0
Indexes.stubs.lookupDurationMaxMs,1787734500033000000,1787734560037000000,0.0
Indexes.stubs.lookups,1787734500033000000,1787734560037000000,0.0
Indexes.entries.lookupDurationMaxMs,1787734500033000000,1787734560037000000,0.0
IndexesFlusher.totalFlushes,1787734500033000000,1787734560037000000,58
Indexes.allKeys.lookups,1787734500033000000,1787734560037000000,0.0
IndexesFlusher.totalFlushingTimeUs,1787734500033000000,1787734560037000000,602034
VFSFlusher.totalFlushingTimeUs,1787734500033000000,1787734560037000000,0
Indexes.stubs.lookupDurationAvgMs,1787734500033000000,1787734560037000000,0.0
VFSFlusher.totalFlushesRetried,1787734500033000000,1787734560037000000,0
Indexes.allKeys.lookupDurationMaxMs,1787734500033000000,1787734560037000000,0.0
Indexes.entries.lookupDuration90PMs,1787734500033000000,1787734560037000000,0.0
jps.facet.change.listener.process.change.events.ms,1787734500033000000,1787734560037000000,0
workspaceModel.mutableEntityStorage.to.snapshot.ms,1787734500033000000,1787734560037000000,13
workspaceModel.mutableEntityStorage.remove.entity.ms,1787734500033000000,1787734560037000000,0
jps.library.entities.serializer.load.entities.ms,1787734500033000000,1787734560037000000,282
workspaceModel.moduleManagerBridge.load.all.modules.ms,1787734500033000000,1787734560037000000,133
jps.global.get.library.ms,1787734500033000000,1787734560037000000,0
jps.save.changed.project.entities.ms,1787734500033000000,1787734560037000000,1
workspaceModel.mutableEntityStorage.add.entity.ms,1787734500033000000,1787734560037000000,295
jps.library.entities.serializer.save.entities.ms,1787734500033000000,1787734560037000000,0
workspaceModel.global.updates.count,1787734500033000000,1787734560037000000,0
workspaceModel.moduleManagerBridge.build.module.graph.ms,1787734500033000000,1787734560037000000,1
workspaceModel.moduleBridge.before.changed.ms,1787734500033000000,1787734560037000000,0
jps.module.iml.entities.serializer.load.entities.ms,1787734500033000000,1787734560037000000,397
workspaceModel.sync.entities.ms,1787734500033000000,1787734560037000000,0
workspaceModel.moduleManagerBridge.get.modules.ms,1787734500033000000,1787734560037000000,4
jps.artifact.entities.serializer.load.entities.ms,1787734500033000000,1787734560037000000,0
jps.global.handle.before.change.events.ms,1787734500033000000,1787734560037000000,0
workspaceModel.mutableEntityStorage.entities.by.source.ms,1787734500033000000,1787734560037000000,17
workspaceModel.moduleBridge.update.option.ms,1787734500033000000,1787734560037000000,0
workspaceModel.global.updates.ms,1787734500033000000,1787734560037000000,0
workspaceModel.mutableEntityStorage.mutable.vfurl.index.ms,1787734500033000000,1787734560037000000,0
workspaceModel.mutableEntityStorage.resolve.ms,1787734500033000000,1787734560037000000,0
jps.apply.loaded.storage.ms,1787734500033000000,1787734560037000000,772
jps.facet.change.listener.before.change.events.ms,1787734500033000000,1787734560037000000,0
jps.load.project.to.empty.storage.ms,1787734500033000000,1787734560037000000,835
jps.global.get.libraries.ms,1787734500033000000,1787734560037000000,4
workspaceModel.delayed.project.synchronizer.sync.ms,1787734500033000000,1787734560037000000,1669
jps.reload.project.entities.ms,1787734500033000000,1787734560037000000,0
workspaceModel.global.apply.state.to.project.builder.ms,1787734500033000000,1787734560037000000,3
workspaceModel.global.apply.state.to.project.ms,1787734500033000000,1787734560037000000,48
workspaceModel.moduleManagerBridge.load.module.ms,1787734500033000000,1787734560037000000,0
workspaceModel.mutableEntityStorage.has.same.entities.ms,1787734500033000000,1787734560037000000,0
workspaceModel.mutableEntityStorage.collect.changes.ms,1787734500033000000,1787734560037000000,0
jps.project.serializers.save.ms,1787734500033000000,1787734560037000000,1
workspaceModel.mutableEntityStorage.referrers.ms,1787734500033000000,1787734560037000000,0
workspaceModel.moduleManagerBridge.create.module.instance.ms,1787734500033000000,1787734560037000000,0
workspaceModel.mutableEntityStorage.put.entity.ms,1787734500033000000,1787734560037000000,95
workspaceModel.mutableEntityStorage.entities.ms,1787734500033000000,1787734560037000000,1
workspaceModel.load.cache.from.file.ms,1787734500033000000,1787734560037000000,300
jps.load.initial.state.ms,1787734500033000000,1787734560037000000,9
workspaceModel.mutableEntityStorage.modify.entity.ms,1787734500033000000,1787734560037000000,140
workspaceModel.moduleBridgeLoader.loading.modules.ms,1787734500033000000,1787734560037000000,862
jps.app.storage.content.writer.save.component.ms,1787734500033000000,1787734560037000000,0
jps.save.global.entities.ms,1787734500033000000,1787734560037000000,37
workspaceModel.moduleBridge.facet.initialization.ms,1787734500033000000,1787734560037000000,0
workspaceModel.orphan.listener.update.ms,1787734500033000000,1787734560037000000,19
jps.global.handle.changed.events.ms,1787734500033000000,1787734560037000000,0
jps.project.serializers.load.ms,1787734500033000000,1787734560037000000,736
jps.global.initialize.library.bridges.after.loading.ms,1787734500033000000,1787734560037000000,0
jps.storage.jps.conf.reader.load.component.ms,1787734500033000000,1787734560037000000,284
workspaceModel.moduleManagerBridge.newModule.ms,1787734500033000000,1787734560037000000,0
workspaceModel.mutableEntityStorage.add.diff.ms,1787734500033000000,1787734560037000000,210
workspaceModel.moduleManagerBridge.set.unloadedModules.ms,1787734500033000000,1787734560037000000,0
workspaceModel.moduleManagerBridge.new.nonPersistent.module.ms,1787734500033000000,1787734560037000000,0
jps.app.storage.content.reader.load.component.ms,1787734500033000000,1787734560037000000,0
jps.global.get.library.by.name.ms,1787734500033000000,1787734560037000000,0
jps.global.initialize.library.bridges.ms,1787734500033000000,1787734560037000000,0
workspaceModel.mutableEntityStorage.mutable.ext.mapping.ms,1787734500033000000,1787734560037000000,1
workspaceModel.mutableEntityStorage.replace.by.source.ms,1787734500033000000,1787734560037000000,270
jps.module.iml.entities.serializer.save.entities.ms,1787734500033000000,1787734560037000000,0
jps.facet.change.listener.init.bridge.ms,1787734500033000000,1787734560037000000,0
workspaceModel.save.cache.to.file.ms,1787734500033000000,1787734560037000000,575
jps.artifact.entities.serializer.save.entities.ms,1787734500033000000,1787734560037000000,0
AWTEventQueue.eventsDispatched,1787734500033000000,1787734560037000000,3570
NonBlockingReadAction.failedExecutionsCount,1787734500033000000,1787734560037000000,0
FlushQueue.waitingTimeAvgNs,1787734500033000000,1787734560037000000,553356.2553191489
AWTEventQueue.dispatchTime90PNs,1787734500033000000,1787734560037000000,270335
FlushQueue.queueSize90P,1787734500033000000,1787734560037000000,0
NonBlockingReadAction.finalizedExecutionsCount,1787734500033000000,1787734560037000000,0
FlushQueue.queueSizeMax,1787734500033000000,1787734560037000000,1
NonBlockingReadAction.finalizedExecutionTimeUs,1787734500033000000,1787734560037000000,0
NonBlockingReadAction.failedExecutionTimeUs,1787734500033000000,1787734560037000000,0
AWTEventQueue.dispatchTimeTotalNS,1787734500033000000,1787734560037000000,762099482
AWTEventQueue.dispatchTimeMaxNs,1787734500033000000,1787734560037000000,31588351
FlushQueue.executionTime90PNs,1787734500033000000,1787734560037000000,892927
FlushQueue.waitingTimeMaxNs,1787734500033000000,1787734560037000000,16449535
FlushQueue.executionTimeAvgNs,1787734500033000000,1787734560037000000,506764.25531914894
AWTEventQueue.dispatchTimeAvgNs,1787734500033000000,1787734560037000000,213258.99831932774
FlushQueue.queueSizeAvg,1787734500033000000,1787734560037000000,0.0070921985815602835
FlushQueue.executionTimeMaxNs,1787734500033000000,1787734560037000000,14417919
FlushQueue.tasksExecuted,1787734500033000000,1787734560037000000,141
FlushQueue.waitingTime90PNs,1787734500033000000,1787734560037000000,444415
workspaceModel.initializing.ms,1787734560037000000,1787734620039000000,3
workspaceModel.updates.precise.ms,1787734560037000000,1787734620039000000,289
workspaceModel.update.unloaded.entities.ms,1787734560037000000,1787734620039000000,0
workspaceModel.loading.from.cache.ms,1787734560037000000,1787734620039000000,302
workspaceModel.check.recursive.update.ms,1787734560037000000,1787734620039000000,2
workspaceModel.pre.handlers.ms,1787734560037000000,1787734620039000000,0
workspaceModel.replace.project.model.ms,1787734560037000000,1787734620039000000,0
workspaceModel.updates.count,1787734560037000000,1787734620039000000,5
workspaceModel.updates.ms,1787734560037000000,1787734620039000000,396
workspaceModel.collect.changes.ms,1787734560037000000,1787734620039000000,0
workspaceModel.to.snapshot.ms,1787734560037000000,1787734620039000000,11
workspaceModel.init.bridges.ms,1787734560037000000,1787734620039000000,3
workspaceModel.loading.total.ms,1787734560037000000,1787734620039000000,318
FileNameCache.queries,1787734560037000000,1787734620039000000,374
FileNameCache.fastMisses,1787734560037000000,1787734620039000000,0
FileNameCache.totalMisses,1787734560037000000,1787734620039000000,0
JVM.maxHeapBytes,1787734560037000000,1787734620039000000,2147483648
JVM.threadCount,1787734560037000000,1787734620039000000,53
JVM.maxNativeBytes,1787734560037000000,1787734620039000000,-1
JVM.totalCpuTimeMs,1787734560037000000,1787734620039000000,7089
JVM.GC.collectionTimesMs,1787734560037000000,1787734620039000000,204
JVM.GC.collections,1787734560037000000,1787734620039000000,2
OS.loadAverage,1787734560037000000,1787734620039000000,5.05712890625
JVM.usedNativeBytes,1787734560037000000,1787734620039000000,383355840
JVM.usedHeapBytes,1787734560037000000,1787734620039000000,198462552
FilePageCache.totalPageLoadsUs,1787734560037000000,1787734620039000000,0
StreamlinedBlobStorage.totalLiveRecordsCapacityBytes,1787734560037000000,1787734620039000000,0
DirectByteBufferAllocator.totalSizeOfBuffersAllocatedInBytes,1787734560037000000,1787734620039000000,291586048
StorageLockContext.competingThreads.90P,1787734560037000000,1787734620039000000,0
DirectByteBufferAllocator.disposed,1787734560037000000,1787734620039000000,0
FilePageCache.maxCacheSizeInBytes,1787734560037000000,1787734620039000000,291586048
StorageLockContext.competingThreads.avg,1787734560037000000,1787734620039000000,0.0
DirectByteBufferAllocator.reclaimed,1787734560037000000,1787734620039000000,0
DirectByteBufferAllocator.hits,1787734560037000000,1787734620039000000,0
FilePageCache.pageFastCacheHits,1787734560037000000,1787734620039000000,0
FilePageCache.pageLoads,1787734560037000000,1787734620039000000,0
StreamlinedBlobStorage.totalLiveRecordsPayloadBytes,1787734560037000000,1787734620039000000,0
StreamlinedBlobStorage.recordsAllocated,1787734560037000000,1787734620039000000,0
FilePageCache.pageLoadsAboveSizeThreshold,1787734560037000000,1787734620039000000,0
DirectByteBufferAllocator.misses,1787734560037000000,1787734620039000000,0
FilePageCache.disposedBuffers,1787734560037000000,1787734620039000000,0
FilePageCache.pageHits,1787734560037000000,1787734620039000000,0
StorageLockContext.competingThreads.max,1787734560037000000,1787734620039000000,0
DirectByteBufferAllocator.totalSizeOfBuffersCachedInBytes,1787734560037000000,1787734620039000000,0
FilePageCache.capacityInBytes,1787734560037000000,1787734620039000000,524288000
StreamlinedBlobStorage.recordsDeleted,1787734560037000000,1787734620039000000,0
StreamlinedBlobStorage.recordsRelocated,1787734560037000000,1787734620039000000,0
FilePageCache.uncachedFileAccess,1787734560037000000,1787734620039000000,0
FilePageCache.maxRegisteredFiles,1787734560037000000,1787734620039000000,617
FilePageCache.totalPageDisposalsUs,1787734560037000000,1787734620039000000,0
Indexes.allKeys.lookupDurationAvgMs,1787734560037000000,1787734620039000000,0.0
VFSFlusher.totalContentionQuotaSpent,1787734560037000000,1787734620039000000,0
Indexes.entries.lookups,1787734560037000000,1787734620039000000,0.0
IndexesFlusher.totalFlushesRetried,1787734560037000000,1787734620039000000,0
IndexesFlusher.totalContentionQuotaSpent,1787734560037000000,1787734620039000000,0
VFSFlusher.totalFlushes,1787734560037000000,1787734620039000000,0
Indexes.stubs.lookupDuration90PMs,1787734560037000000,1787734620039000000,0.0
Indexes.allKeys.lookupDuration90PMs,1787734560037000000,1787734620039000000,0.0
Indexes.entries.lookupDurationAvgMs,1787734560037000000,1787734620039000000,0.0
Indexes.stubs.lookupDurationMaxMs,1787734560037000000,1787734620039000000,0.0
Indexes.stubs.lookups,1787734560037000000,1787734620039000000,0.0
Indexes.entries.lookupDurationMaxMs,1787734560037000000,1787734620039000000,0.0
IndexesFlusher.totalFlushes,1787734560037000000,1787734620039000000,59
Indexes.allKeys.lookups,1787734560037000000,1787734620039000000,0.0
IndexesFlusher.totalFlushingTimeUs,1787734560037000000,1787734620039000000,635821
VFSFlusher.totalFlushingTimeUs,1787734560037000000,1787734620039000000,0
Indexes.stubs.lookupDurationAvgMs,1787734560037000000,1787734620039000000,0.0
VFSFlusher.totalFlushesRetried,1787734560037000000,1787734620039000000,0
Indexes.allKeys.lookupDurationMaxMs,1787734560037000000,1787734620039000000,0.0
Indexes.entries.lookupDuration90PMs,1787734560037000000,1787734620039000000,0.0
jps.facet.change.listener.process.change.events.ms,1787734560037000000,1787734620039000000,0
workspaceModel.mutableEntityStorage.to.snapshot.ms,1787734560037000000,1787734620039000000,13
workspaceModel.mutableEntityStorage.remove.entity.ms,1787734560037000000,1787734620039000000,0
jps.library.entities.serializer.load.entities.ms,1787734560037000000,1787734620039000000,282
workspaceModel.moduleManagerBridge.load.all.modules.ms,1787734560037000000,1787734620039000000,133
jps.global.get.library.ms,1787734560037000000,1787734620039000000,0
jps.save.changed.project.entities.ms,1787734560037000000,1787734620039000000,1
workspaceModel.mutableEntityStorage.add.entity.ms,1787734560037000000,1787734620039000000,295
jps.library.entities.serializer.save.entities.ms,1787734560037000000,1787734620039000000,0
workspaceModel.global.updates.count,1787734560037000000,1787734620039000000,0
workspaceModel.moduleManagerBridge.build.module.graph.ms,1787734560037000000,1787734620039000000,1
workspaceModel.moduleBridge.before.changed.ms,1787734560037000000,1787734620039000000,0
jps.module.iml.entities.serializer.load.entities.ms,1787734560037000000,1787734620039000000,397
workspaceModel.sync.entities.ms,1787734560037000000,1787734620039000000,0
workspaceModel.moduleManagerBridge.get.modules.ms,1787734560037000000,1787734620039000000,4
jps.artifact.entities.serializer.load.entities.ms,1787734560037000000,1787734620039000000,0
jps.global.handle.before.change.events.ms,1787734560037000000,1787734620039000000,0
workspaceModel.mutableEntityStorage.entities.by.source.ms,1787734560037000000,1787734620039000000,17
workspaceModel.moduleBridge.update.option.ms,1787734560037000000,1787734620039000000,0
workspaceModel.global.updates.ms,1787734560037000000,1787734620039000000,0
workspaceModel.mutableEntityStorage.mutable.vfurl.index.ms,1787734560037000000,1787734620039000000,0
workspaceModel.mutableEntityStorage.resolve.ms,1787734560037000000,1787734620039000000,0
jps.apply.loaded.storage.ms,1787734560037000000,1787734620039000000,772
jps.facet.change.listener.before.change.events.ms,1787734560037000000,1787734620039000000,0
jps.load.project.to.empty.storage.ms,1787734560037000000,1787734620039000000,835
jps.global.get.libraries.ms,1787734560037000000,1787734620039000000,4
workspaceModel.delayed.project.synchronizer.sync.ms,1787734560037000000,1787734620039000000,1669
jps.reload.project.entities.ms,1787734560037000000,1787734620039000000,0
workspaceModel.global.apply.state.to.project.builder.ms,1787734560037000000,1787734620039000000,3
workspaceModel.global.apply.state.to.project.ms,1787734560037000000,1787734620039000000,48
workspaceModel.moduleManagerBridge.load.module.ms,1787734560037000000,1787734620039000000,0
workspaceModel.mutableEntityStorage.has.same.entities.ms,1787734560037000000,1787734620039000000,0
workspaceModel.mutableEntityStorage.collect.changes.ms,1787734560037000000,1787734620039000000,0
jps.project.serializers.save.ms,1787734560037000000,1787734620039000000,1
workspaceModel.mutableEntityStorage.referrers.ms,1787734560037000000,1787734620039000000,0
workspaceModel.moduleManagerBridge.create.module.instance.ms,1787734560037000000,1787734620039000000,0
workspaceModel.mutableEntityStorage.put.entity.ms,1787734560037000000,1787734620039000000,95
workspaceModel.mutableEntityStorage.entities.ms,1787734560037000000,1787734620039000000,1
workspaceModel.load.cache.from.file.ms,1787734560037000000,1787734620039000000,300
jps.load.initial.state.ms,1787734560037000000,1787734620039000000,9
workspaceModel.mutableEntityStorage.modify.entity.ms,1787734560037000000,1787734620039000000,140
workspaceModel.moduleBridgeLoader.loading.modules.ms,1787734560037000000,1787734620039000000,862
jps.app.storage.content.writer.save.component.ms,1787734560037000000,1787734620039000000,0
jps.save.global.entities.ms,1787734560037000000,1787734620039000000,37
workspaceModel.moduleBridge.facet.initialization.ms,1787734560037000000,1787734620039000000,0
workspaceModel.orphan.listener.update.ms,1787734560037000000,1787734620039000000,19
jps.global.handle.changed.events.ms,1787734560037000000,1787734620039000000,0
jps.project.serializers.load.ms,1787734560037000000,1787734620039000000,736
jps.global.initialize.library.bridges.after.loading.ms,1787734560037000000,1787734620039000000,0
jps.storage.jps.conf.reader.load.component.ms,1787734560037000000,1787734620039000000,284
workspaceModel.moduleManagerBridge.newModule.ms,1787734560037000000,1787734620039000000,0
workspaceModel.mutableEntityStorage.add.diff.ms,1787734560037000000,1787734620039000000,210
workspaceModel.moduleManagerBridge.set.unloadedModules.ms,1787734560037000000,1787734620039000000,0
workspaceModel.moduleManagerBridge.new.nonPersistent.module.ms,1787734560037000000,1787734620039000000,0
jps.app.storage.content.reader.load.component.ms,1787734560037000000,1787734620039000000,0
jps.global.get.library.by.name.ms,1787734560037000000,1787734620039000000,0
jps.global.initialize.library.bridges.ms,1787734560037000000,1787734620039000000,0
workspaceModel.mutableEntityStorage.mutable.ext.mapping.ms,1787734560037000000,1787734620039000000,1
workspaceModel.mutableEntityStorage.replace.by.source.ms,1787734560037000000,1787734620039000000,270
jps.module.iml.entities.serializer.save.entities.ms,1787734560037000000,1787734620039000000,0
jps.facet.change.listener.init.bridge.ms,1787734560037000000,1787734620039000000,0
workspaceModel.save.cache.to.file.ms,1787734560037000000,1787734620039000000,575
jps.artifact.entities.serializer.save.entities.ms,1787734560037000000,1787734620039000000,0
AWTEventQueue.eventsDispatched,1787734560037000000,1787734620039000000,3554
NonBlockingReadAction.failedExecutionsCount,1787734560037000000,1787734620039000000,0
FlushQueue.waitingTimeAvgNs,1787734560037000000,1787734620039000000,1235511.6962025317
AWTEventQueue.dispatchTime90PNs,1787734560037000000,1787734620039000000,260095
FlushQueue.queueSize90P,1787734560037000000,1787734620039000000,0
NonBlockingReadAction.finalizedExecutionsCount,1787734560037000000,1787734620039000000,1
FlushQueue.queueSizeMax,1787734560037000000,1787734620039000000,4
NonBlockingReadAction.finalizedExecutionTimeUs,1787734560037000000,1787734620039000000,226
NonBlockingReadAction.failedExecutionTimeUs,1787734560037000000,1787734620039000000,0
AWTEventQueue.dispatchTimeTotalNS,1787734560037000000,1787734620039000000,1014173617
AWTEventQueue.dispatchTimeMaxNs,1787734560037000000,1787734620039000000,75497471
FlushQueue.executionTime90PNs,1787734560037000000,1787734620039000000,1892351
FlushQueue.waitingTimeMaxNs,1787734560037000000,1787734620039000000,60555263
FlushQueue.executionTimeAvgNs,1787734560037000000,1787734620039000000,1476250.7341772153
AWTEventQueue.dispatchTimeAvgNs,1787734560037000000,1787734620039000000,285113.31907709624
FlushQueue.queueSizeAvg,1787734560037000000,1787734620039000000,0.13924050632911392
FlushQueue.executionTimeMaxNs,1787734560037000000,1787734620039000000,69206015
FlushQueue.tasksExecuted,1787734560037000000,1787734620039000000,158
FlushQueue.waitingTime90PNs,1787734560037000000,1787734620039000000,839679
workspaceModel.initializing.ms,1787734620039000000,1787734680045000000,3
workspaceModel.updates.precise.ms,1787734620039000000,1787734680045000000,289
workspaceModel.update.unloaded.entities.ms,1787734620039000000,1787734680045000000,0
workspaceModel.loading.from.cache.ms,1787734620039000000,1787734680045000000,302
workspaceModel.check.recursive.update.ms,1787734620039000000,1787734680045000000,2
workspaceModel.pre.handlers.ms,1787734620039000000,1787734680045000000,0
workspaceModel.replace.project.model.ms,1787734620039000000,1787734680045000000,0
workspaceModel.updates.count,1787734620039000000,1787734680045000000,5
workspaceModel.updates.ms,1787734620039000000,1787734680045000000,396
workspaceModel.collect.changes.ms,1787734620039000000,1787734680045000000,0
workspaceModel.to.snapshot.ms,1787734620039000000,1787734680045000000,11
workspaceModel.init.bridges.ms,1787734620039000000,1787734680045000000,3
workspaceModel.loading.total.ms,1787734620039000000,1787734680045000000,318
FileNameCache.queries,1787734620039000000,1787734680045000000,13780
FileNameCache.fastMisses,1787734620039000000,1787734680045000000,1180
FileNameCache.totalMisses,1787734620039000000,1787734680045000000,12
JVM.maxHeapBytes,1787734620039000000,1787734680045000000,2147483648
JVM.threadCount,1787734620039000000,1787734680045000000,59
JVM.maxNativeBytes,1787734620039000000,1787734680045000000,-1
JVM.totalCpuTimeMs,1787734620039000000,1787734680045000000,10341
JVM.GC.collectionTimesMs,1787734620039000000,1787734680045000000,12
JVM.GC.collections,1787734620039000000,1787734680045000000,1
OS.loadAverage,1787734620039000000,1787734680045000000,3.22509765625
JVM.usedNativeBytes,1787734620039000000,1787734680045000000,392084480
JVM.usedHeapBytes,1787734620039000000,1787734680045000000,237908632
FilePageCache.totalPageLoadsUs,1787734620039000000,1787734680045000000,3667
StreamlinedBlobStorage.totalLiveRecordsCapacityBytes,1787734620039000000,1787734680045000000,0
DirectByteBufferAllocator.totalSizeOfBuffersAllocatedInBytes,1787734620039000000,1787734680045000000,297877504
StorageLockContext.competingThreads.90P,1787734620039000000,1787734680045000000,0
DirectByteBufferAllocator.disposed,1787734620039000000,1787734680045000000,0
FilePageCache.maxCacheSizeInBytes,1787734620039000000,1787734680045000000,297877504
StorageLockContext.competingThreads.avg,1787734620039000000,1787734680045000000,0.0
DirectByteBufferAllocator.reclaimed,1787734620039000000,1787734680045000000,0
DirectByteBufferAllocator.hits,1787734620039000000,1787734680045000000,0
FilePageCache.pageFastCacheHits,1787734620039000000,1787734680045000000,643
FilePageCache.pageLoads,1787734620039000000,1787734680045000000,6
StreamlinedBlobStorage.totalLiveRecordsPayloadBytes,1787734620039000000,1787734680045000000,5
StreamlinedBlobStorage.recordsAllocated,1787734620039000000,1787734680045000000,0
FilePageCache.pageLoadsAboveSizeThreshold,1787734620039000000,1787734680045000000,0
DirectByteBufferAllocator.misses,1787734620039000000,1787734680045000000,6
FilePageCache.disposedBuffers,1787734620039000000,1787734680045000000,0
FilePageCache.pageHits,1787734620039000000,1787734680045000000,3
StorageLockContext.competingThreads.max,1787734620039000000,1787734680045000000,0
DirectByteBufferAllocator.totalSizeOfBuffersCachedInBytes,1787734620039000000,1787734680045000000,0
FilePageCache.capacityInBytes,1787734620039000000,1787734680045000000,524288000
StreamlinedBlobStorage.recordsDeleted,1787734620039000000,1787734680045000000,0
StreamlinedBlobStorage.recordsRelocated,1787734620039000000,1787734680045000000,0
FilePageCache.uncachedFileAccess,1787734620039000000,1787734680045000000,1
FilePageCache.maxRegisteredFiles,1787734620039000000,1787734680045000000,617
FilePageCache.totalPageDisposalsUs,1787734620039000000,1787734680045000000,184
Indexes.allKeys.lookupDurationAvgMs,1787734620039000000,1787734680045000000,0.0
VFSFlusher.totalContentionQuotaSpent,1787734620039000000,1787734680045000000,0
Indexes.entries.lookups,1787734620039000000,1787734680045000000,1.0
IndexesFlusher.totalFlushesRetried,1787734620039000000,1787734680045000000,0
IndexesFlusher.totalContentionQuotaSpent,1787734620039000000,1787734680045000000,0
VFSFlusher.totalFlushes,1787734620039000000,1787734680045000000,2
Indexes.stubs.lookupDuration90PMs,1787734620039000000,1787734680045000000,0.0
Indexes.allKeys.lookupDuration90PMs,1787734620039000000,1787734680045000000,0.0
Indexes.entries.lookupDurationAvgMs,1787734620039000000,1787734680045000000,802.0
Indexes.stubs.lookupDurationMaxMs,1787734620039000000,1787734680045000000,79.0
Indexes.stubs.lookups,1787734620039000000,1787734680045000000,982.0
Indexes.entries.lookupDurationMaxMs,1787734620039000000,1787734680045000000,803.0
IndexesFlusher.totalFlushes,1787734620039000000,1787734680045000000,58
Indexes.allKeys.lookups,1787734620039000000,1787734680045000000,0.0
IndexesFlusher.totalFlushingTimeUs,1787734620039000000,1787734680045000000,774597
VFSFlusher.totalFlushingTimeUs,1787734620039000000,1787734680045000000,9483
Indexes.stubs.lookupDurationAvgMs,1787734620039000000,1787734680045000000,0.22708757637474541
VFSFlusher.totalFlushesRetried,1787734620039000000,1787734680045000000,0
Indexes.allKeys.lookupDurationMaxMs,1787734620039000000,1787734680045000000,0.0
Indexes.entries.lookupDuration90PMs,1787734620039000000,1787734680045000000,803.0
jps.facet.change.listener.process.change.events.ms,1787734620039000000,1787734680045000000,0
workspaceModel.mutableEntityStorage.to.snapshot.ms,1787734620039000000,1787734680045000000,13
workspaceModel.mutableEntityStorage.remove.entity.ms,1787734620039000000,1787734680045000000,0
jps.library.entities.serializer.load.entities.ms,1787734620039000000,1787734680045000000,282
workspaceModel.moduleManagerBridge.load.all.modules.ms,1787734620039000000,1787734680045000000,133
jps.global.get.library.ms,1787734620039000000,1787734680045000000,0
jps.save.changed.project.entities.ms,1787734620039000000,1787734680045000000,1
workspaceModel.mutableEntityStorage.add.entity.ms,1787734620039000000,1787734680045000000,295
jps.library.entities.serializer.save.entities.ms,1787734620039000000,1787734680045000000,0
workspaceModel.global.updates.count,1787734620039000000,1787734680045000000,0
workspaceModel.moduleManagerBridge.build.module.graph.ms,1787734620039000000,1787734680045000000,1
workspaceModel.moduleBridge.before.changed.ms,1787734620039000000,1787734680045000000,0
jps.module.iml.entities.serializer.load.entities.ms,1787734620039000000,1787734680045000000,397
workspaceModel.sync.entities.ms,1787734620039000000,1787734680045000000,0
workspaceModel.moduleManagerBridge.get.modules.ms,1787734620039000000,1787734680045000000,4
jps.artifact.entities.serializer.load.entities.ms,1787734620039000000,1787734680045000000,0
jps.global.handle.before.change.events.ms,1787734620039000000,1787734680045000000,0
workspaceModel.mutableEntityStorage.entities.by.source.ms,1787734620039000000,1787734680045000000,17
workspaceModel.moduleBridge.update.option.ms,1787734620039000000,1787734680045000000,0
workspaceModel.global.updates.ms,1787734620039000000,1787734680045000000,0
workspaceModel.mutableEntityStorage.mutable.vfurl.index.ms,1787734620039000000,1787734680045000000,0
workspaceModel.mutableEntityStorage.resolve.ms,1787734620039000000,1787734680045000000,0
jps.apply.loaded.storage.ms,1787734620039000000,1787734680045000000,772
jps.facet.change.listener.before.change.events.ms,1787734620039000000,1787734680045000000,0
jps.load.project.to.empty.storage.ms,1787734620039000000,1787734680045000000,835
jps.global.get.libraries.ms,1787734620039000000,1787734680045000000,8
workspaceModel.delayed.project.synchronizer.sync.ms,1787734620039000000,1787734680045000000,1669
jps.reload.project.entities.ms,1787734620039000000,1787734680045000000,0
workspaceModel.global.apply.state.to.project.builder.ms,1787734620039000000,1787734680045000000,3
workspaceModel.global.apply.state.to.project.ms,1787734620039000000,1787734680045000000,48
workspaceModel.moduleManagerBridge.load.module.ms,1787734620039000000,1787734680045000000,0
workspaceModel.mutableEntityStorage.has.same.entities.ms,1787734620039000000,1787734680045000000,0
workspaceModel.mutableEntityStorage.collect.changes.ms,1787734620039000000,1787734680045000000,0
jps.project.serializers.save.ms,1787734620039000000,1787734680045000000,1
workspaceModel.mutableEntityStorage.referrers.ms,1787734620039000000,1787734680045000000,0
workspaceModel.moduleManagerBridge.create.module.instance.ms,1787734620039000000,1787734680045000000,0
workspaceModel.mutableEntityStorage.put.entity.ms,1787734620039000000,1787734680045000000,95
workspaceModel.mutableEntityStorage.entities.ms,1787734620039000000,1787734680045000000,1
workspaceModel.load.cache.from.file.ms,1787734620039000000,1787734680045000000,300
jps.load.initial.state.ms,1787734620039000000,1787734680045000000,9
workspaceModel.mutableEntityStorage.modify.entity.ms,1787734620039000000,1787734680045000000,140
workspaceModel.moduleBridgeLoader.loading.modules.ms,1787734620039000000,1787734680045000000,862
jps.app.storage.content.writer.save.component.ms,1787734620039000000,1787734680045000000,0
jps.save.global.entities.ms,1787734620039000000,1787734680045000000,37
workspaceModel.moduleBridge.facet.initialization.ms,1787734620039000000,1787734680045000000,0
workspaceModel.orphan.listener.update.ms,1787734620039000000,1787734680045000000,19
jps.global.handle.changed.events.ms,1787734620039000000,1787734680045000000,0
jps.project.serializers.load.ms,1787734620039000000,1787734680045000000,736
jps.global.initialize.library.bridges.after.loading.ms,1787734620039000000,1787734680045000000,0
jps.storage.jps.conf.reader.load.component.ms,1787734620039000000,1787734680045000000,284
workspaceModel.moduleManagerBridge.newModule.ms,1787734620039000000,1787734680045000000,0
workspaceModel.mutableEntityStorage.add.diff.ms,1787734620039000000,1787734680045000000,210
workspaceModel.moduleManagerBridge.set.unloadedModules.ms,1787734620039000000,1787734680045000000,0
workspaceModel.moduleManagerBridge.new.nonPersistent.module.ms,1787734620039000000,1787734680045000000,0
jps.app.storage.content.reader.load.component.ms,1787734620039000000,1787734680045000000,0
jps.global.get.library.by.name.ms,1787734620039000000,1787734680045000000,0
jps.global.initialize.library.bridges.ms,1787734620039000000,1787734680045000000,0
workspaceModel.mutableEntityStorage.mutable.ext.mapping.ms,1787734620039000000,1787734680045000000,1
workspaceModel.mutableEntityStorage.replace.by.source.ms,1787734620039000000,1787734680045000000,270
jps.module.iml.entities.serializer.save.entities.ms,1787734620039000000,1787734680045000000,0
jps.facet.change.listener.init.bridge.ms,1787734620039000000,1787734680045000000,0
workspaceModel.save.cache.to.file.ms,1787734620039000000,1787734680045000000,575
jps.artifact.entities.serializer.save.entities.ms,1787734620039000000,1787734680045000000,0
AWTEventQueue.eventsDispatched,1787734620039000000,1787734680045000000,3528
NonBlockingReadAction.failedExecutionsCount,1787734620039000000,1787734680045000000,0
FlushQueue.waitingTimeAvgNs,1787734620039000000,1787734680045000000,342586.6666666667
AWTEventQueue.dispatchTime90PNs,1787734620039000000,1787734680045000000,255999
FlushQueue.queueSize90P,1787734620039000000,1787734680045000000,0
NonBlockingReadAction.finalizedExecutionsCount,1787734620039000000,1787734680045000000,257
FlushQueue.queueSizeMax,1787734620039000000,1787734680045000000,0
NonBlockingReadAction.finalizedExecutionTimeUs,1787734620039000000,1787734680045000000,3134945
NonBlockingReadAction.failedExecutionTimeUs,1787734620039000000,1787734680045000000,0
AWTEventQueue.dispatchTimeTotalNS,1787734620039000000,1787734680045000000,701634116
AWTEventQueue.dispatchTimeMaxNs,1787734620039000000,1787734680045000000,38010879
FlushQueue.executionTime90PNs,1787734620039000000,1787734680045000000,434175
FlushQueue.waitingTimeMaxNs,1787734620039000000,1787734680045000000,5177343
FlushQueue.executionTimeAvgNs,1787734620039000000,1787734680045000000,265374.93333333335
AWTEventQueue.dispatchTimeAvgNs,1787734620039000000,1787734680045000000,198751.84126984127
FlushQueue.queueSizeAvg,1787734620039000000,1787734680045000000,0.0
FlushQueue.executionTimeMaxNs,1787734620039000000,1787734680045000000,5275647
FlushQueue.tasksExecuted,1787734620039000000,1787734680045000000,120
FlushQueue.waitingTime90PNs,1787734620039000000,1787734680045000000,448511
workspaceModel.initializing.ms,1787734680045000000,1787734740051000000,3
workspaceModel.updates.precise.ms,1787734680045000000,1787734740051000000,289
workspaceModel.update.unloaded.entities.ms,1787734680045000000,1787734740051000000,0
workspaceModel.loading.from.cache.ms,1787734680045000000,1787734740051000000,302
workspaceModel.check.recursive.update.ms,1787734680045000000,1787734740051000000,2
workspaceModel.pre.handlers.ms,1787734680045000000,1787734740051000000,0
workspaceModel.replace.project.model.ms,1787734680045000000,1787734740051000000,0
workspaceModel.updates.count,1787734680045000000,1787734740051000000,5
workspaceModel.updates.ms,1787734680045000000,1787734740051000000,396
workspaceModel.collect.changes.ms,1787734680045000000,1787734740051000000,0
workspaceModel.to.snapshot.ms,1787734680045000000,1787734740051000000,11
workspaceModel.init.bridges.ms,1787734680045000000,1787734740051000000,3
workspaceModel.loading.total.ms,1787734680045000000,1787734740051000000,318
FileNameCache.queries,1787734680045000000,1787734740051000000,128
FileNameCache.fastMisses,1787734680045000000,1787734740051000000,4
FileNameCache.totalMisses,1787734680045000000,1787734740051000000,0
JVM.maxHeapBytes,1787734680045000000,1787734740051000000,2147483648
JVM.threadCount,1787734680045000000,1787734740051000000,60
JVM.maxNativeBytes,1787734680045000000,1787734740051000000,-1
JVM.totalCpuTimeMs,1787734680045000000,1787734740051000000,7238
JVM.GC.collectionTimesMs,1787734680045000000,1787734740051000000,0
JVM.GC.collections,1787734680045000000,1787734740051000000,0
OS.loadAverage,1787734680045000000,1787734740051000000,5.3056640625
JVM.usedNativeBytes,1787734680045000000,1787734740051000000,393367296
JVM.usedHeapBytes,1787734680045000000,1787734740051000000,311308952
FilePageCache.totalPageLoadsUs,1787734680045000000,1787734740051000000,0
StreamlinedBlobStorage.totalLiveRecordsCapacityBytes,1787734680045000000,1787734740051000000,0
DirectByteBufferAllocator.totalSizeOfBuffersAllocatedInBytes,1787734680045000000,1787734740051000000,297877504
StorageLockContext.competingThreads.90P,1787734680045000000,1787734740051000000,0
DirectByteBufferAllocator.disposed,1787734680045000000,1787734740051000000,0
FilePageCache.maxCacheSizeInBytes,1787734680045000000,1787734740051000000,297877504
StorageLockContext.competingThreads.avg,1787734680045000000,1787734740051000000,0.0
DirectByteBufferAllocator.reclaimed,1787734680045000000,1787734740051000000,0
DirectByteBufferAllocator.hits,1787734680045000000,1787734740051000000,0
FilePageCache.pageFastCacheHits,1787734680045000000,1787734740051000000,0
FilePageCache.pageLoads,1787734680045000000,1787734740051000000,0
StreamlinedBlobStorage.totalLiveRecordsPayloadBytes,1787734680045000000,1787734740051000000,0
StreamlinedBlobStorage.recordsAllocated,1787734680045000000,1787734740051000000,0
FilePageCache.pageLoadsAboveSizeThreshold,1787734680045000000,1787734740051000000,0
DirectByteBufferAllocator.misses,1787734680045000000,1787734740051000000,0
FilePageCache.disposedBuffers,1787734680045000000,1787734740051000000,0
FilePageCache.pageHits,1787734680045000000,1787734740051000000,0
StorageLockContext.competingThreads.max,1787734680045000000,1787734740051000000,0
DirectByteBufferAllocator.totalSizeOfBuffersCachedInBytes,1787734680045000000,1787734740051000000,0
FilePageCache.capacityInBytes,1787734680045000000,1787734740051000000,524288000
StreamlinedBlobStorage.recordsDeleted,1787734680045000000,1787734740051000000,0
StreamlinedBlobStorage.recordsRelocated,1787734680045000000,1787734740051000000,0
FilePageCache.uncachedFileAccess,1787734680045000000,1787734740051000000,0
FilePageCache.maxRegisteredFiles,1787734680045000000,1787734740051000000,617
FilePageCache.totalPageDisposalsUs,1787734680045000000,1787734740051000000,0
Indexes.allKeys.lookupDurationAvgMs,1787734680045000000,1787734740051000000,0.0
VFSFlusher.totalContentionQuotaSpent,1787734680045000000,1787734740051000000,0
Indexes.entries.lookups,1787734680045000000,1787734740051000000,0.0
IndexesFlusher.totalFlushesRetried,1787734680045000000,1787734740051000000,0
IndexesFlusher.totalContentionQuotaSpent,1787734680045000000,1787734740051000000,0
VFSFlusher.totalFlushes,1787734680045000000,1787734740051000000,0
Indexes.stubs.lookupDuration90PMs,1787734680045000000,1787734740051000000,0.0
Indexes.allKeys.lookupDuration90PMs,1787734680045000000,1787734740051000000,0.0
Indexes.entries.lookupDurationAvgMs,1787734680045000000,1787734740051000000,0.0
Indexes.stubs.lookupDurationMaxMs,1787734680045000000,1787734740051000000,0.0
Indexes.stubs.lookups,1787734680045000000,1787734740051000000,0.0
Indexes.entries.lookupDurationMaxMs,1787734680045000000,1787734740051000000,0.0
IndexesFlusher.totalFlushes,1787734680045000000,1787734740051000000,58
Indexes.allKeys.lookups,1787734680045000000,1787734740051000000,0.0
IndexesFlusher.totalFlushingTimeUs,1787734680045000000,1787734740051000000,792553
VFSFlusher.totalFlushingTimeUs,1787734680045000000,1787734740051000000,0
Indexes.stubs.lookupDurationAvgMs,1787734680045000000,1787734740051000000,0.0
VFSFlusher.totalFlushesRetried,1787734680045000000,1787734740051000000,0
Indexes.allKeys.lookupDurationMaxMs,1787734680045000000,1787734740051000000,0.0
Indexes.entries.lookupDuration90PMs,1787734680045000000,1787734740051000000,0.0
jps.facet.change.listener.process.change.events.ms,1787734680045000000,1787734740051000000,0
workspaceModel.mutableEntityStorage.to.snapshot.ms,1787734680045000000,1787734740051000000,13
workspaceModel.mutableEntityStorage.remove.entity.ms,1787734680045000000,1787734740051000000,0
jps.library.entities.serializer.load.entities.ms,1787734680045000000,1787734740051000000,282
workspaceModel.moduleManagerBridge.load.all.modules.ms,1787734680045000000,1787734740051000000,133
jps.global.get.library.ms,1787734680045000000,1787734740051000000,0
jps.save.changed.project.entities.ms,1787734680045000000,1787734740051000000,1
workspaceModel.mutableEntityStorage.add.entity.ms,1787734680045000000,1787734740051000000,295
jps.library.entities.serializer.save.entities.ms,1787734680045000000,1787734740051000000,0
workspaceModel.global.updates.count,1787734680045000000,1787734740051000000,0
workspaceModel.moduleManagerBridge.build.module.graph.ms,1787734680045000000,1787734740051000000,1
workspaceModel.moduleBridge.before.changed.ms,1787734680045000000,1787734740051000000,0
jps.module.iml.entities.serializer.load.entities.ms,1787734680045000000,1787734740051000000,397
workspaceModel.sync.entities.ms,1787734680045000000,1787734740051000000,0
workspaceModel.moduleManagerBridge.get.modules.ms,1787734680045000000,1787734740051000000,4
jps.artifact.entities.serializer.load.entities.ms,1787734680045000000,1787734740051000000,0
jps.global.handle.before.change.events.ms,1787734680045000000,1787734740051000000,0
workspaceModel.mutableEntityStorage.entities.by.source.ms,1787734680045000000,1787734740051000000,17
workspaceModel.moduleBridge.update.option.ms,1787734680045000000,1787734740051000000,0
workspaceModel.global.updates.ms,1787734680045000000,1787734740051000000,0
workspaceModel.mutableEntityStorage.mutable.vfurl.index.ms,1787734680045000000,1787734740051000000,0
workspaceModel.mutableEntityStorage.resolve.ms,1787734680045000000,1787734740051000000,0
jps.apply.loaded.storage.ms,1787734680045000000,1787734740051000000,772
jps.facet.change.listener.before.change.events.ms,1787734680045000000,1787734740051000000,0
jps.load.project.to.empty.storage.ms,1787734680045000000,1787734740051000000,835
jps.global.get.libraries.ms,1787734680045000000,1787734740051000000,8
workspaceModel.delayed.project.synchronizer.sync.ms,1787734680045000000,1787734740051000000,1669
jps.reload.project.entities.ms,1787734680045000000,1787734740051000000,0
workspaceModel.global.apply.state.to.project.builder.ms,1787734680045000000,1787734740051000000,3
workspaceModel.global.apply.state.to.project.ms,1787734680045000000,1787734740051000000,48
workspaceModel.moduleManagerBridge.load.module.ms,1787734680045000000,1787734740051000000,0
workspaceModel.mutableEntityStorage.has.same.entities.ms,1787734680045000000,1787734740051000000,0
workspaceModel.mutableEntityStorage.collect.changes.ms,1787734680045000000,1787734740051000000,0
jps.project.serializers.save.ms,1787734680045000000,1787734740051000000,1
workspaceModel.mutableEntityStorage.referrers.ms,1787734680045000000,1787734740051000000,0
workspaceModel.moduleManagerBridge.create.module.instance.ms,1787734680045000000,1787734740051000000,0
workspaceModel.mutableEntityStorage.put.entity.ms,1787734680045000000,1787734740051000000,95
workspaceModel.mutableEntityStorage.entities.ms,1787734680045000000,1787734740051000000,1
workspaceModel.load.cache.from.file.ms,1787734680045000000,1787734740051000000,300
jps.load.initial.state.ms,1787734680045000000,1787734740051000000,9
workspaceModel.mutableEntityStorage.modify.entity.ms,1787734680045000000,1787734740051000000,140
workspaceModel.moduleBridgeLoader.loading.modules.ms,1787734680045000000,1787734740051000000,862
jps.app.storage.content.writer.save.component.ms,1787734680045000000,1787734740051000000,0
jps.save.global.entities.ms,1787734680045000000,1787734740051000000,37
workspaceModel.moduleBridge.facet.initialization.ms,1787734680045000000,1787734740051000000,0
workspaceModel.orphan.listener.update.ms,1787734680045000000,1787734740051000000,19
jps.global.handle.changed.events.ms,1787734680045000000,1787734740051000000,0
jps.project.serializers.load.ms,1787734680045000000,1787734740051000000,736
jps.global.initialize.library.bridges.after.loading.ms,1787734680045000000,1787734740051000000,0
jps.storage.jps.conf.reader.load.component.ms,1787734680045000000,1787734740051000000,284
workspaceModel.moduleManagerBridge.newModule.ms,1787734680045000000,1787734740051000000,0
workspaceModel.mutableEntityStorage.add.diff.ms,1787734680045000000,1787734740051000000,210
workspaceModel.moduleManagerBridge.set.unloadedModules.ms,1787734680045000000,1787734740051000000,0
workspaceModel.moduleManagerBridge.new.nonPersistent.module.ms,1787734680045000000,1787734740051000000,0
jps.app.storage.content.reader.load.component.ms,1787734680045000000,1787734740051000000,0
jps.global.get.library.by.name.ms,1787734680045000000,1787734740051000000,0
jps.global.initialize.library.bridges.ms,1787734680045000000,1787734740051000000,0
workspaceModel.mutableEntityStorage.mutable.ext.mapping.ms,1787734680045000000,1787734740051000000,1
workspaceModel.mutableEntityStorage.replace.by.source.ms,1787734680045000000,1787734740051000000,270
jps.module.iml.entities.serializer.save.entities.ms,1787734680045000000,1787734740051000000,0
jps.facet.change.listener.init.bridge.ms,1787734680045000000,1787734740051000000,0
workspaceModel.save.cache.to.file.ms,1787734680045000000,1787734740051000000,575
jps.artifact.entities.serializer.save.entities.ms,1787734680045000000,1787734740051000000,0
AWTEventQueue.eventsDispatched,1787734680045000000,1787734740051000000,3611
NonBlockingReadAction.failedExecutionsCount,1787734680045000000,1787734740051000000,0
FlushQueue.waitingTimeAvgNs,1787734680045000000,1787734740051000000,367606.47933884297
AWTEventQueue.dispatchTime90PNs,1787734680045000000,1787734740051000000,247807
FlushQueue.queueSize90P,1787734680045000000,1787734740051000000,0
NonBlockingReadAction.finalizedExecutionsCount,1787734680045000000,1787734740051000000,0
FlushQueue.queueSizeMax,1787734680045000000,1787734740051000000,0
NonBlockingReadAction.finalizedExecutionTimeUs,1787734680045000000,1787734740051000000,0
NonBlockingReadAction.failedExecutionTimeUs,1787734680045000000,1787734740051000000,0
AWTEventQueue.dispatchTimeTotalNS,1787734680045000000,1787734740051000000,808828298
AWTEventQueue.dispatchTimeMaxNs,1787734680045000000,1787734740051000000,74973183
FlushQueue.executionTime90PNs,1787734680045000000,1787734740051000000,536575
FlushQueue.waitingTimeMaxNs,1787734680045000000,1787734740051000000,2768895
FlushQueue.executionTimeAvgNs,1787734680045000000,1787734740051000000,306016.2644628099
AWTEventQueue.dispatchTimeAvgNs,1787734680045000000,1787734740051000000,223976.08640265855
FlushQueue.queueSizeAvg,1787734680045000000,1787734740051000000,0.0
FlushQueue.executionTimeMaxNs,1787734680045000000,1787734740051000000,5177343
FlushQueue.tasksExecuted,1787734680045000000,1787734740051000000,121
FlushQueue.waitingTime90PNs,1787734680045000000,1787734740051000000,569343
workspaceModel.initializing.ms,1787734740051000000,1787734800043000000,3
workspaceModel.updates.precise.ms,1787734740051000000,1787734800043000000,289
workspaceModel.update.unloaded.entities.ms,1787734740051000000,1787734800043000000,0
workspaceModel.loading.from.cache.ms,1787734740051000000,1787734800043000000,302
workspaceModel.check.recursive.update.ms,1787734740051000000,1787734800043000000,2
workspaceModel.pre.handlers.ms,1787734740051000000,1787734800043000000,0
workspaceModel.replace.project.model.ms,1787734740051000000,1787734800043000000,0
workspaceModel.updates.count,1787734740051000000,1787734800043000000,5
workspaceModel.updates.ms,1787734740051000000,1787734800043000000,396
workspaceModel.collect.changes.ms,1787734740051000000,1787734800043000000,0
workspaceModel.to.snapshot.ms,1787734740051000000,1787734800043000000,11
workspaceModel.init.bridges.ms,1787734740051000000,1787734800043000000,3
workspaceModel.loading.total.ms,1787734740051000000,1787734800043000000,318
FileNameCache.queries,1787734740051000000,1787734800043000000,36
FileNameCache.fastMisses,1787734740051000000,1787734800043000000,5
FileNameCache.totalMisses,1787734740051000000,1787734800043000000,0
JVM.maxHeapBytes,1787734740051000000,1787734800043000000,2147483648
JVM.threadCount,1787734740051000000,1787734800043000000,51
JVM.maxNativeBytes,1787734740051000000,1787734800043000000,-1
JVM.totalCpuTimeMs,1787734740051000000,1787734800043000000,5367
JVM.GC.collectionTimesMs,1787734740051000000,1787734800043000000,379
JVM.GC.collections,1787734740051000000,1787734800043000000,2
OS.loadAverage,1787734740051000000,1787734800043000000,5.1083984375
JVM.usedNativeBytes,1787734740051000000,1787734800043000000,393545064
JVM.usedHeapBytes,1787734740051000000,1787734800043000000,192043016
FilePageCache.totalPageLoadsUs,1787734740051000000,1787734800043000000,0
StreamlinedBlobStorage.totalLiveRecordsCapacityBytes,1787734740051000000,1787734800043000000,0
DirectByteBufferAllocator.totalSizeOfBuffersAllocatedInBytes,1787734740051000000,1787734800043000000,297877504
StorageLockContext.competingThreads.90P,1787734740051000000,1787734800043000000,0
DirectByteBufferAllocator.disposed,1787734740051000000,1787734800043000000,0
FilePageCache.maxCacheSizeInBytes,1787734740051000000,1787734800043000000,297877504
StorageLockContext.competingThreads.avg,1787734740051000000,1787734800043000000,0.0
DirectByteBufferAllocator.reclaimed,1787734740051000000,1787734800043000000,0
DirectByteBufferAllocator.hits,1787734740051000000,1787734800043000000,0
FilePageCache.pageFastCacheHits,1787734740051000000,1787734800043000000,0
FilePageCache.pageLoads,1787734740051000000,1787734800043000000,0
StreamlinedBlobStorage.totalLiveRecordsPayloadBytes,1787734740051000000,1787734800043000000,0
StreamlinedBlobStorage.recordsAllocated,1787734740051000000,1787734800043000000,0
FilePageCache.pageLoadsAboveSizeThreshold,1787734740051000000,1787734800043000000,0
DirectByteBufferAllocator.misses,1787734740051000000,1787734800043000000,0
FilePageCache.disposedBuffers,1787734740051000000,1787734800043000000,0
FilePageCache.pageHits,1787734740051000000,1787734800043000000,0
StorageLockContext.competingThreads.max,1787734740051000000,1787734800043000000,0
DirectByteBufferAllocator.totalSizeOfBuffersCachedInBytes,1787734740051000000,1787734800043000000,0
FilePageCache.capacityInBytes,1787734740051000000,1787734800043000000,524288000
StreamlinedBlobStorage.recordsDeleted,1787734740051000000,1787734800043000000,0
StreamlinedBlobStorage.recordsRelocated,1787734740051000000,1787734800043000000,0
FilePageCache.uncachedFileAccess,1787734740051000000,1787734800043000000,0
FilePageCache.maxRegisteredFiles,1787734740051000000,1787734800043000000,617
FilePageCache.totalPageDisposalsUs,1787734740051000000,1787734800043000000,0
Indexes.allKeys.lookupDurationAvgMs,1787734740051000000,1787734800043000000,0.0
VFSFlusher.totalContentionQuotaSpent,1787734740051000000,1787734800043000000,0
Indexes.entries.lookups,1787734740051000000,1787734800043000000,0.0
IndexesFlusher.totalFlushesRetried,1787734740051000000,1787734800043000000,0
IndexesFlusher.totalContentionQuotaSpent,1787734740051000000,1787734800043000000,0
VFSFlusher.totalFlushes,1787734740051000000,1787734800043000000,0
Indexes.stubs.lookupDuration90PMs,1787734740051000000,1787734800043000000,0.0
Indexes.allKeys.lookupDuration90PMs,1787734740051000000,1787734800043000000,0.0
Indexes.entries.lookupDurationAvgMs,1787734740051000000,1787734800043000000,0.0
Indexes.stubs.lookupDurationMaxMs,1787734740051000000,1787734800043000000,0.0
Indexes.stubs.lookups,1787734740051000000,1787734800043000000,0.0
Indexes.entries.lookupDurationMaxMs,1787734740051000000,1787734800043000000,0.0
IndexesFlusher.totalFlushes,1787734740051000000,1787734800043000000,59
Indexes.allKeys.lookups,1787734740051000000,1787734800043000000,0.0
IndexesFlusher.totalFlushingTimeUs,1787734740051000000,1787734800043000000,631522
VFSFlusher.totalFlushingTimeUs,1787734740051000000,1787734800043000000,0
Indexes.stubs.lookupDurationAvgMs,1787734740051000000,1787734800043000000,0.0
VFSFlusher.totalFlushesRetried,1787734740051000000,1787734800043000000,0
Indexes.allKeys.lookupDurationMaxMs,1787734740051000000,1787734800043000000,0.0
Indexes.entries.lookupDuration90PMs,1787734740051000000,1787734800043000000,0.0
jps.facet.change.listener.process.change.events.ms,1787734740051000000,1787734800043000000,0
workspaceModel.mutableEntityStorage.to.snapshot.ms,1787734740051000000,1787734800043000000,13
workspaceModel.mutableEntityStorage.remove.entity.ms,1787734740051000000,1787734800043000000,0
jps.library.entities.serializer.load.entities.ms,1787734740051000000,1787734800043000000,282
workspaceModel.moduleManagerBridge.load.all.modules.ms,1787734740051000000,1787734800043000000,133
jps.global.get.library.ms,1787734740051000000,1787734800043000000,0
jps.save.changed.project.entities.ms,1787734740051000000,1787734800043000000,1
workspaceModel.mutableEntityStorage.add.entity.ms,1787734740051000000,1787734800043000000,295
jps.library.entities.serializer.save.entities.ms,1787734740051000000,1787734800043000000,0
workspaceModel.global.updates.count,1787734740051000000,1787734800043000000,0
workspaceModel.moduleManagerBridge.build.module.graph.ms,1787734740051000000,1787734800043000000,1
workspaceModel.moduleBridge.before.changed.ms,1787734740051000000,1787734800043000000,0
jps.module.iml.entities.serializer.load.entities.ms,1787734740051000000,1787734800043000000,397
workspaceModel.sync.entities.ms,1787734740051000000,1787734800043000000,0
workspaceModel.moduleManagerBridge.get.modules.ms,1787734740051000000,1787734800043000000,4
jps.artifact.entities.serializer.load.entities.ms,1787734740051000000,1787734800043000000,0
jps.global.handle.before.change.events.ms,1787734740051000000,1787734800043000000,0
workspaceModel.mutableEntityStorage.entities.by.source.ms,1787734740051000000,1787734800043000000,17
workspaceModel.moduleBridge.update.option.ms,1787734740051000000,1787734800043000000,0
workspaceModel.global.updates.ms,1787734740051000000,1787734800043000000,0
workspaceModel.mutableEntityStorage.mutable.vfurl.index.ms,1787734740051000000,1787734800043000000,0
workspaceModel.mutableEntityStorage.resolve.ms,1787734740051000000,1787734800043000000,0
jps.apply.loaded.storage.ms,1787734740051000000,1787734800043000000,772
jps.facet.change.listener.before.change.events.ms,1787734740051000000,1787734800043000000,0
jps.load.project.to.empty.storage.ms,1787734740051000000,1787734800043000000,835
jps.global.get.libraries.ms,1787734740051000000,1787734800043000000,8
workspaceModel.delayed.project.synchronizer.sync.ms,1787734740051000000,1787734800043000000,1669
jps.reload.project.entities.ms,1787734740051000000,1787734800043000000,0
workspaceModel.global.apply.state.to.project.builder.ms,1787734740051000000,1787734800043000000,3
workspaceModel.global.apply.state.to.project.ms,1787734740051000000,1787734800043000000,48
workspaceModel.moduleManagerBridge.load.module.ms,1787734740051000000,1787734800043000000,0
workspaceModel.mutableEntityStorage.has.same.entities.ms,1787734740051000000,1787734800043000000,0
workspaceModel.mutableEntityStorage.collect.changes.ms,1787734740051000000,1787734800043000000,0
jps.project.serializers.save.ms,1787734740051000000,1787734800043000000,1
workspaceModel.mutableEntityStorage.referrers.ms,1787734740051000000,1787734800043000000,0
workspaceModel.moduleManagerBridge.create.module.instance.ms,1787734740051000000,1787734800043000000,0
workspaceModel.mutableEntityStorage.put.entity.ms,1787734740051000000,1787734800043000000,95
workspaceModel.mutableEntityStorage.entities.ms,1787734740051000000,1787734800043000000,1
workspaceModel.load.cache.from.file.ms,1787734740051000000,1787734800043000000,300
jps.load.initial.state.ms,1787734740051000000,1787734800043000000,9
workspaceModel.mutableEntityStorage.modify.entity.ms,1787734740051000000,1787734800043000000,140
workspaceModel.moduleBridgeLoader.loading.modules.ms,1787734740051000000,1787734800043000000,862
jps.app.storage.content.writer.save.component.ms,1787734740051000000,1787734800043000000,0
jps.save.global.entities.ms,1787734740051000000,1787734800043000000,37
workspaceModel.moduleBridge.facet.initialization.ms,1787734740051000000,1787734800043000000,0
workspaceModel.orphan.listener.update.ms,1787734740051000000,1787734800043000000,19
jps.global.handle.changed.events.ms,1787734740051000000,1787734800043000000,0
jps.project.serializers.load.ms,1787734740051000000,1787734800043000000,736
jps.global.initialize.library.bridges.after.loading.ms,1787734740051000000,1787734800043000000,0
jps.storage.jps.conf.reader.load.component.ms,1787734740051000000,1787734800043000000,284
workspaceModel.moduleManagerBridge.newModule.ms,1787734740051000000,1787734800043000000,0
workspaceModel.mutableEntityStorage.add.diff.ms,1787734740051000000,1787734800043000000,210
workspaceModel.moduleManagerBridge.set.unloadedModules.ms,1787734740051000000,1787734800043000000,0
workspaceModel.moduleManagerBridge.new.nonPersistent.module.ms,1787734740051000000,1787734800043000000,0
jps.app.storage.content.reader.load.component.ms,1787734740051000000,1787734800043000000,0
jps.global.get.library.by.name.ms,1787734740051000000,1787734800043000000,0
jps.global.initialize.library.bridges.ms,1787734740051000000,1787734800043000000,0
workspaceModel.mutableEntityStorage.mutable.ext.mapping.ms,1787734740051000000,1787734800043000000,1
workspaceModel.mutableEntityStorage.replace.by.source.ms,1787734740051000000,1787734800043000000,270
jps.module.iml.entities.serializer.save.entities.ms,1787734740051000000,1787734800043000000,0
jps.facet.change.listener.init.bridge.ms,1787734740051000000,1787734800043000000,0
workspaceModel.save.cache.to.file.ms,1787734740051000000,1787734800043000000,575
jps.artifact.entities.serializer.save.entities.ms,1787734740051000000,1787734800043000000,0
AWTEventQueue.eventsDispatched,1787734740051000000,1787734800043000000,3508
NonBlockingReadAction.failedExecutionsCount,1787734740051000000,1787734800043000000,0
FlushQueue.waitingTimeAvgNs,1787734740051000000,1787734800043000000,311650.9090909091
AWTEventQueue.dispatchTime90PNs,1787734740051000000,1787734800043000000,237567
FlushQueue.queueSize90P,1787734740051000000,1787734800043000000,0
NonBlockingReadAction.finalizedExecutionsCount,1787734740051000000,1787734800043000000,0
FlushQueue.queueSizeMax,1787734740051000000,1787734800043000000,0
NonBlockingReadAction.finalizedExecutionTimeUs,1787734740051000000,1787734800043000000,0
NonBlockingReadAction.failedExecutionTimeUs,1787734740051000000,1787734800043000000,0
AWTEventQueue.dispatchTimeTotalNS,1787734740051000000,1787734800043000000,568144148
AWTEventQueue.dispatchTimeMaxNs,1787734740051000000,1787734800043000000,35389439
FlushQueue.executionTime90PNs,1787734740051000000,1787734800043000000,303103
FlushQueue.waitingTimeMaxNs,1787734740051000000,1787734800043000000,2473983
FlushQueue.executionTimeAvgNs,1787734740051000000,1787734800043000000,427983.6033057851
AWTEventQueue.dispatchTimeAvgNs,1787734740051000000,1787734800043000000,161954.55872291903
FlushQueue.queueSizeAvg,1787734740051000000,1787734800043000000,0.0
FlushQueue.executionTimeMaxNs,1787734740051000000,1787734800043000000,34603007
FlushQueue.tasksExecuted,1787734740051000000,1787734800043000000,121
FlushQueue.waitingTime90PNs,1787734740051000000,1787734800043000000,634879
workspaceModel.initializing.ms,1787734800043000000,1787734860046000000,3
workspaceModel.updates.precise.ms,1787734800043000000,1787734860046000000,289
workspaceModel.update.unloaded.entities.ms,1787734800043000000,1787734860046000000,0
workspaceModel.loading.from.cache.ms,1787734800043000000,1787734860046000000,302
workspaceModel.check.recursive.update.ms,1787734800043000000,1787734860046000000,2
workspaceModel.pre.handlers.ms,1787734800043000000,1787734860046000000,0
workspaceModel.replace.project.model.ms,1787734800043000000,1787734860046000000,0
workspaceModel.updates.count,1787734800043000000,1787734860046000000,5
workspaceModel.updates.ms,1787734800043000000,1787734860046000000,396
workspaceModel.collect.changes.ms,1787734800043000000,1787734860046000000,0
workspaceModel.to.snapshot.ms,1787734800043000000,1787734860046000000,11
workspaceModel.init.bridges.ms,1787734800043000000,1787734860046000000,3
workspaceModel.loading.total.ms,1787734800043000000,1787734860046000000,318
FileNameCache.queries,1787734800043000000,1787734860046000000,160912
FileNameCache.fastMisses,1787734800043000000,1787734860046000000,9742
FileNameCache.totalMisses,1787734800043000000,1787734860046000000,0
JVM.maxHeapBytes,1787734800043000000,1787734860046000000,2147483648
JVM.threadCount,1787734800043000000,1787734860046000000,74
JVM.maxNativeBytes,1787734800043000000,1787734860046000000,-1
JVM.totalCpuTimeMs,1787734800043000000,1787734860046000000,43074
JVM.GC.collectionTimesMs,1787734800043000000,1787734860046000000,2196
JVM.GC.collections,1787734800043000000,1787734860046000000,81
OS.loadAverage,1787734800043000000,1787734860046000000,4.32373046875
JVM.usedNativeBytes,1787734800043000000,1787734860046000000,403625440
JVM.usedHeapBytes,1787734800043000000,1787734860046000000,329845992
FilePageCache.totalPageLoadsUs,1787734800043000000,1787734860046000000,192674
StreamlinedBlobStorage.totalLiveRecordsCapacityBytes,1787734800043000000,1787734860046000000,0
DirectByteBufferAllocator.totalSizeOfBuffersAllocatedInBytes,1787734800043000000,1787734860046000000,292634624
StorageLockContext.competingThreads.90P,1787734800043000000,1787734860046000000,0
DirectByteBufferAllocator.disposed,1787734800043000000,1787734860046000000,226
FilePageCache.maxCacheSizeInBytes,1787734800043000000,1787734860046000000,297877504
StorageLockContext.competingThreads.avg,1787734800043000000,1787734860046000000,0.09243697478991597
DirectByteBufferAllocator.reclaimed,1787734800043000000,1787734860046000000,43
DirectByteBufferAllocator.hits,1787734800043000000,1787734860046000000,43
FilePageCache.pageFastCacheHits,1787734800043000000,1787734860046000000,22027
FilePageCache.pageLoads,1787734800043000000,1787734860046000000,264
StreamlinedBlobStorage.totalLiveRecordsPayloadBytes,1787734800043000000,1787734860046000000,-5
StreamlinedBlobStorage.recordsAllocated,1787734800043000000,1787734860046000000,0
FilePageCache.pageLoadsAboveSizeThreshold,1787734800043000000,1787734860046000000,0
DirectByteBufferAllocator.misses,1787734800043000000,1787734860046000000,221
FilePageCache.disposedBuffers,1787734800043000000,1787734860046000000,269
FilePageCache.pageHits,1787734800043000000,1787734860046000000,4
StorageLockContext.competingThreads.max,1787734800043000000,1787734860046000000,11
DirectByteBufferAllocator.totalSizeOfBuffersCachedInBytes,1787734800043000000,1787734860046000000,0
FilePageCache.capacityInBytes,1787734800043000000,1787734860046000000,524288000
StreamlinedBlobStorage.recordsDeleted,1787734800043000000,1787734860046000000,0
StreamlinedBlobStorage.recordsRelocated,1787734800043000000,1787734860046000000,0
FilePageCache.uncachedFileAccess,1787734800043000000,1787734860046000000,133
FilePageCache.maxRegisteredFiles,1787734800043000000,1787734860046000000,620
FilePageCache.totalPageDisposalsUs,1787734800043000000,1787734860046000000,2633
Indexes.allKeys.lookupDurationAvgMs,1787734800043000000,1787734860046000000,0.0
VFSFlusher.totalContentionQuotaSpent,1787734800043000000,1787734860046000000,0
Indexes.entries.lookups,1787734800043000000,1787734860046000000,2.0
IndexesFlusher.totalFlushesRetried,1787734800043000000,1787734860046000000,-2
IndexesFlusher.totalContentionQuotaSpent,1787734800043000000,1787734860046000000,-20
VFSFlusher.totalFlushes,1787734800043000000,1787734860046000000,3
Indexes.stubs.lookupDuration90PMs,1787734800043000000,1787734860046000000,11.0
Indexes.allKeys.lookupDuration90PMs,1787734800043000000,1787734860046000000,0.0
Indexes.entries.lookupDurationAvgMs,1787734800043000000,1787734860046000000,3.0
Indexes.stubs.lookupDurationMaxMs,1787734800043000000,1787734860046000000,31.0
Indexes.stubs.lookups,1787734800043000000,1787734860046000000,32.0
Indexes.entries.lookupDurationMaxMs,1787734800043000000,1787734860046000000,3.0
IndexesFlusher.totalFlushes,1787734800043000000,1787734860046000000,-390
Indexes.allKeys.lookups,1787734800043000000,1787734860046000000,0.0
IndexesFlusher.totalFlushingTimeUs,1787734800043000000,1787734860046000000,-5445327
VFSFlusher.totalFlushingTimeUs,1787734800043000000,1787734860046000000,26996
Indexes.stubs.lookupDurationAvgMs,1787734800043000000,1787734860046000000,3.59375
VFSFlusher.totalFlushesRetried,1787734800043000000,1787734860046000000,0
Indexes.allKeys.lookupDurationMaxMs,1787734800043000000,1787734860046000000,0.0
Indexes.entries.lookupDuration90PMs,1787734800043000000,1787734860046000000,3.0
jps.facet.change.listener.process.change.events.ms,1787734800043000000,1787734860046000000,0
workspaceModel.mutableEntityStorage.to.snapshot.ms,1787734800043000000,1787734860046000000,13
workspaceModel.mutableEntityStorage.remove.entity.ms,1787734800043000000,1787734860046000000,0
jps.library.entities.serializer.load.entities.ms,1787734800043000000,1787734860046000000,282
workspaceModel.moduleManagerBridge.load.all.modules.ms,1787734800043000000,1787734860046000000,133
jps.global.get.library.ms,1787734800043000000,1787734860046000000,0
jps.save.changed.project.entities.ms,1787734800043000000,1787734860046000000,5
workspaceModel.mutableEntityStorage.add.entity.ms,1787734800043000000,1787734860046000000,295
jps.library.entities.serializer.save.entities.ms,1787734800043000000,1787734860046000000,0
workspaceModel.global.updates.count,1787734800043000000,1787734860046000000,0
workspaceModel.moduleManagerBridge.build.module.graph.ms,1787734800043000000,1787734860046000000,1
workspaceModel.moduleBridge.before.changed.ms,1787734800043000000,1787734860046000000,0
jps.module.iml.entities.serializer.load.entities.ms,1787734800043000000,1787734860046000000,397
workspaceModel.sync.entities.ms,1787734800043000000,1787734860046000000,0
workspaceModel.moduleManagerBridge.get.modules.ms,1787734800043000000,1787734860046000000,4
jps.artifact.entities.serializer.load.entities.ms,1787734800043000000,1787734860046000000,0
jps.global.handle.before.change.events.ms,1787734800043000000,1787734860046000000,0
workspaceModel.mutableEntityStorage.entities.by.source.ms,1787734800043000000,1787734860046000000,17
workspaceModel.moduleBridge.update.option.ms,1787734800043000000,1787734860046000000,0
workspaceModel.global.updates.ms,1787734800043000000,1787734860046000000,0
workspaceModel.mutableEntityStorage.mutable.vfurl.index.ms,1787734800043000000,1787734860046000000,0
workspaceModel.mutableEntityStorage.resolve.ms,1787734800043000000,1787734860046000000,0
jps.apply.loaded.storage.ms,1787734800043000000,1787734860046000000,772
jps.facet.change.listener.before.change.events.ms,1787734800043000000,1787734860046000000,0
jps.load.project.to.empty.storage.ms,1787734800043000000,1787734860046000000,835
jps.global.get.libraries.ms,1787734800043000000,1787734860046000000,8
workspaceModel.delayed.project.synchronizer.sync.ms,1787734800043000000,1787734860046000000,1669
jps.reload.project.entities.ms,1787734800043000000,1787734860046000000,0
workspaceModel.global.apply.state.to.project.builder.ms,1787734800043000000,1787734860046000000,3
workspaceModel.global.apply.state.to.project.ms,1787734800043000000,1787734860046000000,48
workspaceModel.moduleManagerBridge.load.module.ms,1787734800043000000,1787734860046000000,0
workspaceModel.mutableEntityStorage.has.same.entities.ms,1787734800043000000,1787734860046000000,0
workspaceModel.mutableEntityStorage.collect.changes.ms,1787734800043000000,1787734860046000000,0
jps.project.serializers.save.ms,1787734800043000000,1787734860046000000,3
workspaceModel.mutableEntityStorage.referrers.ms,1787734800043000000,1787734860046000000,0
workspaceModel.moduleManagerBridge.create.module.instance.ms,1787734800043000000,1787734860046000000,0
workspaceModel.mutableEntityStorage.put.entity.ms,1787734800043000000,1787734860046000000,95
workspaceModel.mutableEntityStorage.entities.ms,1787734800043000000,1787734860046000000,1
workspaceModel.load.cache.from.file.ms,1787734800043000000,1787734860046000000,300
jps.load.initial.state.ms,1787734800043000000,1787734860046000000,9
workspaceModel.mutableEntityStorage.modify.entity.ms,1787734800043000000,1787734860046000000,140
workspaceModel.moduleBridgeLoader.loading.modules.ms,1787734800043000000,1787734860046000000,862
jps.app.storage.content.writer.save.component.ms,1787734800043000000,1787734860046000000,0
jps.save.global.entities.ms,1787734800043000000,1787734860046000000,65
workspaceModel.moduleBridge.facet.initialization.ms,1787734800043000000,1787734860046000000,0
workspaceModel.orphan.listener.update.ms,1787734800043000000,1787734860046000000,19
jps.global.handle.changed.events.ms,1787734800043000000,1787734860046000000,0
jps.project.serializers.load.ms,1787734800043000000,1787734860046000000,736
jps.global.initialize.library.bridges.after.loading.ms,1787734800043000000,1787734860046000000,0
jps.storage.jps.conf.reader.load.component.ms,1787734800043000000,1787734860046000000,284
workspaceModel.moduleManagerBridge.newModule.ms,1787734800043000000,1787734860046000000,0
workspaceModel.mutableEntityStorage.add.diff.ms,1787734800043000000,1787734860046000000,210
workspaceModel.moduleManagerBridge.set.unloadedModules.ms,1787734800043000000,1787734860046000000,0
workspaceModel.moduleManagerBridge.new.nonPersistent.module.ms,1787734800043000000,1787734860046000000,0
jps.app.storage.content.reader.load.component.ms,1787734800043000000,1787734860046000000,0
jps.global.get.library.by.name.ms,1787734800043000000,1787734860046000000,0
jps.global.initialize.library.bridges.ms,1787734800043000000,1787734860046000000,0
workspaceModel.mutableEntityStorage.mutable.ext.mapping.ms,1787734800043000000,1787734860046000000,1
workspaceModel.mutableEntityStorage.replace.by.source.ms,1787734800043000000,1787734860046000000,270
jps.module.iml.entities.serializer.save.entities.ms,1787734800043000000,1787734860046000000,0
jps.facet.change.listener.init.bridge.ms,1787734800043000000,1787734860046000000,0
workspaceModel.save.cache.to.file.ms,1787734800043000000,1787734860046000000,575
jps.artifact.entities.serializer.save.entities.ms,1787734800043000000,1787734860046000000,0
AWTEventQueue.eventsDispatched,1787734800043000000,1787734860046000000,4844
NonBlockingReadAction.failedExecutionsCount,1787734800043000000,1787734860046000000,1
FlushQueue.waitingTimeAvgNs,1787734800043000000,1787734860046000000,3.1787659203174603E8
AWTEventQueue.dispatchTime90PNs,1787734800043000000,1787734860046000000,970751
FlushQueue.queueSize90P,1787734800043000000,1787734860046000000,34
NonBlockingReadAction.finalizedExecutionsCount,1787734800043000000,1787734860046000000,27
FlushQueue.queueSizeMax,1787734800043000000,1787734860046000000,69
NonBlockingReadAction.finalizedExecutionTimeUs,1787734800043000000,1787734860046000000,1001034
NonBlockingReadAction.failedExecutionTimeUs,1787734800043000000,1787734860046000000,4368
AWTEventQueue.dispatchTimeTotalNS,1787734800043000000,1787734860046000000,12921711680
AWTEventQueue.dispatchTimeMaxNs,1787734800043000000,1787734860046000000,5972688895
FlushQueue.executionTime90PNs,1787734800043000000,1787734860046000000,3555327
FlushQueue.waitingTimeMaxNs,1787734800043000000,1787734860046000000,7113539583
FlushQueue.executionTimeAvgNs,1787734800043000000,1787734860046000000,1.355318913605442E7
AWTEventQueue.dispatchTimeAvgNs,1787734800043000000,1787734860046000000,2669440.944673823
FlushQueue.queueSizeAvg,1787734800043000000,1787734860046000000,11.53968253968254
FlushQueue.executionTimeMaxNs,1787734800043000000,1787734860046000000,10267656191
FlushQueue.tasksExecuted,1787734800043000000,1787734860046000000,882
FlushQueue.waitingTime90PNs,1787734800043000000,1787734860046000000,530579455
workspaceModel.initializing.ms,1787734860046000000,1787734920043000000,3
workspaceModel.updates.precise.ms,1787734860046000000,1787734920043000000,289
workspaceModel.update.unloaded.entities.ms,1787734860046000000,1787734920043000000,0
workspaceModel.loading.from.cache.ms,1787734860046000000,1787734920043000000,302
workspaceModel.check.recursive.update.ms,1787734860046000000,1787734920043000000,2
workspaceModel.pre.handlers.ms,1787734860046000000,1787734920043000000,0
workspaceModel.replace.project.model.ms,1787734860046000000,1787734920043000000,0
workspaceModel.updates.count,1787734860046000000,1787734920043000000,5
workspaceModel.updates.ms,1787734860046000000,1787734920043000000,396
workspaceModel.collect.changes.ms,1787734860046000000,1787734920043000000,0
workspaceModel.to.snapshot.ms,1787734860046000000,1787734920043000000,11
workspaceModel.init.bridges.ms,1787734860046000000,1787734920043000000,3
workspaceModel.loading.total.ms,1787734860046000000,1787734920043000000,318
FileNameCache.queries,1787734860046000000,1787734920043000000,0
FileNameCache.fastMisses,1787734860046000000,1787734920043000000,0
FileNameCache.totalMisses,1787734860046000000,1787734920043000000,0
JVM.maxHeapBytes,1787734860046000000,1787734920043000000,2147483648
JVM.threadCount,1787734860046000000,1787734920043000000,51
JVM.maxNativeBytes,1787734860046000000,1787734920043000000,-1
JVM.totalCpuTimeMs,1787734860046000000,1787734920043000000,5280
JVM.GC.collectionTimesMs,1787734860046000000,1787734920043000000,0
JVM.GC.collections,1787734860046000000,1787734920043000000,0
OS.loadAverage,1787734860046000000,1787734920043000000,2.724609375
JVM.usedNativeBytes,1787734860046000000,1787734920043000000,403826272
JVM.usedHeapBytes,1787734860046000000,1787734920043000000,378080488
FilePageCache.totalPageLoadsUs,1787734860046000000,1787734920043000000,0
StreamlinedBlobStorage.totalLiveRecordsCapacityBytes,1787734860046000000,1787734920043000000,0
DirectByteBufferAllocator.totalSizeOfBuffersAllocatedInBytes,1787734860046000000,1787734920043000000,292634624
StorageLockContext.competingThreads.90P,1787734860046000000,1787734920043000000,0
DirectByteBufferAllocator.disposed,1787734860046000000,1787734920043000000,0
FilePageCache.maxCacheSizeInBytes,1787734860046000000,1787734920043000000,297877504
StorageLockContext.competingThreads.avg,1787734860046000000,1787734920043000000,0.0
DirectByteBufferAllocator.reclaimed,1787734860046000000,1787734920043000000,0
DirectByteBufferAllocator.hits,1787734860046000000,1787734920043000000,0
FilePageCache.pageFastCacheHits,1787734860046000000,1787734920043000000,0
FilePageCache.pageLoads,1787734860046000000,1787734920043000000,0
StreamlinedBlobStorage.totalLiveRecordsPayloadBytes,1787734860046000000,1787734920043000000,0
StreamlinedBlobStorage.recordsAllocated,1787734860046000000,1787734920043000000,0
FilePageCache.pageLoadsAboveSizeThreshold,1787734860046000000,1787734920043000000,0
DirectByteBufferAllocator.misses,1787734860046000000,1787734920043000000,0
FilePageCache.disposedBuffers,1787734860046000000,1787734920043000000,0
FilePageCache.pageHits,1787734860046000000,1787734920043000000,0
StorageLockContext.competingThreads.max,1787734860046000000,1787734920043000000,0
DirectByteBufferAllocator.totalSizeOfBuffersCachedInBytes,1787734860046000000,1787734920043000000,0
FilePageCache.capacityInBytes,1787734860046000000,1787734920043000000,524288000
StreamlinedBlobStorage.recordsDeleted,1787734860046000000,1787734920043000000,0
StreamlinedBlobStorage.recordsRelocated,1787734860046000000,1787734920043000000,0
FilePageCache.uncachedFileAccess,1787734860046000000,1787734920043000000,0
FilePageCache.maxRegisteredFiles,1787734860046000000,1787734920043000000,620
FilePageCache.totalPageDisposalsUs,1787734860046000000,1787734920043000000,0
Indexes.allKeys.lookupDurationAvgMs,1787734860046000000,1787734920043000000,0.0
VFSFlusher.totalContentionQuotaSpent,1787734860046000000,1787734920043000000,0
Indexes.entries.lookups,1787734860046000000,1787734920043000000,0.0
IndexesFlusher.totalFlushesRetried,1787734860046000000,1787734920043000000,0
IndexesFlusher.totalContentionQuotaSpent,1787734860046000000,1787734920043000000,0
VFSFlusher.totalFlushes,1787734860046000000,1787734920043000000,0
Indexes.stubs.lookupDuration90PMs,1787734860046000000,1787734920043000000,0.0
Indexes.allKeys.lookupDuration90PMs,1787734860046000000,1787734920043000000,0.0
Indexes.entries.lookupDurationAvgMs,1787734860046000000,1787734920043000000,0.0
Indexes.stubs.lookupDurationMaxMs,1787734860046000000,1787734920043000000,0.0
Indexes.stubs.lookups,1787734860046000000,1787734920043000000,0.0
Indexes.entries.lookupDurationMaxMs,1787734860046000000,1787734920043000000,0.0
IndexesFlusher.totalFlushes,1787734860046000000,1787734920043000000,118
Indexes.allKeys.lookups,1787734860046000000,1787734920043000000,0.0
IndexesFlusher.totalFlushingTimeUs,1787734860046000000,1787734920043000000,664573
VFSFlusher.totalFlushingTimeUs,1787734860046000000,1787734920043000000,0
Indexes.stubs.lookupDurationAvgMs,1787734860046000000,1787734920043000000,0.0
VFSFlusher.totalFlushesRetried,1787734860046000000,1787734920043000000,0
Indexes.allKeys.lookupDurationMaxMs,1787734860046000000,1787734920043000000,0.0
Indexes.entries.lookupDuration90PMs,1787734860046000000,1787734920043000000,0.0
jps.facet.change.listener.process.change.events.ms,1787734860046000000,1787734920043000000,0
workspaceModel.mutableEntityStorage.to.snapshot.ms,1787734860046000000,1787734920043000000,13
workspaceModel.mutableEntityStorage.remove.entity.ms,1787734860046000000,1787734920043000000,0
jps.library.entities.serializer.load.entities.ms,1787734860046000000,1787734920043000000,282
workspaceModel.moduleManagerBridge.load.all.modules.ms,1787734860046000000,1787734920043000000,133
jps.global.get.library.ms,1787734860046000000,1787734920043000000,0
jps.save.changed.project.entities.ms,1787734860046000000,1787734920043000000,5
workspaceModel.mutableEntityStorage.add.entity.ms,1787734860046000000,1787734920043000000,295
jps.library.entities.serializer.save.entities.ms,1787734860046000000,1787734920043000000,0
workspaceModel.global.updates.count,1787734860046000000,1787734920043000000,0
workspaceModel.moduleManagerBridge.build.module.graph.ms,1787734860046000000,1787734920043000000,1
workspaceModel.moduleBridge.before.changed.ms,1787734860046000000,1787734920043000000,0
jps.module.iml.entities.serializer.load.entities.ms,1787734860046000000,1787734920043000000,397
workspaceModel.sync.entities.ms,1787734860046000000,1787734920043000000,0
workspaceModel.moduleManagerBridge.get.modules.ms,1787734860046000000,1787734920043000000,4
jps.artifact.entities.serializer.load.entities.ms,1787734860046000000,1787734920043000000,0
jps.global.handle.before.change.events.ms,1787734860046000000,1787734920043000000,0
workspaceModel.mutableEntityStorage.entities.by.source.ms,1787734860046000000,1787734920043000000,17
workspaceModel.moduleBridge.update.option.ms,1787734860046000000,1787734920043000000,0
workspaceModel.global.updates.ms,1787734860046000000,1787734920043000000,0
workspaceModel.mutableEntityStorage.mutable.vfurl.index.ms,1787734860046000000,1787734920043000000,0
workspaceModel.mutableEntityStorage.resolve.ms,1787734860046000000,1787734920043000000,0
jps.apply.loaded.storage.ms,1787734860046000000,1787734920043000000,772
jps.facet.change.listener.before.change.events.ms,1787734860046000000,1787734920043000000,0
jps.load.project.to.empty.storage.ms,1787734860046000000,1787734920043000000,835
jps.global.get.libraries.ms,1787734860046000000,1787734920043000000,8
workspaceModel.delayed.project.synchronizer.sync.ms,1787734860046000000,1787734920043000000,1669
jps.reload.project.entities.ms,1787734860046000000,1787734920043000000,0
workspaceModel.global.apply.state.to.project.builder.ms,1787734860046000000,1787734920043000000,3
workspaceModel.global.apply.state.to.project.ms,1787734860046000000,1787734920043000000,48
workspaceModel.moduleManagerBridge.load.module.ms,1787734860046000000,1787734920043000000,0
workspaceModel.mutableEntityStorage.has.same.entities.ms,1787734860046000000,1787734920043000000,0
workspaceModel.mutableEntityStorage.collect.changes.ms,1787734860046000000,1787734920043000000,0
jps.project.serializers.save.ms,1787734860046000000,1787734920043000000,3
workspaceModel.mutableEntityStorage.referrers.ms,1787734860046000000,1787734920043000000,0
workspaceModel.moduleManagerBridge.create.module.instance.ms,1787734860046000000,1787734920043000000,0
workspaceModel.mutableEntityStorage.put.entity.ms,1787734860046000000,1787734920043000000,95
workspaceModel.mutableEntityStorage.entities.ms,1787734860046000000,1787734920043000000,1
workspaceModel.load.cache.from.file.ms,1787734860046000000,1787734920043000000,300
jps.load.initial.state.ms,1787734860046000000,1787734920043000000,9
workspaceModel.mutableEntityStorage.modify.entity.ms,1787734860046000000,1787734920043000000,140
workspaceModel.moduleBridgeLoader.loading.modules.ms,1787734860046000000,1787734920043000000,862
jps.app.storage.content.writer.save.component.ms,1787734860046000000,1787734920043000000,0
jps.save.global.entities.ms,1787734860046000000,1787734920043000000,65
workspaceModel.moduleBridge.facet.initialization.ms,1787734860046000000,1787734920043000000,0
workspaceModel.orphan.listener.update.ms,1787734860046000000,1787734920043000000,19
jps.global.handle.changed.events.ms,1787734860046000000,1787734920043000000,0
jps.project.serializers.load.ms,1787734860046000000,1787734920043000000,736
jps.global.initialize.library.bridges.after.loading.ms,1787734860046000000,1787734920043000000,0
jps.storage.jps.conf.reader.load.component.ms,1787734860046000000,1787734920043000000,284
workspaceModel.moduleManagerBridge.newModule.ms,1787734860046000000,1787734920043000000,0
workspaceModel.mutableEntityStorage.add.diff.ms,1787734860046000000,1787734920043000000,210
workspaceModel.moduleManagerBridge.set.unloadedModules.ms,1787734860046000000,1787734920043000000,0
workspaceModel.moduleManagerBridge.new.nonPersistent.module.ms,1787734860046000000,1787734920043000000,0
jps.app.storage.content.reader.load.component.ms,1787734860046000000,1787734920043000000,0
jps.global.get.library.by.name.ms,1787734860046000000,1787734920043000000,0
jps.global.initialize.library.bridges.ms,1787734860046000000,1787734920043000000,0
workspaceModel.mutableEntityStorage.mutable.ext.mapping.ms,1787734860046000000,1787734920043000000,1
workspaceModel.mutableEntityStorage.replace.by.source.ms,1787734860046000000,1787734920043000000,270
jps.module.iml.entities.serializer.save.entities.ms,1787734860046000000,1787734920043000000,0
jps.facet.change.listener.init.bridge.ms,1787734860046000000,1787734920043000000,0
workspaceModel.save.cache.to.file.ms,1787734860046000000,1787734920043000000,575
jps.artifact.entities.serializer.save.entities.ms,1787734860046000000,1787734920043000000,0
AWTEventQueue.eventsDispatched,1787734860046000000,1787734920043000000,3571
NonBlockingReadAction.failedExecutionsCount,1787734860046000000,1787734920043000000,0
FlushQueue.waitingTimeAvgNs,1787734860046000000,1787734920043000000,239055.73770491802
AWTEventQueue.dispatchTime90PNs,1787734860046000000,1787734920043000000,219135
FlushQueue.queueSize90P,1787734860046000000,1787734920043000000,0
NonBlockingReadAction.finalizedExecutionsCount,1787734860046000000,1787734920043000000,0
FlushQueue.queueSizeMax,1787734860046000000,1787734920043000000,0
NonBlockingReadAction.finalizedExecutionTimeUs,1787734860046000000,1787734920043000000,0
NonBlockingReadAction.failedExecutionTimeUs,1787734860046000000,1787734920043000000,0
AWTEventQueue.dispatchTimeTotalNS,1787734860046000000,1787734920043000000,533814430
AWTEventQueue.dispatchTimeMaxNs,1787734860046000000,1787734920043000000,2654207
FlushQueue.executionTime90PNs,1787734860046000000,1787734920043000000,157695
FlushQueue.waitingTimeMaxNs,1787734860046000000,1787734920043000000,573439
FlushQueue.executionTimeAvgNs,1787734860046000000,1787734920043000000,109115.27868852459
AWTEventQueue.dispatchTimeAvgNs,1787734860046000000,1787734920043000000,149302.55054606553
FlushQueue.queueSizeAvg,1787734860046000000,1787734920043000000,0.0
FlushQueue.executionTimeMaxNs,1787734860046000000,1787734920043000000,1679359
FlushQueue.tasksExecuted,1787734860046000000,1787734920043000000,122
FlushQueue.waitingTime90PNs,1787734860046000000,1787734920043000000,354303
workspaceModel.initializing.ms,1787734920043000000,1787734980047000000,3
workspaceModel.updates.precise.ms,1787734920043000000,1787734980047000000,289
workspaceModel.update.unloaded.entities.ms,1787734920043000000,1787734980047000000,0
workspaceModel.loading.from.cache.ms,1787734920043000000,1787734980047000000,302
workspaceModel.check.recursive.update.ms,1787734920043000000,1787734980047000000,2
workspaceModel.pre.handlers.ms,1787734920043000000,1787734980047000000,0
workspaceModel.replace.project.model.ms,1787734920043000000,1787734980047000000,0
workspaceModel.updates.count,1787734920043000000,1787734980047000000,5
workspaceModel.updates.ms,1787734920043000000,1787734980047000000,396
workspaceModel.collect.changes.ms,1787734920043000000,1787734980047000000,0
workspaceModel.to.snapshot.ms,1787734920043000000,1787734980047000000,11
workspaceModel.init.bridges.ms,1787734920043000000,1787734980047000000,3
workspaceModel.loading.total.ms,1787734920043000000,1787734980047000000,318
FileNameCache.queries,1787734920043000000,1787734980047000000,0
FileNameCache.fastMisses,1787734920043000000,1787734980047000000,0
FileNameCache.totalMisses,1787734920043000000,1787734980047000000,0
JVM.maxHeapBytes,1787734920043000000,1787734980047000000,2147483648
JVM.threadCount,1787734920043000000,1787734980047000000,51
JVM.maxNativeBytes,1787734920043000000,1787734980047000000,-1
JVM.totalCpuTimeMs,1787734920043000000,1787734980047000000,5318
JVM.GC.collectionTimesMs,1787734920043000000,1787734980047000000,28
JVM.GC.collections,1787734920043000000,1787734980047000000,1
OS.loadAverage,1787734920043000000,1787734980047000000,2.2529296875
JVM.usedNativeBytes,1787734920043000000,1787734980047000000,405349968
JVM.usedHeapBytes,1787734920043000000,1787734980047000000,191044048
FilePageCache.totalPageLoadsUs,1787734920043000000,1787734980047000000,0
StreamlinedBlobStorage.totalLiveRecordsCapacityBytes,1787734920043000000,1787734980047000000,0
DirectByteBufferAllocator.totalSizeOfBuffersAllocatedInBytes,1787734920043000000,1787734980047000000,292634624
StorageLockContext.competingThreads.90P,1787734920043000000,1787734980047000000,0
DirectByteBufferAllocator.disposed,1787734920043000000,1787734980047000000,0
FilePageCache.maxCacheSizeInBytes,1787734920043000000,1787734980047000000,297877504
StorageLockContext.competingThreads.avg,1787734920043000000,1787734980047000000,0.0
DirectByteBufferAllocator.reclaimed,1787734920043000000,1787734980047000000,0
DirectByteBufferAllocator.hits,1787734920043000000,1787734980047000000,0
FilePageCache.pageFastCacheHits,1787734920043000000,1787734980047000000,0
FilePageCache.pageLoads,1787734920043000000,1787734980047000000,0
StreamlinedBlobStorage.totalLiveRecordsPayloadBytes,1787734920043000000,1787734980047000000,0
StreamlinedBlobStorage.recordsAllocated,1787734920043000000,1787734980047000000,0
FilePageCache.pageLoadsAboveSizeThreshold,1787734920043000000,1787734980047000000,0
DirectByteBufferAllocator.misses,1787734920043000000,1787734980047000000,0
FilePageCache.disposedBuffers,1787734920043000000,1787734980047000000,0
FilePageCache.pageHits,1787734920043000000,1787734980047000000,0
StorageLockContext.competingThreads.max,1787734920043000000,1787734980047000000,0
DirectByteBufferAllocator.totalSizeOfBuffersCachedInBytes,1787734920043000000,1787734980047000000,0
FilePageCache.capacityInBytes,1787734920043000000,1787734980047000000,524288000
StreamlinedBlobStorage.recordsDeleted,1787734920043000000,1787734980047000000,0
StreamlinedBlobStorage.recordsRelocated,1787734920043000000,1787734980047000000,0
FilePageCache.uncachedFileAccess,1787734920043000000,1787734980047000000,0
FilePageCache.maxRegisteredFiles,1787734920043000000,1787734980047000000,620
FilePageCache.totalPageDisposalsUs,1787734920043000000,1787734980047000000,0
Indexes.allKeys.lookupDurationAvgMs,1787734920043000000,1787734980047000000,0.0
VFSFlusher.totalContentionQuotaSpent,1787734920043000000,1787734980047000000,0
Indexes.entries.lookups,1787734920043000000,1787734980047000000,0.0
IndexesFlusher.totalFlushesRetried,1787734920043000000,1787734980047000000,0
IndexesFlusher.totalContentionQuotaSpent,1787734920043000000,1787734980047000000,0
VFSFlusher.totalFlushes,1787734920043000000,1787734980047000000,0
Indexes.stubs.lookupDuration90PMs,1787734920043000000,1787734980047000000,0.0
Indexes.allKeys.lookupDuration90PMs,1787734920043000000,1787734980047000000,0.0
Indexes.entries.lookupDurationAvgMs,1787734920043000000,1787734980047000000,0.0
Indexes.stubs.lookupDurationMaxMs,1787734920043000000,1787734980047000000,0.0
Indexes.stubs.lookups,1787734920043000000,1787734980047000000,0.0
Indexes.entries.lookupDurationMaxMs,1787734920043000000,1787734980047000000,0.0
IndexesFlusher.totalFlushes,1787734920043000000,1787734980047000000,116
Indexes.allKeys.lookups,1787734920043000000,1787734980047000000,0.0
IndexesFlusher.totalFlushingTimeUs,1787734920043000000,1787734980047000000,645760
VFSFlusher.totalFlushingTimeUs,1787734920043000000,1787734980047000000,0
Indexes.stubs.lookupDurationAvgMs,1787734920043000000,1787734980047000000,0.0
VFSFlusher.totalFlushesRetried,1787734920043000000,1787734980047000000,0
Indexes.allKeys.lookupDurationMaxMs,1787734920043000000,1787734980047000000,0.0
Indexes.entries.lookupDuration90PMs,1787734920043000000,1787734980047000000,0.0
jps.facet.change.listener.process.change.events.ms,1787734920043000000,1787734980047000000,0
workspaceModel.mutableEntityStorage.to.snapshot.ms,1787734920043000000,1787734980047000000,13
workspaceModel.mutableEntityStorage.remove.entity.ms,1787734920043000000,1787734980047000000,0
jps.library.entities.serializer.load.entities.ms,1787734920043000000,1787734980047000000,282
workspaceModel.moduleManagerBridge.load.all.modules.ms,1787734920043000000,1787734980047000000,133
jps.global.get.library.ms,1787734920043000000,1787734980047000000,0
jps.save.changed.project.entities.ms,1787734920043000000,1787734980047000000,5
workspaceModel.mutableEntityStorage.add.entity.ms,1787734920043000000,1787734980047000000,295
jps.library.entities.serializer.save.entities.ms,1787734920043000000,1787734980047000000,0
workspaceModel.global.updates.count,1787734920043000000,1787734980047000000,0
workspaceModel.moduleManagerBridge.build.module.graph.ms,1787734920043000000,1787734980047000000,1
workspaceModel.moduleBridge.before.changed.ms,1787734920043000000,1787734980047000000,0
jps.module.iml.entities.serializer.load.entities.ms,1787734920043000000,1787734980047000000,397
workspaceModel.sync.entities.ms,1787734920043000000,1787734980047000000,0
workspaceModel.moduleManagerBridge.get.modules.ms,1787734920043000000,1787734980047000000,4
jps.artifact.entities.serializer.load.entities.ms,1787734920043000000,1787734980047000000,0
jps.global.handle.before.change.events.ms,1787734920043000000,1787734980047000000,0
workspaceModel.mutableEntityStorage.entities.by.source.ms,1787734920043000000,1787734980047000000,17
workspaceModel.moduleBridge.update.option.ms,1787734920043000000,1787734980047000000,0
workspaceModel.global.updates.ms,1787734920043000000,1787734980047000000,0
workspaceModel.mutableEntityStorage.mutable.vfurl.index.ms,1787734920043000000,1787734980047000000,0
workspaceModel.mutableEntityStorage.resolve.ms,1787734920043000000,1787734980047000000,0
jps.apply.loaded.storage.ms,1787734920043000000,1787734980047000000,772
jps.facet.change.listener.before.change.events.ms,1787734920043000000,1787734980047000000,0
jps.load.project.to.empty.storage.ms,1787734920043000000,1787734980047000000,835
jps.global.get.libraries.ms,1787734920043000000,1787734980047000000,8
workspaceModel.delayed.project.synchronizer.sync.ms,1787734920043000000,1787734980047000000,1669
jps.reload.project.entities.ms,1787734920043000000,1787734980047000000,0
workspaceModel.global.apply.state.to.project.builder.ms,1787734920043000000,1787734980047000000,3
workspaceModel.global.apply.state.to.project.ms,1787734920043000000,1787734980047000000,48
workspaceModel.moduleManagerBridge.load.module.ms,1787734920043000000,1787734980047000000,0
workspaceModel.mutableEntityStorage.has.same.entities.ms,1787734920043000000,1787734980047000000,0
workspaceModel.mutableEntityStorage.collect.changes.ms,1787734920043000000,1787734980047000000,0
jps.project.serializers.save.ms,1787734920043000000,1787734980047000000,3
workspaceModel.mutableEntityStorage.referrers.ms,1787734920043000000,1787734980047000000,0
workspaceModel.moduleManagerBridge.create.module.instance.ms,1787734920043000000,1787734980047000000,0
workspaceModel.mutableEntityStorage.put.entity.ms,1787734920043000000,1787734980047000000,95
workspaceModel.mutableEntityStorage.entities.ms,1787734920043000000,1787734980047000000,1
workspaceModel.load.cache.from.file.ms,1787734920043000000,1787734980047000000,300
jps.load.initial.state.ms,1787734920043000000,1787734980047000000,9
workspaceModel.mutableEntityStorage.modify.entity.ms,1787734920043000000,1787734980047000000,140
workspaceModel.moduleBridgeLoader.loading.modules.ms,1787734920043000000,1787734980047000000,862
jps.app.storage.content.writer.save.component.ms,1787734920043000000,1787734980047000000,0
jps.save.global.entities.ms,1787734920043000000,1787734980047000000,65
workspaceModel.moduleBridge.facet.initialization.ms,1787734920043000000,1787734980047000000,0
workspaceModel.orphan.listener.update.ms,1787734920043000000,1787734980047000000,19
jps.global.handle.changed.events.ms,1787734920043000000,1787734980047000000,0
jps.project.serializers.load.ms,1787734920043000000,1787734980047000000,736
jps.global.initialize.library.bridges.after.loading.ms,1787734920043000000,1787734980047000000,0
jps.storage.jps.conf.reader.load.component.ms,1787734920043000000,1787734980047000000,284
workspaceModel.moduleManagerBridge.newModule.ms,1787734920043000000,1787734980047000000,0
workspaceModel.mutableEntityStorage.add.diff.ms,1787734920043000000,1787734980047000000,210
workspaceModel.moduleManagerBridge.set.unloadedModules.ms,1787734920043000000,1787734980047000000,0
workspaceModel.moduleManagerBridge.new.nonPersistent.module.ms,1787734920043000000,1787734980047000000,0
jps.app.storage.content.reader.load.component.ms,1787734920043000000,1787734980047000000,0
jps.global.get.library.by.name.ms,1787734920043000000,1787734980047000000,0
jps.global.initialize.library.bridges.ms,1787734920043000000,1787734980047000000,0
workspaceModel.mutableEntityStorage.mutable.ext.mapping.ms,1787734920043000000,1787734980047000000,1
workspaceModel.mutableEntityStorage.replace.by.source.ms,1787734920043000000,1787734980047000000,270
jps.module.iml.entities.serializer.save.entities.ms,1787734920043000000,1787734980047000000,0
jps.facet.change.listener.init.bridge.ms,1787734920043000000,1787734980047000000,0
workspaceModel.save.cache.to.file.ms,1787734920043000000,1787734980047000000,575
jps.artifact.entities.serializer.save.entities.ms,1787734920043000000,1787734980047000000,0
AWTEventQueue.eventsDispatched,1787734920043000000,1787734980047000000,3565
NonBlockingReadAction.failedExecutionsCount,1787734920043000000,1787734980047000000,0
FlushQueue.waitingTimeAvgNs,1787734920043000000,1787734980047000000,235125.50819672132
AWTEventQueue.dispatchTime90PNs,1787734920043000000,1787734980047000000,205823
FlushQueue.queueSize90P,1787734920043000000,1787734980047000000,0
NonBlockingReadAction.finalizedExecutionsCount,1787734920043000000,1787734980047000000,0
FlushQueue.queueSizeMax,1787734920043000000,1787734980047000000,0
NonBlockingReadAction.finalizedExecutionTimeUs,1787734920043000000,1787734980047000000,0
NonBlockingReadAction.failedExecutionTimeUs,1787734920043000000,1787734980047000000,0
AWTEventQueue.dispatchTimeTotalNS,1787734920043000000,1787734980047000000,504911732
AWTEventQueue.dispatchTimeMaxNs,1787734920043000000,1787734980047000000,3129343
FlushQueue.executionTime90PNs,1787734920043000000,1787734980047000000,153599
FlushQueue.waitingTimeMaxNs,1787734920043000000,1787734980047000000,774143
FlushQueue.executionTimeAvgNs,1787734920043000000,1787734980047000000,149250.62295081967
AWTEventQueue.dispatchTimeAvgNs,1787734920043000000,1787734980047000000,141600.39495091164
FlushQueue.queueSizeAvg,1787734920043000000,1787734980047000000,0.0
FlushQueue.executionTimeMaxNs,1787734920043000000,1787734980047000000,3080191
FlushQueue.tasksExecuted,1787734920043000000,1787734980047000000,122
FlushQueue.waitingTime90PNs,1787734920043000000,1787734980047000000,374783
workspaceModel.initializing.ms,1787734980047000000,1787735040047000000,3
workspaceModel.updates.precise.ms,1787734980047000000,1787735040047000000,289
workspaceModel.update.unloaded.entities.ms,1787734980047000000,1787735040047000000,0
workspaceModel.loading.from.cache.ms,1787734980047000000,1787735040047000000,302
workspaceModel.check.recursive.update.ms,1787734980047000000,1787735040047000000,2
workspaceModel.pre.handlers.ms,1787734980047000000,1787735040047000000,0
workspaceModel.replace.project.model.ms,1787734980047000000,1787735040047000000,0
workspaceModel.updates.count,1787734980047000000,1787735040047000000,5
workspaceModel.updates.ms,1787734980047000000,1787735040047000000,396
workspaceModel.collect.changes.ms,1787734980047000000,1787735040047000000,0
workspaceModel.to.snapshot.ms,1787734980047000000,1787735040047000000,11
workspaceModel.init.bridges.ms,1787734980047000000,1787735040047000000,3
workspaceModel.loading.total.ms,1787734980047000000,1787735040047000000,318
FileNameCache.queries,1787734980047000000,1787735040047000000,0
FileNameCache.fastMisses,1787734980047000000,1787735040047000000,0
FileNameCache.totalMisses,1787734980047000000,1787735040047000000,0
JVM.maxHeapBytes,1787734980047000000,1787735040047000000,2147483648
JVM.threadCount,1787734980047000000,1787735040047000000,49
JVM.maxNativeBytes,1787734980047000000,1787735040047000000,-1
JVM.totalCpuTimeMs,1787734980047000000,1787735040047000000,4886
JVM.GC.collectionTimesMs,1787734980047000000,1787735040047000000,0
JVM.GC.collections,1787734980047000000,1787735040047000000,0
OS.loadAverage,1787734980047000000,1787735040047000000,2.64794921875
JVM.usedNativeBytes,1787734980047000000,1787735040047000000,405431344
JVM.usedHeapBytes,1787734980047000000,1787735040047000000,237181392
FilePageCache.totalPageLoadsUs,1787734980047000000,1787735040047000000,0
StreamlinedBlobStorage.totalLiveRecordsCapacityBytes,1787734980047000000,1787735040047000000,0
DirectByteBufferAllocator.totalSizeOfBuffersAllocatedInBytes,1787734980047000000,1787735040047000000,292634624
StorageLockContext.competingThreads.90P,1787734980047000000,1787735040047000000,0
DirectByteBufferAllocator.disposed,1787734980047000000,1787735040047000000,0
FilePageCache.maxCacheSizeInBytes,1787734980047000000,1787735040047000000,297877504
StorageLockContext.competingThreads.avg,1787734980047000000,1787735040047000000,0.0
DirectByteBufferAllocator.reclaimed,1787734980047000000,1787735040047000000,0
DirectByteBufferAllocator.hits,1787734980047000000,1787735040047000000,0
FilePageCache.pageFastCacheHits,1787734980047000000,1787735040047000000,0
FilePageCache.pageLoads,1787734980047000000,1787735040047000000,0
StreamlinedBlobStorage.totalLiveRecordsPayloadBytes,1787734980047000000,1787735040047000000,0
StreamlinedBlobStorage.recordsAllocated,1787734980047000000,1787735040047000000,0
FilePageCache.pageLoadsAboveSizeThreshold,1787734980047000000,1787735040047000000,0
DirectByteBufferAllocator.misses,1787734980047000000,1787735040047000000,0
FilePageCache.disposedBuffers,1787734980047000000,1787735040047000000,0
FilePageCache.pageHits,1787734980047000000,1787735040047000000,0
StorageLockContext.competingThreads.max,1787734980047000000,1787735040047000000,0
DirectByteBufferAllocator.totalSizeOfBuffersCachedInBytes,1787734980047000000,1787735040047000000,0
FilePageCache.capacityInBytes,1787734980047000000,1787735040047000000,524288000
StreamlinedBlobStorage.recordsDeleted,1787734980047000000,1787735040047000000,0
StreamlinedBlobStorage.recordsRelocated,1787734980047000000,1787735040047000000,0
FilePageCache.uncachedFileAccess,1787734980047000000,1787735040047000000,0
FilePageCache.maxRegisteredFiles,1787734980047000000,1787735040047000000,620
FilePageCache.totalPageDisposalsUs,1787734980047000000,1787735040047000000,0
Indexes.allKeys.lookupDurationAvgMs,1787734980047000000,1787735040047000000,0.0
VFSFlusher.totalContentionQuotaSpent,1787734980047000000,1787735040047000000,0
Indexes.entries.lookups,1787734980047000000,1787735040047000000,0.0
IndexesFlusher.totalFlushesRetried,1787734980047000000,1787735040047000000,0
IndexesFlusher.totalContentionQuotaSpent,1787734980047000000,1787735040047000000,0
VFSFlusher.totalFlushes,1787734980047000000,1787735040047000000,0
Indexes.stubs.lookupDuration90PMs,1787734980047000000,1787735040047000000,0.0
Indexes.allKeys.lookupDuration90PMs,1787734980047000000,1787735040047000000,0.0
Indexes.entries.lookupDurationAvgMs,1787734980047000000,1787735040047000000,0.0
Indexes.stubs.lookupDurationMaxMs,1787734980047000000,1787735040047000000,0.0
Indexes.stubs.lookups,1787734980047000000,1787735040047000000,0.0
Indexes.entries.lookupDurationMaxMs,1787734980047000000,1787735040047000000,0.0
IndexesFlusher.totalFlushes,1787734980047000000,1787735040047000000,118
Indexes.allKeys.lookups,1787734980047000000,1787735040047000000,0.0
IndexesFlusher.totalFlushingTimeUs,1787734980047000000,1787735040047000000,667441
VFSFlusher.totalFlushingTimeUs,1787734980047000000,1787735040047000000,0
Indexes.stubs.lookupDurationAvgMs,1787734980047000000,1787735040047000000,0.0
VFSFlusher.totalFlushesRetried,1787734980047000000,1787735040047000000,0
Indexes.allKeys.lookupDurationMaxMs,1787734980047000000,1787735040047000000,0.0
Indexes.entries.lookupDuration90PMs,1787734980047000000,1787735040047000000,0.0
jps.facet.change.listener.process.change.events.ms,1787734980047000000,1787735040047000000,0
workspaceModel.mutableEntityStorage.to.snapshot.ms,1787734980047000000,1787735040047000000,13
workspaceModel.mutableEntityStorage.remove.entity.ms,1787734980047000000,1787735040047000000,0
jps.library.entities.serializer.load.entities.ms,1787734980047000000,1787735040047000000,282
workspaceModel.moduleManagerBridge.load.all.modules.ms,1787734980047000000,1787735040047000000,133
jps.global.get.library.ms,1787734980047000000,1787735040047000000,0
jps.save.changed.project.entities.ms,1787734980047000000,1787735040047000000,5
workspaceModel.mutableEntityStorage.add.entity.ms,1787734980047000000,1787735040047000000,295
jps.library.entities.serializer.save.entities.ms,1787734980047000000,1787735040047000000,0
workspaceModel.global.updates.count,1787734980047000000,1787735040047000000,0
workspaceModel.moduleManagerBridge.build.module.graph.ms,1787734980047000000,1787735040047000000,1
workspaceModel.moduleBridge.before.changed.ms,1787734980047000000,1787735040047000000,0
jps.module.iml.entities.serializer.load.entities.ms,1787734980047000000,1787735040047000000,397
workspaceModel.sync.entities.ms,1787734980047000000,1787735040047000000,0
workspaceModel.moduleManagerBridge.get.modules.ms,1787734980047000000,1787735040047000000,4
jps.artifact.entities.serializer.load.entities.ms,1787734980047000000,1787735040047000000,0
jps.global.handle.before.change.events.ms,1787734980047000000,1787735040047000000,0
workspaceModel.mutableEntityStorage.entities.by.source.ms,1787734980047000000,1787735040047000000,17
workspaceModel.moduleBridge.update.option.ms,1787734980047000000,1787735040047000000,0
workspaceModel.global.updates.ms,1787734980047000000,1787735040047000000,0
workspaceModel.mutableEntityStorage.mutable.vfurl.index.ms,1787734980047000000,1787735040047000000,0
workspaceModel.mutableEntityStorage.resolve.ms,1787734980047000000,1787735040047000000,0
jps.apply.loaded.storage.ms,1787734980047000000,1787735040047000000,772
jps.facet.change.listener.before.change.events.ms,1787734980047000000,1787735040047000000,0
jps.load.project.to.empty.storage.ms,1787734980047000000,1787735040047000000,835
jps.global.get.libraries.ms,1787734980047000000,1787735040047000000,8
workspaceModel.delayed.project.synchronizer.sync.ms,1787734980047000000,1787735040047000000,1669
jps.reload.project.entities.ms,1787734980047000000,1787735040047000000,0
workspaceModel.global.apply.state.to.project.builder.ms,1787734980047000000,1787735040047000000,3
workspaceModel.global.apply.state.to.project.ms,1787734980047000000,1787735040047000000,48
workspaceModel.moduleManagerBridge.load.module.ms,1787734980047000000,1787735040047000000,0
workspaceModel.mutableEntityStorage.has.same.entities.ms,1787734980047000000,1787735040047000000,0
workspaceModel.mutableEntityStorage.collect.changes.ms,1787734980047000000,1787735040047000000,0
jps.project.serializers.save.ms,1787734980047000000,1787735040047000000,3
workspaceModel.mutableEntityStorage.referrers.ms,1787734980047000000,1787735040047000000,0
workspaceModel.moduleManagerBridge.create.module.instance.ms,1787734980047000000,1787735040047000000,0
workspaceModel.mutableEntityStorage.put.entity.ms,1787734980047000000,1787735040047000000,95
workspaceModel.mutableEntityStorage.entities.ms,1787734980047000000,1787735040047000000,1
workspaceModel.load.cache.from.file.ms,1787734980047000000,1787735040047000000,300
jps.load.initial.state.ms,1787734980047000000,1787735040047000000,9
workspaceModel.mutableEntityStorage.modify.entity.ms,1787734980047000000,1787735040047000000,140
workspaceModel.moduleBridgeLoader.loading.modules.ms,1787734980047000000,1787735040047000000,862
jps.app.storage.content.writer.save.component.ms,1787734980047000000,1787735040047000000,0
jps.save.global.entities.ms,1787734980047000000,1787735040047000000,65
workspaceModel.moduleBridge.facet.initialization.ms,1787734980047000000,1787735040047000000,0
workspaceModel.orphan.listener.update.ms,1787734980047000000,1787735040047000000,19
jps.global.handle.changed.events.ms,1787734980047000000,1787735040047000000,0
jps.project.serializers.load.ms,1787734980047000000,1787735040047000000,736
jps.global.initialize.library.bridges.after.loading.ms,1787734980047000000,1787735040047000000,0
jps.storage.jps.conf.reader.load.component.ms,1787734980047000000,1787735040047000000,284
workspaceModel.moduleManagerBridge.newModule.ms,1787734980047000000,1787735040047000000,0
workspaceModel.mutableEntityStorage.add.diff.ms,1787734980047000000,1787735040047000000,210
workspaceModel.moduleManagerBridge.set.unloadedModules.ms,1787734980047000000,1787735040047000000,0
workspaceModel.moduleManagerBridge.new.nonPersistent.module.ms,1787734980047000000,1787735040047000000,0
jps.app.storage.content.reader.load.component.ms,1787734980047000000,1787735040047000000,0
jps.global.get.library.by.name.ms,1787734980047000000,1787735040047000000,0
jps.global.initialize.library.bridges.ms,1787734980047000000,1787735040047000000,0
workspaceModel.mutableEntityStorage.mutable.ext.mapping.ms,1787734980047000000,1787735040047000000,1
workspaceModel.mutableEntityStorage.replace.by.source.ms,1787734980047000000,1787735040047000000,270
jps.module.iml.entities.serializer.save.entities.ms,1787734980047000000,1787735040047000000,0
jps.facet.change.listener.init.bridge.ms,1787734980047000000,1787735040047000000,0
workspaceModel.save.cache.to.file.ms,1787734980047000000,1787735040047000000,575
jps.artifact.entities.serializer.save.entities.ms,1787734980047000000,1787735040047000000,0
AWTEventQueue.eventsDispatched,1787734980047000000,1787735040047000000,3562
NonBlockingReadAction.failedExecutionsCount,1787734980047000000,1787735040047000000,0
FlushQueue.waitingTimeAvgNs,1787734980047000000,1787735040047000000,279028.26666666666
AWTEventQueue.dispatchTime90PNs,1787734980047000000,1787735040047000000,208895
FlushQueue.queueSize90P,1787734980047000000,1787735040047000000,0
NonBlockingReadAction.finalizedExecutionsCount,1787734980047000000,1787735040047000000,0
FlushQueue.queueSizeMax,1787734980047000000,1787735040047000000,0
NonBlockingReadAction.finalizedExecutionTimeUs,1787734980047000000,1787735040047000000,0
NonBlockingReadAction.failedExecutionTimeUs,1787734980047000000,1787735040047000000,0
AWTEventQueue.dispatchTimeTotalNS,1787734980047000000,1787735040047000000,521383942
AWTEventQueue.dispatchTimeMaxNs,1787734980047000000,1787735040047000000,3227647
FlushQueue.executionTime90PNs,1787734980047000000,1787735040047000000,166911
FlushQueue.waitingTimeMaxNs,1787734980047000000,1787735040047000000,1875967
FlushQueue.executionTimeAvgNs,1787734980047000000,1787735040047000000,154722.13333333333
AWTEventQueue.dispatchTimeAvgNs,1787734980047000000,1787735040047000000,146353.6799550814
FlushQueue.queueSizeAvg,1787734980047000000,1787735040047000000,0.0
FlushQueue.executionTimeMaxNs,1787734980047000000,1787735040047000000,2228223
FlushQueue.tasksExecuted,1787734980047000000,1787735040047000000,120
FlushQueue.waitingTime90PNs,1787734980047000000,1787735040047000000,382975
workspaceModel.initializing.ms,1787735040047000000,1787735100045000000,3
workspaceModel.updates.precise.ms,1787735040047000000,1787735100045000000,289
workspaceModel.update.unloaded.entities.ms,1787735040047000000,1787735100045000000,0
workspaceModel.loading.from.cache.ms,1787735040047000000,1787735100045000000,302
workspaceModel.check.recursive.update.ms,1787735040047000000,1787735100045000000,2
workspaceModel.pre.handlers.ms,1787735040047000000,1787735100045000000,0
workspaceModel.replace.project.model.ms,1787735040047000000,1787735100045000000,0
workspaceModel.updates.count,1787735040047000000,1787735100045000000,5
workspaceModel.updates.ms,1787735040047000000,1787735100045000000,396
workspaceModel.collect.changes.ms,1787735040047000000,1787735100045000000,0
workspaceModel.to.snapshot.ms,1787735040047000000,1787735100045000000,11
workspaceModel.init.bridges.ms,1787735040047000000,1787735100045000000,3
workspaceModel.loading.total.ms,1787735040047000000,1787735100045000000,318
FileNameCache.queries,1787735040047000000,1787735100045000000,0
FileNameCache.fastMisses,1787735040047000000,1787735100045000000,0
FileNameCache.totalMisses,1787735040047000000,1787735100045000000,0
JVM.maxHeapBytes,1787735040047000000,1787735100045000000,2147483648
JVM.threadCount,1787735040047000000,1787735100045000000,48
JVM.maxNativeBytes,1787735040047000000,1787735100045000000,-1
JVM.totalCpuTimeMs,1787735040047000000,1787735100045000000,4757
JVM.GC.collectionTimesMs,1787735040047000000,1787735100045000000,0
JVM.GC.collections,1787735040047000000,1787735100045000000,0
OS.loadAverage,1787735040047000000,1787735100045000000,2.16943359375
JVM.usedNativeBytes,1787735040047000000,1787735100045000000,405444448
JVM.usedHeapBytes,1787735040047000000,1787735100045000000,282270160
FilePageCache.totalPageLoadsUs,1787735040047000000,1787735100045000000,0
StreamlinedBlobStorage.totalLiveRecordsCapacityBytes,1787735040047000000,1787735100045000000,0
DirectByteBufferAllocator.totalSizeOfBuffersAllocatedInBytes,1787735040047000000,1787735100045000000,292634624
StorageLockContext.competingThreads.90P,1787735040047000000,1787735100045000000,0
DirectByteBufferAllocator.disposed,1787735040047000000,1787735100045000000,0
FilePageCache.maxCacheSizeInBytes,1787735040047000000,1787735100045000000,297877504
StorageLockContext.competingThreads.avg,1787735040047000000,1787735100045000000,0.0
DirectByteBufferAllocator.reclaimed,1787735040047000000,1787735100045000000,0
DirectByteBufferAllocator.hits,1787735040047000000,1787735100045000000,0
FilePageCache.pageFastCacheHits,1787735040047000000,1787735100045000000,0
FilePageCache.pageLoads,1787735040047000000,1787735100045000000,0
StreamlinedBlobStorage.totalLiveRecordsPayloadBytes,1787735040047000000,1787735100045000000,0
StreamlinedBlobStorage.recordsAllocated,1787735040047000000,1787735100045000000,0
FilePageCache.pageLoadsAboveSizeThreshold,1787735040047000000,1787735100045000000,0
DirectByteBufferAllocator.misses,1787735040047000000,1787735100045000000,0
FilePageCache.disposedBuffers,1787735040047000000,1787735100045000000,0
FilePageCache.pageHits,1787735040047000000,1787735100045000000,0
StorageLockContext.competingThreads.max,1787735040047000000,1787735100045000000,0
DirectByteBufferAllocator.totalSizeOfBuffersCachedInBytes,1787735040047000000,1787735100045000000,0
FilePageCache.capacityInBytes,1787735040047000000,1787735100045000000,524288000
StreamlinedBlobStorage.recordsDeleted,1787735040047000000,1787735100045000000,0
StreamlinedBlobStorage.recordsRelocated,1787735040047000000,1787735100045000000,0
FilePageCache.uncachedFileAccess,1787735040047000000,1787735100045000000,0
FilePageCache.maxRegisteredFiles,1787735040047000000,1787735100045000000,620
FilePageCache.totalPageDisposalsUs,1787735040047000000,1787735100045000000,0
Indexes.allKeys.lookupDurationAvgMs,1787735040047000000,1787735100045000000,0.0
VFSFlusher.totalContentionQuotaSpent,1787735040047000000,1787735100045000000,0
Indexes.entries.lookups,1787735040047000000,1787735100045000000,0.0
IndexesFlusher.totalFlushesRetried,1787735040047000000,1787735100045000000,0
IndexesFlusher.totalContentionQuotaSpent,1787735040047000000,1787735100045000000,0
VFSFlusher.totalFlushes,1787735040047000000,1787735100045000000,0
Indexes.stubs.lookupDuration90PMs,1787735040047000000,1787735100045000000,0.0
Indexes.allKeys.lookupDuration90PMs,1787735040047000000,1787735100045000000,0.0
Indexes.entries.lookupDurationAvgMs,1787735040047000000,1787735100045000000,0.0
Indexes.stubs.lookupDurationMaxMs,1787735040047000000,1787735100045000000,0.0
Indexes.stubs.lookups,1787735040047000000,1787735100045000000,0.0
Indexes.entries.lookupDurationMaxMs,1787735040047000000,1787735100045000000,0.0
IndexesFlusher.totalFlushes,1787735040047000000,1787735100045000000,116
Indexes.allKeys.lookups,1787735040047000000,1787735100045000000,0.0
IndexesFlusher.totalFlushingTimeUs,1787735040047000000,1787735100045000000,629444
VFSFlusher.totalFlushingTimeUs,1787735040047000000,1787735100045000000,0
Indexes.stubs.lookupDurationAvgMs,1787735040047000000,1787735100045000000,0.0
VFSFlusher.totalFlushesRetried,1787735040047000000,1787735100045000000,0
Indexes.allKeys.lookupDurationMaxMs,1787735040047000000,1787735100045000000,0.0
Indexes.entries.lookupDuration90PMs,1787735040047000000,1787735100045000000,0.0
jps.facet.change.listener.process.change.events.ms,1787735040047000000,1787735100045000000,0
workspaceModel.mutableEntityStorage.to.snapshot.ms,1787735040047000000,1787735100045000000,13
workspaceModel.mutableEntityStorage.remove.entity.ms,1787735040047000000,1787735100045000000,0
jps.library.entities.serializer.load.entities.ms,1787735040047000000,1787735100045000000,282
workspaceModel.moduleManagerBridge.load.all.modules.ms,1787735040047000000,1787735100045000000,133
jps.global.get.library.ms,1787735040047000000,1787735100045000000,0
jps.save.changed.project.entities.ms,1787735040047000000,1787735100045000000,5
workspaceModel.mutableEntityStorage.add.entity.ms,1787735040047000000,1787735100045000000,295
jps.library.entities.serializer.save.entities.ms,1787735040047000000,1787735100045000000,0
workspaceModel.global.updates.count,1787735040047000000,1787735100045000000,0
workspaceModel.moduleManagerBridge.build.module.graph.ms,1787735040047000000,1787735100045000000,1
workspaceModel.moduleBridge.before.changed.ms,1787735040047000000,1787735100045000000,0
jps.module.iml.entities.serializer.load.entities.ms,1787735040047000000,1787735100045000000,397
workspaceModel.sync.entities.ms,1787735040047000000,1787735100045000000,0
workspaceModel.moduleManagerBridge.get.modules.ms,1787735040047000000,1787735100045000000,4
jps.artifact.entities.serializer.load.entities.ms,1787735040047000000,1787735100045000000,0
jps.global.handle.before.change.events.ms,1787735040047000000,1787735100045000000,0
workspaceModel.mutableEntityStorage.entities.by.source.ms,1787735040047000000,1787735100045000000,17
workspaceModel.moduleBridge.update.option.ms,1787735040047000000,1787735100045000000,0
workspaceModel.global.updates.ms,1787735040047000000,1787735100045000000,0
workspaceModel.mutableEntityStorage.mutable.vfurl.index.ms,1787735040047000000,1787735100045000000,0
workspaceModel.mutableEntityStorage.resolve.ms,1787735040047000000,1787735100045000000,0
jps.apply.loaded.storage.ms,1787735040047000000,1787735100045000000,772
jps.facet.change.listener.before.change.events.ms,1787735040047000000,1787735100045000000,0
jps.load.project.to.empty.storage.ms,1787735040047000000,1787735100045000000,835
jps.global.get.libraries.ms,1787735040047000000,1787735100045000000,8
workspaceModel.delayed.project.synchronizer.sync.ms,1787735040047000000,1787735100045000000,1669
jps.reload.project.entities.ms,1787735040047000000,1787735100045000000,0
workspaceModel.global.apply.state.to.project.builder.ms,1787735040047000000,1787735100045000000,3
workspaceModel.global.apply.state.to.project.ms,1787735040047000000,1787735100045000000,48
workspaceModel.moduleManagerBridge.load.module.ms,1787735040047000000,1787735100045000000,0
workspaceModel.mutableEntityStorage.has.same.entities.ms,1787735040047000000,1787735100045000000,0
workspaceModel.mutableEntityStorage.collect.changes.ms,1787735040047000000,1787735100045000000,0
jps.project.serializers.save.ms,1787735040047000000,1787735100045000000,3
workspaceModel.mutableEntityStorage.referrers.ms,1787735040047000000,1787735100045000000,0
workspaceModel.moduleManagerBridge.create.module.instance.ms,1787735040047000000,1787735100045000000,0
workspaceModel.mutableEntityStorage.put.entity.ms,1787735040047000000,1787735100045000000,95
workspaceModel.mutableEntityStorage.entities.ms,1787735040047000000,1787735100045000000,1
workspaceModel.load.cache.from.file.ms,1787735040047000000,1787735100045000000,300
jps.load.initial.state.ms,1787735040047000000,1787735100045000000,9
workspaceModel.mutableEntityStorage.modify.entity.ms,1787735040047000000,1787735100045000000,140
workspaceModel.moduleBridgeLoader.loading.modules.ms,1787735040047000000,1787735100045000000,862
jps.app.storage.content.writer.save.component.ms,1787735040047000000,1787735100045000000,0
jps.save.global.entities.ms,1787735040047000000,1787735100045000000,65
workspaceModel.moduleBridge.facet.initialization.ms,1787735040047000000,1787735100045000000,0
workspaceModel.orphan.listener.update.ms,1787735040047000000,1787735100045000000,19
jps.global.handle.changed.events.ms,1787735040047000000,1787735100045000000,0
jps.project.serializers.load.ms,1787735040047000000,1787735100045000000,736
jps.global.initialize.library.bridges.after.loading.ms,1787735040047000000,1787735100045000000,0
jps.storage.jps.conf.reader.load.component.ms,1787735040047000000,1787735100045000000,284
workspaceModel.moduleManagerBridge.newModule.ms,1787735040047000000,1787735100045000000,0
workspaceModel.mutableEntityStorage.add.diff.ms,1787735040047000000,1787735100045000000,210
workspaceModel.moduleManagerBridge.set.unloadedModules.ms,1787735040047000000,1787735100045000000,0
workspaceModel.moduleManagerBridge.new.nonPersistent.module.ms,1787735040047000000,1787735100045000000,0
jps.app.storage.content.reader.load.component.ms,1787735040047000000,1787735100045000000,0
jps.global.get.library.by.name.ms,1787735040047000000,1787735100045000000,0
jps.global.initialize.library.bridges.ms,1787735040047000000,1787735100045000000,0
workspaceModel.mutableEntityStorage.mutable.ext.mapping.ms,1787735040047000000,1787735100045000000,1
workspaceModel.mutableEntityStorage.replace.by.source.ms,1787735040047000000,1787735100045000000,270
jps.module.iml.entities.serializer.save.entities.ms,1787735040047000000,1787735100045000000,0
jps.facet.change.listener.init.bridge.ms,1787735040047000000,1787735100045000000,0
workspaceModel.save.cache.to.file.ms,1787735040047000000,1787735100045000000,575
jps.artifact.entities.serializer.save.entities.ms,1787735040047000000,1787735100045000000,0
AWTEventQueue.eventsDispatched,1787735040047000000,1787735100045000000,3571
NonBlockingReadAction.failedExecutionsCount,1787735040047000000,1787735100045000000,0
FlushQueue.waitingTimeAvgNs,1787735040047000000,1787735100045000000,232197.33333333334
AWTEventQueue.dispatchTime90PNs,1787735040047000000,1787735100045000000,207871
FlushQueue.queueSize90P,1787735040047000000,1787735100045000000,0
NonBlockingReadAction.finalizedExecutionsCount,1787735040047000000,1787735100045000000,0
FlushQueue.queueSizeMax,1787735040047000000,1787735100045000000,0
NonBlockingReadAction.finalizedExecutionTimeUs,1787735040047000000,1787735100045000000,0
NonBlockingReadAction.failedExecutionTimeUs,1787735040047000000,1787735100045000000,0
AWTEventQueue.dispatchTimeTotalNS,1787735040047000000,1787735100045000000,510790807
AWTEventQueue.dispatchTimeMaxNs,1787735040047000000,1787735100045000000,1343487
FlushQueue.executionTime90PNs,1787735040047000000,1787735100045000000,116735
FlushQueue.waitingTimeMaxNs,1787735040047000000,1787735100045000000,765951
FlushQueue.executionTimeAvgNs,1787735040047000000,1787735100045000000,70794.66666666667
AWTEventQueue.dispatchTimeAvgNs,1787735040047000000,1787735100045000000,143035.38504620554
FlushQueue.queueSizeAvg,1787735040047000000,1787735100045000000,0.0
FlushQueue.executionTimeMaxNs,1787735040047000000,1787735100045000000,249855
FlushQueue.tasksExecuted,1787735040047000000,1787735100045000000,120
FlushQueue.waitingTime90PNs,1787735040047000000,1787735100045000000,342015
workspaceModel.initializing.ms,1787735100045000000,1787735160047000000,3
workspaceModel.updates.precise.ms,1787735100045000000,1787735160047000000,289
workspaceModel.update.unloaded.entities.ms,1787735100045000000,1787735160047000000,0
workspaceModel.loading.from.cache.ms,1787735100045000000,1787735160047000000,302
workspaceModel.check.recursive.update.ms,1787735100045000000,1787735160047000000,2
workspaceModel.pre.handlers.ms,1787735100045000000,1787735160047000000,0
workspaceModel.replace.project.model.ms,1787735100045000000,1787735160047000000,0
workspaceModel.updates.count,1787735100045000000,1787735160047000000,5
workspaceModel.updates.ms,1787735100045000000,1787735160047000000,396
workspaceModel.collect.changes.ms,1787735100045000000,1787735160047000000,0
workspaceModel.to.snapshot.ms,1787735100045000000,1787735160047000000,11
workspaceModel.init.bridges.ms,1787735100045000000,1787735160047000000,3
workspaceModel.loading.total.ms,1787735100045000000,1787735160047000000,318
FileNameCache.queries,1787735100045000000,1787735160047000000,171
FileNameCache.fastMisses,1787735100045000000,1787735160047000000,33
FileNameCache.totalMisses,1787735100045000000,1787735160047000000,0
JVM.maxHeapBytes,1787735100045000000,1787735160047000000,2147483648
JVM.threadCount,1787735100045000000,1787735160047000000,48
JVM.maxNativeBytes,1787735100045000000,1787735160047000000,-1
JVM.totalCpuTimeMs,1787735100045000000,1787735160047000000,6187
JVM.GC.collectionTimesMs,1787735100045000000,1787735160047000000,0
JVM.GC.collections,1787735100045000000,1787735160047000000,0
OS.loadAverage,1787735100045000000,1787735160047000000,23.3994140625
JVM.usedNativeBytes,1787735100045000000,1787735160047000000,405095136
JVM.usedHeapBytes,1787735100045000000,1787735160047000000,342038992
FilePageCache.totalPageLoadsUs,1787735100045000000,1787735160047000000,0
StreamlinedBlobStorage.totalLiveRecordsCapacityBytes,1787735100045000000,1787735160047000000,0
DirectByteBufferAllocator.totalSizeOfBuffersAllocatedInBytes,1787735100045000000,1787735160047000000,292634624
StorageLockContext.competingThreads.90P,1787735100045000000,1787735160047000000,0
DirectByteBufferAllocator.disposed,1787735100045000000,1787735160047000000,0
FilePageCache.maxCacheSizeInBytes,1787735100045000000,1787735160047000000,297877504
StorageLockContext.competingThreads.avg,1787735100045000000,1787735160047000000,0.0
DirectByteBufferAllocator.reclaimed,1787735100045000000,1787735160047000000,0
DirectByteBufferAllocator.hits,1787735100045000000,1787735160047000000,0
FilePageCache.pageFastCacheHits,1787735100045000000,1787735160047000000,8
FilePageCache.pageLoads,1787735100045000000,1787735160047000000,0
StreamlinedBlobStorage.totalLiveRecordsPayloadBytes,1787735100045000000,1787735160047000000,0
StreamlinedBlobStorage.recordsAllocated,1787735100045000000,1787735160047000000,0
FilePageCache.pageLoadsAboveSizeThreshold,1787735100045000000,1787735160047000000,0
DirectByteBufferAllocator.misses,1787735100045000000,1787735160047000000,0
FilePageCache.disposedBuffers,1787735100045000000,1787735160047000000,0
FilePageCache.pageHits,1787735100045000000,1787735160047000000,0
StorageLockContext.competingThreads.max,1787735100045000000,1787735160047000000,0
DirectByteBufferAllocator.totalSizeOfBuffersCachedInBytes,1787735100045000000,1787735160047000000,0
FilePageCache.capacityInBytes,1787735100045000000,1787735160047000000,524288000
StreamlinedBlobStorage.recordsDeleted,1787735100045000000,1787735160047000000,0
StreamlinedBlobStorage.recordsRelocated,1787735100045000000,1787735160047000000,0
FilePageCache.uncachedFileAccess,1787735100045000000,1787735160047000000,0
FilePageCache.maxRegisteredFiles,1787735100045000000,1787735160047000000,620
FilePageCache.totalPageDisposalsUs,1787735100045000000,1787735160047000000,0
Indexes.allKeys.lookupDurationAvgMs,1787735100045000000,1787735160047000000,0.0
VFSFlusher.totalContentionQuotaSpent,1787735100045000000,1787735160047000000,0
Indexes.entries.lookups,1787735100045000000,1787735160047000000,0.0
IndexesFlusher.totalFlushesRetried,1787735100045000000,1787735160047000000,0
IndexesFlusher.totalContentionQuotaSpent,1787735100045000000,1787735160047000000,0
VFSFlusher.totalFlushes,1787735100045000000,1787735160047000000,0
Indexes.stubs.lookupDuration90PMs,1787735100045000000,1787735160047000000,0.0
Indexes.allKeys.lookupDuration90PMs,1787735100045000000,1787735160047000000,0.0
Indexes.entries.lookupDurationAvgMs,1787735100045000000,1787735160047000000,0.0
Indexes.stubs.lookupDurationMaxMs,1787735100045000000,1787735160047000000,0.0
Indexes.stubs.lookups,1787735100045000000,1787735160047000000,0.0
Indexes.entries.lookupDurationMaxMs,1787735100045000000,1787735160047000000,0.0
IndexesFlusher.totalFlushes,1787735100045000000,1787735160047000000,118
Indexes.allKeys.lookups,1787735100045000000,1787735160047000000,0.0
IndexesFlusher.totalFlushingTimeUs,1787735100045000000,1787735160047000000,742474
VFSFlusher.totalFlushingTimeUs,1787735100045000000,1787735160047000000,0
Indexes.stubs.lookupDurationAvgMs,1787735100045000000,1787735160047000000,0.0
VFSFlusher.totalFlushesRetried,1787735100045000000,1787735160047000000,0
Indexes.allKeys.lookupDurationMaxMs,1787735100045000000,1787735160047000000,0.0
Indexes.entries.lookupDuration90PMs,1787735100045000000,1787735160047000000,0.0
jps.facet.change.listener.process.change.events.ms,1787735100045000000,1787735160047000000,0
workspaceModel.mutableEntityStorage.to.snapshot.ms,1787735100045000000,1787735160047000000,13
workspaceModel.mutableEntityStorage.remove.entity.ms,1787735100045000000,1787735160047000000,0
jps.library.entities.serializer.load.entities.ms,1787735100045000000,1787735160047000000,282
workspaceModel.moduleManagerBridge.load.all.modules.ms,1787735100045000000,1787735160047000000,133
jps.global.get.library.ms,1787735100045000000,1787735160047000000,0
jps.save.changed.project.entities.ms,1787735100045000000,1787735160047000000,5
workspaceModel.mutableEntityStorage.add.entity.ms,1787735100045000000,1787735160047000000,295
jps.library.entities.serializer.save.entities.ms,1787735100045000000,1787735160047000000,0
workspaceModel.global.updates.count,1787735100045000000,1787735160047000000,0
workspaceModel.moduleManagerBridge.build.module.graph.ms,1787735100045000000,1787735160047000000,1
workspaceModel.moduleBridge.before.changed.ms,1787735100045000000,1787735160047000000,0
jps.module.iml.entities.serializer.load.entities.ms,1787735100045000000,1787735160047000000,397
workspaceModel.sync.entities.ms,1787735100045000000,1787735160047000000,0
workspaceModel.moduleManagerBridge.get.modules.ms,1787735100045000000,1787735160047000000,4
jps.artifact.entities.serializer.load.entities.ms,1787735100045000000,1787735160047000000,0
jps.global.handle.before.change.events.ms,1787735100045000000,1787735160047000000,0
workspaceModel.mutableEntityStorage.entities.by.source.ms,1787735100045000000,1787735160047000000,17
workspaceModel.moduleBridge.update.option.ms,1787735100045000000,1787735160047000000,0
workspaceModel.global.updates.ms,1787735100045000000,1787735160047000000,0
workspaceModel.mutableEntityStorage.mutable.vfurl.index.ms,1787735100045000000,1787735160047000000,0
workspaceModel.mutableEntityStorage.resolve.ms,1787735100045000000,1787735160047000000,0
jps.apply.loaded.storage.ms,1787735100045000000,1787735160047000000,772
jps.facet.change.listener.before.change.events.ms,1787735100045000000,1787735160047000000,0
jps.load.project.to.empty.storage.ms,1787735100045000000,1787735160047000000,835
jps.global.get.libraries.ms,1787735100045000000,1787735160047000000,10
workspaceModel.delayed.project.synchronizer.sync.ms,1787735100045000000,1787735160047000000,1669
jps.reload.project.entities.ms,1787735100045000000,1787735160047000000,0
workspaceModel.global.apply.state.to.project.builder.ms,1787735100045000000,1787735160047000000,3
workspaceModel.global.apply.state.to.project.ms,1787735100045000000,1787735160047000000,48
workspaceModel.moduleManagerBridge.load.module.ms,1787735100045000000,1787735160047000000,0
workspaceModel.mutableEntityStorage.has.same.entities.ms,1787735100045000000,1787735160047000000,0
workspaceModel.mutableEntityStorage.collect.changes.ms,1787735100045000000,1787735160047000000,0
jps.project.serializers.save.ms,1787735100045000000,1787735160047000000,3
workspaceModel.mutableEntityStorage.referrers.ms,1787735100045000000,1787735160047000000,0
workspaceModel.moduleManagerBridge.create.module.instance.ms,1787735100045000000,1787735160047000000,0
workspaceModel.mutableEntityStorage.put.entity.ms,1787735100045000000,1787735160047000000,95
workspaceModel.mutableEntityStorage.entities.ms,1787735100045000000,1787735160047000000,1
workspaceModel.load.cache.from.file.ms,1787735100045000000,1787735160047000000,300
jps.load.initial.state.ms,1787735100045000000,1787735160047000000,9
workspaceModel.mutableEntityStorage.modify.entity.ms,1787735100045000000,1787735160047000000,140
workspaceModel.moduleBridgeLoader.loading.modules.ms,1787735100045000000,1787735160047000000,862
jps.app.storage.content.writer.save.component.ms,1787735100045000000,1787735160047000000,0
jps.save.global.entities.ms,1787735100045000000,1787735160047000000,65
workspaceModel.moduleBridge.facet.initialization.ms,1787735100045000000,1787735160047000000,0
workspaceModel.orphan.listener.update.ms,1787735100045000000,1787735160047000000,19
jps.global.handle.changed.events.ms,1787735100045000000,1787735160047000000,0
jps.project.serializers.load.ms,1787735100045000000,1787735160047000000,736
jps.global.initialize.library.bridges.after.loading.ms,1787735100045000000,1787735160047000000,0
jps.storage.jps.conf.reader.load.component.ms,1787735100045000000,1787735160047000000,284
workspaceModel.moduleManagerBridge.newModule.ms,1787735100045000000,1787735160047000000,0
workspaceModel.mutableEntityStorage.add.diff.ms,1787735100045000000,1787735160047000000,210
workspaceModel.moduleManagerBridge.set.unloadedModules.ms,1787735100045000000,1787735160047000000,0
workspaceModel.moduleManagerBridge.new.nonPersistent.module.ms,1787735100045000000,1787735160047000000,0
jps.app.storage.content.reader.load.component.ms,1787735100045000000,1787735160047000000,0
jps.global.get.library.by.name.ms,1787735100045000000,1787735160047000000,0
jps.global.initialize.library.bridges.ms,1787735100045000000,1787735160047000000,0
workspaceModel.mutableEntityStorage.mutable.ext.mapping.ms,1787735100045000000,1787735160047000000,1
workspaceModel.mutableEntityStorage.replace.by.source.ms,1787735100045000000,1787735160047000000,270
jps.module.iml.entities.serializer.save.entities.ms,1787735100045000000,1787735160047000000,0
jps.facet.change.listener.init.bridge.ms,1787735100045000000,1787735160047000000,0
workspaceModel.save.cache.to.file.ms,1787735100045000000,1787735160047000000,575
jps.artifact.entities.serializer.save.entities.ms,1787735100045000000,1787735160047000000,0
AWTEventQueue.eventsDispatched,1787735100045000000,1787735160047000000,3437
NonBlockingReadAction.failedExecutionsCount,1787735100045000000,1787735160047000000,0
FlushQueue.waitingTimeAvgNs,1787735100045000000,1787735160047000000,277254.347107438
AWTEventQueue.dispatchTime90PNs,1787735100045000000,1787735160047000000,232447
FlushQueue.queueSize90P,1787735100045000000,1787735160047000000,0
NonBlockingReadAction.finalizedExecutionsCount,1787735100045000000,1787735160047000000,3
FlushQueue.queueSizeMax,1787735100045000000,1787735160047000000,0
NonBlockingReadAction.finalizedExecutionTimeUs,1787735100045000000,1787735160047000000,135904
NonBlockingReadAction.failedExecutionTimeUs,1787735100045000000,1787735160047000000,0
AWTEventQueue.dispatchTimeTotalNS,1787735100045000000,1787735160047000000,588507030
AWTEventQueue.dispatchTimeMaxNs,1787735100045000000,1787735160047000000,8454143
FlushQueue.executionTime90PNs,1787735100045000000,1787735160047000000,185343
FlushQueue.waitingTimeMaxNs,1787735100045000000,1787735160047000000,880639
FlushQueue.executionTimeAvgNs,1787735100045000000,1787735160047000000,159980.69421487604
AWTEventQueue.dispatchTimeAvgNs,1787735100045000000,1787735160047000000,171247.85103287752
FlushQueue.queueSizeAvg,1787735100045000000,1787735160047000000,0.0
FlushQueue.executionTimeMaxNs,1787735100045000000,1787735160047000000,3457023
FlushQueue.tasksExecuted,1787735100045000000,1787735160047000000,121
FlushQueue.waitingTime90PNs,1787735100045000000,1787735160047000000,446463
workspaceModel.initializing.ms,1787735160047000000,1787735220053000000,3
workspaceModel.updates.precise.ms,1787735160047000000,1787735220053000000,289
workspaceModel.update.unloaded.entities.ms,1787735160047000000,1787735220053000000,0
workspaceModel.loading.from.cache.ms,1787735160047000000,1787735220053000000,302
workspaceModel.check.recursive.update.ms,1787735160047000000,1787735220053000000,2
workspaceModel.pre.handlers.ms,1787735160047000000,1787735220053000000,0
workspaceModel.replace.project.model.ms,1787735160047000000,1787735220053000000,0
workspaceModel.updates.count,1787735160047000000,1787735220053000000,5
workspaceModel.updates.ms,1787735160047000000,1787735220053000000,396
workspaceModel.collect.changes.ms,1787735160047000000,1787735220053000000,0
workspaceModel.to.snapshot.ms,1787735160047000000,1787735220053000000,11
workspaceModel.init.bridges.ms,1787735160047000000,1787735220053000000,3
workspaceModel.loading.total.ms,1787735160047000000,1787735220053000000,318
FileNameCache.queries,1787735160047000000,1787735220053000000,0
FileNameCache.fastMisses,1787735160047000000,1787735220053000000,0
FileNameCache.totalMisses,1787735160047000000,1787735220053000000,0
JVM.maxHeapBytes,1787735160047000000,1787735220053000000,2147483648
JVM.threadCount,1787735160047000000,1787735220053000000,46
JVM.maxNativeBytes,1787735160047000000,1787735220053000000,-1
JVM.totalCpuTimeMs,1787735160047000000,1787735220053000000,4643
JVM.GC.collectionTimesMs,1787735160047000000,1787735220053000000,0
JVM.GC.collections,1787735160047000000,1787735220053000000,0
OS.loadAverage,1787735160047000000,1787735220053000000,13.91552734375
JVM.usedNativeBytes,1787735160047000000,1787735220053000000,405157008
JVM.usedHeapBytes,1787735160047000000,1787735220053000000,383982032
FilePageCache.totalPageLoadsUs,1787735160047000000,1787735220053000000,0
StreamlinedBlobStorage.totalLiveRecordsCapacityBytes,1787735160047000000,1787735220053000000,0
DirectByteBufferAllocator.totalSizeOfBuffersAllocatedInBytes,1787735160047000000,1787735220053000000,292634624
StorageLockContext.competingThreads.90P,1787735160047000000,1787735220053000000,0
DirectByteBufferAllocator.disposed,1787735160047000000,1787735220053000000,0
FilePageCache.maxCacheSizeInBytes,1787735160047000000,1787735220053000000,297877504
StorageLockContext.competingThreads.avg,1787735160047000000,1787735220053000000,0.0
DirectByteBufferAllocator.reclaimed,1787735160047000000,1787735220053000000,0
DirectByteBufferAllocator.hits,1787735160047000000,1787735220053000000,0
FilePageCache.pageFastCacheHits,1787735160047000000,1787735220053000000,0
FilePageCache.pageLoads,1787735160047000000,1787735220053000000,0
StreamlinedBlobStorage.totalLiveRecordsPayloadBytes,1787735160047000000,1787735220053000000,0
StreamlinedBlobStorage.recordsAllocated,1787735160047000000,1787735220053000000,0
FilePageCache.pageLoadsAboveSizeThreshold,1787735160047000000,1787735220053000000,0
DirectByteBufferAllocator.misses,1787735160047000000,1787735220053000000,0
FilePageCache.disposedBuffers,1787735160047000000,1787735220053000000,0
FilePageCache.pageHits,1787735160047000000,1787735220053000000,0
StorageLockContext.competingThreads.max,1787735160047000000,1787735220053000000,0
DirectByteBufferAllocator.totalSizeOfBuffersCachedInBytes,1787735160047000000,1787735220053000000,0
FilePageCache.capacityInBytes,1787735160047000000,1787735220053000000,524288000
StreamlinedBlobStorage.recordsDeleted,1787735160047000000,1787735220053000000,0
StreamlinedBlobStorage.recordsRelocated,1787735160047000000,1787735220053000000,0
FilePageCache.uncachedFileAccess,1787735160047000000,1787735220053000000,0
FilePageCache.maxRegisteredFiles,1787735160047000000,1787735220053000000,620
FilePageCache.totalPageDisposalsUs,1787735160047000000,1787735220053000000,0
Indexes.allKeys.lookupDurationAvgMs,1787735160047000000,1787735220053000000,0.0
VFSFlusher.totalContentionQuotaSpent,1787735160047000000,1787735220053000000,0
Indexes.entries.lookups,1787735160047000000,1787735220053000000,0.0
IndexesFlusher.totalFlushesRetried,1787735160047000000,1787735220053000000,0
IndexesFlusher.totalContentionQuotaSpent,1787735160047000000,1787735220053000000,0
VFSFlusher.totalFlushes,1787735160047000000,1787735220053000000,0
Indexes.stubs.lookupDuration90PMs,1787735160047000000,1787735220053000000,0.0
Indexes.allKeys.lookupDuration90PMs,1787735160047000000,1787735220053000000,0.0
Indexes.entries.lookupDurationAvgMs,1787735160047000000,1787735220053000000,0.0
Indexes.stubs.lookupDurationMaxMs,1787735160047000000,1787735220053000000,0.0
Indexes.stubs.lookups,1787735160047000000,1787735220053000000,0.0
Indexes.entries.lookupDurationMaxMs,1787735160047000000,1787735220053000000,0.0
IndexesFlusher.totalFlushes,1787735160047000000,1787735220053000000,115
Indexes.allKeys.lookups,1787735160047000000,1787735220053000000,0.0
IndexesFlusher.totalFlushingTimeUs,1787735160047000000,1787735220053000000,802672
VFSFlusher.totalFlushingTimeUs,1787735160047000000,1787735220053000000,0
Indexes.stubs.lookupDurationAvgMs,1787735160047000000,1787735220053000000,0.0
VFSFlusher.totalFlushesRetried,1787735160047000000,1787735220053000000,0
Indexes.allKeys.lookupDurationMaxMs,1787735160047000000,1787735220053000000,0.0
Indexes.entries.lookupDuration90PMs,1787735160047000000,1787735220053000000,0.0
jps.facet.change.listener.process.change.events.ms,1787735160047000000,1787735220053000000,0
workspaceModel.mutableEntityStorage.to.snapshot.ms,1787735160047000000,1787735220053000000,13
workspaceModel.mutableEntityStorage.remove.entity.ms,1787735160047000000,1787735220053000000,0
jps.library.entities.serializer.load.entities.ms,1787735160047000000,1787735220053000000,282
workspaceModel.moduleManagerBridge.load.all.modules.ms,1787735160047000000,1787735220053000000,133
jps.global.get.library.ms,1787735160047000000,1787735220053000000,0
jps.save.changed.project.entities.ms,1787735160047000000,1787735220053000000,5
workspaceModel.mutableEntityStorage.add.entity.ms,1787735160047000000,1787735220053000000,295
jps.library.entities.serializer.save.entities.ms,1787735160047000000,1787735220053000000,0
workspaceModel.global.updates.count,1787735160047000000,1787735220053000000,0
workspaceModel.moduleManagerBridge.build.module.graph.ms,1787735160047000000,1787735220053000000,1
workspaceModel.moduleBridge.before.changed.ms,1787735160047000000,1787735220053000000,0
jps.module.iml.entities.serializer.load.entities.ms,1787735160047000000,1787735220053000000,397
workspaceModel.sync.entities.ms,1787735160047000000,1787735220053000000,0
workspaceModel.moduleManagerBridge.get.modules.ms,1787735160047000000,1787735220053000000,4
jps.artifact.entities.serializer.load.entities.ms,1787735160047000000,1787735220053000000,0
jps.global.handle.before.change.events.ms,1787735160047000000,1787735220053000000,0
workspaceModel.mutableEntityStorage.entities.by.source.ms,1787735160047000000,1787735220053000000,17
workspaceModel.moduleBridge.update.option.ms,1787735160047000000,1787735220053000000,0
workspaceModel.global.updates.ms,1787735160047000000,1787735220053000000,0
workspaceModel.mutableEntityStorage.mutable.vfurl.index.ms,1787735160047000000,1787735220053000000,0
workspaceModel.mutableEntityStorage.resolve.ms,1787735160047000000,1787735220053000000,0
jps.apply.loaded.storage.ms,1787735160047000000,1787735220053000000,772
jps.facet.change.listener.before.change.events.ms,1787735160047000000,1787735220053000000,0
jps.load.project.to.empty.storage.ms,1787735160047000000,1787735220053000000,835
jps.global.get.libraries.ms,1787735160047000000,1787735220053000000,10
workspaceModel.delayed.project.synchronizer.sync.ms,1787735160047000000,1787735220053000000,1669
jps.reload.project.entities.ms,1787735160047000000,1787735220053000000,0
workspaceModel.global.apply.state.to.project.builder.ms,1787735160047000000,1787735220053000000,3
workspaceModel.global.apply.state.to.project.ms,1787735160047000000,1787735220053000000,48
workspaceModel.moduleManagerBridge.load.module.ms,1787735160047000000,1787735220053000000,0
workspaceModel.mutableEntityStorage.has.same.entities.ms,1787735160047000000,1787735220053000000,0
workspaceModel.mutableEntityStorage.collect.changes.ms,1787735160047000000,1787735220053000000,0
jps.project.serializers.save.ms,1787735160047000000,1787735220053000000,3
workspaceModel.mutableEntityStorage.referrers.ms,1787735160047000000,1787735220053000000,0
workspaceModel.moduleManagerBridge.create.module.instance.ms,1787735160047000000,1787735220053000000,0
workspaceModel.mutableEntityStorage.put.entity.ms,1787735160047000000,1787735220053000000,95
workspaceModel.mutableEntityStorage.entities.ms,1787735160047000000,1787735220053000000,1
workspaceModel.load.cache.from.file.ms,1787735160047000000,1787735220053000000,300
jps.load.initial.state.ms,1787735160047000000,1787735220053000000,9
workspaceModel.mutableEntityStorage.modify.entity.ms,1787735160047000000,1787735220053000000,140
workspaceModel.moduleBridgeLoader.loading.modules.ms,1787735160047000000,1787735220053000000,862
jps.app.storage.content.writer.save.component.ms,1787735160047000000,1787735220053000000,0
jps.save.global.entities.ms,1787735160047000000,1787735220053000000,65
workspaceModel.moduleBridge.facet.initialization.ms,1787735160047000000,1787735220053000000,0
workspaceModel.orphan.listener.update.ms,1787735160047000000,1787735220053000000,19
jps.global.handle.changed.events.ms,1787735160047000000,1787735220053000000,0
jps.project.serializers.load.ms,1787735160047000000,1787735220053000000,736
jps.global.initialize.library.bridges.after.loading.ms,1787735160047000000,1787735220053000000,0
jps.storage.jps.conf.reader.load.component.ms,1787735160047000000,1787735220053000000,284
workspaceModel.moduleManagerBridge.newModule.ms,1787735160047000000,1787735220053000000,0
workspaceModel.mutableEntityStorage.add.diff.ms,1787735160047000000,1787735220053000000,210
workspaceModel.moduleManagerBridge.set.unloadedModules.ms,1787735160047000000,1787735220053000000,0
workspaceModel.moduleManagerBridge.new.nonPersistent.module.ms,1787735160047000000,1787735220053000000,0
jps.app.storage.content.reader.load.component.ms,1787735160047000000,1787735220053000000,0
jps.global.get.library.by.name.ms,1787735160047000000,1787735220053000000,0
jps.global.initialize.library.bridges.ms,1787735160047000000,1787735220053000000,0
workspaceModel.mutableEntityStorage.mutable.ext.mapping.ms,1787735160047000000,1787735220053000000,1
workspaceModel.mutableEntityStorage.replace.by.source.ms,1787735160047000000,1787735220053000000,270
jps.module.iml.entities.serializer.save.entities.ms,1787735160047000000,1787735220053000000,0
jps.facet.change.listener.init.bridge.ms,1787735160047000000,1787735220053000000,0
workspaceModel.save.cache.to.file.ms,1787735160047000000,1787735220053000000,575
jps.artifact.entities.serializer.save.entities.ms,1787735160047000000,1787735220053000000,0
AWTEventQueue.eventsDispatched,1787735160047000000,1787735220053000000,3256
NonBlockingReadAction.failedExecutionsCount,1787735160047000000,1787735220053000000,0
FlushQueue.waitingTimeAvgNs,1787735160047000000,1787735220053000000,260617.6
AWTEventQueue.dispatchTime90PNs,1787735160047000000,1787735220053000000,226303
FlushQueue.queueSize90P,1787735160047000000,1787735220053000000,0
NonBlockingReadAction.finalizedExecutionsCount,1787735160047000000,1787735220053000000,0
FlushQueue.queueSizeMax,1787735160047000000,1787735220053000000,0
NonBlockingReadAction.finalizedExecutionTimeUs,1787735160047000000,1787735220053000000,0
NonBlockingReadAction.failedExecutionTimeUs,1787735160047000000,1787735220053000000,0
AWTEventQueue.dispatchTimeTotalNS,1787735160047000000,1787735220053000000,530552696
AWTEventQueue.dispatchTimeMaxNs,1787735160047000000,1787735220053000000,2023423
FlushQueue.executionTime90PNs,1787735160047000000,1787735220053000000,105983
FlushQueue.waitingTimeMaxNs,1787735160047000000,1787735220053000000,1114111
FlushQueue.executionTimeAvgNs,1787735160047000000,1787735220053000000,71020.8
AWTEventQueue.dispatchTimeAvgNs,1787735160047000000,1787735220053000000,162894.71253071254
FlushQueue.queueSizeAvg,1787735160047000000,1787735220053000000,0.0
FlushQueue.executionTimeMaxNs,1787735160047000000,1787735220053000000,342015
FlushQueue.tasksExecuted,1787735160047000000,1787735220053000000,120
FlushQueue.waitingTime90PNs,1787735160047000000,1787735220053000000,354303
workspaceModel.initializing.ms,1787735220053000000,1787735280054000000,3
workspaceModel.updates.precise.ms,1787735220053000000,1787735280054000000,289
workspaceModel.update.unloaded.entities.ms,1787735220053000000,1787735280054000000,0
workspaceModel.loading.from.cache.ms,1787735220053000000,1787735280054000000,302
workspaceModel.check.recursive.update.ms,1787735220053000000,1787735280054000000,2
workspaceModel.pre.handlers.ms,1787735220053000000,1787735280054000000,0
workspaceModel.replace.project.model.ms,1787735220053000000,1787735280054000000,0
workspaceModel.updates.count,1787735220053000000,1787735280054000000,5
workspaceModel.updates.ms,1787735220053000000,1787735280054000000,396
workspaceModel.collect.changes.ms,1787735220053000000,1787735280054000000,0
workspaceModel.to.snapshot.ms,1787735220053000000,1787735280054000000,11
workspaceModel.init.bridges.ms,1787735220053000000,1787735280054000000,3
workspaceModel.loading.total.ms,1787735220053000000,1787735280054000000,318
FileNameCache.queries,1787735220053000000,1787735280054000000,0
FileNameCache.fastMisses,1787735220053000000,1787735280054000000,0
FileNameCache.totalMisses,1787735220053000000,1787735280054000000,0
JVM.maxHeapBytes,1787735220053000000,1787735280054000000,2147483648
JVM.threadCount,1787735220053000000,1787735280054000000,46
JVM.maxNativeBytes,1787735220053000000,1787735280054000000,-1
JVM.totalCpuTimeMs,1787735220053000000,1787735280054000000,6473
JVM.GC.collectionTimesMs,1787735220053000000,1787735280054000000,57
JVM.GC.collections,1787735220053000000,1787735280054000000,1
OS.loadAverage,1787735220053000000,1787735280054000000,7.48974609375
JVM.usedNativeBytes,1787735220053000000,1787735280054000000,405234368
JVM.usedHeapBytes,1787735220053000000,1787735280054000000,195057448
FilePageCache.totalPageLoadsUs,1787735220053000000,1787735280054000000,0
StreamlinedBlobStorage.totalLiveRecordsCapacityBytes,1787735220053000000,1787735280054000000,0
DirectByteBufferAllocator.totalSizeOfBuffersAllocatedInBytes,1787735220053000000,1787735280054000000,292634624
StorageLockContext.competingThreads.90P,1787735220053000000,1787735280054000000,0
DirectByteBufferAllocator.disposed,1787735220053000000,1787735280054000000,0
FilePageCache.maxCacheSizeInBytes,1787735220053000000,1787735280054000000,297877504
StorageLockContext.competingThreads.avg,1787735220053000000,1787735280054000000,0.0
DirectByteBufferAllocator.reclaimed,1787735220053000000,1787735280054000000,0
DirectByteBufferAllocator.hits,1787735220053000000,1787735280054000000,0
FilePageCache.pageFastCacheHits,1787735220053000000,1787735280054000000,0
FilePageCache.pageLoads,1787735220053000000,1787735280054000000,0
StreamlinedBlobStorage.totalLiveRecordsPayloadBytes,1787735220053000000,1787735280054000000,0
StreamlinedBlobStorage.recordsAllocated,1787735220053000000,1787735280054000000,0
FilePageCache.pageLoadsAboveSizeThreshold,1787735220053000000,1787735280054000000,0
DirectByteBufferAllocator.misses,1787735220053000000,1787735280054000000,0
FilePageCache.disposedBuffers,1787735220053000000,1787735280054000000,0
FilePageCache.pageHits,1787735220053000000,1787735280054000000,0
StorageLockContext.competingThreads.max,1787735220053000000,1787735280054000000,0
DirectByteBufferAllocator.totalSizeOfBuffersCachedInBytes,1787735220053000000,1787735280054000000,0
FilePageCache.capacityInBytes,1787735220053000000,1787735280054000000,524288000
StreamlinedBlobStorage.recordsDeleted,1787735220053000000,1787735280054000000,0
StreamlinedBlobStorage.recordsRelocated,1787735220053000000,1787735280054000000,0
FilePageCache.uncachedFileAccess,1787735220053000000,1787735280054000000,0
FilePageCache.maxRegisteredFiles,1787735220053000000,1787735280054000000,620
FilePageCache.totalPageDisposalsUs,1787735220053000000,1787735280054000000,0
Indexes.allKeys.lookupDurationAvgMs,1787735220053000000,1787735280054000000,0.0
VFSFlusher.totalContentionQuotaSpent,1787735220053000000,1787735280054000000,0
Indexes.entries.lookups,1787735220053000000,1787735280054000000,0.0
IndexesFlusher.totalFlushesRetried,1787735220053000000,1787735280054000000,0
IndexesFlusher.totalContentionQuotaSpent,1787735220053000000,1787735280054000000,0
VFSFlusher.totalFlushes,1787735220053000000,1787735280054000000,0
Indexes.stubs.lookupDuration90PMs,1787735220053000000,1787735280054000000,0.0
Indexes.allKeys.lookupDuration90PMs,1787735220053000000,1787735280054000000,0.0
Indexes.entries.lookupDurationAvgMs,1787735220053000000,1787735280054000000,0.0
Indexes.stubs.lookupDurationMaxMs,1787735220053000000,1787735280054000000,0.0
Indexes.stubs.lookups,1787735220053000000,1787735280054000000,0.0
Indexes.entries.lookupDurationMaxMs,1787735220053000000,1787735280054000000,0.0
IndexesFlusher.totalFlushes,1787735220053000000,1787735280054000000,163
Indexes.allKeys.lookups,1787735220053000000,1787735280054000000,0.0
IndexesFlusher.totalFlushingTimeUs,1787735220053000000,1787735280054000000,936766
VFSFlusher.totalFlushingTimeUs,1787735220053000000,1787735280054000000,0
Indexes.stubs.lookupDurationAvgMs,1787735220053000000,1787735280054000000,0.0
VFSFlusher.totalFlushesRetried,1787735220053000000,1787735280054000000,0
Indexes.allKeys.lookupDurationMaxMs,1787735220053000000,1787735280054000000,0.0
Indexes.entries.lookupDuration90PMs,1787735220053000000,1787735280054000000,0.0
jps.facet.change.listener.process.change.events.ms,1787735220053000000,1787735280054000000,0
workspaceModel.mutableEntityStorage.to.snapshot.ms,1787735220053000000,1787735280054000000,13
workspaceModel.mutableEntityStorage.remove.entity.ms,1787735220053000000,1787735280054000000,0
jps.library.entities.serializer.load.entities.ms,1787735220053000000,1787735280054000000,282
workspaceModel.moduleManagerBridge.load.all.modules.ms,1787735220053000000,1787735280054000000,133
jps.global.get.library.ms,1787735220053000000,1787735280054000000,0
jps.save.changed.project.entities.ms,1787735220053000000,1787735280054000000,5
workspaceModel.mutableEntityStorage.add.entity.ms,1787735220053000000,1787735280054000000,295
jps.library.entities.serializer.save.entities.ms,1787735220053000000,1787735280054000000,0
workspaceModel.global.updates.count,1787735220053000000,1787735280054000000,0
workspaceModel.moduleManagerBridge.build.module.graph.ms,1787735220053000000,1787735280054000000,1
workspaceModel.moduleBridge.before.changed.ms,1787735220053000000,1787735280054000000,0
jps.module.iml.entities.serializer.load.entities.ms,1787735220053000000,1787735280054000000,397
workspaceModel.sync.entities.ms,1787735220053000000,1787735280054000000,0
workspaceModel.moduleManagerBridge.get.modules.ms,1787735220053000000,1787735280054000000,4
jps.artifact.entities.serializer.load.entities.ms,1787735220053000000,1787735280054000000,0
jps.global.handle.before.change.events.ms,1787735220053000000,1787735280054000000,0
workspaceModel.mutableEntityStorage.entities.by.source.ms,1787735220053000000,1787735280054000000,17
workspaceModel.moduleBridge.update.option.ms,1787735220053000000,1787735280054000000,0
workspaceModel.global.updates.ms,1787735220053000000,1787735280054000000,0
workspaceModel.mutableEntityStorage.mutable.vfurl.index.ms,1787735220053000000,1787735280054000000,0
workspaceModel.mutableEntityStorage.resolve.ms,1787735220053000000,1787735280054000000,0
jps.apply.loaded.storage.ms,1787735220053000000,1787735280054000000,772
jps.facet.change.listener.before.change.events.ms,1787735220053000000,1787735280054000000,0
jps.load.project.to.empty.storage.ms,1787735220053000000,1787735280054000000,835
jps.global.get.libraries.ms,1787735220053000000,1787735280054000000,10
workspaceModel.delayed.project.synchronizer.sync.ms,1787735220053000000,1787735280054000000,1669
jps.reload.project.entities.ms,1787735220053000000,1787735280054000000,0
workspaceModel.global.apply.state.to.project.builder.ms,1787735220053000000,1787735280054000000,3
workspaceModel.global.apply.state.to.project.ms,1787735220053000000,1787735280054000000,48
workspaceModel.moduleManagerBridge.load.module.ms,1787735220053000000,1787735280054000000,0
workspaceModel.mutableEntityStorage.has.same.entities.ms,1787735220053000000,1787735280054000000,0
workspaceModel.mutableEntityStorage.collect.changes.ms,1787735220053000000,1787735280054000000,0
jps.project.serializers.save.ms,1787735220053000000,1787735280054000000,3
workspaceModel.mutableEntityStorage.referrers.ms,1787735220053000000,1787735280054000000,0
workspaceModel.moduleManagerBridge.create.module.instance.ms,1787735220053000000,1787735280054000000,0
workspaceModel.mutableEntityStorage.put.entity.ms,1787735220053000000,1787735280054000000,95
workspaceModel.mutableEntityStorage.entities.ms,1787735220053000000,1787735280054000000,1
workspaceModel.load.cache.from.file.ms,1787735220053000000,1787735280054000000,300
jps.load.initial.state.ms,1787735220053000000,1787735280054000000,9
workspaceModel.mutableEntityStorage.modify.entity.ms,1787735220053000000,1787735280054000000,140
workspaceModel.moduleBridgeLoader.loading.modules.ms,1787735220053000000,1787735280054000000,862
jps.app.storage.content.writer.save.component.ms,1787735220053000000,1787735280054000000,0
jps.save.global.entities.ms,1787735220053000000,1787735280054000000,65
workspaceModel.moduleBridge.facet.initialization.ms,1787735220053000000,1787735280054000000,0
workspaceModel.orphan.listener.update.ms,1787735220053000000,1787735280054000000,19
jps.global.handle.changed.events.ms,1787735220053000000,1787735280054000000,0
jps.project.serializers.load.ms,1787735220053000000,1787735280054000000,736
jps.global.initialize.library.bridges.after.loading.ms,1787735220053000000,1787735280054000000,0
jps.storage.jps.conf.reader.load.component.ms,1787735220053000000,1787735280054000000,284
workspaceModel.moduleManagerBridge.newModule.ms,1787735220053000000,1787735280054000000,0
workspaceModel.mutableEntityStorage.add.diff.ms,1787735220053000000,1787735280054000000,210
workspaceModel.moduleManagerBridge.set.unloadedModules.ms,1787735220053000000,1787735280054000000,0
workspaceModel.moduleManagerBridge.new.nonPersistent.module.ms,1787735220053000000,1787735280054000000,0
jps.app.storage.content.reader.load.component.ms,1787735220053000000,1787735280054000000,0
jps.global.get.library.by.name.ms,1787735220053000000,1787735280054000000,0
jps.global.initialize.library.bridges.ms,1787735220053000000,1787735280054000000,0
workspaceModel.mutableEntityStorage.mutable.ext.mapping.ms,1787735220053000000,1787735280054000000,1
workspaceModel.mutableEntityStorage.replace.by.source.ms,1787735220053000000,1787735280054000000,270
jps.module.iml.entities.serializer.save.entities.ms,1787735220053000000,1787735280054000000,0
jps.facet.change.listener.init.bridge.ms,1787735220053000000,1787735280054000000,0
workspaceModel.save.cache.to.file.ms,1787735220053000000,1787735280054000000,575
jps.artifact.entities.serializer.save.entities.ms,1787735220053000000,1787735280054000000,0
AWTEventQueue.eventsDispatched,1787735220053000000,1787735280054000000,3257
NonBlockingReadAction.failedExecutionsCount,1787735220053000000,1787735280054000000,0
FlushQueue.waitingTimeAvgNs,1787735220053000000,1787735280054000000,273402.71074380167
AWTEventQueue.dispatchTime90PNs,1787735220053000000,1787735280054000000,211967
FlushQueue.queueSize90P,1787735220053000000,1787735280054000000,0
NonBlockingReadAction.finalizedExecutionsCount,1787735220053000000,1787735280054000000,0
FlushQueue.queueSizeMax,1787735220053000000,1787735280054000000,0
NonBlockingReadAction.finalizedExecutionTimeUs,1787735220053000000,1787735280054000000,0
NonBlockingReadAction.failedExecutionTimeUs,1787735220053000000,1787735280054000000,0
AWTEventQueue.dispatchTimeTotalNS,1787735220053000000,1787735280054000000,533031697
AWTEventQueue.dispatchTimeMaxNs,1787735220053000000,1787735280054000000,7962623
FlushQueue.executionTime90PNs,1787735220053000000,1787735280054000000,136191
FlushQueue.waitingTimeMaxNs,1787735220053000000,1787735280054000000,716799
FlushQueue.executionTimeAvgNs,1787735220053000000,1787735280054000000,102407.40495867768
AWTEventQueue.dispatchTimeAvgNs,1787735220053000000,1787735280054000000,163594.1786920479
FlushQueue.queueSizeAvg,1787735220053000000,1787735280054000000,0.0
FlushQueue.executionTimeMaxNs,1787735220053000000,1787735280054000000,1966079
FlushQueue.tasksExecuted,1787735220053000000,1787735280054000000,121
FlushQueue.waitingTime90PNs,1787735220053000000,1787735280054000000,434175
workspaceModel.initializing.ms,1787735280054000000,1787735340051000000,3
workspaceModel.updates.precise.ms,1787735280054000000,1787735340051000000,289
workspaceModel.update.unloaded.entities.ms,1787735280054000000,1787735340051000000,0
workspaceModel.loading.from.cache.ms,1787735280054000000,1787735340051000000,302
workspaceModel.check.recursive.update.ms,1787735280054000000,1787735340051000000,2
workspaceModel.pre.handlers.ms,1787735280054000000,1787735340051000000,0
workspaceModel.replace.project.model.ms,1787735280054000000,1787735340051000000,0
workspaceModel.updates.count,1787735280054000000,1787735340051000000,5
workspaceModel.updates.ms,1787735280054000000,1787735340051000000,396
workspaceModel.collect.changes.ms,1787735280054000000,1787735340051000000,0
workspaceModel.to.snapshot.ms,1787735280054000000,1787735340051000000,11
workspaceModel.init.bridges.ms,1787735280054000000,1787735340051000000,3
workspaceModel.loading.total.ms,1787735280054000000,1787735340051000000,318
FileNameCache.queries,1787735280054000000,1787735340051000000,0
FileNameCache.fastMisses,1787735280054000000,1787735340051000000,0
FileNameCache.totalMisses,1787735280054000000,1787735340051000000,0
JVM.maxHeapBytes,1787735280054000000,1787735340051000000,2147483648
JVM.threadCount,1787735280054000000,1787735340051000000,45
JVM.maxNativeBytes,1787735280054000000,1787735340051000000,-1
JVM.totalCpuTimeMs,1787735280054000000,1787735340051000000,5291
JVM.GC.collectionTimesMs,1787735280054000000,1787735340051000000,0
JVM.GC.collections,1787735280054000000,1787735340051000000,0
OS.loadAverage,1787735280054000000,1787735340051000000,5.75634765625
JVM.usedNativeBytes,1787735280054000000,1787735340051000000,405403968
JVM.usedHeapBytes,1787735280054000000,1787735340051000000,239097640
FilePageCache.totalPageLoadsUs,1787735280054000000,1787735340051000000,0
StreamlinedBlobStorage.totalLiveRecordsCapacityBytes,1787735280054000000,1787735340051000000,0
DirectByteBufferAllocator.totalSizeOfBuffersAllocatedInBytes,1787735280054000000,1787735340051000000,292634624
StorageLockContext.competingThreads.90P,1787735280054000000,1787735340051000000,0
DirectByteBufferAllocator.disposed,1787735280054000000,1787735340051000000,0
FilePageCache.maxCacheSizeInBytes,1787735280054000000,1787735340051000000,297877504
StorageLockContext.competingThreads.avg,1787735280054000000,1787735340051000000,0.0
DirectByteBufferAllocator.reclaimed,1787735280054000000,1787735340051000000,0
DirectByteBufferAllocator.hits,1787735280054000000,1787735340051000000,0
FilePageCache.pageFastCacheHits,1787735280054000000,1787735340051000000,0
FilePageCache.pageLoads,1787735280054000000,1787735340051000000,0
StreamlinedBlobStorage.totalLiveRecordsPayloadBytes,1787735280054000000,1787735340051000000,0
StreamlinedBlobStorage.recordsAllocated,1787735280054000000,1787735340051000000,0
FilePageCache.pageLoadsAboveSizeThreshold,1787735280054000000,1787735340051000000,0
DirectByteBufferAllocator.misses,1787735280054000000,1787735340051000000,0
FilePageCache.disposedBuffers,1787735280054000000,1787735340051000000,0
FilePageCache.pageHits,1787735280054000000,1787735340051000000,0
StorageLockContext.competingThreads.max,1787735280054000000,1787735340051000000,0
DirectByteBufferAllocator.totalSizeOfBuffersCachedInBytes,1787735280054000000,1787735340051000000,0
FilePageCache.capacityInBytes,1787735280054000000,1787735340051000000,524288000
StreamlinedBlobStorage.recordsDeleted,1787735280054000000,1787735340051000000,0
StreamlinedBlobStorage.recordsRelocated,1787735280054000000,1787735340051000000,0
FilePageCache.uncachedFileAccess,1787735280054000000,1787735340051000000,0
FilePageCache.maxRegisteredFiles,1787735280054000000,1787735340051000000,620
FilePageCache.totalPageDisposalsUs,1787735280054000000,1787735340051000000,0
Indexes.allKeys.lookupDurationAvgMs,1787735280054000000,1787735340051000000,0.0
VFSFlusher.totalContentionQuotaSpent,1787735280054000000,1787735340051000000,0
Indexes.entries.lookups,1787735280054000000,1787735340051000000,0.0
IndexesFlusher.totalFlushesRetried,1787735280054000000,1787735340051000000,0
IndexesFlusher.totalContentionQuotaSpent,1787735280054000000,1787735340051000000,0
VFSFlusher.totalFlushes,1787735280054000000,1787735340051000000,0
Indexes.stubs.lookupDuration90PMs,1787735280054000000,1787735340051000000,0.0
Indexes.allKeys.lookupDuration90PMs,1787735280054000000,1787735340051000000,0.0
Indexes.entries.lookupDurationAvgMs,1787735280054000000,1787735340051000000,0.0
Indexes.stubs.lookupDurationMaxMs,1787735280054000000,1787735340051000000,0.0
Indexes.stubs.lookups,1787735280054000000,1787735340051000000,0.0
Indexes.entries.lookupDurationMaxMs,1787735280054000000,1787735340051000000,0.0
IndexesFlusher.totalFlushes,1787735280054000000,1787735340051000000,174
Indexes.allKeys.lookups,1787735280054000000,1787735340051000000,0.0
IndexesFlusher.totalFlushingTimeUs,1787735280054000000,1787735340051000000,764399
VFSFlusher.totalFlushingTimeUs,1787735280054000000,1787735340051000000,0
Indexes.stubs.lookupDurationAvgMs,1787735280054000000,1787735340051000000,0.0
VFSFlusher.totalFlushesRetried,1787735280054000000,1787735340051000000,0
Indexes.allKeys.lookupDurationMaxMs,1787735280054000000,1787735340051000000,0.0
Indexes.entries.lookupDuration90PMs,1787735280054000000,1787735340051000000,0.0
jps.facet.change.listener.process.change.events.ms,1787735280054000000,1787735340051000000,0
workspaceModel.mutableEntityStorage.to.snapshot.ms,1787735280054000000,1787735340051000000,13
workspaceModel.mutableEntityStorage.remove.entity.ms,1787735280054000000,1787735340051000000,0
jps.library.entities.serializer.load.entities.ms,1787735280054000000,1787735340051000000,282
workspaceModel.moduleManagerBridge.load.all.modules.ms,1787735280054000000,1787735340051000000,133
jps.global.get.library.ms,1787735280054000000,1787735340051000000,0
jps.save.changed.project.entities.ms,1787735280054000000,1787735340051000000,5
workspaceModel.mutableEntityStorage.add.entity.ms,1787735280054000000,1787735340051000000,295
jps.library.entities.serializer.save.entities.ms,1787735280054000000,1787735340051000000,0
workspaceModel.global.updates.count,1787735280054000000,1787735340051000000,0
workspaceModel.moduleManagerBridge.build.module.graph.ms,1787735280054000000,1787735340051000000,1
workspaceModel.moduleBridge.before.changed.ms,1787735280054000000,1787735340051000000,0
jps.module.iml.entities.serializer.load.entities.ms,1787735280054000000,1787735340051000000,397
workspaceModel.sync.entities.ms,1787735280054000000,1787735340051000000,0
workspaceModel.moduleManagerBridge.get.modules.ms,1787735280054000000,1787735340051000000,4
jps.artifact.entities.serializer.load.entities.ms,1787735280054000000,1787735340051000000,0
jps.global.handle.before.change.events.ms,1787735280054000000,1787735340051000000,0
workspaceModel.mutableEntityStorage.entities.by.source.ms,1787735280054000000,1787735340051000000,17
workspaceModel.moduleBridge.update.option.ms,1787735280054000000,1787735340051000000,0
workspaceModel.global.updates.ms,1787735280054000000,1787735340051000000,0
workspaceModel.mutableEntityStorage.mutable.vfurl.index.ms,1787735280054000000,1787735340051000000,0
workspaceModel.mutableEntityStorage.resolve.ms,1787735280054000000,1787735340051000000,0
jps.apply.loaded.storage.ms,1787735280054000000,1787735340051000000,772
jps.facet.change.listener.before.change.events.ms,1787735280054000000,1787735340051000000,0
jps.load.project.to.empty.storage.ms,1787735280054000000,1787735340051000000,835
jps.global.get.libraries.ms,1787735280054000000,1787735340051000000,10
workspaceModel.delayed.project.synchronizer.sync.ms,1787735280054000000,1787735340051000000,1669
jps.reload.project.entities.ms,1787735280054000000,1787735340051000000,0
workspaceModel.global.apply.state.to.project.builder.ms,1787735280054000000,1787735340051000000,3
workspaceModel.global.apply.state.to.project.ms,1787735280054000000,1787735340051000000,48
workspaceModel.moduleManagerBridge.load.module.ms,1787735280054000000,1787735340051000000,0
workspaceModel.mutableEntityStorage.has.same.entities.ms,1787735280054000000,1787735340051000000,0
workspaceModel.mutableEntityStorage.collect.changes.ms,1787735280054000000,1787735340051000000,0
jps.project.serializers.save.ms,1787735280054000000,1787735340051000000,3
workspaceModel.mutableEntityStorage.referrers.ms,1787735280054000000,1787735340051000000,0
workspaceModel.moduleManagerBridge.create.module.instance.ms,1787735280054000000,1787735340051000000,0
workspaceModel.mutableEntityStorage.put.entity.ms,1787735280054000000,1787735340051000000,95
workspaceModel.mutableEntityStorage.entities.ms,1787735280054000000,1787735340051000000,1
workspaceModel.load.cache.from.file.ms,1787735280054000000,1787735340051000000,300
jps.load.initial.state.ms,1787735280054000000,1787735340051000000,9
workspaceModel.mutableEntityStorage.modify.entity.ms,1787735280054000000,1787735340051000000,140
workspaceModel.moduleBridgeLoader.loading.modules.ms,1787735280054000000,1787735340051000000,862
jps.app.storage.content.writer.save.component.ms,1787735280054000000,1787735340051000000,0
jps.save.global.entities.ms,1787735280054000000,1787735340051000000,65
workspaceModel.moduleBridge.facet.initialization.ms,1787735280054000000,1787735340051000000,0
workspaceModel.orphan.listener.update.ms,1787735280054000000,1787735340051000000,19
jps.global.handle.changed.events.ms,1787735280054000000,1787735340051000000,0
jps.project.serializers.load.ms,1787735280054000000,1787735340051000000,736
jps.global.initialize.library.bridges.after.loading.ms,1787735280054000000,1787735340051000000,0
jps.storage.jps.conf.reader.load.component.ms,1787735280054000000,1787735340051000000,284
workspaceModel.moduleManagerBridge.newModule.ms,1787735280054000000,1787735340051000000,0
workspaceModel.mutableEntityStorage.add.diff.ms,1787735280054000000,1787735340051000000,210
workspaceModel.moduleManagerBridge.set.unloadedModules.ms,1787735280054000000,1787735340051000000,0
workspaceModel.moduleManagerBridge.new.nonPersistent.module.ms,1787735280054000000,1787735340051000000,0
jps.app.storage.content.reader.load.component.ms,1787735280054000000,1787735340051000000,0
jps.global.get.library.by.name.ms,1787735280054000000,1787735340051000000,0
jps.global.initialize.library.bridges.ms,1787735280054000000,1787735340051000000,0
workspaceModel.mutableEntityStorage.mutable.ext.mapping.ms,1787735280054000000,1787735340051000000,1
workspaceModel.mutableEntityStorage.replace.by.source.ms,1787735280054000000,1787735340051000000,270
jps.module.iml.entities.serializer.save.entities.ms,1787735280054000000,1787735340051000000,0
jps.facet.change.listener.init.bridge.ms,1787735280054000000,1787735340051000000,0
workspaceModel.save.cache.to.file.ms,1787735280054000000,1787735340051000000,575
jps.artifact.entities.serializer.save.entities.ms,1787735280054000000,1787735340051000000,0
AWTEventQueue.eventsDispatched,1787735280054000000,1787735340051000000,3249
NonBlockingReadAction.failedExecutionsCount,1787735280054000000,1787735340051000000,0
FlushQueue.waitingTimeAvgNs,1787735280054000000,1787735340051000000,265332.26666666666
AWTEventQueue.dispatchTime90PNs,1787735280054000000,1787735340051000000,217087
FlushQueue.queueSize90P,1787735280054000000,1787735340051000000,0
NonBlockingReadAction.finalizedExecutionsCount,1787735280054000000,1787735340051000000,0
FlushQueue.queueSizeMax,1787735280054000000,1787735340051000000,0
NonBlockingReadAction.finalizedExecutionTimeUs,1787735280054000000,1787735340051000000,0
NonBlockingReadAction.failedExecutionTimeUs,1787735280054000000,1787735340051000000,0
AWTEventQueue.dispatchTimeTotalNS,1787735280054000000,1787735340051000000,529165978
AWTEventQueue.dispatchTimeMaxNs,1787735280054000000,1787735340051000000,1392639
FlushQueue.executionTime90PNs,1787735280054000000,1787735340051000000,124927
FlushQueue.waitingTimeMaxNs,1787735280054000000,1787735340051000000,514047
FlushQueue.executionTimeAvgNs,1787735280054000000,1787735340051000000,77260.8
AWTEventQueue.dispatchTimeAvgNs,1787735280054000000,1787735340051000000,162833.433056325
FlushQueue.queueSizeAvg,1787735280054000000,1787735340051000000,0.0
FlushQueue.executionTimeMaxNs,1787735280054000000,1787735340051000000,303103
FlushQueue.tasksExecuted,1787735280054000000,1787735340051000000,120
FlushQueue.waitingTime90PNs,1787735280054000000,1787735340051000000,368639
workspaceModel.initializing.ms,1787735340051000000,1787735400055000000,3
workspaceModel.updates.precise.ms,1787735340051000000,1787735400055000000,289
workspaceModel.update.unloaded.entities.ms,1787735340051000000,1787735400055000000,0
workspaceModel.loading.from.cache.ms,1787735340051000000,1787735400055000000,302
workspaceModel.check.recursive.update.ms,1787735340051000000,1787735400055000000,2
workspaceModel.pre.handlers.ms,1787735340051000000,1787735400055000000,0
workspaceModel.replace.project.model.ms,1787735340051000000,1787735400055000000,0
workspaceModel.updates.count,1787735340051000000,1787735400055000000,5
workspaceModel.updates.ms,1787735340051000000,1787735400055000000,396
workspaceModel.collect.changes.ms,1787735340051000000,1787735400055000000,0
workspaceModel.to.snapshot.ms,1787735340051000000,1787735400055000000,11
workspaceModel.init.bridges.ms,1787735340051000000,1787735400055000000,3
workspaceModel.loading.total.ms,1787735340051000000,1787735400055000000,318
FileNameCache.queries,1787735340051000000,1787735400055000000,0
FileNameCache.fastMisses,1787735340051000000,1787735400055000000,0
FileNameCache.totalMisses,1787735340051000000,1787735400055000000,0
JVM.maxHeapBytes,1787735340051000000,1787735400055000000,2147483648
JVM.threadCount,1787735340051000000,1787735400055000000,44
JVM.maxNativeBytes,1787735340051000000,1787735400055000000,-1
JVM.totalCpuTimeMs,1787735340051000000,1787735400055000000,4926
JVM.GC.collectionTimesMs,1787735340051000000,1787735400055000000,0
JVM.GC.collections,1787735340051000000,1787735400055000000,0
OS.loadAverage,1787735340051000000,1787735400055000000,4.94287109375
JVM.usedNativeBytes,1787735340051000000,1787735400055000000,405508536
JVM.usedHeapBytes,1787735340051000000,1787735400055000000,284186408
FilePageCache.totalPageLoadsUs,1787735340051000000,1787735400055000000,0
StreamlinedBlobStorage.totalLiveRecordsCapacityBytes,1787735340051000000,1787735400055000000,0
DirectByteBufferAllocator.totalSizeOfBuffersAllocatedInBytes,1787735340051000000,1787735400055000000,292634624
StorageLockContext.competingThreads.90P,1787735340051000000,1787735400055000000,0
DirectByteBufferAllocator.disposed,1787735340051000000,1787735400055000000,0
FilePageCache.maxCacheSizeInBytes,1787735340051000000,1787735400055000000,297877504
StorageLockContext.competingThreads.avg,1787735340051000000,1787735400055000000,0.008403361344537815
DirectByteBufferAllocator.reclaimed,1787735340051000000,1787735400055000000,0
DirectByteBufferAllocator.hits,1787735340051000000,1787735400055000000,0
FilePageCache.pageFastCacheHits,1787735340051000000,1787735400055000000,0
FilePageCache.pageLoads,1787735340051000000,1787735400055000000,0
StreamlinedBlobStorage.totalLiveRecordsPayloadBytes,1787735340051000000,1787735400055000000,0
StreamlinedBlobStorage.recordsAllocated,1787735340051000000,1787735400055000000,0
FilePageCache.pageLoadsAboveSizeThreshold,1787735340051000000,1787735400055000000,0
DirectByteBufferAllocator.misses,1787735340051000000,1787735400055000000,0
FilePageCache.disposedBuffers,1787735340051000000,1787735400055000000,0
FilePageCache.pageHits,1787735340051000000,1787735400055000000,0
StorageLockContext.competingThreads.max,1787735340051000000,1787735400055000000,1
DirectByteBufferAllocator.totalSizeOfBuffersCachedInBytes,1787735340051000000,1787735400055000000,0
FilePageCache.capacityInBytes,1787735340051000000,1787735400055000000,524288000
StreamlinedBlobStorage.recordsDeleted,1787735340051000000,1787735400055000000,0
StreamlinedBlobStorage.recordsRelocated,1787735340051000000,1787735400055000000,0
FilePageCache.uncachedFileAccess,1787735340051000000,1787735400055000000,0
FilePageCache.maxRegisteredFiles,1787735340051000000,1787735400055000000,620
FilePageCache.totalPageDisposalsUs,1787735340051000000,1787735400055000000,0
Indexes.allKeys.lookupDurationAvgMs,1787735340051000000,1787735400055000000,0.0
VFSFlusher.totalContentionQuotaSpent,1787735340051000000,1787735400055000000,0
Indexes.entries.lookups,1787735340051000000,1787735400055000000,0.0
IndexesFlusher.totalFlushesRetried,1787735340051000000,1787735400055000000,0
IndexesFlusher.totalContentionQuotaSpent,1787735340051000000,1787735400055000000,0
VFSFlusher.totalFlushes,1787735340051000000,1787735400055000000,0
Indexes.stubs.lookupDuration90PMs,1787735340051000000,1787735400055000000,0.0
Indexes.allKeys.lookupDuration90PMs,1787735340051000000,1787735400055000000,0.0
Indexes.entries.lookupDurationAvgMs,1787735340051000000,1787735400055000000,0.0
Indexes.stubs.lookupDurationMaxMs,1787735340051000000,1787735400055000000,0.0
Indexes.stubs.lookups,1787735340051000000,1787735400055000000,0.0
Indexes.entries.lookupDurationMaxMs,1787735340051000000,1787735400055000000,0.0
IndexesFlusher.totalFlushes,1787735340051000000,1787735400055000000,174
Indexes.allKeys.lookups,1787735340051000000,1787735400055000000,0.0
IndexesFlusher.totalFlushingTimeUs,1787735340051000000,1787735400055000000,732652
VFSFlusher.totalFlushingTimeUs,1787735340051000000,1787735400055000000,0
Indexes.stubs.lookupDurationAvgMs,1787735340051000000,1787735400055000000,0.0
VFSFlusher.totalFlushesRetried,1787735340051000000,1787735400055000000,0
Indexes.allKeys.lookupDurationMaxMs,1787735340051000000,1787735400055000000,0.0
Indexes.entries.lookupDuration90PMs,1787735340051000000,1787735400055000000,0.0
jps.facet.change.listener.process.change.events.ms,1787735340051000000,1787735400055000000,0
workspaceModel.mutableEntityStorage.to.snapshot.ms,1787735340051000000,1787735400055000000,13
workspaceModel.mutableEntityStorage.remove.entity.ms,1787735340051000000,1787735400055000000,0
jps.library.entities.serializer.load.entities.ms,1787735340051000000,1787735400055000000,282
workspaceModel.moduleManagerBridge.load.all.modules.ms,1787735340051000000,1787735400055000000,133
jps.global.get.library.ms,1787735340051000000,1787735400055000000,0
jps.save.changed.project.entities.ms,1787735340051000000,1787735400055000000,5
workspaceModel.mutableEntityStorage.add.entity.ms,1787735340051000000,1787735400055000000,295
jps.library.entities.serializer.save.entities.ms,1787735340051000000,1787735400055000000,0
workspaceModel.global.updates.count,1787735340051000000,1787735400055000000,0
workspaceModel.moduleManagerBridge.build.module.graph.ms,1787735340051000000,1787735400055000000,1
workspaceModel.moduleBridge.before.changed.ms,1787735340051000000,1787735400055000000,0
jps.module.iml.entities.serializer.load.entities.ms,1787735340051000000,1787735400055000000,397
workspaceModel.sync.entities.ms,1787735340051000000,1787735400055000000,0
workspaceModel.moduleManagerBridge.get.modules.ms,1787735340051000000,1787735400055000000,4
jps.artifact.entities.serializer.load.entities.ms,1787735340051000000,1787735400055000000,0
jps.global.handle.before.change.events.ms,1787735340051000000,1787735400055000000,0
workspaceModel.mutableEntityStorage.entities.by.source.ms,1787735340051000000,1787735400055000000,17
workspaceModel.moduleBridge.update.option.ms,1787735340051000000,1787735400055000000,0
workspaceModel.global.updates.ms,1787735340051000000,1787735400055000000,0
workspaceModel.mutableEntityStorage.mutable.vfurl.index.ms,1787735340051000000,1787735400055000000,0
workspaceModel.mutableEntityStorage.resolve.ms,1787735340051000000,1787735400055000000,0
jps.apply.loaded.storage.ms,1787735340051000000,1787735400055000000,772
jps.facet.change.listener.before.change.events.ms,1787735340051000000,1787735400055000000,0
jps.load.project.to.empty.storage.ms,1787735340051000000,1787735400055000000,835
jps.global.get.libraries.ms,1787735340051000000,1787735400055000000,10
workspaceModel.delayed.project.synchronizer.sync.ms,1787735340051000000,1787735400055000000,1669
jps.reload.project.entities.ms,1787735340051000000,1787735400055000000,0
workspaceModel.global.apply.state.to.project.builder.ms,1787735340051000000,1787735400055000000,3
workspaceModel.global.apply.state.to.project.ms,1787735340051000000,1787735400055000000,48
workspaceModel.moduleManagerBridge.load.module.ms,1787735340051000000,1787735400055000000,0
workspaceModel.mutableEntityStorage.has.same.entities.ms,1787735340051000000,1787735400055000000,0
workspaceModel.mutableEntityStorage.collect.changes.ms,1787735340051000000,1787735400055000000,0
jps.project.serializers.save.ms,1787735340051000000,1787735400055000000,3
workspaceModel.mutableEntityStorage.referrers.ms,1787735340051000000,1787735400055000000,0
workspaceModel.moduleManagerBridge.create.module.instance.ms,1787735340051000000,1787735400055000000,0
workspaceModel.mutableEntityStorage.put.entity.ms,1787735340051000000,1787735400055000000,95
workspaceModel.mutableEntityStorage.entities.ms,1787735340051000000,1787735400055000000,1
workspaceModel.load.cache.from.file.ms,1787735340051000000,1787735400055000000,300
jps.load.initial.state.ms,1787735340051000000,1787735400055000000,9
workspaceModel.mutableEntityStorage.modify.entity.ms,1787735340051000000,1787735400055000000,140
workspaceModel.moduleBridgeLoader.loading.modules.ms,1787735340051000000,1787735400055000000,862
jps.app.storage.content.writer.save.component.ms,1787735340051000000,1787735400055000000,0
jps.save.global.entities.ms,1787735340051000000,1787735400055000000,65
workspaceModel.moduleBridge.facet.initialization.ms,1787735340051000000,1787735400055000000,0
workspaceModel.orphan.listener.update.ms,1787735340051000000,1787735400055000000,19
jps.global.handle.changed.events.ms,1787735340051000000,1787735400055000000,0
jps.project.serializers.load.ms,1787735340051000000,1787735400055000000,736
jps.global.initialize.library.bridges.after.loading.ms,1787735340051000000,1787735400055000000,0
jps.storage.jps.conf.reader.load.component.ms,1787735340051000000,1787735400055000000,284
workspaceModel.moduleManagerBridge.newModule.ms,1787735340051000000,1787735400055000000,0
workspaceModel.mutableEntityStorage.add.diff.ms,1787735340051000000,1787735400055000000,210
workspaceModel.moduleManagerBridge.set.unloadedModules.ms,1787735340051000000,1787735400055000000,0
workspaceModel.moduleManagerBridge.new.nonPersistent.module.ms,1787735340051000000,1787735400055000000,0
jps.app.storage.content.reader.load.component.ms,1787735340051000000,1787735400055000000,0
jps.global.get.library.by.name.ms,1787735340051000000,1787735400055000000,0
jps.global.initialize.library.bridges.ms,1787735340051000000,1787735400055000000,0
workspaceModel.mutableEntityStorage.mutable.ext.mapping.ms,1787735340051000000,1787735400055000000,1
workspaceModel.mutableEntityStorage.replace.by.source.ms,1787735340051000000,1787735400055000000,270
jps.module.iml.entities.serializer.save.entities.ms,1787735340051000000,1787735400055000000,0
jps.facet.change.listener.init.bridge.ms,1787735340051000000,1787735400055000000,0
workspaceModel.save.cache.to.file.ms,1787735340051000000,1787735400055000000,575
jps.artifact.entities.serializer.save.entities.ms,1787735340051000000,1787735400055000000,0
AWTEventQueue.eventsDispatched,1787735340051000000,1787735400055000000,3260
NonBlockingReadAction.failedExecutionsCount,1787735340051000000,1787735400055000000,0
FlushQueue.waitingTimeAvgNs,1787735340051000000,1787735400055000000,240276.26666666666
AWTEventQueue.dispatchTime90PNs,1787735340051000000,1787735400055000000,204799
FlushQueue.queueSize90P,1787735340051000000,1787735400055000000,0
NonBlockingReadAction.finalizedExecutionsCount,1787735340051000000,1787735400055000000,0
FlushQueue.queueSizeMax,1787735340051000000,1787735400055000000,0
NonBlockingReadAction.finalizedExecutionTimeUs,1787735340051000000,1787735400055000000,0
NonBlockingReadAction.failedExecutionTimeUs,1787735340051000000,1787735400055000000,0
AWTEventQueue.dispatchTimeTotalNS,1787735340051000000,1787735400055000000,492941708
AWTEventQueue.dispatchTimeMaxNs,1787735340051000000,1787735400055000000,3440639
FlushQueue.executionTime90PNs,1787735340051000000,1787735400055000000,130559
FlushQueue.waitingTimeMaxNs,1787735340051000000,1787735400055000000,782335
FlushQueue.executionTimeAvgNs,1787735340051000000,1787735400055000000,131936.53333333333
AWTEventQueue.dispatchTimeAvgNs,1787735340051000000,1787735400055000000,151134.82208588958
FlushQueue.queueSizeAvg,1787735340051000000,1787735400055000000,0.0
FlushQueue.executionTimeMaxNs,1787735340051000000,1787735400055000000,3276799
FlushQueue.tasksExecuted,1787735340051000000,1787735400055000000,120
FlushQueue.waitingTime90PNs,1787735340051000000,1787735400055000000,342015
workspaceModel.initializing.ms,1787735400055000000,1787735460051000000,3
workspaceModel.updates.precise.ms,1787735400055000000,1787735460051000000,289
workspaceModel.update.unloaded.entities.ms,1787735400055000000,1787735460051000000,0
workspaceModel.loading.from.cache.ms,1787735400055000000,1787735460051000000,302
workspaceModel.check.recursive.update.ms,1787735400055000000,1787735460051000000,2
workspaceModel.pre.handlers.ms,1787735400055000000,1787735460051000000,0
workspaceModel.replace.project.model.ms,1787735400055000000,1787735460051000000,0
workspaceModel.updates.count,1787735400055000000,1787735460051000000,5
workspaceModel.updates.ms,1787735400055000000,1787735460051000000,396
workspaceModel.collect.changes.ms,1787735400055000000,1787735460051000000,0
workspaceModel.to.snapshot.ms,1787735400055000000,1787735460051000000,11
workspaceModel.init.bridges.ms,1787735400055000000,1787735460051000000,3
workspaceModel.loading.total.ms,1787735400055000000,1787735460051000000,318
FileNameCache.queries,1787735400055000000,1787735460051000000,105
FileNameCache.fastMisses,1787735400055000000,1787735460051000000,0
FileNameCache.totalMisses,1787735400055000000,1787735460051000000,0
JVM.maxHeapBytes,1787735400055000000,1787735460051000000,2147483648
JVM.threadCount,1787735400055000000,1787735460051000000,42
JVM.maxNativeBytes,1787735400055000000,1787735460051000000,-1
JVM.totalCpuTimeMs,1787735400055000000,1787735460051000000,4246
JVM.GC.collectionTimesMs,1787735400055000000,1787735460051000000,0
JVM.GC.collections,1787735400055000000,1787735460051000000,0
OS.loadAverage,1787735400055000000,1787735460051000000,7.21826171875
JVM.usedNativeBytes,1787735400055000000,1787735460051000000,405641968
JVM.usedHeapBytes,1787735400055000000,1787735460051000000,330323752
FilePageCache.totalPageLoadsUs,1787735400055000000,1787735460051000000,0
StreamlinedBlobStorage.totalLiveRecordsCapacityBytes,1787735400055000000,1787735460051000000,0
DirectByteBufferAllocator.totalSizeOfBuffersAllocatedInBytes,1787735400055000000,1787735460051000000,292634624
StorageLockContext.competingThreads.90P,1787735400055000000,1787735460051000000,0
DirectByteBufferAllocator.disposed,1787735400055000000,1787735460051000000,0
FilePageCache.maxCacheSizeInBytes,1787735400055000000,1787735460051000000,297877504
StorageLockContext.competingThreads.avg,1787735400055000000,1787735460051000000,0.0
DirectByteBufferAllocator.reclaimed,1787735400055000000,1787735460051000000,0
DirectByteBufferAllocator.hits,1787735400055000000,1787735460051000000,0
FilePageCache.pageFastCacheHits,1787735400055000000,1787735460051000000,4
FilePageCache.pageLoads,1787735400055000000,1787735460051000000,0
StreamlinedBlobStorage.totalLiveRecordsPayloadBytes,1787735400055000000,1787735460051000000,0
StreamlinedBlobStorage.recordsAllocated,1787735400055000000,1787735460051000000,0
FilePageCache.pageLoadsAboveSizeThreshold,1787735400055000000,1787735460051000000,0
DirectByteBufferAllocator.misses,1787735400055000000,1787735460051000000,0
FilePageCache.disposedBuffers,1787735400055000000,1787735460051000000,0
FilePageCache.pageHits,1787735400055000000,1787735460051000000,0
StorageLockContext.competingThreads.max,1787735400055000000,1787735460051000000,0
DirectByteBufferAllocator.totalSizeOfBuffersCachedInBytes,1787735400055000000,1787735460051000000,0
FilePageCache.capacityInBytes,1787735400055000000,1787735460051000000,524288000
StreamlinedBlobStorage.recordsDeleted,1787735400055000000,1787735460051000000,0
StreamlinedBlobStorage.recordsRelocated,1787735400055000000,1787735460051000000,0
FilePageCache.uncachedFileAccess,1787735400055000000,1787735460051000000,0
FilePageCache.maxRegisteredFiles,1787735400055000000,1787735460051000000,620
FilePageCache.totalPageDisposalsUs,1787735400055000000,1787735460051000000,0
Indexes.allKeys.lookupDurationAvgMs,1787735400055000000,1787735460051000000,0.0
VFSFlusher.totalContentionQuotaSpent,1787735400055000000,1787735460051000000,0
Indexes.entries.lookups,1787735400055000000,1787735460051000000,0.0
IndexesFlusher.totalFlushesRetried,1787735400055000000,1787735460051000000,0
IndexesFlusher.totalContentionQuotaSpent,1787735400055000000,1787735460051000000,0
VFSFlusher.totalFlushes,1787735400055000000,1787735460051000000,0
Indexes.stubs.lookupDuration90PMs,1787735400055000000,1787735460051000000,0.0
Indexes.allKeys.lookupDuration90PMs,1787735400055000000,1787735460051000000,0.0
Indexes.entries.lookupDurationAvgMs,1787735400055000000,1787735460051000000,0.0
Indexes.stubs.lookupDurationMaxMs,1787735400055000000,1787735460051000000,0.0
Indexes.stubs.lookups,1787735400055000000,1787735460051000000,0.0
Indexes.entries.lookupDurationMaxMs,1787735400055000000,1787735460051000000,0.0
IndexesFlusher.totalFlushes,1787735400055000000,1787735460051000000,175
Indexes.allKeys.lookups,1787735400055000000,1787735460051000000,0.0
IndexesFlusher.totalFlushingTimeUs,1787735400055000000,1787735460051000000,652156
VFSFlusher.totalFlushingTimeUs,1787735400055000000,1787735460051000000,0
Indexes.stubs.lookupDurationAvgMs,1787735400055000000,1787735460051000000,0.0
VFSFlusher.totalFlushesRetried,1787735400055000000,1787735460051000000,0
Indexes.allKeys.lookupDurationMaxMs,1787735400055000000,1787735460051000000,0.0
Indexes.entries.lookupDuration90PMs,1787735400055000000,1787735460051000000,0.0
jps.facet.change.listener.process.change.events.ms,1787735400055000000,1787735460051000000,0
workspaceModel.mutableEntityStorage.to.snapshot.ms,1787735400055000000,1787735460051000000,13
workspaceModel.mutableEntityStorage.remove.entity.ms,1787735400055000000,1787735460051000000,0
jps.library.entities.serializer.load.entities.ms,1787735400055000000,1787735460051000000,282
workspaceModel.moduleManagerBridge.load.all.modules.ms,1787735400055000000,1787735460051000000,133
jps.global.get.library.ms,1787735400055000000,1787735460051000000,0
jps.save.changed.project.entities.ms,1787735400055000000,1787735460051000000,5
workspaceModel.mutableEntityStorage.add.entity.ms,1787735400055000000,1787735460051000000,295
jps.library.entities.serializer.save.entities.ms,1787735400055000000,1787735460051000000,0
workspaceModel.global.updates.count,1787735400055000000,1787735460051000000,0
workspaceModel.moduleManagerBridge.build.module.graph.ms,1787735400055000000,1787735460051000000,1
workspaceModel.moduleBridge.before.changed.ms,1787735400055000000,1787735460051000000,0
jps.module.iml.entities.serializer.load.entities.ms,1787735400055000000,1787735460051000000,397
workspaceModel.sync.entities.ms,1787735400055000000,1787735460051000000,0
workspaceModel.moduleManagerBridge.get.modules.ms,1787735400055000000,1787735460051000000,4
jps.artifact.entities.serializer.load.entities.ms,1787735400055000000,1787735460051000000,0
jps.global.handle.before.change.events.ms,1787735400055000000,1787735460051000000,0
workspaceModel.mutableEntityStorage.entities.by.source.ms,1787735400055000000,1787735460051000000,17
workspaceModel.moduleBridge.update.option.ms,1787735400055000000,1787735460051000000,0
workspaceModel.global.updates.ms,1787735400055000000,1787735460051000000,0
workspaceModel.mutableEntityStorage.mutable.vfurl.index.ms,1787735400055000000,1787735460051000000,0
workspaceModel.mutableEntityStorage.resolve.ms,1787735400055000000,1787735460051000000,0
jps.apply.loaded.storage.ms,1787735400055000000,1787735460051000000,772
jps.facet.change.listener.before.change.events.ms,1787735400055000000,1787735460051000000,0
jps.load.project.to.empty.storage.ms,1787735400055000000,1787735460051000000,835
jps.global.get.libraries.ms,1787735400055000000,1787735460051000000,12
workspaceModel.delayed.project.synchronizer.sync.ms,1787735400055000000,1787735460051000000,1669
jps.reload.project.entities.ms,1787735400055000000,1787735460051000000,0
workspaceModel.global.apply.state.to.project.builder.ms,1787735400055000000,1787735460051000000,3
workspaceModel.global.apply.state.to.project.ms,1787735400055000000,1787735460051000000,48
workspaceModel.moduleManagerBridge.load.module.ms,1787735400055000000,1787735460051000000,0
workspaceModel.mutableEntityStorage.has.same.entities.ms,1787735400055000000,1787735460051000000,0
workspaceModel.mutableEntityStorage.collect.changes.ms,1787735400055000000,1787735460051000000,0
jps.project.serializers.save.ms,1787735400055000000,1787735460051000000,3
workspaceModel.mutableEntityStorage.referrers.ms,1787735400055000000,1787735460051000000,0
workspaceModel.moduleManagerBridge.create.module.instance.ms,1787735400055000000,1787735460051000000,0
workspaceModel.mutableEntityStorage.put.entity.ms,1787735400055000000,1787735460051000000,95
workspaceModel.mutableEntityStorage.entities.ms,1787735400055000000,1787735460051000000,1
workspaceModel.load.cache.from.file.ms,1787735400055000000,1787735460051000000,300
jps.load.initial.state.ms,1787735400055000000,1787735460051000000,9
workspaceModel.mutableEntityStorage.modify.entity.ms,1787735400055000000,1787735460051000000,140
workspaceModel.moduleBridgeLoader.loading.modules.ms,1787735400055000000,1787735460051000000,862
jps.app.storage.content.writer.save.component.ms,1787735400055000000,1787735460051000000,0
jps.save.global.entities.ms,1787735400055000000,1787735460051000000,65
workspaceModel.moduleBridge.facet.initialization.ms,1787735400055000000,1787735460051000000,0
workspaceModel.orphan.listener.update.ms,1787735400055000000,1787735460051000000,19
jps.global.handle.changed.events.ms,1787735400055000000,1787735460051000000,0
jps.project.serializers.load.ms,1787735400055000000,1787735460051000000,736
jps.global.initialize.library.bridges.after.loading.ms,1787735400055000000,1787735460051000000,0
jps.storage.jps.conf.reader.load.component.ms,1787735400055000000,1787735460051000000,284
workspaceModel.moduleManagerBridge.newModule.ms,1787735400055000000,1787735460051000000,0
workspaceModel.mutableEntityStorage.add.diff.ms,1787735400055000000,1787735460051000000,210
workspaceModel.moduleManagerBridge.set.unloadedModules.ms,1787735400055000000,1787735460051000000,0
workspaceModel.moduleManagerBridge.new.nonPersistent.module.ms,1787735400055000000,1787735460051000000,0
jps.app.storage.content.reader.load.component.ms,1787735400055000000,1787735460051000000,0
jps.global.get.library.by.name.ms,1787735400055000000,1787735460051000000,0
jps.global.initialize.library.bridges.ms,1787735400055000000,1787735460051000000,0
workspaceModel.mutableEntityStorage.mutable.ext.mapping.ms,1787735400055000000,1787735460051000000,1
workspaceModel.mutableEntityStorage.replace.by.source.ms,1787735400055000000,1787735460051000000,270
jps.module.iml.entities.serializer.save.entities.ms,1787735400055000000,1787735460051000000,0
jps.facet.change.listener.init.bridge.ms,1787735400055000000,1787735460051000000,0
workspaceModel.save.cache.to.file.ms,1787735400055000000,1787735460051000000,575
jps.artifact.entities.serializer.save.entities.ms,1787735400055000000,1787735460051000000,0
AWTEventQueue.eventsDispatched,1787735400055000000,1787735460051000000,3281
NonBlockingReadAction.failedExecutionsCount,1787735400055000000,1787735460051000000,0
FlushQueue.waitingTimeAvgNs,1787735400055000000,1787735460051000000,229155.96694214875
AWTEventQueue.dispatchTime90PNs,1787735400055000000,1787735460051000000,194559
FlushQueue.queueSize90P,1787735400055000000,1787735460051000000,0
NonBlockingReadAction.finalizedExecutionsCount,1787735400055000000,1787735460051000000,3
FlushQueue.queueSizeMax,1787735400055000000,1787735460051000000,0
NonBlockingReadAction.finalizedExecutionTimeUs,1787735400055000000,1787735460051000000,56990
NonBlockingReadAction.failedExecutionTimeUs,1787735400055000000,1787735460051000000,0
AWTEventQueue.dispatchTimeTotalNS,1787735400055000000,1787735460051000000,441790760
AWTEventQueue.dispatchTimeMaxNs,1787735400055000000,1787735460051000000,3784703
FlushQueue.executionTime90PNs,1787735400055000000,1787735460051000000,122879
FlushQueue.waitingTimeMaxNs,1787735400055000000,1787735460051000000,970751
FlushQueue.executionTimeAvgNs,1787735400055000000,1787735460051000000,80953.12396694215
AWTEventQueue.dispatchTimeAvgNs,1787735400055000000,1787735460051000000,134632.01219140505
FlushQueue.queueSizeAvg,1787735400055000000,1787735460051000000,0.0
FlushQueue.executionTimeMaxNs,1787735400055000000,1787735460051000000,638975
FlushQueue.tasksExecuted,1787735400055000000,1787735460051000000,121
FlushQueue.waitingTime90PNs,1787735400055000000,1787735460051000000,350207
workspaceModel.initializing.ms,1787735460051000000,1787735520061000000,3
workspaceModel.updates.precise.ms,1787735460051000000,1787735520061000000,289
workspaceModel.update.unloaded.entities.ms,1787735460051000000,1787735520061000000,0
workspaceModel.loading.from.cache.ms,1787735460051000000,1787735520061000000,302
workspaceModel.check.recursive.update.ms,1787735460051000000,1787735520061000000,2
workspaceModel.pre.handlers.ms,1787735460051000000,1787735520061000000,0
workspaceModel.replace.project.model.ms,1787735460051000000,1787735520061000000,0
workspaceModel.updates.count,1787735460051000000,1787735520061000000,5
workspaceModel.updates.ms,1787735460051000000,1787735520061000000,396
workspaceModel.collect.changes.ms,1787735460051000000,1787735520061000000,0
workspaceModel.to.snapshot.ms,1787735460051000000,1787735520061000000,11
workspaceModel.init.bridges.ms,1787735460051000000,1787735520061000000,3
workspaceModel.loading.total.ms,1787735460051000000,1787735520061000000,318
FileNameCache.queries,1787735460051000000,1787735520061000000,0
FileNameCache.fastMisses,1787735460051000000,1787735520061000000,0
FileNameCache.totalMisses,1787735460051000000,1787735520061000000,0
JVM.maxHeapBytes,1787735460051000000,1787735520061000000,2147483648
JVM.threadCount,1787735460051000000,1787735520061000000,41
JVM.maxNativeBytes,1787735460051000000,1787735520061000000,-1
JVM.totalCpuTimeMs,1787735460051000000,1787735520061000000,3887
JVM.GC.collectionTimesMs,1787735460051000000,1787735520061000000,0
JVM.GC.collections,1787735460051000000,1787735520061000000,0
OS.loadAverage,1787735460051000000,1787735520061000000,8.68310546875
JVM.usedNativeBytes,1787735460051000000,1787735520061000000,405687696
JVM.usedHeapBytes,1787735460051000000,1787735520061000000,374363944
FilePageCache.totalPageLoadsUs,1787735460051000000,1787735520061000000,0
StreamlinedBlobStorage.totalLiveRecordsCapacityBytes,1787735460051000000,1787735520061000000,0
DirectByteBufferAllocator.totalSizeOfBuffersAllocatedInBytes,1787735460051000000,1787735520061000000,292634624
StorageLockContext.competingThreads.90P,1787735460051000000,1787735520061000000,0
DirectByteBufferAllocator.disposed,1787735460051000000,1787735520061000000,0
FilePageCache.maxCacheSizeInBytes,1787735460051000000,1787735520061000000,297877504
StorageLockContext.competingThreads.avg,1787735460051000000,1787735520061000000,0.0
DirectByteBufferAllocator.reclaimed,1787735460051000000,1787735520061000000,0
DirectByteBufferAllocator.hits,1787735460051000000,1787735520061000000,0
FilePageCache.pageFastCacheHits,1787735460051000000,1787735520061000000,0
FilePageCache.pageLoads,1787735460051000000,1787735520061000000,0
StreamlinedBlobStorage.totalLiveRecordsPayloadBytes,1787735460051000000,1787735520061000000,0
StreamlinedBlobStorage.recordsAllocated,1787735460051000000,1787735520061000000,0
FilePageCache.pageLoadsAboveSizeThreshold,1787735460051000000,1787735520061000000,0
DirectByteBufferAllocator.misses,1787735460051000000,1787735520061000000,0
FilePageCache.disposedBuffers,1787735460051000000,1787735520061000000,0
FilePageCache.pageHits,1787735460051000000,1787735520061000000,0
StorageLockContext.competingThreads.max,1787735460051000000,1787735520061000000,0
DirectByteBufferAllocator.totalSizeOfBuffersCachedInBytes,1787735460051000000,1787735520061000000,0
FilePageCache.capacityInBytes,1787735460051000000,1787735520061000000,524288000
StreamlinedBlobStorage.recordsDeleted,1787735460051000000,1787735520061000000,0
StreamlinedBlobStorage.recordsRelocated,1787735460051000000,1787735520061000000,0
FilePageCache.uncachedFileAccess,1787735460051000000,1787735520061000000,0
FilePageCache.maxRegisteredFiles,1787735460051000000,1787735520061000000,620
FilePageCache.totalPageDisposalsUs,1787735460051000000,1787735520061000000,0
Indexes.allKeys.lookupDurationAvgMs,1787735460051000000,1787735520061000000,0.0
VFSFlusher.totalContentionQuotaSpent,1787735460051000000,1787735520061000000,0
Indexes.entries.lookups,1787735460051000000,1787735520061000000,0.0
IndexesFlusher.totalFlushesRetried,1787735460051000000,1787735520061000000,0
IndexesFlusher.totalContentionQuotaSpent,1787735460051000000,1787735520061000000,0
VFSFlusher.totalFlushes,1787735460051000000,1787735520061000000,0
Indexes.stubs.lookupDuration90PMs,1787735460051000000,1787735520061000000,0.0
Indexes.allKeys.lookupDuration90PMs,1787735460051000000,1787735520061000000,0.0
Indexes.entries.lookupDurationAvgMs,1787735460051000000,1787735520061000000,0.0
Indexes.stubs.lookupDurationMaxMs,1787735460051000000,1787735520061000000,0.0
Indexes.stubs.lookups,1787735460051000000,1787735520061000000,0.0
Indexes.entries.lookupDurationMaxMs,1787735460051000000,1787735520061000000,0.0
IndexesFlusher.totalFlushes,1787735460051000000,1787735520061000000,175
Indexes.allKeys.lookups,1787735460051000000,1787735520061000000,0.0
IndexesFlusher.totalFlushingTimeUs,1787735460051000000,1787735520061000000,662784
VFSFlusher.totalFlushingTimeUs,1787735460051000000,1787735520061000000,0
Indexes.stubs.lookupDurationAvgMs,1787735460051000000,1787735520061000000,0.0
VFSFlusher.totalFlushesRetried,1787735460051000000,1787735520061000000,0
Indexes.allKeys.lookupDurationMaxMs,1787735460051000000,1787735520061000000,0.0
Indexes.entries.lookupDuration90PMs,1787735460051000000,1787735520061000000,0.0
jps.facet.change.listener.process.change.events.ms,1787735460051000000,1787735520061000000,0
workspaceModel.mutableEntityStorage.to.snapshot.ms,1787735460051000000,1787735520061000000,13
workspaceModel.mutableEntityStorage.remove.entity.ms,1787735460051000000,1787735520061000000,0
jps.library.entities.serializer.load.entities.ms,1787735460051000000,1787735520061000000,282
workspaceModel.moduleManagerBridge.load.all.modules.ms,1787735460051000000,1787735520061000000,133
jps.global.get.library.ms,1787735460051000000,1787735520061000000,0
jps.save.changed.project.entities.ms,1787735460051000000,1787735520061000000,5
workspaceModel.mutableEntityStorage.add.entity.ms,1787735460051000000,1787735520061000000,295
jps.library.entities.serializer.save.entities.ms,1787735460051000000,1787735520061000000,0
workspaceModel.global.updates.count,1787735460051000000,1787735520061000000,0
workspaceModel.moduleManagerBridge.build.module.graph.ms,1787735460051000000,1787735520061000000,1
workspaceModel.moduleBridge.before.changed.ms,1787735460051000000,1787735520061000000,0
jps.module.iml.entities.serializer.load.entities.ms,1787735460051000000,1787735520061000000,397
workspaceModel.sync.entities.ms,1787735460051000000,1787735520061000000,0
workspaceModel.moduleManagerBridge.get.modules.ms,1787735460051000000,1787735520061000000,4
jps.artifact.entities.serializer.load.entities.ms,1787735460051000000,1787735520061000000,0
jps.global.handle.before.change.events.ms,1787735460051000000,1787735520061000000,0
workspaceModel.mutableEntityStorage.entities.by.source.ms,1787735460051000000,1787735520061000000,17
workspaceModel.moduleBridge.update.option.ms,1787735460051000000,1787735520061000000,0
workspaceModel.global.updates.ms,1787735460051000000,1787735520061000000,0
workspaceModel.mutableEntityStorage.mutable.vfurl.index.ms,1787735460051000000,1787735520061000000,0
workspaceModel.mutableEntityStorage.resolve.ms,1787735460051000000,1787735520061000000,0
jps.apply.loaded.storage.ms,1787735460051000000,1787735520061000000,772
jps.facet.change.listener.before.change.events.ms,1787735460051000000,1787735520061000000,0
jps.load.project.to.empty.storage.ms,1787735460051000000,1787735520061000000,835
jps.global.get.libraries.ms,1787735460051000000,1787735520061000000,12
workspaceModel.delayed.project.synchronizer.sync.ms,1787735460051000000,1787735520061000000,1669
jps.reload.project.entities.ms,1787735460051000000,1787735520061000000,0
workspaceModel.global.apply.state.to.project.builder.ms,1787735460051000000,1787735520061000000,3
workspaceModel.global.apply.state.to.project.ms,1787735460051000000,1787735520061000000,48
workspaceModel.moduleManagerBridge.load.module.ms,1787735460051000000,1787735520061000000,0
workspaceModel.mutableEntityStorage.has.same.entities.ms,1787735460051000000,1787735520061000000,0
workspaceModel.mutableEntityStorage.collect.changes.ms,1787735460051000000,1787735520061000000,0
jps.project.serializers.save.ms,1787735460051000000,1787735520061000000,3
workspaceModel.mutableEntityStorage.referrers.ms,1787735460051000000,1787735520061000000,0
workspaceModel.moduleManagerBridge.create.module.instance.ms,1787735460051000000,1787735520061000000,0
workspaceModel.mutableEntityStorage.put.entity.ms,1787735460051000000,1787735520061000000,95
workspaceModel.mutableEntityStorage.entities.ms,1787735460051000000,1787735520061000000,1
workspaceModel.load.cache.from.file.ms,1787735460051000000,1787735520061000000,300
jps.load.initial.state.ms,1787735460051000000,1787735520061000000,9
workspaceModel.mutableEntityStorage.modify.entity.ms,1787735460051000000,1787735520061000000,140
workspaceModel.moduleBridgeLoader.loading.modules.ms,1787735460051000000,1787735520061000000,862
jps.app.storage.content.writer.save.component.ms,1787735460051000000,1787735520061000000,0
jps.save.global.entities.ms,1787735460051000000,1787735520061000000,65
workspaceModel.moduleBridge.facet.initialization.ms,1787735460051000000,1787735520061000000,0
workspaceModel.orphan.listener.update.ms,1787735460051000000,1787735520061000000,19
jps.global.handle.changed.events.ms,1787735460051000000,1787735520061000000,0
jps.project.serializers.load.ms,1787735460051000000,1787735520061000000,736
jps.global.initialize.library.bridges.after.loading.ms,1787735460051000000,1787735520061000000,0
jps.storage.jps.conf.reader.load.component.ms,1787735460051000000,1787735520061000000,284
workspaceModel.moduleManagerBridge.newModule.ms,1787735460051000000,1787735520061000000,0
workspaceModel.mutableEntityStorage.add.diff.ms,1787735460051000000,1787735520061000000,210
workspaceModel.moduleManagerBridge.set.unloadedModules.ms,1787735460051000000,1787735520061000000,0
workspaceModel.moduleManagerBridge.new.nonPersistent.module.ms,1787735460051000000,1787735520061000000,0
jps.app.storage.content.reader.load.component.ms,1787735460051000000,1787735520061000000,0
jps.global.get.library.by.name.ms,1787735460051000000,1787735520061000000,0
jps.global.initialize.library.bridges.ms,1787735460051000000,1787735520061000000,0
workspaceModel.mutableEntityStorage.mutable.ext.mapping.ms,1787735460051000000,1787735520061000000,1
workspaceModel.mutableEntityStorage.replace.by.source.ms,1787735460051000000,1787735520061000000,270
jps.module.iml.entities.serializer.save.entities.ms,1787735460051000000,1787735520061000000,0
jps.facet.change.listener.init.bridge.ms,1787735460051000000,1787735520061000000,0
workspaceModel.save.cache.to.file.ms,1787735460051000000,1787735520061000000,575
jps.artifact.entities.serializer.save.entities.ms,1787735460051000000,1787735520061000000,0
AWTEventQueue.eventsDispatched,1787735460051000000,1787735520061000000,3290
NonBlockingReadAction.failedExecutionsCount,1787735460051000000,1787735520061000000,0
FlushQueue.waitingTimeAvgNs,1787735460051000000,1787735520061000000,276477.86666666664
AWTEventQueue.dispatchTime90PNs,1787735460051000000,1787735520061000000,191487
FlushQueue.queueSize90P,1787735460051000000,1787735520061000000,0
NonBlockingReadAction.finalizedExecutionsCount,1787735460051000000,1787735520061000000,0
FlushQueue.queueSizeMax,1787735460051000000,1787735520061000000,0
NonBlockingReadAction.finalizedExecutionTimeUs,1787735460051000000,1787735520061000000,0
NonBlockingReadAction.failedExecutionTimeUs,1787735460051000000,1787735520061000000,0
AWTEventQueue.dispatchTimeTotalNS,1787735460051000000,1787735520061000000,429101980
AWTEventQueue.dispatchTimeMaxNs,1787735460051000000,1787735520061000000,2490367
FlushQueue.executionTime90PNs,1787735460051000000,1787735520061000000,150527
FlushQueue.waitingTimeMaxNs,1787735460051000000,1787735520061000000,3948543
FlushQueue.executionTimeAvgNs,1787735460051000000,1787735520061000000,84418.66666666667
AWTEventQueue.dispatchTimeAvgNs,1787735460051000000,1787735520061000000,130428.16778115502
FlushQueue.queueSizeAvg,1787735460051000000,1787735520061000000,0.0
FlushQueue.executionTimeMaxNs,1787735460051000000,1787735520061000000,811007
FlushQueue.tasksExecuted,1787735460051000000,1787735520061000000,120
FlushQueue.waitingTime90PNs,1787735460051000000,1787735520061000000,350207
workspaceModel.initializing.ms,1787735520061000000,1787735580064000000,3
workspaceModel.updates.precise.ms,1787735520061000000,1787735580064000000,289
workspaceModel.update.unloaded.entities.ms,1787735520061000000,1787735580064000000,0
workspaceModel.loading.from.cache.ms,1787735520061000000,1787735580064000000,302
workspaceModel.check.recursive.update.ms,1787735520061000000,1787735580064000000,2
workspaceModel.pre.handlers.ms,1787735520061000000,1787735580064000000,0
workspaceModel.replace.project.model.ms,1787735520061000000,1787735580064000000,0
workspaceModel.updates.count,1787735520061000000,1787735580064000000,5
workspaceModel.updates.ms,1787735520061000000,1787735580064000000,396
workspaceModel.collect.changes.ms,1787735520061000000,1787735580064000000,0
workspaceModel.to.snapshot.ms,1787735520061000000,1787735580064000000,11
workspaceModel.init.bridges.ms,1787735520061000000,1787735580064000000,3
workspaceModel.loading.total.ms,1787735520061000000,1787735580064000000,318
FileNameCache.queries,1787735520061000000,1787735580064000000,0
FileNameCache.fastMisses,1787735520061000000,1787735580064000000,0
FileNameCache.totalMisses,1787735520061000000,1787735580064000000,0
JVM.maxHeapBytes,1787735520061000000,1787735580064000000,2147483648
JVM.threadCount,1787735520061000000,1787735580064000000,42
JVM.maxNativeBytes,1787735520061000000,1787735580064000000,-1
JVM.totalCpuTimeMs,1787735520061000000,1787735580064000000,4663
JVM.GC.collectionTimesMs,1787735520061000000,1787735580064000000,0
JVM.GC.collections,1787735520061000000,1787735580064000000,0
OS.loadAverage,1787735520061000000,1787735580064000000,6.099609375
JVM.usedNativeBytes,1787735520061000000,1787735580064000000,405747368
JVM.usedHeapBytes,1787735520061000000,1787735580064000000,417355560
FilePageCache.totalPageLoadsUs,1787735520061000000,1787735580064000000,0
StreamlinedBlobStorage.totalLiveRecordsCapacityBytes,1787735520061000000,1787735580064000000,0
DirectByteBufferAllocator.totalSizeOfBuffersAllocatedInBytes,1787735520061000000,1787735580064000000,292634624
StorageLockContext.competingThreads.90P,1787735520061000000,1787735580064000000,0
DirectByteBufferAllocator.disposed,1787735520061000000,1787735580064000000,0
FilePageCache.maxCacheSizeInBytes,1787735520061000000,1787735580064000000,297877504
StorageLockContext.competingThreads.avg,1787735520061000000,1787735580064000000,0.0
DirectByteBufferAllocator.reclaimed,1787735520061000000,1787735580064000000,0
DirectByteBufferAllocator.hits,1787735520061000000,1787735580064000000,0
FilePageCache.pageFastCacheHits,1787735520061000000,1787735580064000000,0
FilePageCache.pageLoads,1787735520061000000,1787735580064000000,0
StreamlinedBlobStorage.totalLiveRecordsPayloadBytes,1787735520061000000,1787735580064000000,0
StreamlinedBlobStorage.recordsAllocated,1787735520061000000,1787735580064000000,0
FilePageCache.pageLoadsAboveSizeThreshold,1787735520061000000,1787735580064000000,0
DirectByteBufferAllocator.misses,1787735520061000000,1787735580064000000,0
FilePageCache.disposedBuffers,1787735520061000000,1787735580064000000,0
FilePageCache.pageHits,1787735520061000000,1787735580064000000,0
StorageLockContext.competingThreads.max,1787735520061000000,1787735580064000000,0
DirectByteBufferAllocator.totalSizeOfBuffersCachedInBytes,1787735520061000000,1787735580064000000,0
FilePageCache.capacityInBytes,1787735520061000000,1787735580064000000,524288000
StreamlinedBlobStorage.recordsDeleted,1787735520061000000,1787735580064000000,0
StreamlinedBlobStorage.recordsRelocated,1787735520061000000,1787735580064000000,0
FilePageCache.uncachedFileAccess,1787735520061000000,1787735580064000000,0
FilePageCache.maxRegisteredFiles,1787735520061000000,1787735580064000000,620
FilePageCache.totalPageDisposalsUs,1787735520061000000,1787735580064000000,0
Indexes.allKeys.lookupDurationAvgMs,1787735520061000000,1787735580064000000,0.0
VFSFlusher.totalContentionQuotaSpent,1787735520061000000,1787735580064000000,0
Indexes.entries.lookups,1787735520061000000,1787735580064000000,0.0
IndexesFlusher.totalFlushesRetried,1787735520061000000,1787735580064000000,0
IndexesFlusher.totalContentionQuotaSpent,1787735520061000000,1787735580064000000,0
VFSFlusher.totalFlushes,1787735520061000000,1787735580064000000,0
Indexes.stubs.lookupDuration90PMs,1787735520061000000,1787735580064000000,0.0
Indexes.allKeys.lookupDuration90PMs,1787735520061000000,1787735580064000000,0.0
Indexes.entries.lookupDurationAvgMs,1787735520061000000,1787735580064000000,0.0
Indexes.stubs.lookupDurationMaxMs,1787735520061000000,1787735580064000000,0.0
Indexes.stubs.lookups,1787735520061000000,1787735580064000000,0.0
Indexes.entries.lookupDurationMaxMs,1787735520061000000,1787735580064000000,0.0
IndexesFlusher.totalFlushes,1787735520061000000,1787735580064000000,174
Indexes.allKeys.lookups,1787735520061000000,1787735580064000000,0.0
IndexesFlusher.totalFlushingTimeUs,1787735520061000000,1787735580064000000,651520
VFSFlusher.totalFlushingTimeUs,1787735520061000000,1787735580064000000,0
Indexes.stubs.lookupDurationAvgMs,1787735520061000000,1787735580064000000,0.0
VFSFlusher.totalFlushesRetried,1787735520061000000,1787735580064000000,0
Indexes.allKeys.lookupDurationMaxMs,1787735520061000000,1787735580064000000,0.0
Indexes.entries.lookupDuration90PMs,1787735520061000000,1787735580064000000,0.0
jps.facet.change.listener.process.change.events.ms,1787735520061000000,1787735580064000000,0
workspaceModel.mutableEntityStorage.to.snapshot.ms,1787735520061000000,1787735580064000000,13
workspaceModel.mutableEntityStorage.remove.entity.ms,1787735520061000000,1787735580064000000,0
jps.library.entities.serializer.load.entities.ms,1787735520061000000,1787735580064000000,282
workspaceModel.moduleManagerBridge.load.all.modules.ms,1787735520061000000,1787735580064000000,133
jps.global.get.library.ms,1787735520061000000,1787735580064000000,0
jps.save.changed.project.entities.ms,1787735520061000000,1787735580064000000,5
workspaceModel.mutableEntityStorage.add.entity.ms,1787735520061000000,1787735580064000000,295
jps.library.entities.serializer.save.entities.ms,1787735520061000000,1787735580064000000,0
workspaceModel.global.updates.count,1787735520061000000,1787735580064000000,0
workspaceModel.moduleManagerBridge.build.module.graph.ms,1787735520061000000,1787735580064000000,1
workspaceModel.moduleBridge.before.changed.ms,1787735520061000000,1787735580064000000,0
jps.module.iml.entities.serializer.load.entities.ms,1787735520061000000,1787735580064000000,397
workspaceModel.sync.entities.ms,1787735520061000000,1787735580064000000,0
workspaceModel.moduleManagerBridge.get.modules.ms,1787735520061000000,1787735580064000000,4
jps.artifact.entities.serializer.load.entities.ms,1787735520061000000,1787735580064000000,0
jps.global.handle.before.change.events.ms,1787735520061000000,1787735580064000000,0
workspaceModel.mutableEntityStorage.entities.by.source.ms,1787735520061000000,1787735580064000000,17
workspaceModel.moduleBridge.update.option.ms,1787735520061000000,1787735580064000000,0
workspaceModel.global.updates.ms,1787735520061000000,1787735580064000000,0
workspaceModel.mutableEntityStorage.mutable.vfurl.index.ms,1787735520061000000,1787735580064000000,0
workspaceModel.mutableEntityStorage.resolve.ms,1787735520061000000,1787735580064000000,0
jps.apply.loaded.storage.ms,1787735520061000000,1787735580064000000,772
jps.facet.change.listener.before.change.events.ms,1787735520061000000,1787735580064000000,0
jps.load.project.to.empty.storage.ms,1787735520061000000,1787735580064000000,835
jps.global.get.libraries.ms,1787735520061000000,1787735580064000000,12
workspaceModel.delayed.project.synchronizer.sync.ms,1787735520061000000,1787735580064000000,1669
jps.reload.project.entities.ms,1787735520061000000,1787735580064000000,0
workspaceModel.global.apply.state.to.project.builder.ms,1787735520061000000,1787735580064000000,3
workspaceModel.global.apply.state.to.project.ms,1787735520061000000,1787735580064000000,48
workspaceModel.moduleManagerBridge.load.module.ms,1787735520061000000,1787735580064000000,0
workspaceModel.mutableEntityStorage.has.same.entities.ms,1787735520061000000,1787735580064000000,0
workspaceModel.mutableEntityStorage.collect.changes.ms,1787735520061000000,1787735580064000000,0
jps.project.serializers.save.ms,1787735520061000000,1787735580064000000,3
workspaceModel.mutableEntityStorage.referrers.ms,1787735520061000000,1787735580064000000,0
workspaceModel.moduleManagerBridge.create.module.instance.ms,1787735520061000000,1787735580064000000,0
workspaceModel.mutableEntityStorage.put.entity.ms,1787735520061000000,1787735580064000000,95
workspaceModel.mutableEntityStorage.entities.ms,1787735520061000000,1787735580064000000,1
workspaceModel.load.cache.from.file.ms,1787735520061000000,1787735580064000000,300
jps.load.initial.state.ms,1787735520061000000,1787735580064000000,9
workspaceModel.mutableEntityStorage.modify.entity.ms,1787735520061000000,1787735580064000000,140
workspaceModel.moduleBridgeLoader.loading.modules.ms,1787735520061000000,1787735580064000000,862
jps.app.storage.content.writer.save.component.ms,1787735520061000000,1787735580064000000,0
jps.save.global.entities.ms,1787735520061000000,1787735580064000000,65
workspaceModel.moduleBridge.facet.initialization.ms,1787735520061000000,1787735580064000000,0
workspaceModel.orphan.listener.update.ms,1787735520061000000,1787735580064000000,19
jps.global.handle.changed.events.ms,1787735520061000000,1787735580064000000,0
jps.project.serializers.load.ms,1787735520061000000,1787735580064000000,736
jps.global.initialize.library.bridges.after.loading.ms,1787735520061000000,1787735580064000000,0
jps.storage.jps.conf.reader.load.component.ms,1787735520061000000,1787735580064000000,284
workspaceModel.moduleManagerBridge.newModule.ms,1787735520061000000,1787735580064000000,0
workspaceModel.mutableEntityStorage.add.diff.ms,1787735520061000000,1787735580064000000,210
workspaceModel.moduleManagerBridge.set.unloadedModules.ms,1787735520061000000,1787735580064000000,0
workspaceModel.moduleManagerBridge.new.nonPersistent.module.ms,1787735520061000000,1787735580064000000,0
jps.app.storage.content.reader.load.component.ms,1787735520061000000,1787735580064000000,0
jps.global.get.library.by.name.ms,1787735520061000000,1787735580064000000,0
jps.global.initialize.library.bridges.ms,1787735520061000000,1787735580064000000,0
workspaceModel.mutableEntityStorage.mutable.ext.mapping.ms,1787735520061000000,1787735580064000000,1
workspaceModel.mutableEntityStorage.replace.by.source.ms,1787735520061000000,1787735580064000000,270
jps.module.iml.entities.serializer.save.entities.ms,1787735520061000000,1787735580064000000,0
jps.facet.change.listener.init.bridge.ms,1787735520061000000,1787735580064000000,0
workspaceModel.save.cache.to.file.ms,1787735520061000000,1787735580064000000,575
jps.artifact.entities.serializer.save.entities.ms,1787735520061000000,1787735580064000000,0
AWTEventQueue.eventsDispatched,1787735520061000000,1787735580064000000,3274
NonBlockingReadAction.failedExecutionsCount,1787735520061000000,1787735580064000000,0
FlushQueue.waitingTimeAvgNs,1787735520061000000,1787735580064000000,288801.06666666665
AWTEventQueue.dispatchTime90PNs,1787735520061000000,1787735580064000000,214015
FlushQueue.queueSize90P,1787735520061000000,1787735580064000000,0
NonBlockingReadAction.finalizedExecutionsCount,1787735520061000000,1787735580064000000,0
FlushQueue.queueSizeMax,1787735520061000000,1787735580064000000,0
NonBlockingReadAction.finalizedExecutionTimeUs,1787735520061000000,1787735580064000000,0
NonBlockingReadAction.failedExecutionTimeUs,1787735520061000000,1787735580064000000,0
AWTEventQueue.dispatchTimeTotalNS,1787735520061000000,1787735580064000000,512302282
AWTEventQueue.dispatchTimeMaxNs,1787735520061000000,1787735580064000000,9633791
FlushQueue.executionTime90PNs,1787735520061000000,1787735580064000000,126975
FlushQueue.waitingTimeMaxNs,1787735520061000000,1787735580064000000,1409023
FlushQueue.executionTimeAvgNs,1787735520061000000,1787735580064000000,87709.86666666667
AWTEventQueue.dispatchTimeAvgNs,1787735520061000000,1787735580064000000,156456.92364080634
FlushQueue.queueSizeAvg,1787735520061000000,1787735580064000000,0.0
FlushQueue.executionTimeMaxNs,1787735520061000000,1787735580064000000,716799
FlushQueue.tasksExecuted,1787735520061000000,1787735580064000000,120
FlushQueue.waitingTime90PNs,1787735520061000000,1787735580064000000,397311
workspaceModel.initializing.ms,1787735580064000000,1787735640067000000,3
workspaceModel.updates.precise.ms,1787735580064000000,1787735640067000000,289
workspaceModel.update.unloaded.entities.ms,1787735580064000000,1787735640067000000,0
workspaceModel.loading.from.cache.ms,1787735580064000000,1787735640067000000,302
workspaceModel.check.recursive.update.ms,1787735580064000000,1787735640067000000,2
workspaceModel.pre.handlers.ms,1787735580064000000,1787735640067000000,0
workspaceModel.replace.project.model.ms,1787735580064000000,1787735640067000000,0
workspaceModel.updates.count,1787735580064000000,1787735640067000000,5
workspaceModel.updates.ms,1787735580064000000,1787735640067000000,396
workspaceModel.collect.changes.ms,1787735580064000000,1787735640067000000,0
workspaceModel.to.snapshot.ms,1787735580064000000,1787735640067000000,11
workspaceModel.init.bridges.ms,1787735580064000000,1787735640067000000,3
workspaceModel.loading.total.ms,1787735580064000000,1787735640067000000,318
FileNameCache.queries,1787735580064000000,1787735640067000000,0
FileNameCache.fastMisses,1787735580064000000,1787735640067000000,0
FileNameCache.totalMisses,1787735580064000000,1787735640067000000,0
JVM.maxHeapBytes,1787735580064000000,1787735640067000000,2147483648
JVM.threadCount,1787735580064000000,1787735640067000000,42
JVM.maxNativeBytes,1787735580064000000,1787735640067000000,-1
JVM.totalCpuTimeMs,1787735580064000000,1787735640067000000,4991
JVM.GC.collectionTimesMs,1787735580064000000,1787735640067000000,69
JVM.GC.collections,1787735580064000000,1787735640067000000,1
OS.loadAverage,1787735580064000000,1787735640067000000,5.19287109375
JVM.usedNativeBytes,1787735580064000000,1787735640067000000,405878688
JVM.usedHeapBytes,1787735580064000000,1787735640067000000,175374064
FilePageCache.totalPageLoadsUs,1787735580064000000,1787735640067000000,0
StreamlinedBlobStorage.totalLiveRecordsCapacityBytes,1787735580064000000,1787735640067000000,0
DirectByteBufferAllocator.totalSizeOfBuffersAllocatedInBytes,1787735580064000000,1787735640067000000,292634624
StorageLockContext.competingThreads.90P,1787735580064000000,1787735640067000000,0
DirectByteBufferAllocator.disposed,1787735580064000000,1787735640067000000,0
FilePageCache.maxCacheSizeInBytes,1787735580064000000,1787735640067000000,297877504
StorageLockContext.competingThreads.avg,1787735580064000000,1787735640067000000,0.0
DirectByteBufferAllocator.reclaimed,1787735580064000000,1787735640067000000,0
DirectByteBufferAllocator.hits,1787735580064000000,1787735640067000000,0
FilePageCache.pageFastCacheHits,1787735580064000000,1787735640067000000,0
FilePageCache.pageLoads,1787735580064000000,1787735640067000000,0
StreamlinedBlobStorage.totalLiveRecordsPayloadBytes,1787735580064000000,1787735640067000000,0
StreamlinedBlobStorage.recordsAllocated,1787735580064000000,1787735640067000000,0
FilePageCache.pageLoadsAboveSizeThreshold,1787735580064000000,1787735640067000000,0
DirectByteBufferAllocator.misses,1787735580064000000,1787735640067000000,0
FilePageCache.disposedBuffers,1787735580064000000,1787735640067000000,0
FilePageCache.pageHits,1787735580064000000,1787735640067000000,0
StorageLockContext.competingThreads.max,1787735580064000000,1787735640067000000,0
DirectByteBufferAllocator.totalSizeOfBuffersCachedInBytes,1787735580064000000,1787735640067000000,0
FilePageCache.capacityInBytes,1787735580064000000,1787735640067000000,524288000
StreamlinedBlobStorage.recordsDeleted,1787735580064000000,1787735640067000000,0
StreamlinedBlobStorage.recordsRelocated,1787735580064000000,1787735640067000000,0
FilePageCache.uncachedFileAccess,1787735580064000000,1787735640067000000,0
FilePageCache.maxRegisteredFiles,1787735580064000000,1787735640067000000,620
FilePageCache.totalPageDisposalsUs,1787735580064000000,1787735640067000000,0
Indexes.allKeys.lookupDurationAvgMs,1787735580064000000,1787735640067000000,0.0
VFSFlusher.totalContentionQuotaSpent,1787735580064000000,1787735640067000000,0
Indexes.entries.lookups,1787735580064000000,1787735640067000000,0.0
IndexesFlusher.totalFlushesRetried,1787735580064000000,1787735640067000000,0
IndexesFlusher.totalContentionQuotaSpent,1787735580064000000,1787735640067000000,0
VFSFlusher.totalFlushes,1787735580064000000,1787735640067000000,0
Indexes.stubs.lookupDuration90PMs,1787735580064000000,1787735640067000000,0.0
Indexes.allKeys.lookupDuration90PMs,1787735580064000000,1787735640067000000,0.0
Indexes.entries.lookupDurationAvgMs,1787735580064000000,1787735640067000000,0.0
Indexes.stubs.lookupDurationMaxMs,1787735580064000000,1787735640067000000,0.0
Indexes.stubs.lookups,1787735580064000000,1787735640067000000,0.0
Indexes.entries.lookupDurationMaxMs,1787735580064000000,1787735640067000000,0.0
IndexesFlusher.totalFlushes,1787735580064000000,1787735640067000000,174
Indexes.allKeys.lookups,1787735580064000000,1787735640067000000,0.0
IndexesFlusher.totalFlushingTimeUs,1787735580064000000,1787735640067000000,722558
VFSFlusher.totalFlushingTimeUs,1787735580064000000,1787735640067000000,0
Indexes.stubs.lookupDurationAvgMs,1787735580064000000,1787735640067000000,0.0
VFSFlusher.totalFlushesRetried,1787735580064000000,1787735640067000000,0
Indexes.allKeys.lookupDurationMaxMs,1787735580064000000,1787735640067000000,0.0
Indexes.entries.lookupDuration90PMs,1787735580064000000,1787735640067000000,0.0
jps.facet.change.listener.process.change.events.ms,1787735580064000000,1787735640067000000,0
workspaceModel.mutableEntityStorage.to.snapshot.ms,1787735580064000000,1787735640067000000,13
workspaceModel.mutableEntityStorage.remove.entity.ms,1787735580064000000,1787735640067000000,0
jps.library.entities.serializer.load.entities.ms,1787735580064000000,1787735640067000000,282
workspaceModel.moduleManagerBridge.load.all.modules.ms,1787735580064000000,1787735640067000000,133
jps.global.get.library.ms,1787735580064000000,1787735640067000000,0
jps.save.changed.project.entities.ms,1787735580064000000,1787735640067000000,5
workspaceModel.mutableEntityStorage.add.entity.ms,1787735580064000000,1787735640067000000,295
jps.library.entities.serializer.save.entities.ms,1787735580064000000,1787735640067000000,0
workspaceModel.global.updates.count,1787735580064000000,1787735640067000000,0
workspaceModel.moduleManagerBridge.build.module.graph.ms,1787735580064000000,1787735640067000000,1
workspaceModel.moduleBridge.before.changed.ms,1787735580064000000,1787735640067000000,0
jps.module.iml.entities.serializer.load.entities.ms,1787735580064000000,1787735640067000000,397
workspaceModel.sync.entities.ms,1787735580064000000,1787735640067000000,0
workspaceModel.moduleManagerBridge.get.modules.ms,1787735580064000000,1787735640067000000,4
jps.artifact.entities.serializer.load.entities.ms,1787735580064000000,1787735640067000000,0
jps.global.handle.before.change.events.ms,1787735580064000000,1787735640067000000,0
workspaceModel.mutableEntityStorage.entities.by.source.ms,1787735580064000000,1787735640067000000,17
workspaceModel.moduleBridge.update.option.ms,1787735580064000000,1787735640067000000,0
workspaceModel.global.updates.ms,1787735580064000000,1787735640067000000,0
workspaceModel.mutableEntityStorage.mutable.vfurl.index.ms,1787735580064000000,1787735640067000000,0
workspaceModel.mutableEntityStorage.resolve.ms,1787735580064000000,1787735640067000000,0
jps.apply.loaded.storage.ms,1787735580064000000,1787735640067000000,772
jps.facet.change.listener.before.change.events.ms,1787735580064000000,1787735640067000000,0
jps.load.project.to.empty.storage.ms,1787735580064000000,1787735640067000000,835
jps.global.get.libraries.ms,1787735580064000000,1787735640067000000,12
workspaceModel.delayed.project.synchronizer.sync.ms,1787735580064000000,1787735640067000000,1669
jps.reload.project.entities.ms,1787735580064000000,1787735640067000000,0
workspaceModel.global.apply.state.to.project.builder.ms,1787735580064000000,1787735640067000000,3
workspaceModel.global.apply.state.to.project.ms,1787735580064000000,1787735640067000000,48
workspaceModel.moduleManagerBridge.load.module.ms,1787735580064000000,1787735640067000000,0
workspaceModel.mutableEntityStorage.has.same.entities.ms,1787735580064000000,1787735640067000000,0
workspaceModel.mutableEntityStorage.collect.changes.ms,1787735580064000000,1787735640067000000,0
jps.project.serializers.save.ms,1787735580064000000,1787735640067000000,3
workspaceModel.mutableEntityStorage.referrers.ms,1787735580064000000,1787735640067000000,0
workspaceModel.moduleManagerBridge.create.module.instance.ms,1787735580064000000,1787735640067000000,0
workspaceModel.mutableEntityStorage.put.entity.ms,1787735580064000000,1787735640067000000,95
workspaceModel.mutableEntityStorage.entities.ms,1787735580064000000,1787735640067000000,1
workspaceModel.load.cache.from.file.ms,1787735580064000000,1787735640067000000,300
jps.load.initial.state.ms,1787735580064000000,1787735640067000000,9
workspaceModel.mutableEntityStorage.modify.entity.ms,1787735580064000000,1787735640067000000,140
workspaceModel.moduleBridgeLoader.loading.modules.ms,1787735580064000000,1787735640067000000,862
jps.app.storage.content.writer.save.component.ms,1787735580064000000,1787735640067000000,0
jps.save.global.entities.ms,1787735580064000000,1787735640067000000,65
workspaceModel.moduleBridge.facet.initialization.ms,1787735580064000000,1787735640067000000,0
workspaceModel.orphan.listener.update.ms,1787735580064000000,1787735640067000000,19
jps.global.handle.changed.events.ms,1787735580064000000,1787735640067000000,0
jps.project.serializers.load.ms,1787735580064000000,1787735640067000000,736
jps.global.initialize.library.bridges.after.loading.ms,1787735580064000000,1787735640067000000,0
jps.storage.jps.conf.reader.load.component.ms,1787735580064000000,1787735640067000000,284
workspaceModel.moduleManagerBridge.newModule.ms,1787735580064000000,1787735640067000000,0
workspaceModel.mutableEntityStorage.add.diff.ms,1787735580064000000,1787735640067000000,210
workspaceModel.moduleManagerBridge.set.unloadedModules.ms,1787735580064000000,1787735640067000000,0
workspaceModel.moduleManagerBridge.new.nonPersistent.module.ms,1787735580064000000,1787735640067000000,0
jps.app.storage.content.reader.load.component.ms,1787735580064000000,1787735640067000000,0
jps.global.get.library.by.name.ms,1787735580064000000,1787735640067000000,0
jps.global.initialize.library.bridges.ms,1787735580064000000,1787735640067000000,0
workspaceModel.mutableEntityStorage.mutable.ext.mapping.ms,1787735580064000000,1787735640067000000,1
workspaceModel.mutableEntityStorage.replace.by.source.ms,1787735580064000000,1787735640067000000,270
jps.module.iml.entities.serializer.save.entities.ms,1787735580064000000,1787735640067000000,0
jps.facet.change.listener.init.bridge.ms,1787735580064000000,1787735640067000000,0
workspaceModel.save.cache.to.file.ms,1787735580064000000,1787735640067000000,575
jps.artifact.entities.serializer.save.entities.ms,1787735580064000000,1787735640067000000,0
AWTEventQueue.eventsDispatched,1787735580064000000,1787735640067000000,3254
NonBlockingReadAction.failedExecutionsCount,1787735580064000000,1787735640067000000,0
FlushQueue.waitingTimeAvgNs,1787735580064000000,1787735640067000000,254599.40495867768
AWTEventQueue.dispatchTime90PNs,1787735580064000000,1787735640067000000,208895
FlushQueue.queueSize90P,1787735580064000000,1787735640067000000,0
NonBlockingReadAction.finalizedExecutionsCount,1787735580064000000,1787735640067000000,0
FlushQueue.queueSizeMax,1787735580064000000,1787735640067000000,0
NonBlockingReadAction.finalizedExecutionTimeUs,1787735580064000000,1787735640067000000,0
NonBlockingReadAction.failedExecutionTimeUs,1787735580064000000,1787735640067000000,0
AWTEventQueue.dispatchTimeTotalNS,1787735580064000000,1787735640067000000,505430564
AWTEventQueue.dispatchTimeMaxNs,1787735580064000000,1787735640067000000,1941503
FlushQueue.executionTime90PNs,1787735580064000000,1787735640067000000,146431
FlushQueue.waitingTimeMaxNs,1787735580064000000,1787735640067000000,954367
FlushQueue.executionTimeAvgNs,1787735580064000000,1787735640067000000,93948.82644628099
AWTEventQueue.dispatchTimeAvgNs,1787735580064000000,1787735640067000000,155279.58205285802
FlushQueue.queueSizeAvg,1787735580064000000,1787735640067000000,0.0
FlushQueue.executionTimeMaxNs,1787735580064000000,1787735640067000000,839679
FlushQueue.tasksExecuted,1787735580064000000,1787735640067000000,121
FlushQueue.waitingTime90PNs,1787735580064000000,1787735640067000000,366591
workspaceModel.initializing.ms,1787735640067000000,1787735700059000000,3
workspaceModel.updates.precise.ms,1787735640067000000,1787735700059000000,289
workspaceModel.update.unloaded.entities.ms,1787735640067000000,1787735700059000000,0
workspaceModel.loading.from.cache.ms,1787735640067000000,1787735700059000000,302
workspaceModel.check.recursive.update.ms,1787735640067000000,1787735700059000000,2
workspaceModel.pre.handlers.ms,1787735640067000000,1787735700059000000,0
workspaceModel.replace.project.model.ms,1787735640067000000,1787735700059000000,0
workspaceModel.updates.count,1787735640067000000,1787735700059000000,5
workspaceModel.updates.ms,1787735640067000000,1787735700059000000,396
workspaceModel.collect.changes.ms,1787735640067000000,1787735700059000000,0
workspaceModel.to.snapshot.ms,1787735640067000000,1787735700059000000,11
workspaceModel.init.bridges.ms,1787735640067000000,1787735700059000000,3
workspaceModel.loading.total.ms,1787735640067000000,1787735700059000000,318
FileNameCache.queries,1787735640067000000,1787735700059000000,0
FileNameCache.fastMisses,1787735640067000000,1787735700059000000,0
FileNameCache.totalMisses,1787735640067000000,1787735700059000000,0
JVM.maxHeapBytes,1787735640067000000,1787735700059000000,2147483648
JVM.threadCount,1787735640067000000,1787735700059000000,41
JVM.maxNativeBytes,1787735640067000000,1787735700059000000,-1
JVM.totalCpuTimeMs,1787735640067000000,1787735700059000000,4580
JVM.GC.collectionTimesMs,1787735640067000000,1787735700059000000,0
JVM.GC.collections,1787735640067000000,1787735700059000000,0
OS.loadAverage,1787735640067000000,1787735700059000000,4.60986328125
JVM.usedNativeBytes,1787735640067000000,1787735700059000000,405890848
JVM.usedHeapBytes,1787735640067000000,1787735700059000000,218365680
FilePageCache.totalPageLoadsUs,1787735640067000000,1787735700059000000,0
StreamlinedBlobStorage.totalLiveRecordsCapacityBytes,1787735640067000000,1787735700059000000,0
DirectByteBufferAllocator.totalSizeOfBuffersAllocatedInBytes,1787735640067000000,1787735700059000000,292634624
StorageLockContext.competingThreads.90P,1787735640067000000,1787735700059000000,0
DirectByteBufferAllocator.disposed,1787735640067000000,1787735700059000000,0
FilePageCache.maxCacheSizeInBytes,1787735640067000000,1787735700059000000,297877504
StorageLockContext.competingThreads.avg,1787735640067000000,1787735700059000000,0.0
DirectByteBufferAllocator.reclaimed,1787735640067000000,1787735700059000000,0
DirectByteBufferAllocator.hits,1787735640067000000,1787735700059000000,0
FilePageCache.pageFastCacheHits,1787735640067000000,1787735700059000000,0
FilePageCache.pageLoads,1787735640067000000,1787735700059000000,0
StreamlinedBlobStorage.totalLiveRecordsPayloadBytes,1787735640067000000,1787735700059000000,0
StreamlinedBlobStorage.recordsAllocated,1787735640067000000,1787735700059000000,0
FilePageCache.pageLoadsAboveSizeThreshold,1787735640067000000,1787735700059000000,0
DirectByteBufferAllocator.misses,1787735640067000000,1787735700059000000,0
FilePageCache.disposedBuffers,1787735640067000000,1787735700059000000,0
FilePageCache.pageHits,1787735640067000000,1787735700059000000,0
StorageLockContext.competingThreads.max,1787735640067000000,1787735700059000000,0
DirectByteBufferAllocator.totalSizeOfBuffersCachedInBytes,1787735640067000000,1787735700059000000,0
FilePageCache.capacityInBytes,1787735640067000000,1787735700059000000,524288000
StreamlinedBlobStorage.recordsDeleted,1787735640067000000,1787735700059000000,0
StreamlinedBlobStorage.recordsRelocated,1787735640067000000,1787735700059000000,0
FilePageCache.uncachedFileAccess,1787735640067000000,1787735700059000000,0
FilePageCache.maxRegisteredFiles,1787735640067000000,1787735700059000000,620
FilePageCache.totalPageDisposalsUs,1787735640067000000,1787735700059000000,0
Indexes.allKeys.lookupDurationAvgMs,1787735640067000000,1787735700059000000,0.0
VFSFlusher.totalContentionQuotaSpent,1787735640067000000,1787735700059000000,0
Indexes.entries.lookups,1787735640067000000,1787735700059000000,0.0
IndexesFlusher.totalFlushesRetried,1787735640067000000,1787735700059000000,0
IndexesFlusher.totalContentionQuotaSpent,1787735640067000000,1787735700059000000,0
VFSFlusher.totalFlushes,1787735640067000000,1787735700059000000,0
Indexes.stubs.lookupDuration90PMs,1787735640067000000,1787735700059000000,0.0
Indexes.allKeys.lookupDuration90PMs,1787735640067000000,1787735700059000000,0.0
Indexes.entries.lookupDurationAvgMs,1787735640067000000,1787735700059000000,0.0
Indexes.stubs.lookupDurationMaxMs,1787735640067000000,1787735700059000000,0.0
Indexes.stubs.lookups,1787735640067000000,1787735700059000000,0.0
Indexes.entries.lookupDurationMaxMs,1787735640067000000,1787735700059000000,0.0
IndexesFlusher.totalFlushes,1787735640067000000,1787735700059000000,175
Indexes.allKeys.lookups,1787735640067000000,1787735700059000000,0.0
IndexesFlusher.totalFlushingTimeUs,1787735640067000000,1787735700059000000,717631
VFSFlusher.totalFlushingTimeUs,1787735640067000000,1787735700059000000,0
Indexes.stubs.lookupDurationAvgMs,1787735640067000000,1787735700059000000,0.0
VFSFlusher.totalFlushesRetried,1787735640067000000,1787735700059000000,0
Indexes.allKeys.lookupDurationMaxMs,1787735640067000000,1787735700059000000,0.0
Indexes.entries.lookupDuration90PMs,1787735640067000000,1787735700059000000,0.0
jps.facet.change.listener.process.change.events.ms,1787735640067000000,1787735700059000000,0
workspaceModel.mutableEntityStorage.to.snapshot.ms,1787735640067000000,1787735700059000000,13
workspaceModel.mutableEntityStorage.remove.entity.ms,1787735640067000000,1787735700059000000,0
jps.library.entities.serializer.load.entities.ms,1787735640067000000,1787735700059000000,282
workspaceModel.moduleManagerBridge.load.all.modules.ms,1787735640067000000,1787735700059000000,133
jps.global.get.library.ms,1787735640067000000,1787735700059000000,0
jps.save.changed.project.entities.ms,1787735640067000000,1787735700059000000,5
workspaceModel.mutableEntityStorage.add.entity.ms,1787735640067000000,1787735700059000000,295
jps.library.entities.serializer.save.entities.ms,1787735640067000000,1787735700059000000,0
workspaceModel.global.updates.count,1787735640067000000,1787735700059000000,0
workspaceModel.moduleManagerBridge.build.module.graph.ms,1787735640067000000,1787735700059000000,1
workspaceModel.moduleBridge.before.changed.ms,1787735640067000000,1787735700059000000,0
jps.module.iml.entities.serializer.load.entities.ms,1787735640067000000,1787735700059000000,397
workspaceModel.sync.entities.ms,1787735640067000000,1787735700059000000,0
workspaceModel.moduleManagerBridge.get.modules.ms,1787735640067000000,1787735700059000000,4
jps.artifact.entities.serializer.load.entities.ms,1787735640067000000,1787735700059000000,0
jps.global.handle.before.change.events.ms,1787735640067000000,1787735700059000000,0
workspaceModel.mutableEntityStorage.entities.by.source.ms,1787735640067000000,1787735700059000000,17
workspaceModel.moduleBridge.update.option.ms,1787735640067000000,1787735700059000000,0
workspaceModel.global.updates.ms,1787735640067000000,1787735700059000000,0
workspaceModel.mutableEntityStorage.mutable.vfurl.index.ms,1787735640067000000,1787735700059000000,0
workspaceModel.mutableEntityStorage.resolve.ms,1787735640067000000,1787735700059000000,0
jps.apply.loaded.storage.ms,1787735640067000000,1787735700059000000,772
jps.facet.change.listener.before.change.events.ms,1787735640067000000,1787735700059000000,0
jps.load.project.to.empty.storage.ms,1787735640067000000,1787735700059000000,835
jps.global.get.libraries.ms,1787735640067000000,1787735700059000000,12
workspaceModel.delayed.project.synchronizer.sync.ms,1787735640067000000,1787735700059000000,1669
jps.reload.project.entities.ms,1787735640067000000,1787735700059000000,0
workspaceModel.global.apply.state.to.project.builder.ms,1787735640067000000,1787735700059000000,3
workspaceModel.global.apply.state.to.project.ms,1787735640067000000,1787735700059000000,48
workspaceModel.moduleManagerBridge.load.module.ms,1787735640067000000,1787735700059000000,0
workspaceModel.mutableEntityStorage.has.same.entities.ms,1787735640067000000,1787735700059000000,0
workspaceModel.mutableEntityStorage.collect.changes.ms,1787735640067000000,1787735700059000000,0
jps.project.serializers.save.ms,1787735640067000000,1787735700059000000,3
workspaceModel.mutableEntityStorage.referrers.ms,1787735640067000000,1787735700059000000,0
workspaceModel.moduleManagerBridge.create.module.instance.ms,1787735640067000000,1787735700059000000,0
workspaceModel.mutableEntityStorage.put.entity.ms,1787735640067000000,1787735700059000000,95
workspaceModel.mutableEntityStorage.entities.ms,1787735640067000000,1787735700059000000,1
workspaceModel.load.cache.from.file.ms,1787735640067000000,1787735700059000000,300
jps.load.initial.state.ms,1787735640067000000,1787735700059000000,9
workspaceModel.mutableEntityStorage.modify.entity.ms,1787735640067000000,1787735700059000000,140
workspaceModel.moduleBridgeLoader.loading.modules.ms,1787735640067000000,1787735700059000000,862
jps.app.storage.content.writer.save.component.ms,1787735640067000000,1787735700059000000,0
jps.save.global.entities.ms,1787735640067000000,1787735700059000000,65
workspaceModel.moduleBridge.facet.initialization.ms,1787735640067000000,1787735700059000000,0
workspaceModel.orphan.listener.update.ms,1787735640067000000,1787735700059000000,19
jps.global.handle.changed.events.ms,1787735640067000000,1787735700059000000,0
jps.project.serializers.load.ms,1787735640067000000,1787735700059000000,736
jps.global.initialize.library.bridges.after.loading.ms,1787735640067000000,1787735700059000000,0
jps.storage.jps.conf.reader.load.component.ms,1787735640067000000,1787735700059000000,284
workspaceModel.moduleManagerBridge.newModule.ms,1787735640067000000,1787735700059000000,0
workspaceModel.mutableEntityStorage.add.diff.ms,1787735640067000000,1787735700059000000,210
workspaceModel.moduleManagerBridge.set.unloadedModules.ms,1787735640067000000,1787735700059000000,0
workspaceModel.moduleManagerBridge.new.nonPersistent.module.ms,1787735640067000000,1787735700059000000,0
jps.app.storage.content.reader.load.component.ms,1787735640067000000,1787735700059000000,0
jps.global.get.library.by.name.ms,1787735640067000000,1787735700059000000,0
jps.global.initialize.library.bridges.ms,1787735640067000000,1787735700059000000,0
workspaceModel.mutableEntityStorage.mutable.ext.mapping.ms,1787735640067000000,1787735700059000000,1
workspaceModel.mutableEntityStorage.replace.by.source.ms,1787735640067000000,1787735700059000000,270
jps.module.iml.entities.serializer.save.entities.ms,1787735640067000000,1787735700059000000,0
jps.facet.change.listener.init.bridge.ms,1787735640067000000,1787735700059000000,0
workspaceModel.save.cache.to.file.ms,1787735640067000000,1787735700059000000,575
jps.artifact.entities.serializer.save.entities.ms,1787735640067000000,1787735700059000000,0
AWTEventQueue.eventsDispatched,1787735640067000000,1787735700059000000,3258
NonBlockingReadAction.failedExecutionsCount,1787735640067000000,1787735700059000000,0
FlushQueue.waitingTimeAvgNs,1787735640067000000,1787735700059000000,264129.06666666665
AWTEventQueue.dispatchTime90PNs,1787735640067000000,1787735700059000000,207871
FlushQueue.queueSize90P,1787735640067000000,1787735700059000000,0
NonBlockingReadAction.finalizedExecutionsCount,1787735640067000000,1787735700059000000,0
FlushQueue.queueSizeMax,1787735640067000000,1787735700059000000,0
NonBlockingReadAction.finalizedExecutionTimeUs,1787735640067000000,1787735700059000000,0
NonBlockingReadAction.failedExecutionTimeUs,1787735640067000000,1787735700059000000,0
AWTEventQueue.dispatchTimeTotalNS,1787735640067000000,1787735700059000000,505733671
AWTEventQueue.dispatchTimeMaxNs,1787735640067000000,1787735700059000000,4063231
FlushQueue.executionTime90PNs,1787735640067000000,1787735700059000000,124415
FlushQueue.waitingTimeMaxNs,1787735640067000000,1787735700059000000,684031
FlushQueue.executionTimeAvgNs,1787735640067000000,1787735700059000000,112261.86666666667
AWTEventQueue.dispatchTimeAvgNs,1787735640067000000,1787735700059000000,155224.525475752
FlushQueue.queueSizeAvg,1787735640067000000,1787735700059000000,0.0
FlushQueue.executionTimeMaxNs,1787735640067000000,1787735700059000000,3866623
FlushQueue.tasksExecuted,1787735640067000000,1787735700059000000,120
FlushQueue.waitingTime90PNs,1787735640067000000,1787735700059000000,362495
workspaceModel.initializing.ms,1787735700059000000,1787735760061000000,3
workspaceModel.updates.precise.ms,1787735700059000000,1787735760061000000,289
workspaceModel.update.unloaded.entities.ms,1787735700059000000,1787735760061000000,0
workspaceModel.loading.from.cache.ms,1787735700059000000,1787735760061000000,302
workspaceModel.check.recursive.update.ms,1787735700059000000,1787735760061000000,2
workspaceModel.pre.handlers.ms,1787735700059000000,1787735760061000000,0
workspaceModel.replace.project.model.ms,1787735700059000000,1787735760061000000,0
workspaceModel.updates.count,1787735700059000000,1787735760061000000,5
workspaceModel.updates.ms,1787735700059000000,1787735760061000000,396
workspaceModel.collect.changes.ms,1787735700059000000,1787735760061000000,0
workspaceModel.to.snapshot.ms,1787735700059000000,1787735760061000000,11
workspaceModel.init.bridges.ms,1787735700059000000,1787735760061000000,3
workspaceModel.loading.total.ms,1787735700059000000,1787735760061000000,318
FileNameCache.queries,1787735700059000000,1787735760061000000,105
FileNameCache.fastMisses,1787735700059000000,1787735760061000000,0
FileNameCache.totalMisses,1787735700059000000,1787735760061000000,0
JVM.maxHeapBytes,1787735700059000000,1787735760061000000,2147483648
JVM.threadCount,1787735700059000000,1787735760061000000,41
JVM.maxNativeBytes,1787735700059000000,1787735760061000000,-1
JVM.totalCpuTimeMs,1787735700059000000,1787735760061000000,4919
JVM.GC.collectionTimesMs,1787735700059000000,1787735760061000000,0
JVM.GC.collections,1787735700059000000,1787735760061000000,0
OS.loadAverage,1787735700059000000,1787735760061000000,5.470703125
JVM.usedNativeBytes,1787735700059000000,1787735760061000000,405970240
JVM.usedHeapBytes,1787735700059000000,1787735760061000000,260308720
FilePageCache.totalPageLoadsUs,1787735700059000000,1787735760061000000,0
StreamlinedBlobStorage.totalLiveRecordsCapacityBytes,1787735700059000000,1787735760061000000,0
DirectByteBufferAllocator.totalSizeOfBuffersAllocatedInBytes,1787735700059000000,1787735760061000000,292634624
StorageLockContext.competingThreads.90P,1787735700059000000,1787735760061000000,0
DirectByteBufferAllocator.disposed,1787735700059000000,1787735760061000000,0
FilePageCache.maxCacheSizeInBytes,1787735700059000000,1787735760061000000,297877504
StorageLockContext.competingThreads.avg,1787735700059000000,1787735760061000000,0.0
DirectByteBufferAllocator.reclaimed,1787735700059000000,1787735760061000000,0
DirectByteBufferAllocator.hits,1787735700059000000,1787735760061000000,0
FilePageCache.pageFastCacheHits,1787735700059000000,1787735760061000000,4
FilePageCache.pageLoads,1787735700059000000,1787735760061000000,0
StreamlinedBlobStorage.totalLiveRecordsPayloadBytes,1787735700059000000,1787735760061000000,0
StreamlinedBlobStorage.recordsAllocated,1787735700059000000,1787735760061000000,0
FilePageCache.pageLoadsAboveSizeThreshold,1787735700059000000,1787735760061000000,0
DirectByteBufferAllocator.misses,1787735700059000000,1787735760061000000,0
FilePageCache.disposedBuffers,1787735700059000000,1787735760061000000,0
FilePageCache.pageHits,1787735700059000000,1787735760061000000,0
StorageLockContext.competingThreads.max,1787735700059000000,1787735760061000000,0
DirectByteBufferAllocator.totalSizeOfBuffersCachedInBytes,1787735700059000000,1787735760061000000,0
FilePageCache.capacityInBytes,1787735700059000000,1787735760061000000,524288000
StreamlinedBlobStorage.recordsDeleted,1787735700059000000,1787735760061000000,0
StreamlinedBlobStorage.recordsRelocated,1787735700059000000,1787735760061000000,0
FilePageCache.uncachedFileAccess,1787735700059000000,1787735760061000000,0
FilePageCache.maxRegisteredFiles,1787735700059000000,1787735760061000000,620
FilePageCache.totalPageDisposalsUs,1787735700059000000,1787735760061000000,0
Indexes.allKeys.lookupDurationAvgMs,1787735700059000000,1787735760061000000,0.0
VFSFlusher.totalContentionQuotaSpent,1787735700059000000,1787735760061000000,0
Indexes.entries.lookups,1787735700059000000,1787735760061000000,0.0
IndexesFlusher.totalFlushesRetried,1787735700059000000,1787735760061000000,0
IndexesFlusher.totalContentionQuotaSpent,1787735700059000000,1787735760061000000,0
VFSFlusher.totalFlushes,1787735700059000000,1787735760061000000,0
Indexes.stubs.lookupDuration90PMs,1787735700059000000,1787735760061000000,0.0
Indexes.allKeys.lookupDuration90PMs,1787735700059000000,1787735760061000000,0.0
Indexes.entries.lookupDurationAvgMs,1787735700059000000,1787735760061000000,0.0
Indexes.stubs.lookupDurationMaxMs,1787735700059000000,1787735760061000000,0.0
Indexes.stubs.lookups,1787735700059000000,1787735760061000000,0.0
Indexes.entries.lookupDurationMaxMs,1787735700059000000,1787735760061000000,0.0
IndexesFlusher.totalFlushes,1787735700059000000,1787735760061000000,174
Indexes.allKeys.lookups,1787735700059000000,1787735760061000000,0.0
IndexesFlusher.totalFlushingTimeUs,1787735700059000000,1787735760061000000,702793
VFSFlusher.totalFlushingTimeUs,1787735700059000000,1787735760061000000,0
Indexes.stubs.lookupDurationAvgMs,1787735700059000000,1787735760061000000,0.0
VFSFlusher.totalFlushesRetried,1787735700059000000,1787735760061000000,0
Indexes.allKeys.lookupDurationMaxMs,1787735700059000000,1787735760061000000,0.0
Indexes.entries.lookupDuration90PMs,1787735700059000000,1787735760061000000,0.0
jps.facet.change.listener.process.change.events.ms,1787735700059000000,1787735760061000000,0
workspaceModel.mutableEntityStorage.to.snapshot.ms,1787735700059000000,1787735760061000000,13
workspaceModel.mutableEntityStorage.remove.entity.ms,1787735700059000000,1787735760061000000,0
jps.library.entities.serializer.load.entities.ms,1787735700059000000,1787735760061000000,282
workspaceModel.moduleManagerBridge.load.all.modules.ms,1787735700059000000,1787735760061000000,133
jps.global.get.library.ms,1787735700059000000,1787735760061000000,0
jps.save.changed.project.entities.ms,1787735700059000000,1787735760061000000,5
workspaceModel.mutableEntityStorage.add.entity.ms,1787735700059000000,1787735760061000000,295
jps.library.entities.serializer.save.entities.ms,1787735700059000000,1787735760061000000,0
workspaceModel.global.updates.count,1787735700059000000,1787735760061000000,0
workspaceModel.moduleManagerBridge.build.module.graph.ms,1787735700059000000,1787735760061000000,1
workspaceModel.moduleBridge.before.changed.ms,1787735700059000000,1787735760061000000,0
jps.module.iml.entities.serializer.load.entities.ms,1787735700059000000,1787735760061000000,397
workspaceModel.sync.entities.ms,1787735700059000000,1787735760061000000,0
workspaceModel.moduleManagerBridge.get.modules.ms,1787735700059000000,1787735760061000000,4
jps.artifact.entities.serializer.load.entities.ms,1787735700059000000,1787735760061000000,0
jps.global.handle.before.change.events.ms,1787735700059000000,1787735760061000000,0
workspaceModel.mutableEntityStorage.entities.by.source.ms,1787735700059000000,1787735760061000000,17
workspaceModel.moduleBridge.update.option.ms,1787735700059000000,1787735760061000000,0
workspaceModel.global.updates.ms,1787735700059000000,1787735760061000000,0
workspaceModel.mutableEntityStorage.mutable.vfurl.index.ms,1787735700059000000,1787735760061000000,0
workspaceModel.mutableEntityStorage.resolve.ms,1787735700059000000,1787735760061000000,0
jps.apply.loaded.storage.ms,1787735700059000000,1787735760061000000,772
jps.facet.change.listener.before.change.events.ms,1787735700059000000,1787735760061000000,0
jps.load.project.to.empty.storage.ms,1787735700059000000,1787735760061000000,835
jps.global.get.libraries.ms,1787735700059000000,1787735760061000000,21
workspaceModel.delayed.project.synchronizer.sync.ms,1787735700059000000,1787735760061000000,1669
jps.reload.project.entities.ms,1787735700059000000,1787735760061000000,0
workspaceModel.global.apply.state.to.project.builder.ms,1787735700059000000,1787735760061000000,3
workspaceModel.global.apply.state.to.project.ms,1787735700059000000,1787735760061000000,48
workspaceModel.moduleManagerBridge.load.module.ms,1787735700059000000,1787735760061000000,0
workspaceModel.mutableEntityStorage.has.same.entities.ms,1787735700059000000,1787735760061000000,0
workspaceModel.mutableEntityStorage.collect.changes.ms,1787735700059000000,1787735760061000000,0
jps.project.serializers.save.ms,1787735700059000000,1787735760061000000,3
workspaceModel.mutableEntityStorage.referrers.ms,1787735700059000000,1787735760061000000,0
workspaceModel.moduleManagerBridge.create.module.instance.ms,1787735700059000000,1787735760061000000,0
workspaceModel.mutableEntityStorage.put.entity.ms,1787735700059000000,1787735760061000000,95
workspaceModel.mutableEntityStorage.entities.ms,1787735700059000000,1787735760061000000,1
workspaceModel.load.cache.from.file.ms,1787735700059000000,1787735760061000000,300
jps.load.initial.state.ms,1787735700059000000,1787735760061000000,9
workspaceModel.mutableEntityStorage.modify.entity.ms,1787735700059000000,1787735760061000000,140
workspaceModel.moduleBridgeLoader.loading.modules.ms,1787735700059000000,1787735760061000000,862
jps.app.storage.content.writer.save.component.ms,1787735700059000000,1787735760061000000,0
jps.save.global.entities.ms,1787735700059000000,1787735760061000000,65
workspaceModel.moduleBridge.facet.initialization.ms,1787735700059000000,1787735760061000000,0
workspaceModel.orphan.listener.update.ms,1787735700059000000,1787735760061000000,19
jps.global.handle.changed.events.ms,1787735700059000000,1787735760061000000,0
jps.project.serializers.load.ms,1787735700059000000,1787735760061000000,736
jps.global.initialize.library.bridges.after.loading.ms,1787735700059000000,1787735760061000000,0
jps.storage.jps.conf.reader.load.component.ms,1787735700059000000,1787735760061000000,284
workspaceModel.moduleManagerBridge.newModule.ms,1787735700059000000,1787735760061000000,0
workspaceModel.mutableEntityStorage.add.diff.ms,1787735700059000000,1787735760061000000,210
workspaceModel.moduleManagerBridge.set.unloadedModules.ms,1787735700059000000,1787735760061000000,0
workspaceModel.moduleManagerBridge.new.nonPersistent.module.ms,1787735700059000000,1787735760061000000,0
jps.app.storage.content.reader.load.component.ms,1787735700059000000,1787735760061000000,0
jps.global.get.library.by.name.ms,1787735700059000000,1787735760061000000,0
jps.global.initialize.library.bridges.ms,1787735700059000000,1787735760061000000,0
workspaceModel.mutableEntityStorage.mutable.ext.mapping.ms,1787735700059000000,1787735760061000000,1
workspaceModel.mutableEntityStorage.replace.by.source.ms,1787735700059000000,1787735760061000000,270
jps.module.iml.entities.serializer.save.entities.ms,1787735700059000000,1787735760061000000,0
jps.facet.change.listener.init.bridge.ms,1787735700059000000,1787735760061000000,0
workspaceModel.save.cache.to.file.ms,1787735700059000000,1787735760061000000,575
jps.artifact.entities.serializer.save.entities.ms,1787735700059000000,1787735760061000000,0
AWTEventQueue.eventsDispatched,1787735700059000000,1787735760061000000,3240
NonBlockingReadAction.failedExecutionsCount,1787735700059000000,1787735760061000000,0
FlushQueue.waitingTimeAvgNs,1787735700059000000,1787735760061000000,265467.73333333334
AWTEventQueue.dispatchTime90PNs,1787735700059000000,1787735760061000000,204799
FlushQueue.queueSize90P,1787735700059000000,1787735760061000000,0
NonBlockingReadAction.finalizedExecutionsCount,1787735700059000000,1787735760061000000,3
FlushQueue.queueSizeMax,1787735700059000000,1787735760061000000,0
NonBlockingReadAction.finalizedExecutionTimeUs,1787735700059000000,1787735760061000000,66761
NonBlockingReadAction.failedExecutionTimeUs,1787735700059000000,1787735760061000000,0
AWTEventQueue.dispatchTimeTotalNS,1787735700059000000,1787735760061000000,506016611
AWTEventQueue.dispatchTimeMaxNs,1787735700059000000,1787735760061000000,1761279
FlushQueue.executionTime90PNs,1787735700059000000,1787735760061000000,138239
FlushQueue.waitingTimeMaxNs,1787735700059000000,1787735760061000000,518143
FlushQueue.executionTimeAvgNs,1787735700059000000,1787735760061000000,80709.86666666667
AWTEventQueue.dispatchTimeAvgNs,1787735700059000000,1787735760061000000,156123.4987654321
FlushQueue.queueSizeAvg,1787735700059000000,1787735760061000000,0.0
FlushQueue.executionTimeMaxNs,1787735700059000000,1787735760061000000,335871
FlushQueue.tasksExecuted,1787735700059000000,1787735760061000000,120
FlushQueue.waitingTime90PNs,1787735700059000000,1787735760061000000,374783
workspaceModel.initializing.ms,1787735760061000000,1787735820067000000,3
workspaceModel.updates.precise.ms,1787735760061000000,1787735820067000000,289
workspaceModel.update.unloaded.entities.ms,1787735760061000000,1787735820067000000,0
workspaceModel.loading.from.cache.ms,1787735760061000000,1787735820067000000,302
workspaceModel.check.recursive.update.ms,1787735760061000000,1787735820067000000,2
workspaceModel.pre.handlers.ms,1787735760061000000,1787735820067000000,0
workspaceModel.replace.project.model.ms,1787735760061000000,1787735820067000000,0
workspaceModel.updates.count,1787735760061000000,1787735820067000000,5
workspaceModel.updates.ms,1787735760061000000,1787735820067000000,396
workspaceModel.collect.changes.ms,1787735760061000000,1787735820067000000,0
workspaceModel.to.snapshot.ms,1787735760061000000,1787735820067000000,11
workspaceModel.init.bridges.ms,1787735760061000000,1787735820067000000,3
workspaceModel.loading.total.ms,1787735760061000000,1787735820067000000,318
FileNameCache.queries,1787735760061000000,1787735820067000000,0
FileNameCache.fastMisses,1787735760061000000,1787735820067000000,0
FileNameCache.totalMisses,1787735760061000000,1787735820067000000,0
JVM.maxHeapBytes,1787735760061000000,1787735820067000000,2147483648
JVM.threadCount,1787735760061000000,1787735820067000000,42
JVM.maxNativeBytes,1787735760061000000,1787735820067000000,-1
JVM.totalCpuTimeMs,1787735760061000000,1787735820067000000,4720
JVM.GC.collectionTimesMs,1787735760061000000,1787735820067000000,0
JVM.GC.collections,1787735760061000000,1787735820067000000,0
OS.loadAverage,1787735760061000000,1787735820067000000,8.578125
JVM.usedNativeBytes,1787735760061000000,1787735820067000000,405978560
JVM.usedHeapBytes,1787735760061000000,1787735820067000000,304348912
FilePageCache.totalPageLoadsUs,1787735760061000000,1787735820067000000,0
StreamlinedBlobStorage.totalLiveRecordsCapacityBytes,1787735760061000000,1787735820067000000,0
DirectByteBufferAllocator.totalSizeOfBuffersAllocatedInBytes,1787735760061000000,1787735820067000000,292634624
StorageLockContext.competingThreads.90P,1787735760061000000,1787735820067000000,0
DirectByteBufferAllocator.disposed,1787735760061000000,1787735820067000000,0
FilePageCache.maxCacheSizeInBytes,1787735760061000000,1787735820067000000,297877504
StorageLockContext.competingThreads.avg,1787735760061000000,1787735820067000000,0.0
DirectByteBufferAllocator.reclaimed,1787735760061000000,1787735820067000000,0
DirectByteBufferAllocator.hits,1787735760061000000,1787735820067000000,0
FilePageCache.pageFastCacheHits,1787735760061000000,1787735820067000000,0
FilePageCache.pageLoads,1787735760061000000,1787735820067000000,0
StreamlinedBlobStorage.totalLiveRecordsPayloadBytes,1787735760061000000,1787735820067000000,0
StreamlinedBlobStorage.recordsAllocated,1787735760061000000,1787735820067000000,0
FilePageCache.pageLoadsAboveSizeThreshold,1787735760061000000,1787735820067000000,0
DirectByteBufferAllocator.misses,1787735760061000000,1787735820067000000,0
FilePageCache.disposedBuffers,1787735760061000000,1787735820067000000,0
FilePageCache.pageHits,1787735760061000000,1787735820067000000,0
StorageLockContext.competingThreads.max,1787735760061000000,1787735820067000000,0
DirectByteBufferAllocator.totalSizeOfBuffersCachedInBytes,1787735760061000000,1787735820067000000,0
FilePageCache.capacityInBytes,1787735760061000000,1787735820067000000,524288000
StreamlinedBlobStorage.recordsDeleted,1787735760061000000,1787735820067000000,0
StreamlinedBlobStorage.recordsRelocated,1787735760061000000,1787735820067000000,0
FilePageCache.uncachedFileAccess,1787735760061000000,1787735820067000000,0
FilePageCache.maxRegisteredFiles,1787735760061000000,1787735820067000000,620
FilePageCache.totalPageDisposalsUs,1787735760061000000,1787735820067000000,0
Indexes.allKeys.lookupDurationAvgMs,1787735760061000000,1787735820067000000,0.0
VFSFlusher.totalContentionQuotaSpent,1787735760061000000,1787735820067000000,0
Indexes.entries.lookups,1787735760061000000,1787735820067000000,0.0
IndexesFlusher.totalFlushesRetried,1787735760061000000,1787735820067000000,0
IndexesFlusher.totalContentionQuotaSpent,1787735760061000000,1787735820067000000,0
VFSFlusher.totalFlushes,1787735760061000000,1787735820067000000,0
Indexes.stubs.lookupDuration90PMs,1787735760061000000,1787735820067000000,0.0
Indexes.allKeys.lookupDuration90PMs,1787735760061000000,1787735820067000000,0.0
Indexes.entries.lookupDurationAvgMs,1787735760061000000,1787735820067000000,0.0
Indexes.stubs.lookupDurationMaxMs,1787735760061000000,1787735820067000000,0.0
Indexes.stubs.lookups,1787735760061000000,1787735820067000000,0.0
Indexes.entries.lookupDurationMaxMs,1787735760061000000,1787735820067000000,0.0
IndexesFlusher.totalFlushes,1787735760061000000,1787735820067000000,175
Indexes.allKeys.lookups,1787735760061000000,1787735820067000000,0.0
IndexesFlusher.totalFlushingTimeUs,1787735760061000000,1787735820067000000,727014
VFSFlusher.totalFlushingTimeUs,1787735760061000000,1787735820067000000,0
Indexes.stubs.lookupDurationAvgMs,1787735760061000000,1787735820067000000,0.0
VFSFlusher.totalFlushesRetried,1787735760061000000,1787735820067000000,0
Indexes.allKeys.lookupDurationMaxMs,1787735760061000000,1787735820067000000,0.0
Indexes.entries.lookupDuration90PMs,1787735760061000000,1787735820067000000,0.0
jps.facet.change.listener.process.change.events.ms,1787735760061000000,1787735820067000000,0
workspaceModel.mutableEntityStorage.to.snapshot.ms,1787735760061000000,1787735820067000000,13
workspaceModel.mutableEntityStorage.remove.entity.ms,1787735760061000000,1787735820067000000,0
jps.library.entities.serializer.load.entities.ms,1787735760061000000,1787735820067000000,282
workspaceModel.moduleManagerBridge.load.all.modules.ms,1787735760061000000,1787735820067000000,133
jps.global.get.library.ms,1787735760061000000,1787735820067000000,0
jps.save.changed.project.entities.ms,1787735760061000000,1787735820067000000,5
workspaceModel.mutableEntityStorage.add.entity.ms,1787735760061000000,1787735820067000000,295
jps.library.entities.serializer.save.entities.ms,1787735760061000000,1787735820067000000,0
workspaceModel.global.updates.count,1787735760061000000,1787735820067000000,0
workspaceModel.moduleManagerBridge.build.module.graph.ms,1787735760061000000,1787735820067000000,1
workspaceModel.moduleBridge.before.changed.ms,1787735760061000000,1787735820067000000,0
jps.module.iml.entities.serializer.load.entities.ms,1787735760061000000,1787735820067000000,397
workspaceModel.sync.entities.ms,1787735760061000000,1787735820067000000,0
workspaceModel.moduleManagerBridge.get.modules.ms,1787735760061000000,1787735820067000000,4
jps.artifact.entities.serializer.load.entities.ms,1787735760061000000,1787735820067000000,0
jps.global.handle.before.change.events.ms,1787735760061000000,1787735820067000000,0
workspaceModel.mutableEntityStorage.entities.by.source.ms,1787735760061000000,1787735820067000000,17
workspaceModel.moduleBridge.update.option.ms,1787735760061000000,1787735820067000000,0
workspaceModel.global.updates.ms,1787735760061000000,1787735820067000000,0
workspaceModel.mutableEntityStorage.mutable.vfurl.index.ms,1787735760061000000,1787735820067000000,0
workspaceModel.mutableEntityStorage.resolve.ms,1787735760061000000,1787735820067000000,0
jps.apply.loaded.storage.ms,1787735760061000000,1787735820067000000,772
jps.facet.change.listener.before.change.events.ms,1787735760061000000,1787735820067000000,0
jps.load.project.to.empty.storage.ms,1787735760061000000,1787735820067000000,835
jps.global.get.libraries.ms,1787735760061000000,1787735820067000000,21
workspaceModel.delayed.project.synchronizer.sync.ms,1787735760061000000,1787735820067000000,1669
jps.reload.project.entities.ms,1787735760061000000,1787735820067000000,0
workspaceModel.global.apply.state.to.project.builder.ms,1787735760061000000,1787735820067000000,3
workspaceModel.global.apply.state.to.project.ms,1787735760061000000,1787735820067000000,48
workspaceModel.moduleManagerBridge.load.module.ms,1787735760061000000,1787735820067000000,0
workspaceModel.mutableEntityStorage.has.same.entities.ms,1787735760061000000,1787735820067000000,0
workspaceModel.mutableEntityStorage.collect.changes.ms,1787735760061000000,1787735820067000000,0
jps.project.serializers.save.ms,1787735760061000000,1787735820067000000,3
workspaceModel.mutableEntityStorage.referrers.ms,1787735760061000000,1787735820067000000,0
workspaceModel.moduleManagerBridge.create.module.instance.ms,1787735760061000000,1787735820067000000,0
workspaceModel.mutableEntityStorage.put.entity.ms,1787735760061000000,1787735820067000000,95
workspaceModel.mutableEntityStorage.entities.ms,1787735760061000000,1787735820067000000,1
workspaceModel.load.cache.from.file.ms,1787735760061000000,1787735820067000000,300
jps.load.initial.state.ms,1787735760061000000,1787735820067000000,9
workspaceModel.mutableEntityStorage.modify.entity.ms,1787735760061000000,1787735820067000000,140
workspaceModel.moduleBridgeLoader.loading.modules.ms,1787735760061000000,1787735820067000000,862
jps.app.storage.content.writer.save.component.ms,1787735760061000000,1787735820067000000,0
jps.save.global.entities.ms,1787735760061000000,1787735820067000000,65
workspaceModel.moduleBridge.facet.initialization.ms,1787735760061000000,1787735820067000000,0
workspaceModel.orphan.listener.update.ms,1787735760061000000,1787735820067000000,19
jps.global.handle.changed.events.ms,1787735760061000000,1787735820067000000,0
jps.project.serializers.load.ms,1787735760061000000,1787735820067000000,736
jps.global.initialize.library.bridges.after.loading.ms,1787735760061000000,1787735820067000000,0
jps.storage.jps.conf.reader.load.component.ms,1787735760061000000,1787735820067000000,284
workspaceModel.moduleManagerBridge.newModule.ms,1787735760061000000,1787735820067000000,0
workspaceModel.mutableEntityStorage.add.diff.ms,1787735760061000000,1787735820067000000,210
workspaceModel.moduleManagerBridge.set.unloadedModules.ms,1787735760061000000,1787735820067000000,0
workspaceModel.moduleManagerBridge.new.nonPersistent.module.ms,1787735760061000000,1787735820067000000,0
jps.app.storage.content.reader.load.component.ms,1787735760061000000,1787735820067000000,0
jps.global.get.library.by.name.ms,1787735760061000000,1787735820067000000,0
jps.global.initialize.library.bridges.ms,1787735760061000000,1787735820067000000,0
workspaceModel.mutableEntityStorage.mutable.ext.mapping.ms,1787735760061000000,1787735820067000000,1
workspaceModel.mutableEntityStorage.replace.by.source.ms,1787735760061000000,1787735820067000000,270
jps.module.iml.entities.serializer.save.entities.ms,1787735760061000000,1787735820067000000,0
jps.facet.change.listener.init.bridge.ms,1787735760061000000,1787735820067000000,0
workspaceModel.save.cache.to.file.ms,1787735760061000000,1787735820067000000,575
jps.artifact.entities.serializer.save.entities.ms,1787735760061000000,1787735820067000000,0
AWTEventQueue.eventsDispatched,1787735760061000000,1787735820067000000,3254
NonBlockingReadAction.failedExecutionsCount,1787735760061000000,1787735820067000000,0
FlushQueue.waitingTimeAvgNs,1787735760061000000,1787735820067000000,268362.0495867769
AWTEventQueue.dispatchTime90PNs,1787735760061000000,1787735820067000000,206847
FlushQueue.queueSize90P,1787735760061000000,1787735820067000000,0
NonBlockingReadAction.finalizedExecutionsCount,1787735760061000000,1787735820067000000,0
FlushQueue.queueSizeMax,1787735760061000000,1787735820067000000,0
NonBlockingReadAction.finalizedExecutionTimeUs,1787735760061000000,1787735820067000000,0
NonBlockingReadAction.failedExecutionTimeUs,1787735760061000000,1787735820067000000,0
AWTEventQueue.dispatchTimeTotalNS,1787735760061000000,1787735820067000000,517301096
AWTEventQueue.dispatchTimeMaxNs,1787735760061000000,1787735820067000000,2088959
FlushQueue.executionTime90PNs,1787735760061000000,1787735820067000000,137215
FlushQueue.waitingTimeMaxNs,1787735760061000000,1787735820067000000,888831
FlushQueue.executionTimeAvgNs,1787735760061000000,1787735820067000000,86234.97520661158
AWTEventQueue.dispatchTimeAvgNs,1787735760061000000,1787735820067000000,158902.96250768285
FlushQueue.queueSizeAvg,1787735760061000000,1787735820067000000,0.0
FlushQueue.executionTimeMaxNs,1787735760061000000,1787735820067000000,724991
FlushQueue.tasksExecuted,1787735760061000000,1787735820067000000,121
FlushQueue.waitingTime90PNs,1787735760061000000,1787735820067000000,362495
workspaceModel.initializing.ms,1787735820067000000,1787735880065000000,3
workspaceModel.updates.precise.ms,1787735820067000000,1787735880065000000,289
workspaceModel.update.unloaded.entities.ms,1787735820067000000,1787735880065000000,0
workspaceModel.loading.from.cache.ms,1787735820067000000,1787735880065000000,302
workspaceModel.check.recursive.update.ms,1787735820067000000,1787735880065000000,2
workspaceModel.pre.handlers.ms,1787735820067000000,1787735880065000000,0
workspaceModel.replace.project.model.ms,1787735820067000000,1787735880065000000,0
workspaceModel.updates.count,1787735820067000000,1787735880065000000,5
workspaceModel.updates.ms,1787735820067000000,1787735880065000000,396
workspaceModel.collect.changes.ms,1787735820067000000,1787735880065000000,0
workspaceModel.to.snapshot.ms,1787735820067000000,1787735880065000000,11
workspaceModel.init.bridges.ms,1787735820067000000,1787735880065000000,3
workspaceModel.loading.total.ms,1787735820067000000,1787735880065000000,318
FileNameCache.queries,1787735820067000000,1787735880065000000,0
FileNameCache.fastMisses,1787735820067000000,1787735880065000000,0
FileNameCache.totalMisses,1787735820067000000,1787735880065000000,0
JVM.maxHeapBytes,1787735820067000000,1787735880065000000,2147483648
JVM.threadCount,1787735820067000000,1787735880065000000,42
JVM.maxNativeBytes,1787735820067000000,1787735880065000000,-1
JVM.totalCpuTimeMs,1787735820067000000,1787735880065000000,4721
JVM.GC.collectionTimesMs,1787735820067000000,1787735880065000000,0
JVM.GC.collections,1787735820067000000,1787735880065000000,0
OS.loadAverage,1787735820067000000,1787735880065000000,6.20263671875
JVM.usedNativeBytes,1787735820067000000,1787735880065000000,405986624
JVM.usedHeapBytes,1787735820067000000,1787735880065000000,345243376
FilePageCache.totalPageLoadsUs,1787735820067000000,1787735880065000000,0
StreamlinedBlobStorage.totalLiveRecordsCapacityBytes,1787735820067000000,1787735880065000000,0
DirectByteBufferAllocator.totalSizeOfBuffersAllocatedInBytes,1787735820067000000,1787735880065000000,292634624
StorageLockContext.competingThreads.90P,1787735820067000000,1787735880065000000,0
DirectByteBufferAllocator.disposed,1787735820067000000,1787735880065000000,0
FilePageCache.maxCacheSizeInBytes,1787735820067000000,1787735880065000000,297877504
StorageLockContext.competingThreads.avg,1787735820067000000,1787735880065000000,0.0
DirectByteBufferAllocator.reclaimed,1787735820067000000,1787735880065000000,0
DirectByteBufferAllocator.hits,1787735820067000000,1787735880065000000,0
FilePageCache.pageFastCacheHits,1787735820067000000,1787735880065000000,0
FilePageCache.pageLoads,1787735820067000000,1787735880065000000,0
StreamlinedBlobStorage.totalLiveRecordsPayloadBytes,1787735820067000000,1787735880065000000,0
StreamlinedBlobStorage.recordsAllocated,1787735820067000000,1787735880065000000,0
FilePageCache.pageLoadsAboveSizeThreshold,1787735820067000000,1787735880065000000,0
DirectByteBufferAllocator.misses,1787735820067000000,1787735880065000000,0
FilePageCache.disposedBuffers,1787735820067000000,1787735880065000000,0
FilePageCache.pageHits,1787735820067000000,1787735880065000000,0
StorageLockContext.competingThreads.max,1787735820067000000,1787735880065000000,0
DirectByteBufferAllocator.totalSizeOfBuffersCachedInBytes,1787735820067000000,1787735880065000000,0
FilePageCache.capacityInBytes,1787735820067000000,1787735880065000000,524288000
StreamlinedBlobStorage.recordsDeleted,1787735820067000000,1787735880065000000,0
StreamlinedBlobStorage.recordsRelocated,1787735820067000000,1787735880065000000,0
FilePageCache.uncachedFileAccess,1787735820067000000,1787735880065000000,0
FilePageCache.maxRegisteredFiles,1787735820067000000,1787735880065000000,620
FilePageCache.totalPageDisposalsUs,1787735820067000000,1787735880065000000,0
Indexes.allKeys.lookupDurationAvgMs,1787735820067000000,1787735880065000000,0.0
VFSFlusher.totalContentionQuotaSpent,1787735820067000000,1787735880065000000,0
Indexes.entries.lookups,1787735820067000000,1787735880065000000,0.0
IndexesFlusher.totalFlushesRetried,1787735820067000000,1787735880065000000,0
IndexesFlusher.totalContentionQuotaSpent,1787735820067000000,1787735880065000000,0
VFSFlusher.totalFlushes,1787735820067000000,1787735880065000000,0
Indexes.stubs.lookupDuration90PMs,1787735820067000000,1787735880065000000,0.0
Indexes.allKeys.lookupDuration90PMs,1787735820067000000,1787735880065000000,0.0
Indexes.entries.lookupDurationAvgMs,1787735820067000000,1787735880065000000,0.0
Indexes.stubs.lookupDurationMaxMs,1787735820067000000,1787735880065000000,0.0
Indexes.stubs.lookups,1787735820067000000,1787735880065000000,0.0
Indexes.entries.lookupDurationMaxMs,1787735820067000000,1787735880065000000,0.0
IndexesFlusher.totalFlushes,1787735820067000000,1787735880065000000,174
Indexes.allKeys.lookups,1787735820067000000,1787735880065000000,0.0
IndexesFlusher.totalFlushingTimeUs,1787735820067000000,1787735880065000000,678942
VFSFlusher.totalFlushingTimeUs,1787735820067000000,1787735880065000000,0
Indexes.stubs.lookupDurationAvgMs,1787735820067000000,1787735880065000000,0.0
VFSFlusher.totalFlushesRetried,1787735820067000000,1787735880065000000,0
Indexes.allKeys.lookupDurationMaxMs,1787735820067000000,1787735880065000000,0.0
Indexes.entries.lookupDuration90PMs,1787735820067000000,1787735880065000000,0.0
jps.facet.change.listener.process.change.events.ms,1787735820067000000,1787735880065000000,0
workspaceModel.mutableEntityStorage.to.snapshot.ms,1787735820067000000,1787735880065000000,13
workspaceModel.mutableEntityStorage.remove.entity.ms,1787735820067000000,1787735880065000000,0
jps.library.entities.serializer.load.entities.ms,1787735820067000000,1787735880065000000,282
workspaceModel.moduleManagerBridge.load.all.modules.ms,1787735820067000000,1787735880065000000,133
jps.global.get.library.ms,1787735820067000000,1787735880065000000,0
jps.save.changed.project.entities.ms,1787735820067000000,1787735880065000000,5
workspaceModel.mutableEntityStorage.add.entity.ms,1787735820067000000,1787735880065000000,295
jps.library.entities.serializer.save.entities.ms,1787735820067000000,1787735880065000000,0
workspaceModel.global.updates.count,1787735820067000000,1787735880065000000,0
workspaceModel.moduleManagerBridge.build.module.graph.ms,1787735820067000000,1787735880065000000,1
workspaceModel.moduleBridge.before.changed.ms,1787735820067000000,1787735880065000000,0
jps.module.iml.entities.serializer.load.entities.ms,1787735820067000000,1787735880065000000,397
workspaceModel.sync.entities.ms,1787735820067000000,1787735880065000000,0
workspaceModel.moduleManagerBridge.get.modules.ms,1787735820067000000,1787735880065000000,4
jps.artifact.entities.serializer.load.entities.ms,1787735820067000000,1787735880065000000,0
jps.global.handle.before.change.events.ms,1787735820067000000,1787735880065000000,0
workspaceModel.mutableEntityStorage.entities.by.source.ms,1787735820067000000,1787735880065000000,17
workspaceModel.moduleBridge.update.option.ms,1787735820067000000,1787735880065000000,0
workspaceModel.global.updates.ms,1787735820067000000,1787735880065000000,0
workspaceModel.mutableEntityStorage.mutable.vfurl.index.ms,1787735820067000000,1787735880065000000,0
workspaceModel.mutableEntityStorage.resolve.ms,1787735820067000000,1787735880065000000,0
jps.apply.loaded.storage.ms,1787735820067000000,1787735880065000000,772
jps.facet.change.listener.before.change.events.ms,1787735820067000000,1787735880065000000,0
jps.load.project.to.empty.storage.ms,1787735820067000000,1787735880065000000,835
jps.global.get.libraries.ms,1787735820067000000,1787735880065000000,21
workspaceModel.delayed.project.synchronizer.sync.ms,1787735820067000000,1787735880065000000,1669
jps.reload.project.entities.ms,1787735820067000000,1787735880065000000,0
workspaceModel.global.apply.state.to.project.builder.ms,1787735820067000000,1787735880065000000,3
workspaceModel.global.apply.state.to.project.ms,1787735820067000000,1787735880065000000,48
workspaceModel.moduleManagerBridge.load.module.ms,1787735820067000000,1787735880065000000,0
workspaceModel.mutableEntityStorage.has.same.entities.ms,1787735820067000000,1787735880065000000,0
workspaceModel.mutableEntityStorage.collect.changes.ms,1787735820067000000,1787735880065000000,0
jps.project.serializers.save.ms,1787735820067000000,1787735880065000000,3
workspaceModel.mutableEntityStorage.referrers.ms,1787735820067000000,1787735880065000000,0
workspaceModel.moduleManagerBridge.create.module.instance.ms,1787735820067000000,1787735880065000000,0
workspaceModel.mutableEntityStorage.put.entity.ms,1787735820067000000,1787735880065000000,95
workspaceModel.mutableEntityStorage.entities.ms,1787735820067000000,1787735880065000000,1
workspaceModel.load.cache.from.file.ms,1787735820067000000,1787735880065000000,300
jps.load.initial.state.ms,1787735820067000000,1787735880065000000,9
workspaceModel.mutableEntityStorage.modify.entity.ms,1787735820067000000,1787735880065000000,140
workspaceModel.moduleBridgeLoader.loading.modules.ms,1787735820067000000,1787735880065000000,862
jps.app.storage.content.writer.save.component.ms,1787735820067000000,1787735880065000000,0
jps.save.global.entities.ms,1787735820067000000,1787735880065000000,65
workspaceModel.moduleBridge.facet.initialization.ms,1787735820067000000,1787735880065000000,0
workspaceModel.orphan.listener.update.ms,1787735820067000000,1787735880065000000,19
jps.global.handle.changed.events.ms,1787735820067000000,1787735880065000000,0
jps.project.serializers.load.ms,1787735820067000000,1787735880065000000,736
jps.global.initialize.library.bridges.after.loading.ms,1787735820067000000,1787735880065000000,0
jps.storage.jps.conf.reader.load.component.ms,1787735820067000000,1787735880065000000,284
workspaceModel.moduleManagerBridge.newModule.ms,1787735820067000000,1787735880065000000,0
workspaceModel.mutableEntityStorage.add.diff.ms,1787735820067000000,1787735880065000000,210
workspaceModel.moduleManagerBridge.set.unloadedModules.ms,1787735820067000000,1787735880065000000,0
workspaceModel.moduleManagerBridge.new.nonPersistent.module.ms,1787735820067000000,1787735880065000000,0
jps.app.storage.content.reader.load.component.ms,1787735820067000000,1787735880065000000,0
jps.global.get.library.by.name.ms,1787735820067000000,1787735880065000000,0
jps.global.initialize.library.bridges.ms,1787735820067000000,1787735880065000000,0
workspaceModel.mutableEntityStorage.mutable.ext.mapping.ms,1787735820067000000,1787735880065000000,1
workspaceModel.mutableEntityStorage.replace.by.source.ms,1787735820067000000,1787735880065000000,270
jps.module.iml.entities.serializer.save.entities.ms,1787735820067000000,1787735880065000000,0
jps.facet.change.listener.init.bridge.ms,1787735820067000000,1787735880065000000,0
workspaceModel.save.cache.to.file.ms,1787735820067000000,1787735880065000000,575
jps.artifact.entities.serializer.save.entities.ms,1787735820067000000,1787735880065000000,0
AWTEventQueue.eventsDispatched,1787735820067000000,1787735880065000000,3241
NonBlockingReadAction.failedExecutionsCount,1787735820067000000,1787735880065000000,0
FlushQueue.waitingTimeAvgNs,1787735820067000000,1787735880065000000,250081.88235294117
AWTEventQueue.dispatchTime90PNs,1787735820067000000,1787735880065000000,207871
FlushQueue.queueSize90P,1787735820067000000,1787735880065000000,0
NonBlockingReadAction.finalizedExecutionsCount,1787735820067000000,1787735880065000000,0
FlushQueue.queueSizeMax,1787735820067000000,1787735880065000000,0
NonBlockingReadAction.finalizedExecutionTimeUs,1787735820067000000,1787735880065000000,0
NonBlockingReadAction.failedExecutionTimeUs,1787735820067000000,1787735880065000000,0
AWTEventQueue.dispatchTimeTotalNS,1787735820067000000,1787735880065000000,501789102
AWTEventQueue.dispatchTimeMaxNs,1787735820067000000,1787735880065000000,2392063
FlushQueue.executionTime90PNs,1787735820067000000,1787735880065000000,132095
FlushQueue.waitingTimeMaxNs,1787735820067000000,1787735880065000000,446463
FlushQueue.executionTimeAvgNs,1787735820067000000,1787735880065000000,94724.3025210084
AWTEventQueue.dispatchTimeAvgNs,1787735820067000000,1787735880065000000,154744.98981795742
FlushQueue.queueSizeAvg,1787735820067000000,1787735880065000000,0.0
FlushQueue.executionTimeMaxNs,1787735820067000000,1787735880065000000,2195455
FlushQueue.tasksExecuted,1787735820067000000,1787735880065000000,119
FlushQueue.waitingTime90PNs,1787735820067000000,1787735880065000000,350207
workspaceModel.initializing.ms,1787735880065000000,1787735940066000000,3
workspaceModel.updates.precise.ms,1787735880065000000,1787735940066000000,289
workspaceModel.update.unloaded.entities.ms,1787735880065000000,1787735940066000000,0
workspaceModel.loading.from.cache.ms,1787735880065000000,1787735940066000000,302
workspaceModel.check.recursive.update.ms,1787735880065000000,1787735940066000000,2
workspaceModel.pre.handlers.ms,1787735880065000000,1787735940066000000,0
workspaceModel.replace.project.model.ms,1787735880065000000,1787735940066000000,0
workspaceModel.updates.count,1787735880065000000,1787735940066000000,5
workspaceModel.updates.ms,1787735880065000000,1787735940066000000,396
workspaceModel.collect.changes.ms,1787735880065000000,1787735940066000000,0
workspaceModel.to.snapshot.ms,1787735880065000000,1787735940066000000,11
workspaceModel.init.bridges.ms,1787735880065000000,1787735940066000000,3
workspaceModel.loading.total.ms,1787735880065000000,1787735940066000000,318
FileNameCache.queries,1787735880065000000,1787735940066000000,0
FileNameCache.fastMisses,1787735880065000000,1787735940066000000,0
FileNameCache.totalMisses,1787735880065000000,1787735940066000000,0
JVM.maxHeapBytes,1787735880065000000,1787735940066000000,2147483648
JVM.threadCount,1787735880065000000,1787735940066000000,41
JVM.maxNativeBytes,1787735880065000000,1787735940066000000,-1
JVM.totalCpuTimeMs,1787735880065000000,1787735940066000000,3953
JVM.GC.collectionTimesMs,1787735880065000000,1787735940066000000,0
JVM.GC.collections,1787735880065000000,1787735940066000000,0
OS.loadAverage,1787735880065000000,1787735940066000000,4.025390625
JVM.usedNativeBytes,1787735880065000000,1787735940066000000,406076384
JVM.usedHeapBytes,1787735880065000000,1787735940066000000,386137840
FilePageCache.totalPageLoadsUs,1787735880065000000,1787735940066000000,0
StreamlinedBlobStorage.totalLiveRecordsCapacityBytes,1787735880065000000,1787735940066000000,0
DirectByteBufferAllocator.totalSizeOfBuffersAllocatedInBytes,1787735880065000000,1787735940066000000,292634624
StorageLockContext.competingThreads.90P,1787735880065000000,1787735940066000000,0
DirectByteBufferAllocator.disposed,1787735880065000000,1787735940066000000,0
FilePageCache.maxCacheSizeInBytes,1787735880065000000,1787735940066000000,297877504
StorageLockContext.competingThreads.avg,1787735880065000000,1787735940066000000,0.0
DirectByteBufferAllocator.reclaimed,1787735880065000000,1787735940066000000,0
DirectByteBufferAllocator.hits,1787735880065000000,1787735940066000000,0
FilePageCache.pageFastCacheHits,1787735880065000000,1787735940066000000,0
FilePageCache.pageLoads,1787735880065000000,1787735940066000000,0
StreamlinedBlobStorage.totalLiveRecordsPayloadBytes,1787735880065000000,1787735940066000000,0
StreamlinedBlobStorage.recordsAllocated,1787735880065000000,1787735940066000000,0
FilePageCache.pageLoadsAboveSizeThreshold,1787735880065000000,1787735940066000000,0
DirectByteBufferAllocator.misses,1787735880065000000,1787735940066000000,0
FilePageCache.disposedBuffers,1787735880065000000,1787735940066000000,0
FilePageCache.pageHits,1787735880065000000,1787735940066000000,0
StorageLockContext.competingThreads.max,1787735880065000000,1787735940066000000,0
DirectByteBufferAllocator.totalSizeOfBuffersCachedInBytes,1787735880065000000,1787735940066000000,0
FilePageCache.capacityInBytes,1787735880065000000,1787735940066000000,524288000
StreamlinedBlobStorage.recordsDeleted,1787735880065000000,1787735940066000000,0
StreamlinedBlobStorage.recordsRelocated,1787735880065000000,1787735940066000000,0
FilePageCache.uncachedFileAccess,1787735880065000000,1787735940066000000,0
FilePageCache.maxRegisteredFiles,1787735880065000000,1787735940066000000,620
FilePageCache.totalPageDisposalsUs,1787735880065000000,1787735940066000000,0
Indexes.allKeys.lookupDurationAvgMs,1787735880065000000,1787735940066000000,0.0
VFSFlusher.totalContentionQuotaSpent,1787735880065000000,1787735940066000000,0
Indexes.entries.lookups,1787735880065000000,1787735940066000000,0.0
IndexesFlusher.totalFlushesRetried,1787735880065000000,1787735940066000000,0
IndexesFlusher.totalContentionQuotaSpent,1787735880065000000,1787735940066000000,0
VFSFlusher.totalFlushes,1787735880065000000,1787735940066000000,0
Indexes.stubs.lookupDuration90PMs,1787735880065000000,1787735940066000000,0.0
Indexes.allKeys.lookupDuration90PMs,1787735880065000000,1787735940066000000,0.0
Indexes.entries.lookupDurationAvgMs,1787735880065000000,1787735940066000000,0.0
Indexes.stubs.lookupDurationMaxMs,1787735880065000000,1787735940066000000,0.0
Indexes.stubs.lookups,1787735880065000000,1787735940066000000,0.0
Indexes.entries.lookupDurationMaxMs,1787735880065000000,1787735940066000000,0.0
IndexesFlusher.totalFlushes,1787735880065000000,1787735940066000000,175
Indexes.allKeys.lookups,1787735880065000000,1787735940066000000,0.0
IndexesFlusher.totalFlushingTimeUs,1787735880065000000,1787735940066000000,541980
VFSFlusher.totalFlushingTimeUs,1787735880065000000,1787735940066000000,0
Indexes.stubs.lookupDurationAvgMs,1787735880065000000,1787735940066000000,0.0
VFSFlusher.totalFlushesRetried,1787735880065000000,1787735940066000000,0
Indexes.allKeys.lookupDurationMaxMs,1787735880065000000,1787735940066000000,0.0
Indexes.entries.lookupDuration90PMs,1787735880065000000,1787735940066000000,0.0
jps.facet.change.listener.process.change.events.ms,1787735880065000000,1787735940066000000,0
workspaceModel.mutableEntityStorage.to.snapshot.ms,1787735880065000000,1787735940066000000,13
workspaceModel.mutableEntityStorage.remove.entity.ms,1787735880065000000,1787735940066000000,0
jps.library.entities.serializer.load.entities.ms,1787735880065000000,1787735940066000000,282
workspaceModel.moduleManagerBridge.load.all.modules.ms,1787735880065000000,1787735940066000000,133
jps.global.get.library.ms,1787735880065000000,1787735940066000000,0
jps.save.changed.project.entities.ms,1787735880065000000,1787735940066000000,5
workspaceModel.mutableEntityStorage.add.entity.ms,1787735880065000000,1787735940066000000,295
jps.library.entities.serializer.save.entities.ms,1787735880065000000,1787735940066000000,0
workspaceModel.global.updates.count,1787735880065000000,1787735940066000000,0
workspaceModel.moduleManagerBridge.build.module.graph.ms,1787735880065000000,1787735940066000000,1
workspaceModel.moduleBridge.before.changed.ms,1787735880065000000,1787735940066000000,0
jps.module.iml.entities.serializer.load.entities.ms,1787735880065000000,1787735940066000000,397
workspaceModel.sync.entities.ms,1787735880065000000,1787735940066000000,0
workspaceModel.moduleManagerBridge.get.modules.ms,1787735880065000000,1787735940066000000,4
jps.artifact.entities.serializer.load.entities.ms,1787735880065000000,1787735940066000000,0
jps.global.handle.before.change.events.ms,1787735880065000000,1787735940066000000,0
workspaceModel.mutableEntityStorage.entities.by.source.ms,1787735880065000000,1787735940066000000,17
workspaceModel.moduleBridge.update.option.ms,1787735880065000000,1787735940066000000,0
workspaceModel.global.updates.ms,1787735880065000000,1787735940066000000,0
workspaceModel.mutableEntityStorage.mutable.vfurl.index.ms,1787735880065000000,1787735940066000000,0
workspaceModel.mutableEntityStorage.resolve.ms,1787735880065000000,1787735940066000000,0
jps.apply.loaded.storage.ms,1787735880065000000,1787735940066000000,772
jps.facet.change.listener.before.change.events.ms,1787735880065000000,1787735940066000000,0
jps.load.project.to.empty.storage.ms,1787735880065000000,1787735940066000000,835
jps.global.get.libraries.ms,1787735880065000000,1787735940066000000,21
workspaceModel.delayed.project.synchronizer.sync.ms,1787735880065000000,1787735940066000000,1669
jps.reload.project.entities.ms,1787735880065000000,1787735940066000000,0
workspaceModel.global.apply.state.to.project.builder.ms,1787735880065000000,1787735940066000000,3
workspaceModel.global.apply.state.to.project.ms,1787735880065000000,1787735940066000000,48
workspaceModel.moduleManagerBridge.load.module.ms,1787735880065000000,1787735940066000000,0
workspaceModel.mutableEntityStorage.has.same.entities.ms,1787735880065000000,1787735940066000000,0
workspaceModel.mutableEntityStorage.collect.changes.ms,1787735880065000000,1787735940066000000,0
jps.project.serializers.save.ms,1787735880065000000,1787735940066000000,3
workspaceModel.mutableEntityStorage.referrers.ms,1787735880065000000,1787735940066000000,0
workspaceModel.moduleManagerBridge.create.module.instance.ms,1787735880065000000,1787735940066000000,0
workspaceModel.mutableEntityStorage.put.entity.ms,1787735880065000000,1787735940066000000,95
workspaceModel.mutableEntityStorage.entities.ms,1787735880065000000,1787735940066000000,1
workspaceModel.load.cache.from.file.ms,1787735880065000000,1787735940066000000,300
jps.load.initial.state.ms,1787735880065000000,1787735940066000000,9
workspaceModel.mutableEntityStorage.modify.entity.ms,1787735880065000000,1787735940066000000,140
workspaceModel.moduleBridgeLoader.loading.modules.ms,1787735880065000000,1787735940066000000,862
jps.app.storage.content.writer.save.component.ms,1787735880065000000,1787735940066000000,0
jps.save.global.entities.ms,1787735880065000000,1787735940066000000,65
workspaceModel.moduleBridge.facet.initialization.ms,1787735880065000000,1787735940066000000,0
workspaceModel.orphan.listener.update.ms,1787735880065000000,1787735940066000000,19
jps.global.handle.changed.events.ms,1787735880065000000,1787735940066000000,0
jps.project.serializers.load.ms,1787735880065000000,1787735940066000000,736
jps.global.initialize.library.bridges.after.loading.ms,1787735880065000000,1787735940066000000,0
jps.storage.jps.conf.reader.load.component.ms,1787735880065000000,1787735940066000000,284
workspaceModel.moduleManagerBridge.newModule.ms,1787735880065000000,1787735940066000000,0
workspaceModel.mutableEntityStorage.add.diff.ms,1787735880065000000,1787735940066000000,210
workspaceModel.moduleManagerBridge.set.unloadedModules.ms,1787735880065000000,1787735940066000000,0
workspaceModel.moduleManagerBridge.new.nonPersistent.module.ms,1787735880065000000,1787735940066000000,0
jps.app.storage.content.reader.load.component.ms,1787735880065000000,1787735940066000000,0
jps.global.get.library.by.name.ms,1787735880065000000,1787735940066000000,0
jps.global.initialize.library.bridges.ms,1787735880065000000,1787735940066000000,0
workspaceModel.mutableEntityStorage.mutable.ext.mapping.ms,1787735880065000000,1787735940066000000,1
workspaceModel.mutableEntityStorage.replace.by.source.ms,1787735880065000000,1787735940066000000,270
jps.module.iml.entities.serializer.save.entities.ms,1787735880065000000,1787735940066000000,0
jps.facet.change.listener.init.bridge.ms,1787735880065000000,1787735940066000000,0
workspaceModel.save.cache.to.file.ms,1787735880065000000,1787735940066000000,575
jps.artifact.entities.serializer.save.entities.ms,1787735880065000000,1787735940066000000,0
AWTEventQueue.eventsDispatched,1787735880065000000,1787735940066000000,3254
NonBlockingReadAction.failedExecutionsCount,1787735880065000000,1787735940066000000,0
FlushQueue.waitingTimeAvgNs,1787735880065000000,1787735940066000000,219523.173553719
AWTEventQueue.dispatchTime90PNs,1787735880065000000,1787735940066000000,190463
FlushQueue.queueSize90P,1787735880065000000,1787735940066000000,0
NonBlockingReadAction.finalizedExecutionsCount,1787735880065000000,1787735940066000000,0
FlushQueue.queueSizeMax,1787735880065000000,1787735940066000000,0
NonBlockingReadAction.finalizedExecutionTimeUs,1787735880065000000,1787735940066000000,0
NonBlockingReadAction.failedExecutionTimeUs,1787735880065000000,1787735940066000000,0
AWTEventQueue.dispatchTimeTotalNS,1787735880065000000,1787735940066000000,435671031
AWTEventQueue.dispatchTimeMaxNs,1787735880065000000,1787735940066000000,2441215
FlushQueue.executionTime90PNs,1787735880065000000,1787735940066000000,110591
FlushQueue.waitingTimeMaxNs,1787735880065000000,1787735940066000000,569343
FlushQueue.executionTimeAvgNs,1787735880065000000,1787735940066000000,73735.93388429753
AWTEventQueue.dispatchTimeAvgNs,1787735880065000000,1787735940066000000,133886.69698832207
FlushQueue.queueSizeAvg,1787735880065000000,1787735940066000000,0.0
FlushQueue.executionTimeMaxNs,1787735880065000000,1787735940066000000,1015807
FlushQueue.tasksExecuted,1787735880065000000,1787735940066000000,121
FlushQueue.waitingTime90PNs,1787735880065000000,1787735940066000000,333823
workspaceModel.initializing.ms,1787735940066000000,1787736000073000000,3
workspaceModel.updates.precise.ms,1787735940066000000,1787736000073000000,289
workspaceModel.update.unloaded.entities.ms,1787735940066000000,1787736000073000000,0
workspaceModel.loading.from.cache.ms,1787735940066000000,1787736000073000000,302
workspaceModel.check.recursive.update.ms,1787735940066000000,1787736000073000000,2
workspaceModel.pre.handlers.ms,1787735940066000000,1787736000073000000,0
workspaceModel.replace.project.model.ms,1787735940066000000,1787736000073000000,0
workspaceModel.updates.count,1787735940066000000,1787736000073000000,5
workspaceModel.updates.ms,1787735940066000000,1787736000073000000,396
workspaceModel.collect.changes.ms,1787735940066000000,1787736000073000000,0
workspaceModel.to.snapshot.ms,1787735940066000000,1787736000073000000,11
workspaceModel.init.bridges.ms,1787735940066000000,1787736000073000000,3
workspaceModel.loading.total.ms,1787735940066000000,1787736000073000000,318
FileNameCache.queries,1787735940066000000,1787736000073000000,0
FileNameCache.fastMisses,1787735940066000000,1787736000073000000,0
FileNameCache.totalMisses,1787735940066000000,1787736000073000000,0
JVM.maxHeapBytes,1787735940066000000,1787736000073000000,2147483648
JVM.threadCount,1787735940066000000,1787736000073000000,42
JVM.maxNativeBytes,1787735940066000000,1787736000073000000,-1
JVM.totalCpuTimeMs,1787735940066000000,1787736000073000000,3493
JVM.GC.collectionTimesMs,1787735940066000000,1787736000073000000,0
JVM.GC.collections,1787735940066000000,1787736000073000000,0
OS.loadAverage,1787735940066000000,1787736000073000000,3.4189453125
JVM.usedNativeBytes,1787735940066000000,1787736000073000000,406083440
JVM.usedHeapBytes,1787735940066000000,1787736000073000000,428080880
FilePageCache.totalPageLoadsUs,1787735940066000000,1787736000073000000,0
StreamlinedBlobStorage.totalLiveRecordsCapacityBytes,1787735940066000000,1787736000073000000,0
DirectByteBufferAllocator.totalSizeOfBuffersAllocatedInBytes,1787735940066000000,1787736000073000000,292634624
StorageLockContext.competingThreads.90P,1787735940066000000,1787736000073000000,0
DirectByteBufferAllocator.disposed,1787735940066000000,1787736000073000000,0
FilePageCache.maxCacheSizeInBytes,1787735940066000000,1787736000073000000,297877504
StorageLockContext.competingThreads.avg,1787735940066000000,1787736000073000000,0.0
DirectByteBufferAllocator.reclaimed,1787735940066000000,1787736000073000000,0
DirectByteBufferAllocator.hits,1787735940066000000,1787736000073000000,0
FilePageCache.pageFastCacheHits,1787735940066000000,1787736000073000000,0
FilePageCache.pageLoads,1787735940066000000,1787736000073000000,0
StreamlinedBlobStorage.totalLiveRecordsPayloadBytes,1787735940066000000,1787736000073000000,0
StreamlinedBlobStorage.recordsAllocated,1787735940066000000,1787736000073000000,0
FilePageCache.pageLoadsAboveSizeThreshold,1787735940066000000,1787736000073000000,0
DirectByteBufferAllocator.misses,1787735940066000000,1787736000073000000,0
FilePageCache.disposedBuffers,1787735940066000000,1787736000073000000,0
FilePageCache.pageHits,1787735940066000000,1787736000073000000,0
StorageLockContext.competingThreads.max,1787735940066000000,1787736000073000000,0
DirectByteBufferAllocator.totalSizeOfBuffersCachedInBytes,1787735940066000000,1787736000073000000,0
FilePageCache.capacityInBytes,1787735940066000000,1787736000073000000,524288000
StreamlinedBlobStorage.recordsDeleted,1787735940066000000,1787736000073000000,0
StreamlinedBlobStorage.recordsRelocated,1787735940066000000,1787736000073000000,0
FilePageCache.uncachedFileAccess,1787735940066000000,1787736000073000000,0
FilePageCache.maxRegisteredFiles,1787735940066000000,1787736000073000000,620
FilePageCache.totalPageDisposalsUs,1787735940066000000,1787736000073000000,0
Indexes.allKeys.lookupDurationAvgMs,1787735940066000000,1787736000073000000,0.0
VFSFlusher.totalContentionQuotaSpent,1787735940066000000,1787736000073000000,0
Indexes.entries.lookups,1787735940066000000,1787736000073000000,0.0
IndexesFlusher.totalFlushesRetried,1787735940066000000,1787736000073000000,0
IndexesFlusher.totalContentionQuotaSpent,1787735940066000000,1787736000073000000,0
VFSFlusher.totalFlushes,1787735940066000000,1787736000073000000,0
Indexes.stubs.lookupDuration90PMs,1787735940066000000,1787736000073000000,0.0
Indexes.allKeys.lookupDuration90PMs,1787735940066000000,1787736000073000000,0.0
Indexes.entries.lookupDurationAvgMs,1787735940066000000,1787736000073000000,0.0
Indexes.stubs.lookupDurationMaxMs,1787735940066000000,1787736000073000000,0.0
Indexes.stubs.lookups,1787735940066000000,1787736000073000000,0.0
Indexes.entries.lookupDurationMaxMs,1787735940066000000,1787736000073000000,0.0
IndexesFlusher.totalFlushes,1787735940066000000,1787736000073000000,176
Indexes.allKeys.lookups,1787735940066000000,1787736000073000000,0.0
IndexesFlusher.totalFlushingTimeUs,1787735940066000000,1787736000073000000,497196
VFSFlusher.totalFlushingTimeUs,1787735940066000000,1787736000073000000,0
Indexes.stubs.lookupDurationAvgMs,1787735940066000000,1787736000073000000,0.0
VFSFlusher.totalFlushesRetried,1787735940066000000,1787736000073000000,0
Indexes.allKeys.lookupDurationMaxMs,1787735940066000000,1787736000073000000,0.0
Indexes.entries.lookupDuration90PMs,1787735940066000000,1787736000073000000,0.0
jps.facet.change.listener.process.change.events.ms,1787735940066000000,1787736000073000000,0
workspaceModel.mutableEntityStorage.to.snapshot.ms,1787735940066000000,1787736000073000000,13
workspaceModel.mutableEntityStorage.remove.entity.ms,1787735940066000000,1787736000073000000,0
jps.library.entities.serializer.load.entities.ms,1787735940066000000,1787736000073000000,282
workspaceModel.moduleManagerBridge.load.all.modules.ms,1787735940066000000,1787736000073000000,133
jps.global.get.library.ms,1787735940066000000,1787736000073000000,0
jps.save.changed.project.entities.ms,1787735940066000000,1787736000073000000,5
workspaceModel.mutableEntityStorage.add.entity.ms,1787735940066000000,1787736000073000000,295
jps.library.entities.serializer.save.entities.ms,1787735940066000000,1787736000073000000,0
workspaceModel.global.updates.count,1787735940066000000,1787736000073000000,0
workspaceModel.moduleManagerBridge.build.module.graph.ms,1787735940066000000,1787736000073000000,1
workspaceModel.moduleBridge.before.changed.ms,1787735940066000000,1787736000073000000,0
jps.module.iml.entities.serializer.load.entities.ms,1787735940066000000,1787736000073000000,397
workspaceModel.sync.entities.ms,1787735940066000000,1787736000073000000,0
workspaceModel.moduleManagerBridge.get.modules.ms,1787735940066000000,1787736000073000000,4
jps.artifact.entities.serializer.load.entities.ms,1787735940066000000,1787736000073000000,0
jps.global.handle.before.change.events.ms,1787735940066000000,1787736000073000000,0
workspaceModel.mutableEntityStorage.entities.by.source.ms,1787735940066000000,1787736000073000000,17
workspaceModel.moduleBridge.update.option.ms,1787735940066000000,1787736000073000000,0
workspaceModel.global.updates.ms,1787735940066000000,1787736000073000000,0
workspaceModel.mutableEntityStorage.mutable.vfurl.index.ms,1787735940066000000,1787736000073000000,0
workspaceModel.mutableEntityStorage.resolve.ms,1787735940066000000,1787736000073000000,0
jps.apply.loaded.storage.ms,1787735940066000000,1787736000073000000,772
jps.facet.change.listener.before.change.events.ms,1787735940066000000,1787736000073000000,0
jps.load.project.to.empty.storage.ms,1787735940066000000,1787736000073000000,835
jps.global.get.libraries.ms,1787735940066000000,1787736000073000000,21
workspaceModel.delayed.project.synchronizer.sync.ms,1787735940066000000,1787736000073000000,1669
jps.reload.project.entities.ms,1787735940066000000,1787736000073000000,0
workspaceModel.global.apply.state.to.project.builder.ms,1787735940066000000,1787736000073000000,3
workspaceModel.global.apply.state.to.project.ms,1787735940066000000,1787736000073000000,48
workspaceModel.moduleManagerBridge.load.module.ms,1787735940066000000,1787736000073000000,0
workspaceModel.mutableEntityStorage.has.same.entities.ms,1787735940066000000,1787736000073000000,0
workspaceModel.mutableEntityStorage.collect.changes.ms,1787735940066000000,1787736000073000000,0
jps.project.serializers.save.ms,1787735940066000000,1787736000073000000,3
workspaceModel.mutableEntityStorage.referrers.ms,1787735940066000000,1787736000073000000,0
workspaceModel.moduleManagerBridge.create.module.instance.ms,1787735940066000000,1787736000073000000,0
workspaceModel.mutableEntityStorage.put.entity.ms,1787735940066000000,1787736000073000000,95
workspaceModel.mutableEntityStorage.entities.ms,1787735940066000000,1787736000073000000,1
workspaceModel.load.cache.from.file.ms,1787735940066000000,1787736000073000000,300
jps.load.initial.state.ms,1787735940066000000,1787736000073000000,9
workspaceModel.mutableEntityStorage.modify.entity.ms,1787735940066000000,1787736000073000000,140
workspaceModel.moduleBridgeLoader.loading.modules.ms,1787735940066000000,1787736000073000000,862
jps.app.storage.content.writer.save.component.ms,1787735940066000000,1787736000073000000,0
jps.save.global.entities.ms,1787735940066000000,1787736000073000000,65
workspaceModel.moduleBridge.facet.initialization.ms,1787735940066000000,1787736000073000000,0
workspaceModel.orphan.listener.update.ms,1787735940066000000,1787736000073000000,19
jps.global.handle.changed.events.ms,1787735940066000000,1787736000073000000,0
jps.project.serializers.load.ms,1787735940066000000,1787736000073000000,736
jps.global.initialize.library.bridges.after.loading.ms,1787735940066000000,1787736000073000000,0
jps.storage.jps.conf.reader.load.component.ms,1787735940066000000,1787736000073000000,284
workspaceModel.moduleManagerBridge.newModule.ms,1787735940066000000,1787736000073000000,0
workspaceModel.mutableEntityStorage.add.diff.ms,1787735940066000000,1787736000073000000,210
workspaceModel.moduleManagerBridge.set.unloadedModules.ms,1787735940066000000,1787736000073000000,0
workspaceModel.moduleManagerBridge.new.nonPersistent.module.ms,1787735940066000000,1787736000073000000,0
jps.app.storage.content.reader.load.component.ms,1787735940066000000,1787736000073000000,0
jps.global.get.library.by.name.ms,1787735940066000000,1787736000073000000,0
jps.global.initialize.library.bridges.ms,1787735940066000000,1787736000073000000,0
workspaceModel.mutableEntityStorage.mutable.ext.mapping.ms,1787735940066000000,1787736000073000000,1
workspaceModel.mutableEntityStorage.replace.by.source.ms,1787735940066000000,1787736000073000000,270
jps.module.iml.entities.serializer.save.entities.ms,1787735940066000000,1787736000073000000,0
jps.facet.change.listener.init.bridge.ms,1787735940066000000,1787736000073000000,0
workspaceModel.save.cache.to.file.ms,1787735940066000000,1787736000073000000,575
jps.artifact.entities.serializer.save.entities.ms,1787735940066000000,1787736000073000000,0
AWTEventQueue.eventsDispatched,1787735940066000000,1787736000073000000,3249
NonBlockingReadAction.failedExecutionsCount,1787735940066000000,1787736000073000000,0
FlushQueue.waitingTimeAvgNs,1787735940066000000,1787736000073000000,221417.78512396695
AWTEventQueue.dispatchTime90PNs,1787735940066000000,1787736000073000000,174079
FlushQueue.queueSize90P,1787735940066000000,1787736000073000000,0
NonBlockingReadAction.finalizedExecutionsCount,1787735940066000000,1787736000073000000,0
FlushQueue.queueSizeMax,1787735940066000000,1787736000073000000,1
NonBlockingReadAction.finalizedExecutionTimeUs,1787735940066000000,1787736000073000000,0
NonBlockingReadAction.failedExecutionTimeUs,1787735940066000000,1787736000073000000,0
AWTEventQueue.dispatchTimeTotalNS,1787735940066000000,1787736000073000000,415439979
AWTEventQueue.dispatchTimeMaxNs,1787735940066000000,1787736000073000000,4685823
FlushQueue.executionTime90PNs,1787735940066000000,1787736000073000000,88063
FlushQueue.waitingTimeMaxNs,1787735940066000000,1787736000073000000,1736703
FlushQueue.executionTimeAvgNs,1787735940066000000,1787736000073000000,60596.36363636364
AWTEventQueue.dispatchTimeAvgNs,1787735940066000000,1787736000073000000,127804.46906740536
FlushQueue.queueSizeAvg,1787735940066000000,1787736000073000000,0.008264462809917356
FlushQueue.executionTimeMaxNs,1787735940066000000,1787736000073000000,255999
FlushQueue.tasksExecuted,1787735940066000000,1787736000073000000,121
FlushQueue.waitingTime90PNs,1787735940066000000,1787736000073000000,294911
workspaceModel.initializing.ms,1787736000073000000,1787736060075000000,3
workspaceModel.updates.precise.ms,1787736000073000000,1787736060075000000,289
workspaceModel.update.unloaded.entities.ms,1787736000073000000,1787736060075000000,0
workspaceModel.loading.from.cache.ms,1787736000073000000,1787736060075000000,302
workspaceModel.check.recursive.update.ms,1787736000073000000,1787736060075000000,2
workspaceModel.pre.handlers.ms,1787736000073000000,1787736060075000000,0
workspaceModel.replace.project.model.ms,1787736000073000000,1787736060075000000,0
workspaceModel.updates.count,1787736000073000000,1787736060075000000,5
workspaceModel.updates.ms,1787736000073000000,1787736060075000000,396
workspaceModel.collect.changes.ms,1787736000073000000,1787736060075000000,0
workspaceModel.to.snapshot.ms,1787736000073000000,1787736060075000000,11
workspaceModel.init.bridges.ms,1787736000073000000,1787736060075000000,3
workspaceModel.loading.total.ms,1787736000073000000,1787736060075000000,318
FileNameCache.queries,1787736000073000000,1787736060075000000,105
FileNameCache.fastMisses,1787736000073000000,1787736060075000000,0
FileNameCache.totalMisses,1787736000073000000,1787736060075000000,0
JVM.maxHeapBytes,1787736000073000000,1787736060075000000,2147483648
JVM.threadCount,1787736000073000000,1787736060075000000,41
JVM.maxNativeBytes,1787736000073000000,1787736060075000000,-1
JVM.totalCpuTimeMs,1787736000073000000,1787736060075000000,4759
JVM.GC.collectionTimesMs,1787736000073000000,1787736060075000000,55
JVM.GC.collections,1787736000073000000,1787736060075000000,1
OS.loadAverage,1787736000073000000,1787736060075000000,3.21337890625
JVM.usedNativeBytes,1787736000073000000,1787736060075000000,406158584
JVM.usedHeapBytes,1787736000073000000,1787736060075000000,179560272
FilePageCache.totalPageLoadsUs,1787736000073000000,1787736060075000000,0
StreamlinedBlobStorage.totalLiveRecordsCapacityBytes,1787736000073000000,1787736060075000000,0
DirectByteBufferAllocator.totalSizeOfBuffersAllocatedInBytes,1787736000073000000,1787736060075000000,292634624
StorageLockContext.competingThreads.90P,1787736000073000000,1787736060075000000,0
DirectByteBufferAllocator.disposed,1787736000073000000,1787736060075000000,0
FilePageCache.maxCacheSizeInBytes,1787736000073000000,1787736060075000000,297877504
StorageLockContext.competingThreads.avg,1787736000073000000,1787736060075000000,0.0
DirectByteBufferAllocator.reclaimed,1787736000073000000,1787736060075000000,0
DirectByteBufferAllocator.hits,1787736000073000000,1787736060075000000,0
FilePageCache.pageFastCacheHits,1787736000073000000,1787736060075000000,4
FilePageCache.pageLoads,1787736000073000000,1787736060075000000,0
StreamlinedBlobStorage.totalLiveRecordsPayloadBytes,1787736000073000000,1787736060075000000,0
StreamlinedBlobStorage.recordsAllocated,1787736000073000000,1787736060075000000,0
FilePageCache.pageLoadsAboveSizeThreshold,1787736000073000000,1787736060075000000,0
DirectByteBufferAllocator.misses,1787736000073000000,1787736060075000000,0
FilePageCache.disposedBuffers,1787736000073000000,1787736060075000000,0
FilePageCache.pageHits,1787736000073000000,1787736060075000000,0
StorageLockContext.competingThreads.max,1787736000073000000,1787736060075000000,0
DirectByteBufferAllocator.totalSizeOfBuffersCachedInBytes,1787736000073000000,1787736060075000000,0
FilePageCache.capacityInBytes,1787736000073000000,1787736060075000000,524288000
StreamlinedBlobStorage.recordsDeleted,1787736000073000000,1787736060075000000,0
StreamlinedBlobStorage.recordsRelocated,1787736000073000000,1787736060075000000,0
FilePageCache.uncachedFileAccess,1787736000073000000,1787736060075000000,0
FilePageCache.maxRegisteredFiles,1787736000073000000,1787736060075000000,620
FilePageCache.totalPageDisposalsUs,1787736000073000000,1787736060075000000,0
Indexes.allKeys.lookupDurationAvgMs,1787736000073000000,1787736060075000000,0.0
VFSFlusher.totalContentionQuotaSpent,1787736000073000000,1787736060075000000,0
Indexes.entries.lookups,1787736000073000000,1787736060075000000,0.0
IndexesFlusher.totalFlushesRetried,1787736000073000000,1787736060075000000,0
IndexesFlusher.totalContentionQuotaSpent,1787736000073000000,1787736060075000000,0
VFSFlusher.totalFlushes,1787736000073000000,1787736060075000000,0
Indexes.stubs.lookupDuration90PMs,1787736000073000000,1787736060075000000,0.0
Indexes.allKeys.lookupDuration90PMs,1787736000073000000,1787736060075000000,0.0
Indexes.entries.lookupDurationAvgMs,1787736000073000000,1787736060075000000,0.0
Indexes.stubs.lookupDurationMaxMs,1787736000073000000,1787736060075000000,0.0
Indexes.stubs.lookups,1787736000073000000,1787736060075000000,0.0
Indexes.entries.lookupDurationMaxMs,1787736000073000000,1787736060075000000,0.0
IndexesFlusher.totalFlushes,1787736000073000000,1787736060075000000,175
Indexes.allKeys.lookups,1787736000073000000,1787736060075000000,0.0
IndexesFlusher.totalFlushingTimeUs,1787736000073000000,1787736060075000000,498892
VFSFlusher.totalFlushingTimeUs,1787736000073000000,1787736060075000000,0
Indexes.stubs.lookupDurationAvgMs,1787736000073000000,1787736060075000000,0.0
VFSFlusher.totalFlushesRetried,1787736000073000000,1787736060075000000,0
Indexes.allKeys.lookupDurationMaxMs,1787736000073000000,1787736060075000000,0.0
Indexes.entries.lookupDuration90PMs,1787736000073000000,1787736060075000000,0.0
jps.facet.change.listener.process.change.events.ms,1787736000073000000,1787736060075000000,0
workspaceModel.mutableEntityStorage.to.snapshot.ms,1787736000073000000,1787736060075000000,13
workspaceModel.mutableEntityStorage.remove.entity.ms,1787736000073000000,1787736060075000000,0
jps.library.entities.serializer.load.entities.ms,1787736000073000000,1787736060075000000,282
workspaceModel.moduleManagerBridge.load.all.modules.ms,1787736000073000000,1787736060075000000,133
jps.global.get.library.ms,1787736000073000000,1787736060075000000,0
jps.save.changed.project.entities.ms,1787736000073000000,1787736060075000000,5
workspaceModel.mutableEntityStorage.add.entity.ms,1787736000073000000,1787736060075000000,295
jps.library.entities.serializer.save.entities.ms,1787736000073000000,1787736060075000000,0
workspaceModel.global.updates.count,1787736000073000000,1787736060075000000,0
workspaceModel.moduleManagerBridge.build.module.graph.ms,1787736000073000000,1787736060075000000,1
workspaceModel.moduleBridge.before.changed.ms,1787736000073000000,1787736060075000000,0
jps.module.iml.entities.serializer.load.entities.ms,1787736000073000000,1787736060075000000,397
workspaceModel.sync.entities.ms,1787736000073000000,1787736060075000000,0
workspaceModel.moduleManagerBridge.get.modules.ms,1787736000073000000,1787736060075000000,4
jps.artifact.entities.serializer.load.entities.ms,1787736000073000000,1787736060075000000,0
jps.global.handle.before.change.events.ms,1787736000073000000,1787736060075000000,0
workspaceModel.mutableEntityStorage.entities.by.source.ms,1787736000073000000,1787736060075000000,17
workspaceModel.moduleBridge.update.option.ms,1787736000073000000,1787736060075000000,0
workspaceModel.global.updates.ms,1787736000073000000,1787736060075000000,0
workspaceModel.mutableEntityStorage.mutable.vfurl.index.ms,1787736000073000000,1787736060075000000,0
workspaceModel.mutableEntityStorage.resolve.ms,1787736000073000000,1787736060075000000,0
jps.apply.loaded.storage.ms,1787736000073000000,1787736060075000000,772
jps.facet.change.listener.before.change.events.ms,1787736000073000000,1787736060075000000,0
jps.load.project.to.empty.storage.ms,1787736000073000000,1787736060075000000,835
jps.global.get.libraries.ms,1787736000073000000,1787736060075000000,21
workspaceModel.delayed.project.synchronizer.sync.ms,1787736000073000000,1787736060075000000,1669
jps.reload.project.entities.ms,1787736000073000000,1787736060075000000,0
workspaceModel.global.apply.state.to.project.builder.ms,1787736000073000000,1787736060075000000,3
workspaceModel.global.apply.state.to.project.ms,1787736000073000000,1787736060075000000,48
workspaceModel.moduleManagerBridge.load.module.ms,1787736000073000000,1787736060075000000,0
workspaceModel.mutableEntityStorage.has.same.entities.ms,1787736000073000000,1787736060075000000,0
workspaceModel.mutableEntityStorage.collect.changes.ms,1787736000073000000,1787736060075000000,0
jps.project.serializers.save.ms,1787736000073000000,1787736060075000000,3
workspaceModel.mutableEntityStorage.referrers.ms,1787736000073000000,1787736060075000000,0
workspaceModel.moduleManagerBridge.create.module.instance.ms,1787736000073000000,1787736060075000000,0
workspaceModel.mutableEntityStorage.put.entity.ms,1787736000073000000,1787736060075000000,95
workspaceModel.mutableEntityStorage.entities.ms,1787736000073000000,1787736060075000000,1
workspaceModel.load.cache.from.file.ms,1787736000073000000,1787736060075000000,300
jps.load.initial.state.ms,1787736000073000000,1787736060075000000,9
workspaceModel.mutableEntityStorage.modify.entity.ms,1787736000073000000,1787736060075000000,140
workspaceModel.moduleBridgeLoader.loading.modules.ms,1787736000073000000,1787736060075000000,862
jps.app.storage.content.writer.save.component.ms,1787736000073000000,1787736060075000000,0
jps.save.global.entities.ms,1787736000073000000,1787736060075000000,65
workspaceModel.moduleBridge.facet.initialization.ms,1787736000073000000,1787736060075000000,0
workspaceModel.orphan.listener.update.ms,1787736000073000000,1787736060075000000,19
jps.global.handle.changed.events.ms,1787736000073000000,1787736060075000000,0
jps.project.serializers.load.ms,1787736000073000000,1787736060075000000,736
jps.global.initialize.library.bridges.after.loading.ms,1787736000073000000,1787736060075000000,0
jps.storage.jps.conf.reader.load.component.ms,1787736000073000000,1787736060075000000,284
workspaceModel.moduleManagerBridge.newModule.ms,1787736000073000000,1787736060075000000,0
workspaceModel.mutableEntityStorage.add.diff.ms,1787736000073000000,1787736060075000000,210
workspaceModel.moduleManagerBridge.set.unloadedModules.ms,1787736000073000000,1787736060075000000,0
workspaceModel.moduleManagerBridge.new.nonPersistent.module.ms,1787736000073000000,1787736060075000000,0
jps.app.storage.content.reader.load.component.ms,1787736000073000000,1787736060075000000,0
jps.global.get.library.by.name.ms,1787736000073000000,1787736060075000000,0
jps.global.initialize.library.bridges.ms,1787736000073000000,1787736060075000000,0
workspaceModel.mutableEntityStorage.mutable.ext.mapping.ms,1787736000073000000,1787736060075000000,1
workspaceModel.mutableEntityStorage.replace.by.source.ms,1787736000073000000,1787736060075000000,270
jps.module.iml.entities.serializer.save.entities.ms,1787736000073000000,1787736060075000000,0
jps.facet.change.listener.init.bridge.ms,1787736000073000000,1787736060075000000,0
workspaceModel.save.cache.to.file.ms,1787736000073000000,1787736060075000000,575
jps.artifact.entities.serializer.save.entities.ms,1787736000073000000,1787736060075000000,0
AWTEventQueue.eventsDispatched,1787736000073000000,1787736060075000000,3255
NonBlockingReadAction.failedExecutionsCount,1787736000073000000,1787736060075000000,0
FlushQueue.waitingTimeAvgNs,1787736000073000000,1787736060075000000,272850.82352941175
AWTEventQueue.dispatchTime90PNs,1787736000073000000,1787736060075000000,174079
FlushQueue.queueSize90P,1787736000073000000,1787736060075000000,0
NonBlockingReadAction.finalizedExecutionsCount,1787736000073000000,1787736060075000000,3
FlushQueue.queueSizeMax,1787736000073000000,1787736060075000000,0
NonBlockingReadAction.finalizedExecutionTimeUs,1787736000073000000,1787736060075000000,26856
NonBlockingReadAction.failedExecutionTimeUs,1787736000073000000,1787736060075000000,0
AWTEventQueue.dispatchTimeTotalNS,1787736000073000000,1787736060075000000,421471661
AWTEventQueue.dispatchTimeMaxNs,1787736000073000000,1787736060075000000,6619135
FlushQueue.executionTime90PNs,1787736000073000000,1787736060075000000,88575
FlushQueue.waitingTimeMaxNs,1787736000073000000,1787736060075000000,8847359
FlushQueue.executionTimeAvgNs,1787736000073000000,1787736060075000000,138092.36974789915
AWTEventQueue.dispatchTimeAvgNs,1787736000073000000,1787736060075000000,129439.55268817204
FlushQueue.queueSizeAvg,1787736000073000000,1787736060075000000,0.0
FlushQueue.executionTimeMaxNs,1787736000073000000,1787736060075000000,5832703
FlushQueue.tasksExecuted,1787736000073000000,1787736060075000000,119
FlushQueue.waitingTime90PNs,1787736000073000000,1787736060075000000,292863
workspaceModel.initializing.ms,1787736060075000000,1787736120064000000,3
workspaceModel.updates.precise.ms,1787736060075000000,1787736120064000000,289
workspaceModel.update.unloaded.entities.ms,1787736060075000000,1787736120064000000,0
workspaceModel.loading.from.cache.ms,1787736060075000000,1787736120064000000,302
workspaceModel.check.recursive.update.ms,1787736060075000000,1787736120064000000,2
workspaceModel.pre.handlers.ms,1787736060075000000,1787736120064000000,0
workspaceModel.replace.project.model.ms,1787736060075000000,1787736120064000000,0
workspaceModel.updates.count,1787736060075000000,1787736120064000000,5
workspaceModel.updates.ms,1787736060075000000,1787736120064000000,396
workspaceModel.collect.changes.ms,1787736060075000000,1787736120064000000,0
workspaceModel.to.snapshot.ms,1787736060075000000,1787736120064000000,11
workspaceModel.init.bridges.ms,1787736060075000000,1787736120064000000,3
workspaceModel.loading.total.ms,1787736060075000000,1787736120064000000,318
FileNameCache.queries,1787736060075000000,1787736120064000000,0
FileNameCache.fastMisses,1787736060075000000,1787736120064000000,0
FileNameCache.totalMisses,1787736060075000000,1787736120064000000,0
JVM.maxHeapBytes,1787736060075000000,1787736120064000000,2147483648
JVM.threadCount,1787736060075000000,1787736120064000000,41
JVM.maxNativeBytes,1787736060075000000,1787736120064000000,-1
JVM.totalCpuTimeMs,1787736060075000000,1787736120064000000,3662
JVM.GC.collectionTimesMs,1787736060075000000,1787736120064000000,0
JVM.GC.collections,1787736060075000000,1787736120064000000,0
OS.loadAverage,1787736060075000000,1787736120064000000,2.39501953125
JVM.usedNativeBytes,1787736060075000000,1787736120064000000,406204408
JVM.usedHeapBytes,1787736060075000000,1787736120064000000,220454736
FilePageCache.totalPageLoadsUs,1787736060075000000,1787736120064000000,0
StreamlinedBlobStorage.totalLiveRecordsCapacityBytes,1787736060075000000,1787736120064000000,0
DirectByteBufferAllocator.totalSizeOfBuffersAllocatedInBytes,1787736060075000000,1787736120064000000,292634624
StorageLockContext.competingThreads.90P,1787736060075000000,1787736120064000000,0
DirectByteBufferAllocator.disposed,1787736060075000000,1787736120064000000,0
FilePageCache.maxCacheSizeInBytes,1787736060075000000,1787736120064000000,297877504
StorageLockContext.competingThreads.avg,1787736060075000000,1787736120064000000,0.0
DirectByteBufferAllocator.reclaimed,1787736060075000000,1787736120064000000,0
DirectByteBufferAllocator.hits,1787736060075000000,1787736120064000000,0
FilePageCache.pageFastCacheHits,1787736060075000000,1787736120064000000,0
FilePageCache.pageLoads,1787736060075000000,1787736120064000000,0
StreamlinedBlobStorage.totalLiveRecordsPayloadBytes,1787736060075000000,1787736120064000000,0
StreamlinedBlobStorage.recordsAllocated,1787736060075000000,1787736120064000000,0
FilePageCache.pageLoadsAboveSizeThreshold,1787736060075000000,1787736120064000000,0
DirectByteBufferAllocator.misses,1787736060075000000,1787736120064000000,0
FilePageCache.disposedBuffers,1787736060075000000,1787736120064000000,0
FilePageCache.pageHits,1787736060075000000,1787736120064000000,0
StorageLockContext.competingThreads.max,1787736060075000000,1787736120064000000,0
DirectByteBufferAllocator.totalSizeOfBuffersCachedInBytes,1787736060075000000,1787736120064000000,0
FilePageCache.capacityInBytes,1787736060075000000,1787736120064000000,524288000
StreamlinedBlobStorage.recordsDeleted,1787736060075000000,1787736120064000000,0
StreamlinedBlobStorage.recordsRelocated,1787736060075000000,1787736120064000000,0
FilePageCache.uncachedFileAccess,1787736060075000000,1787736120064000000,0
FilePageCache.maxRegisteredFiles,1787736060075000000,1787736120064000000,620
FilePageCache.totalPageDisposalsUs,1787736060075000000,1787736120064000000,0
Indexes.allKeys.lookupDurationAvgMs,1787736060075000000,1787736120064000000,0.0
VFSFlusher.totalContentionQuotaSpent,1787736060075000000,1787736120064000000,0
Indexes.entries.lookups,1787736060075000000,1787736120064000000,0.0
IndexesFlusher.totalFlushesRetried,1787736060075000000,1787736120064000000,0
IndexesFlusher.totalContentionQuotaSpent,1787736060075000000,1787736120064000000,0
VFSFlusher.totalFlushes,1787736060075000000,1787736120064000000,0
Indexes.stubs.lookupDuration90PMs,1787736060075000000,1787736120064000000,0.0
Indexes.allKeys.lookupDuration90PMs,1787736060075000000,1787736120064000000,0.0
Indexes.entries.lookupDurationAvgMs,1787736060075000000,1787736120064000000,0.0
Indexes.stubs.lookupDurationMaxMs,1787736060075000000,1787736120064000000,0.0
Indexes.stubs.lookups,1787736060075000000,1787736120064000000,0.0
Indexes.entries.lookupDurationMaxMs,1787736060075000000,1787736120064000000,0.0
IndexesFlusher.totalFlushes,1787736060075000000,1787736120064000000,176
Indexes.allKeys.lookups,1787736060075000000,1787736120064000000,0.0
IndexesFlusher.totalFlushingTimeUs,1787736060075000000,1787736120064000000,557390
VFSFlusher.totalFlushingTimeUs,1787736060075000000,1787736120064000000,0
Indexes.stubs.lookupDurationAvgMs,1787736060075000000,1787736120064000000,0.0
VFSFlusher.totalFlushesRetried,1787736060075000000,1787736120064000000,0
Indexes.allKeys.lookupDurationMaxMs,1787736060075000000,1787736120064000000,0.0
Indexes.entries.lookupDuration90PMs,1787736060075000000,1787736120064000000,0.0
jps.facet.change.listener.process.change.events.ms,1787736060075000000,1787736120064000000,0
workspaceModel.mutableEntityStorage.to.snapshot.ms,1787736060075000000,1787736120064000000,13
workspaceModel.mutableEntityStorage.remove.entity.ms,1787736060075000000,1787736120064000000,0
jps.library.entities.serializer.load.entities.ms,1787736060075000000,1787736120064000000,282
workspaceModel.moduleManagerBridge.load.all.modules.ms,1787736060075000000,1787736120064000000,133
jps.global.get.library.ms,1787736060075000000,1787736120064000000,0
jps.save.changed.project.entities.ms,1787736060075000000,1787736120064000000,5
workspaceModel.mutableEntityStorage.add.entity.ms,1787736060075000000,1787736120064000000,295
jps.library.entities.serializer.save.entities.ms,1787736060075000000,1787736120064000000,0
workspaceModel.global.updates.count,1787736060075000000,1787736120064000000,0
workspaceModel.moduleManagerBridge.build.module.graph.ms,1787736060075000000,1787736120064000000,1
workspaceModel.moduleBridge.before.changed.ms,1787736060075000000,1787736120064000000,0
jps.module.iml.entities.serializer.load.entities.ms,1787736060075000000,1787736120064000000,397
workspaceModel.sync.entities.ms,1787736060075000000,1787736120064000000,0
workspaceModel.moduleManagerBridge.get.modules.ms,1787736060075000000,1787736120064000000,4
jps.artifact.entities.serializer.load.entities.ms,1787736060075000000,1787736120064000000,0
jps.global.handle.before.change.events.ms,1787736060075000000,1787736120064000000,0
workspaceModel.mutableEntityStorage.entities.by.source.ms,1787736060075000000,1787736120064000000,17
workspaceModel.moduleBridge.update.option.ms,1787736060075000000,1787736120064000000,0
workspaceModel.global.updates.ms,1787736060075000000,1787736120064000000,0
workspaceModel.mutableEntityStorage.mutable.vfurl.index.ms,1787736060075000000,1787736120064000000,0
workspaceModel.mutableEntityStorage.resolve.ms,1787736060075000000,1787736120064000000,0
jps.apply.loaded.storage.ms,1787736060075000000,1787736120064000000,772
jps.facet.change.listener.before.change.events.ms,1787736060075000000,1787736120064000000,0
jps.load.project.to.empty.storage.ms,1787736060075000000,1787736120064000000,835
jps.global.get.libraries.ms,1787736060075000000,1787736120064000000,21
workspaceModel.delayed.project.synchronizer.sync.ms,1787736060075000000,1787736120064000000,1669
jps.reload.project.entities.ms,1787736060075000000,1787736120064000000,0
workspaceModel.global.apply.state.to.project.builder.ms,1787736060075000000,1787736120064000000,3
workspaceModel.global.apply.state.to.project.ms,1787736060075000000,1787736120064000000,48
workspaceModel.moduleManagerBridge.load.module.ms,1787736060075000000,1787736120064000000,0
workspaceModel.mutableEntityStorage.has.same.entities.ms,1787736060075000000,1787736120064000000,0
workspaceModel.mutableEntityStorage.collect.changes.ms,1787736060075000000,1787736120064000000,0
jps.project.serializers.save.ms,1787736060075000000,1787736120064000000,3
workspaceModel.mutableEntityStorage.referrers.ms,1787736060075000000,1787736120064000000,0
workspaceModel.moduleManagerBridge.create.module.instance.ms,1787736060075000000,1787736120064000000,0
workspaceModel.mutableEntityStorage.put.entity.ms,1787736060075000000,1787736120064000000,95
workspaceModel.mutableEntityStorage.entities.ms,1787736060075000000,1787736120064000000,1
workspaceModel.load.cache.from.file.ms,1787736060075000000,1787736120064000000,300
jps.load.initial.state.ms,1787736060075000000,1787736120064000000,9
workspaceModel.mutableEntityStorage.modify.entity.ms,1787736060075000000,1787736120064000000,140
workspaceModel.moduleBridgeLoader.loading.modules.ms,1787736060075000000,1787736120064000000,862
jps.app.storage.content.writer.save.component.ms,1787736060075000000,1787736120064000000,0
jps.save.global.entities.ms,1787736060075000000,1787736120064000000,65
workspaceModel.moduleBridge.facet.initialization.ms,1787736060075000000,1787736120064000000,0
workspaceModel.orphan.listener.update.ms,1787736060075000000,1787736120064000000,19
jps.global.handle.changed.events.ms,1787736060075000000,1787736120064000000,0
jps.project.serializers.load.ms,1787736060075000000,1787736120064000000,736
jps.global.initialize.library.bridges.after.loading.ms,1787736060075000000,1787736120064000000,0
jps.storage.jps.conf.reader.load.component.ms,1787736060075000000,1787736120064000000,284
workspaceModel.moduleManagerBridge.newModule.ms,1787736060075000000,1787736120064000000,0
workspaceModel.mutableEntityStorage.add.diff.ms,1787736060075000000,1787736120064000000,210
workspaceModel.moduleManagerBridge.set.unloadedModules.ms,1787736060075000000,1787736120064000000,0
workspaceModel.moduleManagerBridge.new.nonPersistent.module.ms,1787736060075000000,1787736120064000000,0
jps.app.storage.content.reader.load.component.ms,1787736060075000000,1787736120064000000,0
jps.global.get.library.by.name.ms,1787736060075000000,1787736120064000000,0
jps.global.initialize.library.bridges.ms,1787736060075000000,1787736120064000000,0
workspaceModel.mutableEntityStorage.mutable.ext.mapping.ms,1787736060075000000,1787736120064000000,1
workspaceModel.mutableEntityStorage.replace.by.source.ms,1787736060075000000,1787736120064000000,270
jps.module.iml.entities.serializer.save.entities.ms,1787736060075000000,1787736120064000000,0
jps.facet.change.listener.init.bridge.ms,1787736060075000000,1787736120064000000,0
workspaceModel.save.cache.to.file.ms,1787736060075000000,1787736120064000000,575
jps.artifact.entities.serializer.save.entities.ms,1787736060075000000,1787736120064000000,0
AWTEventQueue.eventsDispatched,1787736060075000000,1787736120064000000,3250
NonBlockingReadAction.failedExecutionsCount,1787736060075000000,1787736120064000000,0
FlushQueue.waitingTimeAvgNs,1787736060075000000,1787736120064000000,222009.06666666668
AWTEventQueue.dispatchTime90PNs,1787736060075000000,1787736120064000000,175103
FlushQueue.queueSize90P,1787736060075000000,1787736120064000000,0
NonBlockingReadAction.finalizedExecutionsCount,1787736060075000000,1787736120064000000,0
FlushQueue.queueSizeMax,1787736060075000000,1787736120064000000,0
NonBlockingReadAction.finalizedExecutionTimeUs,1787736060075000000,1787736120064000000,0
NonBlockingReadAction.failedExecutionTimeUs,1787736060075000000,1787736120064000000,0
AWTEventQueue.dispatchTimeTotalNS,1787736060075000000,1787736120064000000,405909246
AWTEventQueue.dispatchTimeMaxNs,1787736060075000000,1787736120064000000,2211839
FlushQueue.executionTime90PNs,1787736060075000000,1787736120064000000,97791
FlushQueue.waitingTimeMaxNs,1787736060075000000,1787736120064000000,1286143
FlushQueue.executionTimeAvgNs,1787736060075000000,1787736120064000000,62065.6
AWTEventQueue.dispatchTimeAvgNs,1787736060075000000,1787736120064000000,124514.76184615385
FlushQueue.queueSizeAvg,1787736060075000000,1787736120064000000,0.0
FlushQueue.executionTimeMaxNs,1787736060075000000,1787736120064000000,294911
FlushQueue.tasksExecuted,1787736060075000000,1787736120064000000,120
FlushQueue.waitingTime90PNs,1787736060075000000,1787736120064000000,329727
workspaceModel.initializing.ms,1787736120064000000,1787736180067000000,3
workspaceModel.updates.precise.ms,1787736120064000000,1787736180067000000,289
workspaceModel.update.unloaded.entities.ms,1787736120064000000,1787736180067000000,0
workspaceModel.loading.from.cache.ms,1787736120064000000,1787736180067000000,302
workspaceModel.check.recursive.update.ms,1787736120064000000,1787736180067000000,2
workspaceModel.pre.handlers.ms,1787736120064000000,1787736180067000000,0
workspaceModel.replace.project.model.ms,1787736120064000000,1787736180067000000,0
workspaceModel.updates.count,1787736120064000000,1787736180067000000,5
workspaceModel.updates.ms,1787736120064000000,1787736180067000000,396
workspaceModel.collect.changes.ms,1787736120064000000,1787736180067000000,0
workspaceModel.to.snapshot.ms,1787736120064000000,1787736180067000000,11
workspaceModel.init.bridges.ms,1787736120064000000,1787736180067000000,3
workspaceModel.loading.total.ms,1787736120064000000,1787736180067000000,318
FileNameCache.queries,1787736120064000000,1787736180067000000,0
FileNameCache.fastMisses,1787736120064000000,1787736180067000000,0
FileNameCache.totalMisses,1787736120064000000,1787736180067000000,0
JVM.maxHeapBytes,1787736120064000000,1787736180067000000,2147483648
JVM.threadCount,1787736120064000000,1787736180067000000,41
JVM.maxNativeBytes,1787736120064000000,1787736180067000000,-1
JVM.totalCpuTimeMs,1787736120064000000,1787736180067000000,3967
JVM.GC.collectionTimesMs,1787736120064000000,1787736180067000000,0
JVM.GC.collections,1787736120064000000,1787736180067000000,0
OS.loadAverage,1787736120064000000,1787736180067000000,2.666015625
JVM.usedNativeBytes,1787736120064000000,1787736180067000000,406237168
JVM.usedHeapBytes,1787736120064000000,1787736180067000000,263446352
FilePageCache.totalPageLoadsUs,1787736120064000000,1787736180067000000,0
StreamlinedBlobStorage.totalLiveRecordsCapacityBytes,1787736120064000000,1787736180067000000,0
DirectByteBufferAllocator.totalSizeOfBuffersAllocatedInBytes,1787736120064000000,1787736180067000000,292634624
StorageLockContext.competingThreads.90P,1787736120064000000,1787736180067000000,0
DirectByteBufferAllocator.disposed,1787736120064000000,1787736180067000000,0
FilePageCache.maxCacheSizeInBytes,1787736120064000000,1787736180067000000,297877504
StorageLockContext.competingThreads.avg,1787736120064000000,1787736180067000000,0.0
DirectByteBufferAllocator.reclaimed,1787736120064000000,1787736180067000000,0
DirectByteBufferAllocator.hits,1787736120064000000,1787736180067000000,0
FilePageCache.pageFastCacheHits,1787736120064000000,1787736180067000000,0
FilePageCache.pageLoads,1787736120064000000,1787736180067000000,0
StreamlinedBlobStorage.totalLiveRecordsPayloadBytes,1787736120064000000,1787736180067000000,0
StreamlinedBlobStorage.recordsAllocated,1787736120064000000,1787736180067000000,0
FilePageCache.pageLoadsAboveSizeThreshold,1787736120064000000,1787736180067000000,0
DirectByteBufferAllocator.misses,1787736120064000000,1787736180067000000,0
FilePageCache.disposedBuffers,1787736120064000000,1787736180067000000,0
FilePageCache.pageHits,1787736120064000000,1787736180067000000,0
StorageLockContext.competingThreads.max,1787736120064000000,1787736180067000000,0
DirectByteBufferAllocator.totalSizeOfBuffersCachedInBytes,1787736120064000000,1787736180067000000,0
FilePageCache.capacityInBytes,1787736120064000000,1787736180067000000,524288000
StreamlinedBlobStorage.recordsDeleted,1787736120064000000,1787736180067000000,0
StreamlinedBlobStorage.recordsRelocated,1787736120064000000,1787736180067000000,0
FilePageCache.uncachedFileAccess,1787736120064000000,1787736180067000000,0
FilePageCache.maxRegisteredFiles,1787736120064000000,1787736180067000000,620
FilePageCache.totalPageDisposalsUs,1787736120064000000,1787736180067000000,0
Indexes.allKeys.lookupDurationAvgMs,1787736120064000000,1787736180067000000,0.0
VFSFlusher.totalContentionQuotaSpent,1787736120064000000,1787736180067000000,0
Indexes.entries.lookups,1787736120064000000,1787736180067000000,0.0
IndexesFlusher.totalFlushesRetried,1787736120064000000,1787736180067000000,0
IndexesFlusher.totalContentionQuotaSpent,1787736120064000000,1787736180067000000,0
VFSFlusher.totalFlushes,1787736120064000000,1787736180067000000,0
Indexes.stubs.lookupDuration90PMs,1787736120064000000,1787736180067000000,0.0
Indexes.allKeys.lookupDuration90PMs,1787736120064000000,1787736180067000000,0.0
Indexes.entries.lookupDurationAvgMs,1787736120064000000,1787736180067000000,0.0
Indexes.stubs.lookupDurationMaxMs,1787736120064000000,1787736180067000000,0.0
Indexes.stubs.lookups,1787736120064000000,1787736180067000000,0.0
Indexes.entries.lookupDurationMaxMs,1787736120064000000,1787736180067000000,0.0
IndexesFlusher.totalFlushes,1787736120064000000,1787736180067000000,175
Indexes.allKeys.lookups,1787736120064000000,1787736180067000000,0.0
IndexesFlusher.totalFlushingTimeUs,1787736120064000000,1787736180067000000,610853
VFSFlusher.totalFlushingTimeUs,1787736120064000000,1787736180067000000,0
Indexes.stubs.lookupDurationAvgMs,1787736120064000000,1787736180067000000,0.0
VFSFlusher.totalFlushesRetried,1787736120064000000,1787736180067000000,0
Indexes.allKeys.lookupDurationMaxMs,1787736120064000000,1787736180067000000,0.0
Indexes.entries.lookupDuration90PMs,1787736120064000000,1787736180067000000,0.0
jps.facet.change.listener.process.change.events.ms,1787736120064000000,1787736180067000000,0
workspaceModel.mutableEntityStorage.to.snapshot.ms,1787736120064000000,1787736180067000000,13
workspaceModel.mutableEntityStorage.remove.entity.ms,1787736120064000000,1787736180067000000,0
jps.library.entities.serializer.load.entities.ms,1787736120064000000,1787736180067000000,282
workspaceModel.moduleManagerBridge.load.all.modules.ms,1787736120064000000,1787736180067000000,133
jps.global.get.library.ms,1787736120064000000,1787736180067000000,0
jps.save.changed.project.entities.ms,1787736120064000000,1787736180067000000,5
workspaceModel.mutableEntityStorage.add.entity.ms,1787736120064000000,1787736180067000000,295
jps.library.entities.serializer.save.entities.ms,1787736120064000000,1787736180067000000,0
workspaceModel.global.updates.count,1787736120064000000,1787736180067000000,0
workspaceModel.moduleManagerBridge.build.module.graph.ms,1787736120064000000,1787736180067000000,1
workspaceModel.moduleBridge.before.changed.ms,1787736120064000000,1787736180067000000,0
jps.module.iml.entities.serializer.load.entities.ms,1787736120064000000,1787736180067000000,397
workspaceModel.sync.entities.ms,1787736120064000000,1787736180067000000,0
workspaceModel.moduleManagerBridge.get.modules.ms,1787736120064000000,1787736180067000000,4
jps.artifact.entities.serializer.load.entities.ms,1787736120064000000,1787736180067000000,0
jps.global.handle.before.change.events.ms,1787736120064000000,1787736180067000000,0
workspaceModel.mutableEntityStorage.entities.by.source.ms,1787736120064000000,1787736180067000000,17
workspaceModel.moduleBridge.update.option.ms,1787736120064000000,1787736180067000000,0
workspaceModel.global.updates.ms,1787736120064000000,1787736180067000000,0
workspaceModel.mutableEntityStorage.mutable.vfurl.index.ms,1787736120064000000,1787736180067000000,0
workspaceModel.mutableEntityStorage.resolve.ms,1787736120064000000,1787736180067000000,0
jps.apply.loaded.storage.ms,1787736120064000000,1787736180067000000,772
jps.facet.change.listener.before.change.events.ms,1787736120064000000,1787736180067000000,0
jps.load.project.to.empty.storage.ms,1787736120064000000,1787736180067000000,835
jps.global.get.libraries.ms,1787736120064000000,1787736180067000000,21
workspaceModel.delayed.project.synchronizer.sync.ms,1787736120064000000,1787736180067000000,1669
jps.reload.project.entities.ms,1787736120064000000,1787736180067000000,0
workspaceModel.global.apply.state.to.project.builder.ms,1787736120064000000,1787736180067000000,3
workspaceModel.global.apply.state.to.project.ms,1787736120064000000,1787736180067000000,48
workspaceModel.moduleManagerBridge.load.module.ms,1787736120064000000,1787736180067000000,0
workspaceModel.mutableEntityStorage.has.same.entities.ms,1787736120064000000,1787736180067000000,0
workspaceModel.mutableEntityStorage.collect.changes.ms,1787736120064000000,1787736180067000000,0
jps.project.serializers.save.ms,1787736120064000000,1787736180067000000,3
workspaceModel.mutableEntityStorage.referrers.ms,1787736120064000000,1787736180067000000,0
workspaceModel.moduleManagerBridge.create.module.instance.ms,1787736120064000000,1787736180067000000,0
workspaceModel.mutableEntityStorage.put.entity.ms,1787736120064000000,1787736180067000000,95
workspaceModel.mutableEntityStorage.entities.ms,1787736120064000000,1787736180067000000,1
workspaceModel.load.cache.from.file.ms,1787736120064000000,1787736180067000000,300
jps.load.initial.state.ms,1787736120064000000,1787736180067000000,9
workspaceModel.mutableEntityStorage.modify.entity.ms,1787736120064000000,1787736180067000000,140
workspaceModel.moduleBridgeLoader.loading.modules.ms,1787736120064000000,1787736180067000000,862
jps.app.storage.content.writer.save.component.ms,1787736120064000000,1787736180067000000,0
jps.save.global.entities.ms,1787736120064000000,1787736180067000000,65
workspaceModel.moduleBridge.facet.initialization.ms,1787736120064000000,1787736180067000000,0
workspaceModel.orphan.listener.update.ms,1787736120064000000,1787736180067000000,19
jps.global.handle.changed.events.ms,1787736120064000000,1787736180067000000,0
jps.project.serializers.load.ms,1787736120064000000,1787736180067000000,736
jps.global.initialize.library.bridges.after.loading.ms,1787736120064000000,1787736180067000000,0
jps.storage.jps.conf.reader.load.component.ms,1787736120064000000,1787736180067000000,284
workspaceModel.moduleManagerBridge.newModule.ms,1787736120064000000,1787736180067000000,0
workspaceModel.mutableEntityStorage.add.diff.ms,1787736120064000000,1787736180067000000,210
workspaceModel.moduleManagerBridge.set.unloadedModules.ms,1787736120064000000,1787736180067000000,0
workspaceModel.moduleManagerBridge.new.nonPersistent.module.ms,1787736120064000000,1787736180067000000,0
jps.app.storage.content.reader.load.component.ms,1787736120064000000,1787736180067000000,0
jps.global.get.library.by.name.ms,1787736120064000000,1787736180067000000,0
jps.global.initialize.library.bridges.ms,1787736120064000000,1787736180067000000,0
workspaceModel.mutableEntityStorage.mutable.ext.mapping.ms,1787736120064000000,1787736180067000000,1
workspaceModel.mutableEntityStorage.replace.by.source.ms,1787736120064000000,1787736180067000000,270
jps.module.iml.entities.serializer.save.entities.ms,1787736120064000000,1787736180067000000,0
jps.facet.change.listener.init.bridge.ms,1787736120064000000,1787736180067000000,0
workspaceModel.save.cache.to.file.ms,1787736120064000000,1787736180067000000,575
jps.artifact.entities.serializer.save.entities.ms,1787736120064000000,1787736180067000000,0
AWTEventQueue.eventsDispatched,1787736120064000000,1787736180067000000,3270
NonBlockingReadAction.failedExecutionsCount,1787736120064000000,1787736180067000000,0
FlushQueue.waitingTimeAvgNs,1787736120064000000,1787736180067000000,204057.38842975206
AWTEventQueue.dispatchTime90PNs,1787736120064000000,1787736180067000000,190463
FlushQueue.queueSize90P,1787736120064000000,1787736180067000000,0
NonBlockingReadAction.finalizedExecutionsCount,1787736120064000000,1787736180067000000,0
FlushQueue.queueSizeMax,1787736120064000000,1787736180067000000,0
NonBlockingReadAction.finalizedExecutionTimeUs,1787736120064000000,1787736180067000000,0
NonBlockingReadAction.failedExecutionTimeUs,1787736120064000000,1787736180067000000,0
AWTEventQueue.dispatchTimeTotalNS,1787736120064000000,1787736180067000000,434371720
AWTEventQueue.dispatchTimeMaxNs,1787736120064000000,1787736180067000000,2637823
FlushQueue.executionTime90PNs,1787736120064000000,1787736180067000000,129535
FlushQueue.waitingTimeMaxNs,1787736120064000000,1787736180067000000,448511
FlushQueue.executionTimeAvgNs,1787736120064000000,1787736180067000000,69240.06611570247
AWTEventQueue.dispatchTimeAvgNs,1787736120064000000,1787736180067000000,132843.9143730887
FlushQueue.queueSizeAvg,1787736120064000000,1787736180067000000,0.0
FlushQueue.executionTimeMaxNs,1787736120064000000,1787736180067000000,417791
FlushQueue.tasksExecuted,1787736120064000000,1787736180067000000,121
FlushQueue.waitingTime90PNs,1787736120064000000,1787736180067000000,305151
workspaceModel.initializing.ms,1787736180067000000,1787736240078000000,3
workspaceModel.updates.precise.ms,1787736180067000000,1787736240078000000,289
workspaceModel.update.unloaded.entities.ms,1787736180067000000,1787736240078000000,0
workspaceModel.loading.from.cache.ms,1787736180067000000,1787736240078000000,302
workspaceModel.check.recursive.update.ms,1787736180067000000,1787736240078000000,2
workspaceModel.pre.handlers.ms,1787736180067000000,1787736240078000000,0
workspaceModel.replace.project.model.ms,1787736180067000000,1787736240078000000,0
workspaceModel.updates.count,1787736180067000000,1787736240078000000,5
workspaceModel.updates.ms,1787736180067000000,1787736240078000000,396
workspaceModel.collect.changes.ms,1787736180067000000,1787736240078000000,0
workspaceModel.to.snapshot.ms,1787736180067000000,1787736240078000000,11
workspaceModel.init.bridges.ms,1787736180067000000,1787736240078000000,3
workspaceModel.loading.total.ms,1787736180067000000,1787736240078000000,318
FileNameCache.queries,1787736180067000000,1787736240078000000,0
FileNameCache.fastMisses,1787736180067000000,1787736240078000000,0
FileNameCache.totalMisses,1787736180067000000,1787736240078000000,0
JVM.maxHeapBytes,1787736180067000000,1787736240078000000,2147483648
JVM.threadCount,1787736180067000000,1787736240078000000,41
JVM.maxNativeBytes,1787736180067000000,1787736240078000000,-1
JVM.totalCpuTimeMs,1787736180067000000,1787736240078000000,4095
JVM.GC.collectionTimesMs,1787736180067000000,1787736240078000000,0
JVM.GC.collections,1787736180067000000,1787736240078000000,0
OS.loadAverage,1787736180067000000,1787736240078000000,3.05908203125
JVM.usedNativeBytes,1787736180067000000,1787736240078000000,406255088
JVM.usedHeapBytes,1787736180067000000,1787736240078000000,306437968
FilePageCache.totalPageLoadsUs,1787736180067000000,1787736240078000000,0
StreamlinedBlobStorage.totalLiveRecordsCapacityBytes,1787736180067000000,1787736240078000000,0
DirectByteBufferAllocator.totalSizeOfBuffersAllocatedInBytes,1787736180067000000,1787736240078000000,292634624
StorageLockContext.competingThreads.90P,1787736180067000000,1787736240078000000,0
DirectByteBufferAllocator.disposed,1787736180067000000,1787736240078000000,0
FilePageCache.maxCacheSizeInBytes,1787736180067000000,1787736240078000000,297877504
StorageLockContext.competingThreads.avg,1787736180067000000,1787736240078000000,0.0
DirectByteBufferAllocator.reclaimed,1787736180067000000,1787736240078000000,0
DirectByteBufferAllocator.hits,1787736180067000000,1787736240078000000,0
FilePageCache.pageFastCacheHits,1787736180067000000,1787736240078000000,0
FilePageCache.pageLoads,1787736180067000000,1787736240078000000,0
StreamlinedBlobStorage.totalLiveRecordsPayloadBytes,1787736180067000000,1787736240078000000,0
StreamlinedBlobStorage.recordsAllocated,1787736180067000000,1787736240078000000,0
FilePageCache.pageLoadsAboveSizeThreshold,1787736180067000000,1787736240078000000,0
DirectByteBufferAllocator.misses,1787736180067000000,1787736240078000000,0
FilePageCache.disposedBuffers,1787736180067000000,1787736240078000000,0
FilePageCache.pageHits,1787736180067000000,1787736240078000000,0
StorageLockContext.competingThreads.max,1787736180067000000,1787736240078000000,0
DirectByteBufferAllocator.totalSizeOfBuffersCachedInBytes,1787736180067000000,1787736240078000000,0
FilePageCache.capacityInBytes,1787736180067000000,1787736240078000000,524288000
StreamlinedBlobStorage.recordsDeleted,1787736180067000000,1787736240078000000,0
StreamlinedBlobStorage.recordsRelocated,1787736180067000000,1787736240078000000,0
FilePageCache.uncachedFileAccess,1787736180067000000,1787736240078000000,0
FilePageCache.maxRegisteredFiles,1787736180067000000,1787736240078000000,620
FilePageCache.totalPageDisposalsUs,1787736180067000000,1787736240078000000,0
Indexes.allKeys.lookupDurationAvgMs,1787736180067000000,1787736240078000000,0.0
VFSFlusher.totalContentionQuotaSpent,1787736180067000000,1787736240078000000,0
Indexes.entries.lookups,1787736180067000000,1787736240078000000,0.0
IndexesFlusher.totalFlushesRetried,1787736180067000000,1787736240078000000,0
IndexesFlusher.totalContentionQuotaSpent,1787736180067000000,1787736240078000000,0
VFSFlusher.totalFlushes,1787736180067000000,1787736240078000000,0
Indexes.stubs.lookupDuration90PMs,1787736180067000000,1787736240078000000,0.0
Indexes.allKeys.lookupDuration90PMs,1787736180067000000,1787736240078000000,0.0
Indexes.entries.lookupDurationAvgMs,1787736180067000000,1787736240078000000,0.0
Indexes.stubs.lookupDurationMaxMs,1787736180067000000,1787736240078000000,0.0
Indexes.stubs.lookups,1787736180067000000,1787736240078000000,0.0
Indexes.entries.lookupDurationMaxMs,1787736180067000000,1787736240078000000,0.0
IndexesFlusher.totalFlushes,1787736180067000000,1787736240078000000,174
Indexes.allKeys.lookups,1787736180067000000,1787736240078000000,0.0
IndexesFlusher.totalFlushingTimeUs,1787736180067000000,1787736240078000000,614168
VFSFlusher.totalFlushingTimeUs,1787736180067000000,1787736240078000000,0
Indexes.stubs.lookupDurationAvgMs,1787736180067000000,1787736240078000000,0.0
VFSFlusher.totalFlushesRetried,1787736180067000000,1787736240078000000,0
Indexes.allKeys.lookupDurationMaxMs,1787736180067000000,1787736240078000000,0.0
Indexes.entries.lookupDuration90PMs,1787736180067000000,1787736240078000000,0.0
jps.facet.change.listener.process.change.events.ms,1787736180067000000,1787736240078000000,0
workspaceModel.mutableEntityStorage.to.snapshot.ms,1787736180067000000,1787736240078000000,13
workspaceModel.mutableEntityStorage.remove.entity.ms,1787736180067000000,1787736240078000000,0
jps.library.entities.serializer.load.entities.ms,1787736180067000000,1787736240078000000,282
workspaceModel.moduleManagerBridge.load.all.modules.ms,1787736180067000000,1787736240078000000,133
jps.global.get.library.ms,1787736180067000000,1787736240078000000,0
jps.save.changed.project.entities.ms,1787736180067000000,1787736240078000000,5
workspaceModel.mutableEntityStorage.add.entity.ms,1787736180067000000,1787736240078000000,295
jps.library.entities.serializer.save.entities.ms,1787736180067000000,1787736240078000000,0
workspaceModel.global.updates.count,1787736180067000000,1787736240078000000,0
workspaceModel.moduleManagerBridge.build.module.graph.ms,1787736180067000000,1787736240078000000,1
workspaceModel.moduleBridge.before.changed.ms,1787736180067000000,1787736240078000000,0
jps.module.iml.entities.serializer.load.entities.ms,1787736180067000000,1787736240078000000,397
workspaceModel.sync.entities.ms,1787736180067000000,1787736240078000000,0
workspaceModel.moduleManagerBridge.get.modules.ms,1787736180067000000,1787736240078000000,4
jps.artifact.entities.serializer.load.entities.ms,1787736180067000000,1787736240078000000,0
jps.global.handle.before.change.events.ms,1787736180067000000,1787736240078000000,0
workspaceModel.mutableEntityStorage.entities.by.source.ms,1787736180067000000,1787736240078000000,17
workspaceModel.moduleBridge.update.option.ms,1787736180067000000,1787736240078000000,0
workspaceModel.global.updates.ms,1787736180067000000,1787736240078000000,0
workspaceModel.mutableEntityStorage.mutable.vfurl.index.ms,1787736180067000000,1787736240078000000,0
workspaceModel.mutableEntityStorage.resolve.ms,1787736180067000000,1787736240078000000,0
jps.apply.loaded.storage.ms,1787736180067000000,1787736240078000000,772
jps.facet.change.listener.before.change.events.ms,1787736180067000000,1787736240078000000,0
jps.load.project.to.empty.storage.ms,1787736180067000000,1787736240078000000,835
jps.global.get.libraries.ms,1787736180067000000,1787736240078000000,21
workspaceModel.delayed.project.synchronizer.sync.ms,1787736180067000000,1787736240078000000,1669
jps.reload.project.entities.ms,1787736180067000000,1787736240078000000,0
workspaceModel.global.apply.state.to.project.builder.ms,1787736180067000000,1787736240078000000,3
workspaceModel.global.apply.state.to.project.ms,1787736180067000000,1787736240078000000,48
workspaceModel.moduleManagerBridge.load.module.ms,1787736180067000000,1787736240078000000,0
workspaceModel.mutableEntityStorage.has.same.entities.ms,1787736180067000000,1787736240078000000,0
workspaceModel.mutableEntityStorage.collect.changes.ms,1787736180067000000,1787736240078000000,0
jps.project.serializers.save.ms,1787736180067000000,1787736240078000000,3
workspaceModel.mutableEntityStorage.referrers.ms,1787736180067000000,1787736240078000000,0
workspaceModel.moduleManagerBridge.create.module.instance.ms,1787736180067000000,1787736240078000000,0
workspaceModel.mutableEntityStorage.put.entity.ms,1787736180067000000,1787736240078000000,95
workspaceModel.mutableEntityStorage.entities.ms,1787736180067000000,1787736240078000000,1
workspaceModel.load.cache.from.file.ms,1787736180067000000,1787736240078000000,300
jps.load.initial.state.ms,1787736180067000000,1787736240078000000,9
workspaceModel.mutableEntityStorage.modify.entity.ms,1787736180067000000,1787736240078000000,140
workspaceModel.moduleBridgeLoader.loading.modules.ms,1787736180067000000,1787736240078000000,862
jps.app.storage.content.writer.save.component.ms,1787736180067000000,1787736240078000000,0
jps.save.global.entities.ms,1787736180067000000,1787736240078000000,65
workspaceModel.moduleBridge.facet.initialization.ms,1787736180067000000,1787736240078000000,0
workspaceModel.orphan.listener.update.ms,1787736180067000000,1787736240078000000,19
jps.global.handle.changed.events.ms,1787736180067000000,1787736240078000000,0
jps.project.serializers.load.ms,1787736180067000000,1787736240078000000,736
jps.global.initialize.library.bridges.after.loading.ms,1787736180067000000,1787736240078000000,0
jps.storage.jps.conf.reader.load.component.ms,1787736180067000000,1787736240078000000,284
workspaceModel.moduleManagerBridge.newModule.ms,1787736180067000000,1787736240078000000,0
workspaceModel.mutableEntityStorage.add.diff.ms,1787736180067000000,1787736240078000000,210
workspaceModel.moduleManagerBridge.set.unloadedModules.ms,1787736180067000000,1787736240078000000,0
workspaceModel.moduleManagerBridge.new.nonPersistent.module.ms,1787736180067000000,1787736240078000000,0
jps.app.storage.content.reader.load.component.ms,1787736180067000000,1787736240078000000,0
jps.global.get.library.by.name.ms,1787736180067000000,1787736240078000000,0
jps.global.initialize.library.bridges.ms,1787736180067000000,1787736240078000000,0
workspaceModel.mutableEntityStorage.mutable.ext.mapping.ms,1787736180067000000,1787736240078000000,1
workspaceModel.mutableEntityStorage.replace.by.source.ms,1787736180067000000,1787736240078000000,270
jps.module.iml.entities.serializer.save.entities.ms,1787736180067000000,1787736240078000000,0
jps.facet.change.listener.init.bridge.ms,1787736180067000000,1787736240078000000,0
workspaceModel.save.cache.to.file.ms,1787736180067000000,1787736240078000000,575
jps.artifact.entities.serializer.save.entities.ms,1787736180067000000,1787736240078000000,0
AWTEventQueue.eventsDispatched,1787736180067000000,1787736240078000000,3253
NonBlockingReadAction.failedExecutionsCount,1787736180067000000,1787736240078000000,0
FlushQueue.waitingTimeAvgNs,1787736180067000000,1787736240078000000,250234.66666666666
AWTEventQueue.dispatchTime90PNs,1787736180067000000,1787736240078000000,196607
FlushQueue.queueSize90P,1787736180067000000,1787736240078000000,0
NonBlockingReadAction.finalizedExecutionsCount,1787736180067000000,1787736240078000000,0
FlushQueue.queueSizeMax,1787736180067000000,1787736240078000000,0
NonBlockingReadAction.finalizedExecutionTimeUs,1787736180067000000,1787736240078000000,0
NonBlockingReadAction.failedExecutionTimeUs,1787736180067000000,1787736240078000000,0
AWTEventQueue.dispatchTimeTotalNS,1787736180067000000,1787736240078000000,445413576
AWTEventQueue.dispatchTimeMaxNs,1787736180067000000,1787736240078000000,1417215
FlushQueue.executionTime90PNs,1787736180067000000,1787736240078000000,117247
FlushQueue.waitingTimeMaxNs,1787736180067000000,1787736240078000000,2039807
FlushQueue.executionTimeAvgNs,1787736180067000000,1787736240078000000,70710.4
AWTEventQueue.dispatchTimeAvgNs,1787736180067000000,1787736240078000000,136921.87642176452
FlushQueue.queueSizeAvg,1787736180067000000,1787736240078000000,0.0
FlushQueue.executionTimeMaxNs,1787736180067000000,1787736240078000000,327679
FlushQueue.tasksExecuted,1787736180067000000,1787736240078000000,120
FlushQueue.waitingTime90PNs,1787736180067000000,1787736240078000000,350207
workspaceModel.initializing.ms,1787736240078000000,1787736300073000000,3
workspaceModel.updates.precise.ms,1787736240078000000,1787736300073000000,289
workspaceModel.update.unloaded.entities.ms,1787736240078000000,1787736300073000000,0
workspaceModel.loading.from.cache.ms,1787736240078000000,1787736300073000000,302
workspaceModel.check.recursive.update.ms,1787736240078000000,1787736300073000000,2
workspaceModel.pre.handlers.ms,1787736240078000000,1787736300073000000,0
workspaceModel.replace.project.model.ms,1787736240078000000,1787736300073000000,0
workspaceModel.updates.count,1787736240078000000,1787736300073000000,5
workspaceModel.updates.ms,1787736240078000000,1787736300073000000,396
workspaceModel.collect.changes.ms,1787736240078000000,1787736300073000000,0
workspaceModel.to.snapshot.ms,1787736240078000000,1787736300073000000,11
workspaceModel.init.bridges.ms,1787736240078000000,1787736300073000000,3
workspaceModel.loading.total.ms,1787736240078000000,1787736300073000000,318
FileNameCache.queries,1787736240078000000,1787736300073000000,0
FileNameCache.fastMisses,1787736240078000000,1787736300073000000,0
FileNameCache.totalMisses,1787736240078000000,1787736300073000000,0
JVM.maxHeapBytes,1787736240078000000,1787736300073000000,2147483648
JVM.threadCount,1787736240078000000,1787736300073000000,42
JVM.maxNativeBytes,1787736240078000000,1787736300073000000,-1
JVM.totalCpuTimeMs,1787736240078000000,1787736300073000000,4648
JVM.GC.collectionTimesMs,1787736240078000000,1787736300073000000,0
JVM.GC.collections,1787736240078000000,1787736300073000000,0
OS.loadAverage,1787736240078000000,1787736300073000000,3.4970703125
JVM.usedNativeBytes,1787736240078000000,1787736300073000000,406333656
JVM.usedHeapBytes,1787736240078000000,1787736300073000000,348381008
FilePageCache.totalPageLoadsUs,1787736240078000000,1787736300073000000,0
StreamlinedBlobStorage.totalLiveRecordsCapacityBytes,1787736240078000000,1787736300073000000,0
DirectByteBufferAllocator.totalSizeOfBuffersAllocatedInBytes,1787736240078000000,1787736300073000000,292634624
StorageLockContext.competingThreads.90P,1787736240078000000,1787736300073000000,0
DirectByteBufferAllocator.disposed,1787736240078000000,1787736300073000000,0
FilePageCache.maxCacheSizeInBytes,1787736240078000000,1787736300073000000,297877504
StorageLockContext.competingThreads.avg,1787736240078000000,1787736300073000000,0.0
DirectByteBufferAllocator.reclaimed,1787736240078000000,1787736300073000000,0
DirectByteBufferAllocator.hits,1787736240078000000,1787736300073000000,0
FilePageCache.pageFastCacheHits,1787736240078000000,1787736300073000000,0
FilePageCache.pageLoads,1787736240078000000,1787736300073000000,0
StreamlinedBlobStorage.totalLiveRecordsPayloadBytes,1787736240078000000,1787736300073000000,0
StreamlinedBlobStorage.recordsAllocated,1787736240078000000,1787736300073000000,0
FilePageCache.pageLoadsAboveSizeThreshold,1787736240078000000,1787736300073000000,0
DirectByteBufferAllocator.misses,1787736240078000000,1787736300073000000,0
FilePageCache.disposedBuffers,1787736240078000000,1787736300073000000,0
FilePageCache.pageHits,1787736240078000000,1787736300073000000,0
StorageLockContext.competingThreads.max,1787736240078000000,1787736300073000000,0
DirectByteBufferAllocator.totalSizeOfBuffersCachedInBytes,1787736240078000000,1787736300073000000,0
FilePageCache.capacityInBytes,1787736240078000000,1787736300073000000,524288000
StreamlinedBlobStorage.recordsDeleted,1787736240078000000,1787736300073000000,0
StreamlinedBlobStorage.recordsRelocated,1787736240078000000,1787736300073000000,0
FilePageCache.uncachedFileAccess,1787736240078000000,1787736300073000000,0
FilePageCache.maxRegisteredFiles,1787736240078000000,1787736300073000000,620
FilePageCache.totalPageDisposalsUs,1787736240078000000,1787736300073000000,0
Indexes.allKeys.lookupDurationAvgMs,1787736240078000000,1787736300073000000,0.0
VFSFlusher.totalContentionQuotaSpent,1787736240078000000,1787736300073000000,0
Indexes.entries.lookups,1787736240078000000,1787736300073000000,0.0
IndexesFlusher.totalFlushesRetried,1787736240078000000,1787736300073000000,0
IndexesFlusher.totalContentionQuotaSpent,1787736240078000000,1787736300073000000,0
VFSFlusher.totalFlushes,1787736240078000000,1787736300073000000,0
Indexes.stubs.lookupDuration90PMs,1787736240078000000,1787736300073000000,0.0
Indexes.allKeys.lookupDuration90PMs,1787736240078000000,1787736300073000000,0.0
Indexes.entries.lookupDurationAvgMs,1787736240078000000,1787736300073000000,0.0
Indexes.stubs.lookupDurationMaxMs,1787736240078000000,1787736300073000000,0.0
Indexes.stubs.lookups,1787736240078000000,1787736300073000000,0.0
Indexes.entries.lookupDurationMaxMs,1787736240078000000,1787736300073000000,0.0
IndexesFlusher.totalFlushes,1787736240078000000,1787736300073000000,174
Indexes.allKeys.lookups,1787736240078000000,1787736300073000000,0.0
IndexesFlusher.totalFlushingTimeUs,1787736240078000000,1787736300073000000,675698
VFSFlusher.totalFlushingTimeUs,1787736240078000000,1787736300073000000,0
Indexes.stubs.lookupDurationAvgMs,1787736240078000000,1787736300073000000,0.0
VFSFlusher.totalFlushesRetried,1787736240078000000,1787736300073000000,0
Indexes.allKeys.lookupDurationMaxMs,1787736240078000000,1787736300073000000,0.0
Indexes.entries.lookupDuration90PMs,1787736240078000000,1787736300073000000,0.0
jps.facet.change.listener.process.change.events.ms,1787736240078000000,1787736300073000000,0
workspaceModel.mutableEntityStorage.to.snapshot.ms,1787736240078000000,1787736300073000000,13
workspaceModel.mutableEntityStorage.remove.entity.ms,1787736240078000000,1787736300073000000,0
jps.library.entities.serializer.load.entities.ms,1787736240078000000,1787736300073000000,282
workspaceModel.moduleManagerBridge.load.all.modules.ms,1787736240078000000,1787736300073000000,133
jps.global.get.library.ms,1787736240078000000,1787736300073000000,0
jps.save.changed.project.entities.ms,1787736240078000000,1787736300073000000,5
workspaceModel.mutableEntityStorage.add.entity.ms,1787736240078000000,1787736300073000000,295
jps.library.entities.serializer.save.entities.ms,1787736240078000000,1787736300073000000,0
workspaceModel.global.updates.count,1787736240078000000,1787736300073000000,0
workspaceModel.moduleManagerBridge.build.module.graph.ms,1787736240078000000,1787736300073000000,1
workspaceModel.moduleBridge.before.changed.ms,1787736240078000000,1787736300073000000,0
jps.module.iml.entities.serializer.load.entities.ms,1787736240078000000,1787736300073000000,397
workspaceModel.sync.entities.ms,1787736240078000000,1787736300073000000,0
workspaceModel.moduleManagerBridge.get.modules.ms,1787736240078000000,1787736300073000000,4
jps.artifact.entities.serializer.load.entities.ms,1787736240078000000,1787736300073000000,0
jps.global.handle.before.change.events.ms,1787736240078000000,1787736300073000000,0
workspaceModel.mutableEntityStorage.entities.by.source.ms,1787736240078000000,1787736300073000000,17
workspaceModel.moduleBridge.update.option.ms,1787736240078000000,1787736300073000000,0
workspaceModel.global.updates.ms,1787736240078000000,1787736300073000000,0
workspaceModel.mutableEntityStorage.mutable.vfurl.index.ms,1787736240078000000,1787736300073000000,0
workspaceModel.mutableEntityStorage.resolve.ms,1787736240078000000,1787736300073000000,0
jps.apply.loaded.storage.ms,1787736240078000000,1787736300073000000,772
jps.facet.change.listener.before.change.events.ms,1787736240078000000,1787736300073000000,0
jps.load.project.to.empty.storage.ms,1787736240078000000,1787736300073000000,835
jps.global.get.libraries.ms,1787736240078000000,1787736300073000000,21
workspaceModel.delayed.project.synchronizer.sync.ms,1787736240078000000,1787736300073000000,1669
jps.reload.project.entities.ms,1787736240078000000,1787736300073000000,0
workspaceModel.global.apply.state.to.project.builder.ms,1787736240078000000,1787736300073000000,3
workspaceModel.global.apply.state.to.project.ms,1787736240078000000,1787736300073000000,48
workspaceModel.moduleManagerBridge.load.module.ms,1787736240078000000,1787736300073000000,0
workspaceModel.mutableEntityStorage.has.same.entities.ms,1787736240078000000,1787736300073000000,0
workspaceModel.mutableEntityStorage.collect.changes.ms,1787736240078000000,1787736300073000000,0
jps.project.serializers.save.ms,1787736240078000000,1787736300073000000,3
workspaceModel.mutableEntityStorage.referrers.ms,1787736240078000000,1787736300073000000,0
workspaceModel.moduleManagerBridge.create.module.instance.ms,1787736240078000000,1787736300073000000,0
workspaceModel.mutableEntityStorage.put.entity.ms,1787736240078000000,1787736300073000000,95
workspaceModel.mutableEntityStorage.entities.ms,1787736240078000000,1787736300073000000,1
workspaceModel.load.cache.from.file.ms,1787736240078000000,1787736300073000000,300
jps.load.initial.state.ms,1787736240078000000,1787736300073000000,9
workspaceModel.mutableEntityStorage.modify.entity.ms,1787736240078000000,1787736300073000000,140
workspaceModel.moduleBridgeLoader.loading.modules.ms,1787736240078000000,1787736300073000000,862
jps.app.storage.content.writer.save.component.ms,1787736240078000000,1787736300073000000,0
jps.save.global.entities.ms,1787736240078000000,1787736300073000000,65
workspaceModel.moduleBridge.facet.initialization.ms,1787736240078000000,1787736300073000000,0
workspaceModel.orphan.listener.update.ms,1787736240078000000,1787736300073000000,19
jps.global.handle.changed.events.ms,1787736240078000000,1787736300073000000,0
jps.project.serializers.load.ms,1787736240078000000,1787736300073000000,736
jps.global.initialize.library.bridges.after.loading.ms,1787736240078000000,1787736300073000000,0
jps.storage.jps.conf.reader.load.component.ms,1787736240078000000,1787736300073000000,284
workspaceModel.moduleManagerBridge.newModule.ms,1787736240078000000,1787736300073000000,0
workspaceModel.mutableEntityStorage.add.diff.ms,1787736240078000000,1787736300073000000,210
workspaceModel.moduleManagerBridge.set.unloadedModules.ms,1787736240078000000,1787736300073000000,0
workspaceModel.moduleManagerBridge.new.nonPersistent.module.ms,1787736240078000000,1787736300073000000,0
jps.app.storage.content.reader.load.component.ms,1787736240078000000,1787736300073000000,0
jps.global.get.library.by.name.ms,1787736240078000000,1787736300073000000,0
jps.global.initialize.library.bridges.ms,1787736240078000000,1787736300073000000,0
workspaceModel.mutableEntityStorage.mutable.ext.mapping.ms,1787736240078000000,1787736300073000000,1
workspaceModel.mutableEntityStorage.replace.by.source.ms,1787736240078000000,1787736300073000000,270
jps.module.iml.entities.serializer.save.entities.ms,1787736240078000000,1787736300073000000,0
jps.facet.change.listener.init.bridge.ms,1787736240078000000,1787736300073000000,0
workspaceModel.save.cache.to.file.ms,1787736240078000000,1787736300073000000,575
jps.artifact.entities.serializer.save.entities.ms,1787736240078000000,1787736300073000000,0
AWTEventQueue.eventsDispatched,1787736240078000000,1787736300073000000,3267
NonBlockingReadAction.failedExecutionsCount,1787736240078000000,1787736300073000000,0
FlushQueue.waitingTimeAvgNs,1787736240078000000,1787736300073000000,239022.93333333332
AWTEventQueue.dispatchTime90PNs,1787736240078000000,1787736300073000000,201727
FlushQueue.queueSize90P,1787736240078000000,1787736300073000000,0
NonBlockingReadAction.finalizedExecutionsCount,1787736240078000000,1787736300073000000,0
FlushQueue.queueSizeMax,1787736240078000000,1787736300073000000,0
NonBlockingReadAction.finalizedExecutionTimeUs,1787736240078000000,1787736300073000000,0
NonBlockingReadAction.failedExecutionTimeUs,1787736240078000000,1787736300073000000,0
AWTEventQueue.dispatchTimeTotalNS,1787736240078000000,1787736300073000000,479814361
AWTEventQueue.dispatchTimeMaxNs,1787736240078000000,1787736300073000000,1384447
FlushQueue.executionTime90PNs,1787736240078000000,1787736300073000000,120831
FlushQueue.waitingTimeMaxNs,1787736240078000000,1787736300073000000,606207
FlushQueue.executionTimeAvgNs,1787736240078000000,1787736300073000000,77564.8
AWTEventQueue.dispatchTimeAvgNs,1787736240078000000,1787736300073000000,146875.06336088156
FlushQueue.queueSizeAvg,1787736240078000000,1787736300073000000,0.0
FlushQueue.executionTimeMaxNs,1787736240078000000,1787736300073000000,462847
FlushQueue.tasksExecuted,1787736240078000000,1787736300073000000,120
FlushQueue.waitingTime90PNs,1787736240078000000,1787736300073000000,376831
workspaceModel.initializing.ms,1787736300073000000,1787736360077000000,3
workspaceModel.updates.precise.ms,1787736300073000000,1787736360077000000,289
workspaceModel.update.unloaded.entities.ms,1787736300073000000,1787736360077000000,0
workspaceModel.loading.from.cache.ms,1787736300073000000,1787736360077000000,302
workspaceModel.check.recursive.update.ms,1787736300073000000,1787736360077000000,2
workspaceModel.pre.handlers.ms,1787736300073000000,1787736360077000000,0
workspaceModel.replace.project.model.ms,1787736300073000000,1787736360077000000,0
workspaceModel.updates.count,1787736300073000000,1787736360077000000,5
workspaceModel.updates.ms,1787736300073000000,1787736360077000000,396
workspaceModel.collect.changes.ms,1787736300073000000,1787736360077000000,0
workspaceModel.to.snapshot.ms,1787736300073000000,1787736360077000000,11
workspaceModel.init.bridges.ms,1787736300073000000,1787736360077000000,3
workspaceModel.loading.total.ms,1787736300073000000,1787736360077000000,318
FileNameCache.queries,1787736300073000000,1787736360077000000,105
FileNameCache.fastMisses,1787736300073000000,1787736360077000000,0
FileNameCache.totalMisses,1787736300073000000,1787736360077000000,0
JVM.maxHeapBytes,1787736300073000000,1787736360077000000,2147483648
JVM.threadCount,1787736300073000000,1787736360077000000,42
JVM.maxNativeBytes,1787736300073000000,1787736360077000000,-1
JVM.totalCpuTimeMs,1787736300073000000,1787736360077000000,5103
JVM.GC.collectionTimesMs,1787736300073000000,1787736360077000000,0
JVM.GC.collections,1787736300073000000,1787736360077000000,0
OS.loadAverage,1787736300073000000,1787736360077000000,4.07470703125
JVM.usedNativeBytes,1787736300073000000,1787736360077000000,406423600
JVM.usedHeapBytes,1787736300073000000,1787736360077000000,393469776
FilePageCache.totalPageLoadsUs,1787736300073000000,1787736360077000000,0
StreamlinedBlobStorage.totalLiveRecordsCapacityBytes,1787736300073000000,1787736360077000000,0
DirectByteBufferAllocator.totalSizeOfBuffersAllocatedInBytes,1787736300073000000,1787736360077000000,292634624
StorageLockContext.competingThreads.90P,1787736300073000000,1787736360077000000,0
DirectByteBufferAllocator.disposed,1787736300073000000,1787736360077000000,0
FilePageCache.maxCacheSizeInBytes,1787736300073000000,1787736360077000000,297877504
StorageLockContext.competingThreads.avg,1787736300073000000,1787736360077000000,0.0
DirectByteBufferAllocator.reclaimed,1787736300073000000,1787736360077000000,0
DirectByteBufferAllocator.hits,1787736300073000000,1787736360077000000,0
FilePageCache.pageFastCacheHits,1787736300073000000,1787736360077000000,4
FilePageCache.pageLoads,1787736300073000000,1787736360077000000,0
StreamlinedBlobStorage.totalLiveRecordsPayloadBytes,1787736300073000000,1787736360077000000,0
StreamlinedBlobStorage.recordsAllocated,1787736300073000000,1787736360077000000,0
FilePageCache.pageLoadsAboveSizeThreshold,1787736300073000000,1787736360077000000,0
DirectByteBufferAllocator.misses,1787736300073000000,1787736360077000000,0
FilePageCache.disposedBuffers,1787736300073000000,1787736360077000000,0
FilePageCache.pageHits,1787736300073000000,1787736360077000000,0
StorageLockContext.competingThreads.max,1787736300073000000,1787736360077000000,0
DirectByteBufferAllocator.totalSizeOfBuffersCachedInBytes,1787736300073000000,1787736360077000000,0
FilePageCache.capacityInBytes,1787736300073000000,1787736360077000000,524288000
StreamlinedBlobStorage.recordsDeleted,1787736300073000000,1787736360077000000,0
StreamlinedBlobStorage.recordsRelocated,1787736300073000000,1787736360077000000,0
FilePageCache.uncachedFileAccess,1787736300073000000,1787736360077000000,0
FilePageCache.maxRegisteredFiles,1787736300073000000,1787736360077000000,620
FilePageCache.totalPageDisposalsUs,1787736300073000000,1787736360077000000,0
Indexes.allKeys.lookupDurationAvgMs,1787736300073000000,1787736360077000000,0.0
VFSFlusher.totalContentionQuotaSpent,1787736300073000000,1787736360077000000,0
Indexes.entries.lookups,1787736300073000000,1787736360077000000,0.0
IndexesFlusher.totalFlushesRetried,1787736300073000000,1787736360077000000,0
IndexesFlusher.totalContentionQuotaSpent,1787736300073000000,1787736360077000000,0
VFSFlusher.totalFlushes,1787736300073000000,1787736360077000000,0
Indexes.stubs.lookupDuration90PMs,1787736300073000000,1787736360077000000,0.0
Indexes.allKeys.lookupDuration90PMs,1787736300073000000,1787736360077000000,0.0
Indexes.entries.lookupDurationAvgMs,1787736300073000000,1787736360077000000,0.0
Indexes.stubs.lookupDurationMaxMs,1787736300073000000,1787736360077000000,0.0
Indexes.stubs.lookups,1787736300073000000,1787736360077000000,0.0
Indexes.entries.lookupDurationMaxMs,1787736300073000000,1787736360077000000,0.0
IndexesFlusher.totalFlushes,1787736300073000000,1787736360077000000,175
Indexes.allKeys.lookups,1787736300073000000,1787736360077000000,0.0
IndexesFlusher.totalFlushingTimeUs,1787736300073000000,1787736360077000000,675315
VFSFlusher.totalFlushingTimeUs,1787736300073000000,1787736360077000000,0
Indexes.stubs.lookupDurationAvgMs,1787736300073000000,1787736360077000000,0.0
VFSFlusher.totalFlushesRetried,1787736300073000000,1787736360077000000,0
Indexes.allKeys.lookupDurationMaxMs,1787736300073000000,1787736360077000000,0.0
Indexes.entries.lookupDuration90PMs,1787736300073000000,1787736360077000000,0.0
jps.facet.change.listener.process.change.events.ms,1787736300073000000,1787736360077000000,0
workspaceModel.mutableEntityStorage.to.snapshot.ms,1787736300073000000,1787736360077000000,13
workspaceModel.mutableEntityStorage.remove.entity.ms,1787736300073000000,1787736360077000000,0
jps.library.entities.serializer.load.entities.ms,1787736300073000000,1787736360077000000,282
workspaceModel.moduleManagerBridge.load.all.modules.ms,1787736300073000000,1787736360077000000,133
jps.global.get.library.ms,1787736300073000000,1787736360077000000,0
jps.save.changed.project.entities.ms,1787736300073000000,1787736360077000000,5
workspaceModel.mutableEntityStorage.add.entity.ms,1787736300073000000,1787736360077000000,295
jps.library.entities.serializer.save.entities.ms,1787736300073000000,1787736360077000000,0
workspaceModel.global.updates.count,1787736300073000000,1787736360077000000,0
workspaceModel.moduleManagerBridge.build.module.graph.ms,1787736300073000000,1787736360077000000,1
workspaceModel.moduleBridge.before.changed.ms,1787736300073000000,1787736360077000000,0
jps.module.iml.entities.serializer.load.entities.ms,1787736300073000000,1787736360077000000,397
workspaceModel.sync.entities.ms,1787736300073000000,1787736360077000000,0
workspaceModel.moduleManagerBridge.get.modules.ms,1787736300073000000,1787736360077000000,4
jps.artifact.entities.serializer.load.entities.ms,1787736300073000000,1787736360077000000,0
jps.global.handle.before.change.events.ms,1787736300073000000,1787736360077000000,0
workspaceModel.mutableEntityStorage.entities.by.source.ms,1787736300073000000,1787736360077000000,17
workspaceModel.moduleBridge.update.option.ms,1787736300073000000,1787736360077000000,0
workspaceModel.global.updates.ms,1787736300073000000,1787736360077000000,0
workspaceModel.mutableEntityStorage.mutable.vfurl.index.ms,1787736300073000000,1787736360077000000,0
workspaceModel.mutableEntityStorage.resolve.ms,1787736300073000000,1787736360077000000,0
jps.apply.loaded.storage.ms,1787736300073000000,1787736360077000000,772
jps.facet.change.listener.before.change.events.ms,1787736300073000000,1787736360077000000,0
jps.load.project.to.empty.storage.ms,1787736300073000000,1787736360077000000,835
jps.global.get.libraries.ms,1787736300073000000,1787736360077000000,24
workspaceModel.delayed.project.synchronizer.sync.ms,1787736300073000000,1787736360077000000,1669
jps.reload.project.entities.ms,1787736300073000000,1787736360077000000,0
workspaceModel.global.apply.state.to.project.builder.ms,1787736300073000000,1787736360077000000,3
workspaceModel.global.apply.state.to.project.ms,1787736300073000000,1787736360077000000,48
workspaceModel.moduleManagerBridge.load.module.ms,1787736300073000000,1787736360077000000,0
workspaceModel.mutableEntityStorage.has.same.entities.ms,1787736300073000000,1787736360077000000,0
workspaceModel.mutableEntityStorage.collect.changes.ms,1787736300073000000,1787736360077000000,0
jps.project.serializers.save.ms,1787736300073000000,1787736360077000000,3
workspaceModel.mutableEntityStorage.referrers.ms,1787736300073000000,1787736360077000000,0
workspaceModel.moduleManagerBridge.create.module.instance.ms,1787736300073000000,1787736360077000000,0
workspaceModel.mutableEntityStorage.put.entity.ms,1787736300073000000,1787736360077000000,95
workspaceModel.mutableEntityStorage.entities.ms,1787736300073000000,1787736360077000000,1
workspaceModel.load.cache.from.file.ms,1787736300073000000,1787736360077000000,300
jps.load.initial.state.ms,1787736300073000000,1787736360077000000,9
workspaceModel.mutableEntityStorage.modify.entity.ms,1787736300073000000,1787736360077000000,140
workspaceModel.moduleBridgeLoader.loading.modules.ms,1787736300073000000,1787736360077000000,862
jps.app.storage.content.writer.save.component.ms,1787736300073000000,1787736360077000000,0
jps.save.global.entities.ms,1787736300073000000,1787736360077000000,65
workspaceModel.moduleBridge.facet.initialization.ms,1787736300073000000,1787736360077000000,0
workspaceModel.orphan.listener.update.ms,1787736300073000000,1787736360077000000,19
jps.global.handle.changed.events.ms,1787736300073000000,1787736360077000000,0
jps.project.serializers.load.ms,1787736300073000000,1787736360077000000,736
jps.global.initialize.library.bridges.after.loading.ms,1787736300073000000,1787736360077000000,0
jps.storage.jps.conf.reader.load.component.ms,1787736300073000000,1787736360077000000,284
workspaceModel.moduleManagerBridge.newModule.ms,1787736300073000000,1787736360077000000,0
workspaceModel.mutableEntityStorage.add.diff.ms,1787736300073000000,1787736360077000000,210
workspaceModel.moduleManagerBridge.set.unloadedModules.ms,1787736300073000000,1787736360077000000,0
workspaceModel.moduleManagerBridge.new.nonPersistent.module.ms,1787736300073000000,1787736360077000000,0
jps.app.storage.content.reader.load.component.ms,1787736300073000000,1787736360077000000,0
jps.global.get.library.by.name.ms,1787736300073000000,1787736360077000000,0
jps.global.initialize.library.bridges.ms,1787736300073000000,1787736360077000000,0
workspaceModel.mutableEntityStorage.mutable.ext.mapping.ms,1787736300073000000,1787736360077000000,1
workspaceModel.mutableEntityStorage.replace.by.source.ms,1787736300073000000,1787736360077000000,270
jps.module.iml.entities.serializer.save.entities.ms,1787736300073000000,1787736360077000000,0
jps.facet.change.listener.init.bridge.ms,1787736300073000000,1787736360077000000,0
workspaceModel.save.cache.to.file.ms,1787736300073000000,1787736360077000000,575
jps.artifact.entities.serializer.save.entities.ms,1787736300073000000,1787736360077000000,0
AWTEventQueue.eventsDispatched,1787736300073000000,1787736360077000000,3265
NonBlockingReadAction.failedExecutionsCount,1787736300073000000,1787736360077000000,0
FlushQueue.waitingTimeAvgNs,1787736300073000000,1787736360077000000,259011.70247933886
AWTEventQueue.dispatchTime90PNs,1787736300073000000,1787736360077000000,208895
FlushQueue.queueSize90P,1787736300073000000,1787736360077000000,0
NonBlockingReadAction.finalizedExecutionsCount,1787736300073000000,1787736360077000000,3
FlushQueue.queueSizeMax,1787736300073000000,1787736360077000000,0
NonBlockingReadAction.finalizedExecutionTimeUs,1787736300073000000,1787736360077000000,43930
NonBlockingReadAction.failedExecutionTimeUs,1787736300073000000,1787736360077000000,0
AWTEventQueue.dispatchTimeTotalNS,1787736300073000000,1787736360077000000,511843737
AWTEventQueue.dispatchTimeMaxNs,1787736300073000000,1787736360077000000,1425407
FlushQueue.executionTime90PNs,1787736300073000000,1787736360077000000,130559
FlushQueue.waitingTimeMaxNs,1787736300073000000,1787736360077000000,622591
FlushQueue.executionTimeAvgNs,1787736300073000000,1787736360077000000,87035.23966942148
AWTEventQueue.dispatchTimeAvgNs,1787736300073000000,1787736360077000000,156734.2946401225
FlushQueue.queueSizeAvg,1787736300073000000,1787736360077000000,0.0
FlushQueue.executionTimeMaxNs,1787736300073000000,1787736360077000000,749567
FlushQueue.tasksExecuted,1787736300073000000,1787736360077000000,121
FlushQueue.waitingTime90PNs,1787736300073000000,1787736360077000000,366591
workspaceModel.initializing.ms,1787736360077000000,1787736420077000000,3
workspaceModel.updates.precise.ms,1787736360077000000,1787736420077000000,289
workspaceModel.update.unloaded.entities.ms,1787736360077000000,1787736420077000000,0
workspaceModel.loading.from.cache.ms,1787736360077000000,1787736420077000000,302
workspaceModel.check.recursive.update.ms,1787736360077000000,1787736420077000000,2
workspaceModel.pre.handlers.ms,1787736360077000000,1787736420077000000,0
workspaceModel.replace.project.model.ms,1787736360077000000,1787736420077000000,0
workspaceModel.updates.count,1787736360077000000,1787736420077000000,5
workspaceModel.updates.ms,1787736360077000000,1787736420077000000,396
workspaceModel.collect.changes.ms,1787736360077000000,1787736420077000000,0
workspaceModel.to.snapshot.ms,1787736360077000000,1787736420077000000,11
workspaceModel.init.bridges.ms,1787736360077000000,1787736420077000000,3
workspaceModel.loading.total.ms,1787736360077000000,1787736420077000000,318
FileNameCache.queries,1787736360077000000,1787736420077000000,0
FileNameCache.fastMisses,1787736360077000000,1787736420077000000,0
FileNameCache.totalMisses,1787736360077000000,1787736420077000000,0
JVM.maxHeapBytes,1787736360077000000,1787736420077000000,2147483648
JVM.threadCount,1787736360077000000,1787736420077000000,41
JVM.maxNativeBytes,1787736360077000000,1787736420077000000,-1
JVM.totalCpuTimeMs,1787736360077000000,1787736420077000000,4621
JVM.GC.collectionTimesMs,1787736360077000000,1787736420077000000,0
JVM.GC.collections,1787736360077000000,1787736420077000000,0
OS.loadAverage,1787736360077000000,1787736420077000000,3.55224609375
JVM.usedNativeBytes,1787736360077000000,1787736420077000000,406527448
JVM.usedHeapBytes,1787736360077000000,1787736420077000000,435412816
FilePageCache.totalPageLoadsUs,1787736360077000000,1787736420077000000,0
StreamlinedBlobStorage.totalLiveRecordsCapacityBytes,1787736360077000000,1787736420077000000,0
DirectByteBufferAllocator.totalSizeOfBuffersAllocatedInBytes,1787736360077000000,1787736420077000000,292634624
StorageLockContext.competingThreads.90P,1787736360077000000,1787736420077000000,0
DirectByteBufferAllocator.disposed,1787736360077000000,1787736420077000000,0
FilePageCache.maxCacheSizeInBytes,1787736360077000000,1787736420077000000,297877504
StorageLockContext.competingThreads.avg,1787736360077000000,1787736420077000000,0.0
DirectByteBufferAllocator.reclaimed,1787736360077000000,1787736420077000000,0
DirectByteBufferAllocator.hits,1787736360077000000,1787736420077000000,0
FilePageCache.pageFastCacheHits,1787736360077000000,1787736420077000000,0
FilePageCache.pageLoads,1787736360077000000,1787736420077000000,0
StreamlinedBlobStorage.totalLiveRecordsPayloadBytes,1787736360077000000,1787736420077000000,0
StreamlinedBlobStorage.recordsAllocated,1787736360077000000,1787736420077000000,0
FilePageCache.pageLoadsAboveSizeThreshold,1787736360077000000,1787736420077000000,0
DirectByteBufferAllocator.misses,1787736360077000000,1787736420077000000,0
FilePageCache.disposedBuffers,1787736360077000000,1787736420077000000,0
FilePageCache.pageHits,1787736360077000000,1787736420077000000,0
StorageLockContext.competingThreads.max,1787736360077000000,1787736420077000000,0
DirectByteBufferAllocator.totalSizeOfBuffersCachedInBytes,1787736360077000000,1787736420077000000,0
FilePageCache.capacityInBytes,1787736360077000000,1787736420077000000,524288000
StreamlinedBlobStorage.recordsDeleted,1787736360077000000,1787736420077000000,0
StreamlinedBlobStorage.recordsRelocated,1787736360077000000,1787736420077000000,0
FilePageCache.uncachedFileAccess,1787736360077000000,1787736420077000000,0
FilePageCache.maxRegisteredFiles,1787736360077000000,1787736420077000000,620
FilePageCache.totalPageDisposalsUs,1787736360077000000,1787736420077000000,0
Indexes.allKeys.lookupDurationAvgMs,1787736360077000000,1787736420077000000,0.0
VFSFlusher.totalContentionQuotaSpent,1787736360077000000,1787736420077000000,0
Indexes.entries.lookups,1787736360077000000,1787736420077000000,0.0
IndexesFlusher.totalFlushesRetried,1787736360077000000,1787736420077000000,0
IndexesFlusher.totalContentionQuotaSpent,1787736360077000000,1787736420077000000,0
VFSFlusher.totalFlushes,1787736360077000000,1787736420077000000,0
Indexes.stubs.lookupDuration90PMs,1787736360077000000,1787736420077000000,0.0
Indexes.allKeys.lookupDuration90PMs,1787736360077000000,1787736420077000000,0.0
Indexes.entries.lookupDurationAvgMs,1787736360077000000,1787736420077000000,0.0
Indexes.stubs.lookupDurationMaxMs,1787736360077000000,1787736420077000000,0.0
Indexes.stubs.lookups,1787736360077000000,1787736420077000000,0.0
Indexes.entries.lookupDurationMaxMs,1787736360077000000,1787736420077000000,0.0
IndexesFlusher.totalFlushes,1787736360077000000,1787736420077000000,175
Indexes.allKeys.lookups,1787736360077000000,1787736420077000000,0.0
IndexesFlusher.totalFlushingTimeUs,1787736360077000000,1787736420077000000,704931
VFSFlusher.totalFlushingTimeUs,1787736360077000000,1787736420077000000,0
Indexes.stubs.lookupDurationAvgMs,1787736360077000000,1787736420077000000,0.0
VFSFlusher.totalFlushesRetried,1787736360077000000,1787736420077000000,0
Indexes.allKeys.lookupDurationMaxMs,1787736360077000000,1787736420077000000,0.0
Indexes.entries.lookupDuration90PMs,1787736360077000000,1787736420077000000,0.0
jps.facet.change.listener.process.change.events.ms,1787736360077000000,1787736420077000000,0
workspaceModel.mutableEntityStorage.to.snapshot.ms,1787736360077000000,1787736420077000000,13
workspaceModel.mutableEntityStorage.remove.entity.ms,1787736360077000000,1787736420077000000,0
jps.library.entities.serializer.load.entities.ms,1787736360077000000,1787736420077000000,282
workspaceModel.moduleManagerBridge.load.all.modules.ms,1787736360077000000,1787736420077000000,133
jps.global.get.library.ms,1787736360077000000,1787736420077000000,0
jps.save.changed.project.entities.ms,1787736360077000000,1787736420077000000,5
workspaceModel.mutableEntityStorage.add.entity.ms,1787736360077000000,1787736420077000000,295
jps.library.entities.serializer.save.entities.ms,1787736360077000000,1787736420077000000,0
workspaceModel.global.updates.count,1787736360077000000,1787736420077000000,0
workspaceModel.moduleManagerBridge.build.module.graph.ms,1787736360077000000,1787736420077000000,1
workspaceModel.moduleBridge.before.changed.ms,1787736360077000000,1787736420077000000,0
jps.module.iml.entities.serializer.load.entities.ms,1787736360077000000,1787736420077000000,397
workspaceModel.sync.entities.ms,1787736360077000000,1787736420077000000,0
workspaceModel.moduleManagerBridge.get.modules.ms,1787736360077000000,1787736420077000000,4
jps.artifact.entities.serializer.load.entities.ms,1787736360077000000,1787736420077000000,0
jps.global.handle.before.change.events.ms,1787736360077000000,1787736420077000000,0
workspaceModel.mutableEntityStorage.entities.by.source.ms,1787736360077000000,1787736420077000000,17
workspaceModel.moduleBridge.update.option.ms,1787736360077000000,1787736420077000000,0
workspaceModel.global.updates.ms,1787736360077000000,1787736420077000000,0
workspaceModel.mutableEntityStorage.mutable.vfurl.index.ms,1787736360077000000,1787736420077000000,0
workspaceModel.mutableEntityStorage.resolve.ms,1787736360077000000,1787736420077000000,0
jps.apply.loaded.storage.ms,1787736360077000000,1787736420077000000,772
jps.facet.change.listener.before.change.events.ms,1787736360077000000,1787736420077000000,0
jps.load.project.to.empty.storage.ms,1787736360077000000,1787736420077000000,835
jps.global.get.libraries.ms,1787736360077000000,1787736420077000000,24
workspaceModel.delayed.project.synchronizer.sync.ms,1787736360077000000,1787736420077000000,1669
jps.reload.project.entities.ms,1787736360077000000,1787736420077000000,0
workspaceModel.global.apply.state.to.project.builder.ms,1787736360077000000,1787736420077000000,3
workspaceModel.global.apply.state.to.project.ms,1787736360077000000,1787736420077000000,48
workspaceModel.moduleManagerBridge.load.module.ms,1787736360077000000,1787736420077000000,0
workspaceModel.mutableEntityStorage.has.same.entities.ms,1787736360077000000,1787736420077000000,0
workspaceModel.mutableEntityStorage.collect.changes.ms,1787736360077000000,1787736420077000000,0
jps.project.serializers.save.ms,1787736360077000000,1787736420077000000,3
workspaceModel.mutableEntityStorage.referrers.ms,1787736360077000000,1787736420077000000,0
workspaceModel.moduleManagerBridge.create.module.instance.ms,1787736360077000000,1787736420077000000,0
workspaceModel.mutableEntityStorage.put.entity.ms,1787736360077000000,1787736420077000000,95
workspaceModel.mutableEntityStorage.entities.ms,1787736360077000000,1787736420077000000,1
workspaceModel.load.cache.from.file.ms,1787736360077000000,1787736420077000000,300
jps.load.initial.state.ms,1787736360077000000,1787736420077000000,9
workspaceModel.mutableEntityStorage.modify.entity.ms,1787736360077000000,1787736420077000000,140
workspaceModel.moduleBridgeLoader.loading.modules.ms,1787736360077000000,1787736420077000000,862
jps.app.storage.content.writer.save.component.ms,1787736360077000000,1787736420077000000,0
jps.save.global.entities.ms,1787736360077000000,1787736420077000000,65
workspaceModel.moduleBridge.facet.initialization.ms,1787736360077000000,1787736420077000000,0
workspaceModel.orphan.listener.update.ms,1787736360077000000,1787736420077000000,19
jps.global.handle.changed.events.ms,1787736360077000000,1787736420077000000,0
jps.project.serializers.load.ms,1787736360077000000,1787736420077000000,736
jps.global.initialize.library.bridges.after.loading.ms,1787736360077000000,1787736420077000000,0
jps.storage.jps.conf.reader.load.component.ms,1787736360077000000,1787736420077000000,284
workspaceModel.moduleManagerBridge.newModule.ms,1787736360077000000,1787736420077000000,0
workspaceModel.mutableEntityStorage.add.diff.ms,1787736360077000000,1787736420077000000,210
workspaceModel.moduleManagerBridge.set.unloadedModules.ms,1787736360077000000,1787736420077000000,0
workspaceModel.moduleManagerBridge.new.nonPersistent.module.ms,1787736360077000000,1787736420077000000,0
jps.app.storage.content.reader.load.component.ms,1787736360077000000,1787736420077000000,0
jps.global.get.library.by.name.ms,1787736360077000000,1787736420077000000,0
jps.global.initialize.library.bridges.ms,1787736360077000000,1787736420077000000,0
workspaceModel.mutableEntityStorage.mutable.ext.mapping.ms,1787736360077000000,1787736420077000000,1
workspaceModel.mutableEntityStorage.replace.by.source.ms,1787736360077000000,1787736420077000000,270
jps.module.iml.entities.serializer.save.entities.ms,1787736360077000000,1787736420077000000,0
jps.facet.change.listener.init.bridge.ms,1787736360077000000,1787736420077000000,0
workspaceModel.save.cache.to.file.ms,1787736360077000000,1787736420077000000,575
jps.artifact.entities.serializer.save.entities.ms,1787736360077000000,1787736420077000000,0
AWTEventQueue.eventsDispatched,1787736360077000000,1787736420077000000,3248
NonBlockingReadAction.failedExecutionsCount,1787736360077000000,1787736420077000000,0
FlushQueue.waitingTimeAvgNs,1787736360077000000,1787736420077000000,248192.53333333333
AWTEventQueue.dispatchTime90PNs,1787736360077000000,1787736420077000000,216063
FlushQueue.queueSize90P,1787736360077000000,1787736420077000000,0
NonBlockingReadAction.finalizedExecutionsCount,1787736360077000000,1787736420077000000,0
FlushQueue.queueSizeMax,1787736360077000000,1787736420077000000,0
NonBlockingReadAction.finalizedExecutionTimeUs,1787736360077000000,1787736420077000000,0
NonBlockingReadAction.failedExecutionTimeUs,1787736360077000000,1787736420077000000,0
AWTEventQueue.dispatchTimeTotalNS,1787736360077000000,1787736420077000000,486376791
AWTEventQueue.dispatchTimeMaxNs,1787736360077000000,1787736420077000000,1245183
FlushQueue.executionTime90PNs,1787736360077000000,1787736420077000000,129535
FlushQueue.waitingTimeMaxNs,1787736360077000000,1787736420077000000,1187839
FlushQueue.executionTimeAvgNs,1787736360077000000,1787736420077000000,80618.13333333333
AWTEventQueue.dispatchTimeAvgNs,1787736360077000000,1787736420077000000,149748.8275862069
FlushQueue.queueSizeAvg,1787736360077000000,1787736420077000000,0.0
FlushQueue.executionTimeMaxNs,1787736360077000000,1787736420077000000,393215
FlushQueue.tasksExecuted,1787736360077000000,1787736420077000000,120
FlushQueue.waitingTime90PNs,1787736360077000000,1787736420077000000,333823
workspaceModel.initializing.ms,1787736420077000000,1787736480075000000,3
workspaceModel.updates.precise.ms,1787736420077000000,1787736480075000000,289
workspaceModel.update.unloaded.entities.ms,1787736420077000000,1787736480075000000,0
workspaceModel.loading.from.cache.ms,1787736420077000000,1787736480075000000,302
workspaceModel.check.recursive.update.ms,1787736420077000000,1787736480075000000,2
workspaceModel.pre.handlers.ms,1787736420077000000,1787736480075000000,0
workspaceModel.replace.project.model.ms,1787736420077000000,1787736480075000000,0
workspaceModel.updates.count,1787736420077000000,1787736480075000000,5
workspaceModel.updates.ms,1787736420077000000,1787736480075000000,396
workspaceModel.collect.changes.ms,1787736420077000000,1787736480075000000,0
workspaceModel.to.snapshot.ms,1787736420077000000,1787736480075000000,11
workspaceModel.init.bridges.ms,1787736420077000000,1787736480075000000,3
workspaceModel.loading.total.ms,1787736420077000000,1787736480075000000,318
FileNameCache.queries,1787736420077000000,1787736480075000000,0
FileNameCache.fastMisses,1787736420077000000,1787736480075000000,0
FileNameCache.totalMisses,1787736420077000000,1787736480075000000,0
JVM.maxHeapBytes,1787736420077000000,1787736480075000000,2147483648
JVM.threadCount,1787736420077000000,1787736480075000000,42
JVM.maxNativeBytes,1787736420077000000,1787736480075000000,-1
JVM.totalCpuTimeMs,1787736420077000000,1787736480075000000,4619
JVM.GC.collectionTimesMs,1787736420077000000,1787736480075000000,38
JVM.GC.collections,1787736420077000000,1787736480075000000,1
OS.loadAverage,1787736420077000000,1787736480075000000,3.2021484375
JVM.usedNativeBytes,1787736420077000000,1787736480075000000,406555224
JVM.usedHeapBytes,1787736420077000000,1787736480075000000,183802952
FilePageCache.totalPageLoadsUs,1787736420077000000,1787736480075000000,0
StreamlinedBlobStorage.totalLiveRecordsCapacityBytes,1787736420077000000,1787736480075000000,0
DirectByteBufferAllocator.totalSizeOfBuffersAllocatedInBytes,1787736420077000000,1787736480075000000,292634624
StorageLockContext.competingThreads.90P,1787736420077000000,1787736480075000000,0
DirectByteBufferAllocator.disposed,1787736420077000000,1787736480075000000,0
FilePageCache.maxCacheSizeInBytes,1787736420077000000,1787736480075000000,297877504
StorageLockContext.competingThreads.avg,1787736420077000000,1787736480075000000,0.0
DirectByteBufferAllocator.reclaimed,1787736420077000000,1787736480075000000,0
DirectByteBufferAllocator.hits,1787736420077000000,1787736480075000000,0
FilePageCache.pageFastCacheHits,1787736420077000000,1787736480075000000,0
FilePageCache.pageLoads,1787736420077000000,1787736480075000000,0
StreamlinedBlobStorage.totalLiveRecordsPayloadBytes,1787736420077000000,1787736480075000000,0
StreamlinedBlobStorage.recordsAllocated,1787736420077000000,1787736480075000000,0
FilePageCache.pageLoadsAboveSizeThreshold,1787736420077000000,1787736480075000000,0
DirectByteBufferAllocator.misses,1787736420077000000,1787736480075000000,0
FilePageCache.disposedBuffers,1787736420077000000,1787736480075000000,0
FilePageCache.pageHits,1787736420077000000,1787736480075000000,0
StorageLockContext.competingThreads.max,1787736420077000000,1787736480075000000,0
DirectByteBufferAllocator.totalSizeOfBuffersCachedInBytes,1787736420077000000,1787736480075000000,0
FilePageCache.capacityInBytes,1787736420077000000,1787736480075000000,524288000
StreamlinedBlobStorage.recordsDeleted,1787736420077000000,1787736480075000000,0
StreamlinedBlobStorage.recordsRelocated,1787736420077000000,1787736480075000000,0
FilePageCache.uncachedFileAccess,1787736420077000000,1787736480075000000,0
FilePageCache.maxRegisteredFiles,1787736420077000000,1787736480075000000,620
FilePageCache.totalPageDisposalsUs,1787736420077000000,1787736480075000000,0
Indexes.allKeys.lookupDurationAvgMs,1787736420077000000,1787736480075000000,0.0
VFSFlusher.totalContentionQuotaSpent,1787736420077000000,1787736480075000000,0
Indexes.entries.lookups,1787736420077000000,1787736480075000000,0.0
IndexesFlusher.totalFlushesRetried,1787736420077000000,1787736480075000000,0
IndexesFlusher.totalContentionQuotaSpent,1787736420077000000,1787736480075000000,0
VFSFlusher.totalFlushes,1787736420077000000,1787736480075000000,0
Indexes.stubs.lookupDuration90PMs,1787736420077000000,1787736480075000000,0.0
Indexes.allKeys.lookupDuration90PMs,1787736420077000000,1787736480075000000,0.0
Indexes.entries.lookupDurationAvgMs,1787736420077000000,1787736480075000000,0.0
Indexes.stubs.lookupDurationMaxMs,1787736420077000000,1787736480075000000,0.0
Indexes.stubs.lookups,1787736420077000000,1787736480075000000,0.0
Indexes.entries.lookupDurationMaxMs,1787736420077000000,1787736480075000000,0.0
IndexesFlusher.totalFlushes,1787736420077000000,1787736480075000000,175
Indexes.allKeys.lookups,1787736420077000000,1787736480075000000,0.0
IndexesFlusher.totalFlushingTimeUs,1787736420077000000,1787736480075000000,560850
VFSFlusher.totalFlushingTimeUs,1787736420077000000,1787736480075000000,0
Indexes.stubs.lookupDurationAvgMs,1787736420077000000,1787736480075000000,0.0
VFSFlusher.totalFlushesRetried,1787736420077000000,1787736480075000000,0
Indexes.allKeys.lookupDurationMaxMs,1787736420077000000,1787736480075000000,0.0
Indexes.entries.lookupDuration90PMs,1787736420077000000,1787736480075000000,0.0
jps.facet.change.listener.process.change.events.ms,1787736420077000000,1787736480075000000,0
workspaceModel.mutableEntityStorage.to.snapshot.ms,1787736420077000000,1787736480075000000,13
workspaceModel.mutableEntityStorage.remove.entity.ms,1787736420077000000,1787736480075000000,0
jps.library.entities.serializer.load.entities.ms,1787736420077000000,1787736480075000000,282
workspaceModel.moduleManagerBridge.load.all.modules.ms,1787736420077000000,1787736480075000000,133
jps.global.get.library.ms,1787736420077000000,1787736480075000000,0
jps.save.changed.project.entities.ms,1787736420077000000,1787736480075000000,5
workspaceModel.mutableEntityStorage.add.entity.ms,1787736420077000000,1787736480075000000,295
jps.library.entities.serializer.save.entities.ms,1787736420077000000,1787736480075000000,0
workspaceModel.global.updates.count,1787736420077000000,1787736480075000000,0
workspaceModel.moduleManagerBridge.build.module.graph.ms,1787736420077000000,1787736480075000000,1
workspaceModel.moduleBridge.before.changed.ms,1787736420077000000,1787736480075000000,0
jps.module.iml.entities.serializer.load.entities.ms,1787736420077000000,1787736480075000000,397
workspaceModel.sync.entities.ms,1787736420077000000,1787736480075000000,0
workspaceModel.moduleManagerBridge.get.modules.ms,1787736420077000000,1787736480075000000,4
jps.artifact.entities.serializer.load.entities.ms,1787736420077000000,1787736480075000000,0
jps.global.handle.before.change.events.ms,1787736420077000000,1787736480075000000,0
workspaceModel.mutableEntityStorage.entities.by.source.ms,1787736420077000000,1787736480075000000,17
workspaceModel.moduleBridge.update.option.ms,1787736420077000000,1787736480075000000,0
workspaceModel.global.updates.ms,1787736420077000000,1787736480075000000,0
workspaceModel.mutableEntityStorage.mutable.vfurl.index.ms,1787736420077000000,1787736480075000000,0
workspaceModel.mutableEntityStorage.resolve.ms,1787736420077000000,1787736480075000000,0
jps.apply.loaded.storage.ms,1787736420077000000,1787736480075000000,772
jps.facet.change.listener.before.change.events.ms,1787736420077000000,1787736480075000000,0
jps.load.project.to.empty.storage.ms,1787736420077000000,1787736480075000000,835
jps.global.get.libraries.ms,1787736420077000000,1787736480075000000,24
workspaceModel.delayed.project.synchronizer.sync.ms,1787736420077000000,1787736480075000000,1669
jps.reload.project.entities.ms,1787736420077000000,1787736480075000000,0
workspaceModel.global.apply.state.to.project.builder.ms,1787736420077000000,1787736480075000000,3
workspaceModel.global.apply.state.to.project.ms,1787736420077000000,1787736480075000000,48
workspaceModel.moduleManagerBridge.load.module.ms,1787736420077000000,1787736480075000000,0
workspaceModel.mutableEntityStorage.has.same.entities.ms,1787736420077000000,1787736480075000000,0
workspaceModel.mutableEntityStorage.collect.changes.ms,1787736420077000000,1787736480075000000,0
jps.project.serializers.save.ms,1787736420077000000,1787736480075000000,3
workspaceModel.mutableEntityStorage.referrers.ms,1787736420077000000,1787736480075000000,0
workspaceModel.moduleManagerBridge.create.module.instance.ms,1787736420077000000,1787736480075000000,0
workspaceModel.mutableEntityStorage.put.entity.ms,1787736420077000000,1787736480075000000,95
workspaceModel.mutableEntityStorage.entities.ms,1787736420077000000,1787736480075000000,1
workspaceModel.load.cache.from.file.ms,1787736420077000000,1787736480075000000,300
jps.load.initial.state.ms,1787736420077000000,1787736480075000000,9
workspaceModel.mutableEntityStorage.modify.entity.ms,1787736420077000000,1787736480075000000,140
workspaceModel.moduleBridgeLoader.loading.modules.ms,1787736420077000000,1787736480075000000,862
jps.app.storage.content.writer.save.component.ms,1787736420077000000,1787736480075000000,0
jps.save.global.entities.ms,1787736420077000000,1787736480075000000,65
workspaceModel.moduleBridge.facet.initialization.ms,1787736420077000000,1787736480075000000,0
workspaceModel.orphan.listener.update.ms,1787736420077000000,1787736480075000000,19
jps.global.handle.changed.events.ms,1787736420077000000,1787736480075000000,0
jps.project.serializers.load.ms,1787736420077000000,1787736480075000000,736
jps.global.initialize.library.bridges.after.loading.ms,1787736420077000000,1787736480075000000,0
jps.storage.jps.conf.reader.load.component.ms,1787736420077000000,1787736480075000000,284
workspaceModel.moduleManagerBridge.newModule.ms,1787736420077000000,1787736480075000000,0
workspaceModel.mutableEntityStorage.add.diff.ms,1787736420077000000,1787736480075000000,210
workspaceModel.moduleManagerBridge.set.unloadedModules.ms,1787736420077000000,1787736480075000000,0
workspaceModel.moduleManagerBridge.new.nonPersistent.module.ms,1787736420077000000,1787736480075000000,0
jps.app.storage.content.reader.load.component.ms,1787736420077000000,1787736480075000000,0
jps.global.get.library.by.name.ms,1787736420077000000,1787736480075000000,0
jps.global.initialize.library.bridges.ms,1787736420077000000,1787736480075000000,0
workspaceModel.mutableEntityStorage.mutable.ext.mapping.ms,1787736420077000000,1787736480075000000,1
workspaceModel.mutableEntityStorage.replace.by.source.ms,1787736420077000000,1787736480075000000,270
jps.module.iml.entities.serializer.save.entities.ms,1787736420077000000,1787736480075000000,0
jps.facet.change.listener.init.bridge.ms,1787736420077000000,1787736480075000000,0
workspaceModel.save.cache.to.file.ms,1787736420077000000,1787736480075000000,575
jps.artifact.entities.serializer.save.entities.ms,1787736420077000000,1787736480075000000,0
AWTEventQueue.eventsDispatched,1787736420077000000,1787736480075000000,3274
NonBlockingReadAction.failedExecutionsCount,1787736420077000000,1787736480075000000,0
FlushQueue.waitingTimeAvgNs,1787736420077000000,1787736480075000000,249350.4
AWTEventQueue.dispatchTime90PNs,1787736420077000000,1787736480075000000,203775
FlushQueue.queueSize90P,1787736420077000000,1787736480075000000,0
NonBlockingReadAction.finalizedExecutionsCount,1787736420077000000,1787736480075000000,0
FlushQueue.queueSizeMax,1787736420077000000,1787736480075000000,0
NonBlockingReadAction.finalizedExecutionTimeUs,1787736420077000000,1787736480075000000,0
NonBlockingReadAction.failedExecutionTimeUs,1787736420077000000,1787736480075000000,0
AWTEventQueue.dispatchTimeTotalNS,1787736420077000000,1787736480075000000,510922857
AWTEventQueue.dispatchTimeMaxNs,1787736420077000000,1787736480075000000,5341183
FlushQueue.executionTime90PNs,1787736420077000000,1787736480075000000,156671
FlushQueue.waitingTimeMaxNs,1787736420077000000,1787736480075000000,573439
FlushQueue.executionTimeAvgNs,1787736420077000000,1787736480075000000,124277.33333333333
AWTEventQueue.dispatchTimeAvgNs,1787736420077000000,1787736480075000000,156054.79780085522
FlushQueue.queueSizeAvg,1787736420077000000,1787736480075000000,0.0
FlushQueue.executionTimeMaxNs,1787736420077000000,1787736480075000000,2244607
FlushQueue.tasksExecuted,1787736420077000000,1787736480075000000,120
FlushQueue.waitingTime90PNs,1787736420077000000,1787736480075000000,352255
workspaceModel.initializing.ms,1787736480075000000,1787736540076000000,3
workspaceModel.updates.precise.ms,1787736480075000000,1787736540076000000,289
workspaceModel.update.unloaded.entities.ms,1787736480075000000,1787736540076000000,0
workspaceModel.loading.from.cache.ms,1787736480075000000,1787736540076000000,302
workspaceModel.check.recursive.update.ms,1787736480075000000,1787736540076000000,2
workspaceModel.pre.handlers.ms,1787736480075000000,1787736540076000000,0
workspaceModel.replace.project.model.ms,1787736480075000000,1787736540076000000,0
workspaceModel.updates.count,1787736480075000000,1787736540076000000,5
workspaceModel.updates.ms,1787736480075000000,1787736540076000000,396
workspaceModel.collect.changes.ms,1787736480075000000,1787736540076000000,0
workspaceModel.to.snapshot.ms,1787736480075000000,1787736540076000000,11
workspaceModel.init.bridges.ms,1787736480075000000,1787736540076000000,3
workspaceModel.loading.total.ms,1787736480075000000,1787736540076000000,318
FileNameCache.queries,1787736480075000000,1787736540076000000,0
FileNameCache.fastMisses,1787736480075000000,1787736540076000000,0
FileNameCache.totalMisses,1787736480075000000,1787736540076000000,0
JVM.maxHeapBytes,1787736480075000000,1787736540076000000,2147483648
JVM.threadCount,1787736480075000000,1787736540076000000,41
JVM.maxNativeBytes,1787736480075000000,1787736540076000000,-1
JVM.totalCpuTimeMs,1787736480075000000,1787736540076000000,4423
JVM.GC.collectionTimesMs,1787736480075000000,1787736540076000000,0
JVM.GC.collections,1787736480075000000,1787736540076000000,0
OS.loadAverage,1787736480075000000,1787736540076000000,3.49658203125
JVM.usedNativeBytes,1787736480075000000,1787736540076000000,406587312
JVM.usedHeapBytes,1787736480075000000,1787736540076000000,227843144
FilePageCache.totalPageLoadsUs,1787736480075000000,1787736540076000000,0
StreamlinedBlobStorage.totalLiveRecordsCapacityBytes,1787736480075000000,1787736540076000000,0
DirectByteBufferAllocator.totalSizeOfBuffersAllocatedInBytes,1787736480075000000,1787736540076000000,292634624
StorageLockContext.competingThreads.90P,1787736480075000000,1787736540076000000,0
DirectByteBufferAllocator.disposed,1787736480075000000,1787736540076000000,0
FilePageCache.maxCacheSizeInBytes,1787736480075000000,1787736540076000000,297877504
StorageLockContext.competingThreads.avg,1787736480075000000,1787736540076000000,0.0
DirectByteBufferAllocator.reclaimed,1787736480075000000,1787736540076000000,0
DirectByteBufferAllocator.hits,1787736480075000000,1787736540076000000,0
FilePageCache.pageFastCacheHits,1787736480075000000,1787736540076000000,0
FilePageCache.pageLoads,1787736480075000000,1787736540076000000,0
StreamlinedBlobStorage.totalLiveRecordsPayloadBytes,1787736480075000000,1787736540076000000,0
StreamlinedBlobStorage.recordsAllocated,1787736480075000000,1787736540076000000,0
FilePageCache.pageLoadsAboveSizeThreshold,1787736480075000000,1787736540076000000,0
DirectByteBufferAllocator.misses,1787736480075000000,1787736540076000000,0
FilePageCache.disposedBuffers,1787736480075000000,1787736540076000000,0
FilePageCache.pageHits,1787736480075000000,1787736540076000000,0
StorageLockContext.competingThreads.max,1787736480075000000,1787736540076000000,0
DirectByteBufferAllocator.totalSizeOfBuffersCachedInBytes,1787736480075000000,1787736540076000000,0
FilePageCache.capacityInBytes,1787736480075000000,1787736540076000000,524288000
StreamlinedBlobStorage.recordsDeleted,1787736480075000000,1787736540076000000,0
StreamlinedBlobStorage.recordsRelocated,1787736480075000000,1787736540076000000,0
FilePageCache.uncachedFileAccess,1787736480075000000,1787736540076000000,0
FilePageCache.maxRegisteredFiles,1787736480075000000,1787736540076000000,620
FilePageCache.totalPageDisposalsUs,1787736480075000000,1787736540076000000,0
Indexes.allKeys.lookupDurationAvgMs,1787736480075000000,1787736540076000000,0.0
VFSFlusher.totalContentionQuotaSpent,1787736480075000000,1787736540076000000,0
Indexes.entries.lookups,1787736480075000000,1787736540076000000,0.0
IndexesFlusher.totalFlushesRetried,1787736480075000000,1787736540076000000,0
IndexesFlusher.totalContentionQuotaSpent,1787736480075000000,1787736540076000000,0
VFSFlusher.totalFlushes,1787736480075000000,1787736540076000000,0
Indexes.stubs.lookupDuration90PMs,1787736480075000000,1787736540076000000,0.0
Indexes.allKeys.lookupDuration90PMs,1787736480075000000,1787736540076000000,0.0
Indexes.entries.lookupDurationAvgMs,1787736480075000000,1787736540076000000,0.0
Indexes.stubs.lookupDurationMaxMs,1787736480075000000,1787736540076000000,0.0
Indexes.stubs.lookups,1787736480075000000,1787736540076000000,0.0
Indexes.entries.lookupDurationMaxMs,1787736480075000000,1787736540076000000,0.0
IndexesFlusher.totalFlushes,1787736480075000000,1787736540076000000,174
Indexes.allKeys.lookups,1787736480075000000,1787736540076000000,0.0
IndexesFlusher.totalFlushingTimeUs,1787736480075000000,1787736540076000000,544560
VFSFlusher.totalFlushingTimeUs,1787736480075000000,1787736540076000000,0
Indexes.stubs.lookupDurationAvgMs,1787736480075000000,1787736540076000000,0.0
VFSFlusher.totalFlushesRetried,1787736480075000000,1787736540076000000,0
Indexes.allKeys.lookupDurationMaxMs,1787736480075000000,1787736540076000000,0.0
Indexes.entries.lookupDuration90PMs,1787736480075000000,1787736540076000000,0.0
jps.facet.change.listener.process.change.events.ms,1787736480075000000,1787736540076000000,0
workspaceModel.mutableEntityStorage.to.snapshot.ms,1787736480075000000,1787736540076000000,13
workspaceModel.mutableEntityStorage.remove.entity.ms,1787736480075000000,1787736540076000000,0
jps.library.entities.serializer.load.entities.ms,1787736480075000000,1787736540076000000,282
workspaceModel.moduleManagerBridge.load.all.modules.ms,1787736480075000000,1787736540076000000,133
jps.global.get.library.ms,1787736480075000000,1787736540076000000,0
jps.save.changed.project.entities.ms,1787736480075000000,1787736540076000000,5
workspaceModel.mutableEntityStorage.add.entity.ms,1787736480075000000,1787736540076000000,295
jps.library.entities.serializer.save.entities.ms,1787736480075000000,1787736540076000000,0
workspaceModel.global.updates.count,1787736480075000000,1787736540076000000,0
workspaceModel.moduleManagerBridge.build.module.graph.ms,1787736480075000000,1787736540076000000,1
workspaceModel.moduleBridge.before.changed.ms,1787736480075000000,1787736540076000000,0
jps.module.iml.entities.serializer.load.entities.ms,1787736480075000000,1787736540076000000,397
workspaceModel.sync.entities.ms,1787736480075000000,1787736540076000000,0
workspaceModel.moduleManagerBridge.get.modules.ms,1787736480075000000,1787736540076000000,4
jps.artifact.entities.serializer.load.entities.ms,1787736480075000000,1787736540076000000,0
jps.global.handle.before.change.events.ms,1787736480075000000,1787736540076000000,0
workspaceModel.mutableEntityStorage.entities.by.source.ms,1787736480075000000,1787736540076000000,17
workspaceModel.moduleBridge.update.option.ms,1787736480075000000,1787736540076000000,0
workspaceModel.global.updates.ms,1787736480075000000,1787736540076000000,0
workspaceModel.mutableEntityStorage.mutable.vfurl.index.ms,1787736480075000000,1787736540076000000,0
workspaceModel.mutableEntityStorage.resolve.ms,1787736480075000000,1787736540076000000,0
jps.apply.loaded.storage.ms,1787736480075000000,1787736540076000000,772
jps.facet.change.listener.before.change.events.ms,1787736480075000000,1787736540076000000,0
jps.load.project.to.empty.storage.ms,1787736480075000000,1787736540076000000,835
jps.global.get.libraries.ms,1787736480075000000,1787736540076000000,24
workspaceModel.delayed.project.synchronizer.sync.ms,1787736480075000000,1787736540076000000,1669
jps.reload.project.entities.ms,1787736480075000000,1787736540076000000,0
workspaceModel.global.apply.state.to.project.builder.ms,1787736480075000000,1787736540076000000,3
workspaceModel.global.apply.state.to.project.ms,1787736480075000000,1787736540076000000,48
workspaceModel.moduleManagerBridge.load.module.ms,1787736480075000000,1787736540076000000,0
workspaceModel.mutableEntityStorage.has.same.entities.ms,1787736480075000000,1787736540076000000,0
workspaceModel.mutableEntityStorage.collect.changes.ms,1787736480075000000,1787736540076000000,0
jps.project.serializers.save.ms,1787736480075000000,1787736540076000000,3
workspaceModel.mutableEntityStorage.referrers.ms,1787736480075000000,1787736540076000000,0
workspaceModel.moduleManagerBridge.create.module.instance.ms,1787736480075000000,1787736540076000000,0
workspaceModel.mutableEntityStorage.put.entity.ms,1787736480075000000,1787736540076000000,95
workspaceModel.mutableEntityStorage.entities.ms,1787736480075000000,1787736540076000000,1
workspaceModel.load.cache.from.file.ms,1787736480075000000,1787736540076000000,300
jps.load.initial.state.ms,1787736480075000000,1787736540076000000,9
workspaceModel.mutableEntityStorage.modify.entity.ms,1787736480075000000,1787736540076000000,140
workspaceModel.moduleBridgeLoader.loading.modules.ms,1787736480075000000,1787736540076000000,862
jps.app.storage.content.writer.save.component.ms,1787736480075000000,1787736540076000000,0
jps.save.global.entities.ms,1787736480075000000,1787736540076000000,65
workspaceModel.moduleBridge.facet.initialization.ms,1787736480075000000,1787736540076000000,0
workspaceModel.orphan.listener.update.ms,1787736480075000000,1787736540076000000,19
jps.global.handle.changed.events.ms,1787736480075000000,1787736540076000000,0
jps.project.serializers.load.ms,1787736480075000000,1787736540076000000,736
jps.global.initialize.library.bridges.after.loading.ms,1787736480075000000,1787736540076000000,0
jps.storage.jps.conf.reader.load.component.ms,1787736480075000000,1787736540076000000,284
workspaceModel.moduleManagerBridge.newModule.ms,1787736480075000000,1787736540076000000,0
workspaceModel.mutableEntityStorage.add.diff.ms,1787736480075000000,1787736540076000000,210
workspaceModel.moduleManagerBridge.set.unloadedModules.ms,1787736480075000000,1787736540076000000,0
workspaceModel.moduleManagerBridge.new.nonPersistent.module.ms,1787736480075000000,1787736540076000000,0
jps.app.storage.content.reader.load.component.ms,1787736480075000000,1787736540076000000,0
jps.global.get.library.by.name.ms,1787736480075000000,1787736540076000000,0
jps.global.initialize.library.bridges.ms,1787736480075000000,1787736540076000000,0
workspaceModel.mutableEntityStorage.mutable.ext.mapping.ms,1787736480075000000,1787736540076000000,1
workspaceModel.mutableEntityStorage.replace.by.source.ms,1787736480075000000,1787736540076000000,270
jps.module.iml.entities.serializer.save.entities.ms,1787736480075000000,1787736540076000000,0
jps.facet.change.listener.init.bridge.ms,1787736480075000000,1787736540076000000,0
workspaceModel.save.cache.to.file.ms,1787736480075000000,1787736540076000000,575
jps.artifact.entities.serializer.save.entities.ms,1787736480075000000,1787736540076000000,0
AWTEventQueue.eventsDispatched,1787736480075000000,1787736540076000000,3264
NonBlockingReadAction.failedExecutionsCount,1787736480075000000,1787736540076000000,0
FlushQueue.waitingTimeAvgNs,1787736480075000000,1787736540076000000,242452.26666666666
AWTEventQueue.dispatchTime90PNs,1787736480075000000,1787736540076000000,203775
FlushQueue.queueSize90P,1787736480075000000,1787736540076000000,0
NonBlockingReadAction.finalizedExecutionsCount,1787736480075000000,1787736540076000000,0
FlushQueue.queueSizeMax,1787736480075000000,1787736540076000000,0
NonBlockingReadAction.finalizedExecutionTimeUs,1787736480075000000,1787736540076000000,0
NonBlockingReadAction.failedExecutionTimeUs,1787736480075000000,1787736540076000000,0
AWTEventQueue.dispatchTimeTotalNS,1787736480075000000,1787736540076000000,498623502
AWTEventQueue.dispatchTimeMaxNs,1787736480075000000,1787736540076000000,663551
FlushQueue.executionTime90PNs,1787736480075000000,1787736540076000000,141311
FlushQueue.waitingTimeMaxNs,1787736480075000000,1787736540076000000,544767
FlushQueue.executionTimeAvgNs,1787736480075000000,1787736540076000000,73095.46666666666
AWTEventQueue.dispatchTimeAvgNs,1787736480075000000,1787736540076000000,152651.181372549
FlushQueue.queueSizeAvg,1787736480075000000,1787736540076000000,0.0
FlushQueue.executionTimeMaxNs,1787736480075000000,1787736540076000000,329727
FlushQueue.tasksExecuted,1787736480075000000,1787736540076000000,120
FlushQueue.waitingTime90PNs,1787736480075000000,1787736540076000000,337919
workspaceModel.initializing.ms,1787736540076000000,1787736600077000000,3
workspaceModel.updates.precise.ms,1787736540076000000,1787736600077000000,289
workspaceModel.update.unloaded.entities.ms,1787736540076000000,1787736600077000000,0
workspaceModel.loading.from.cache.ms,1787736540076000000,1787736600077000000,302
workspaceModel.check.recursive.update.ms,1787736540076000000,1787736600077000000,2
workspaceModel.pre.handlers.ms,1787736540076000000,1787736600077000000,0
workspaceModel.replace.project.model.ms,1787736540076000000,1787736600077000000,0
workspaceModel.updates.count,1787736540076000000,1787736600077000000,5
workspaceModel.updates.ms,1787736540076000000,1787736600077000000,396
workspaceModel.collect.changes.ms,1787736540076000000,1787736600077000000,0
workspaceModel.to.snapshot.ms,1787736540076000000,1787736600077000000,11
workspaceModel.init.bridges.ms,1787736540076000000,1787736600077000000,3
workspaceModel.loading.total.ms,1787736540076000000,1787736600077000000,318
FileNameCache.queries,1787736540076000000,1787736600077000000,0
FileNameCache.fastMisses,1787736540076000000,1787736600077000000,0
FileNameCache.totalMisses,1787736540076000000,1787736600077000000,0
JVM.maxHeapBytes,1787736540076000000,1787736600077000000,2147483648
JVM.threadCount,1787736540076000000,1787736600077000000,41
JVM.maxNativeBytes,1787736540076000000,1787736600077000000,-1
JVM.totalCpuTimeMs,1787736540076000000,1787736600077000000,4321
JVM.GC.collectionTimesMs,1787736540076000000,1787736600077000000,0
JVM.GC.collections,1787736540076000000,1787736600077000000,0
OS.loadAverage,1787736540076000000,1787736600077000000,4.12646484375
JVM.usedNativeBytes,1787736540076000000,1787736600077000000,406596912
JVM.usedHeapBytes,1787736540076000000,1787736600077000000,268737608
FilePageCache.totalPageLoadsUs,1787736540076000000,1787736600077000000,0
StreamlinedBlobStorage.totalLiveRecordsCapacityBytes,1787736540076000000,1787736600077000000,0
DirectByteBufferAllocator.totalSizeOfBuffersAllocatedInBytes,1787736540076000000,1787736600077000000,292634624
StorageLockContext.competingThreads.90P,1787736540076000000,1787736600077000000,0
DirectByteBufferAllocator.disposed,1787736540076000000,1787736600077000000,0
FilePageCache.maxCacheSizeInBytes,1787736540076000000,1787736600077000000,297877504
StorageLockContext.competingThreads.avg,1787736540076000000,1787736600077000000,0.0
DirectByteBufferAllocator.reclaimed,1787736540076000000,1787736600077000000,0
DirectByteBufferAllocator.hits,1787736540076000000,1787736600077000000,0
FilePageCache.pageFastCacheHits,1787736540076000000,1787736600077000000,0
FilePageCache.pageLoads,1787736540076000000,1787736600077000000,0
StreamlinedBlobStorage.totalLiveRecordsPayloadBytes,1787736540076000000,1787736600077000000,0
StreamlinedBlobStorage.recordsAllocated,1787736540076000000,1787736600077000000,0
FilePageCache.pageLoadsAboveSizeThreshold,1787736540076000000,1787736600077000000,0
DirectByteBufferAllocator.misses,1787736540076000000,1787736600077000000,0
FilePageCache.disposedBuffers,1787736540076000000,1787736600077000000,0
FilePageCache.pageHits,1787736540076000000,1787736600077000000,0
StorageLockContext.competingThreads.max,1787736540076000000,1787736600077000000,0
DirectByteBufferAllocator.totalSizeOfBuffersCachedInBytes,1787736540076000000,1787736600077000000,0
FilePageCache.capacityInBytes,1787736540076000000,1787736600077000000,524288000
StreamlinedBlobStorage.recordsDeleted,1787736540076000000,1787736600077000000,0
StreamlinedBlobStorage.recordsRelocated,1787736540076000000,1787736600077000000,0
FilePageCache.uncachedFileAccess,1787736540076000000,1787736600077000000,0
FilePageCache.maxRegisteredFiles,1787736540076000000,1787736600077000000,620
FilePageCache.totalPageDisposalsUs,1787736540076000000,1787736600077000000,0
Indexes.allKeys.lookupDurationAvgMs,1787736540076000000,1787736600077000000,0.0
VFSFlusher.totalContentionQuotaSpent,1787736540076000000,1787736600077000000,0
Indexes.entries.lookups,1787736540076000000,1787736600077000000,0.0
IndexesFlusher.totalFlushesRetried,1787736540076000000,1787736600077000000,0
IndexesFlusher.totalContentionQuotaSpent,1787736540076000000,1787736600077000000,0
VFSFlusher.totalFlushes,1787736540076000000,1787736600077000000,0
Indexes.stubs.lookupDuration90PMs,1787736540076000000,1787736600077000000,0.0
Indexes.allKeys.lookupDuration90PMs,1787736540076000000,1787736600077000000,0.0
Indexes.entries.lookupDurationAvgMs,1787736540076000000,1787736600077000000,0.0
Indexes.stubs.lookupDurationMaxMs,1787736540076000000,1787736600077000000,0.0
Indexes.stubs.lookups,1787736540076000000,1787736600077000000,0.0
Indexes.entries.lookupDurationMaxMs,1787736540076000000,1787736600077000000,0.0
IndexesFlusher.totalFlushes,1787736540076000000,1787736600077000000,176
Indexes.allKeys.lookups,1787736540076000000,1787736600077000000,0.0
IndexesFlusher.totalFlushingTimeUs,1787736540076000000,1787736600077000000,631591
VFSFlusher.totalFlushingTimeUs,1787736540076000000,1787736600077000000,0
Indexes.stubs.lookupDurationAvgMs,1787736540076000000,1787736600077000000,0.0
VFSFlusher.totalFlushesRetried,1787736540076000000,1787736600077000000,0
Indexes.allKeys.lookupDurationMaxMs,1787736540076000000,1787736600077000000,0.0
Indexes.entries.lookupDuration90PMs,1787736540076000000,1787736600077000000,0.0
jps.facet.change.listener.process.change.events.ms,1787736540076000000,1787736600077000000,0
workspaceModel.mutableEntityStorage.to.snapshot.ms,1787736540076000000,1787736600077000000,13
workspaceModel.mutableEntityStorage.remove.entity.ms,1787736540076000000,1787736600077000000,0
jps.library.entities.serializer.load.entities.ms,1787736540076000000,1787736600077000000,282
workspaceModel.moduleManagerBridge.load.all.modules.ms,1787736540076000000,1787736600077000000,133
jps.global.get.library.ms,1787736540076000000,1787736600077000000,0
jps.save.changed.project.entities.ms,1787736540076000000,1787736600077000000,5
workspaceModel.mutableEntityStorage.add.entity.ms,1787736540076000000,1787736600077000000,295
jps.library.entities.serializer.save.entities.ms,1787736540076000000,1787736600077000000,0
workspaceModel.global.updates.count,1787736540076000000,1787736600077000000,0
workspaceModel.moduleManagerBridge.build.module.graph.ms,1787736540076000000,1787736600077000000,1
workspaceModel.moduleBridge.before.changed.ms,1787736540076000000,1787736600077000000,0
jps.module.iml.entities.serializer.load.entities.ms,1787736540076000000,1787736600077000000,397
workspaceModel.sync.entities.ms,1787736540076000000,1787736600077000000,0
workspaceModel.moduleManagerBridge.get.modules.ms,1787736540076000000,1787736600077000000,4
jps.artifact.entities.serializer.load.entities.ms,1787736540076000000,1787736600077000000,0
jps.global.handle.before.change.events.ms,1787736540076000000,1787736600077000000,0
workspaceModel.mutableEntityStorage.entities.by.source.ms,1787736540076000000,1787736600077000000,17
workspaceModel.moduleBridge.update.option.ms,1787736540076000000,1787736600077000000,0
workspaceModel.global.updates.ms,1787736540076000000,1787736600077000000,0
workspaceModel.mutableEntityStorage.mutable.vfurl.index.ms,1787736540076000000,1787736600077000000,0
workspaceModel.mutableEntityStorage.resolve.ms,1787736540076000000,1787736600077000000,0
jps.apply.loaded.storage.ms,1787736540076000000,1787736600077000000,772
jps.facet.change.listener.before.change.events.ms,1787736540076000000,1787736600077000000,0
jps.load.project.to.empty.storage.ms,1787736540076000000,1787736600077000000,835
jps.global.get.libraries.ms,1787736540076000000,1787736600077000000,24
workspaceModel.delayed.project.synchronizer.sync.ms,1787736540076000000,1787736600077000000,1669
jps.reload.project.entities.ms,1787736540076000000,1787736600077000000,0
workspaceModel.global.apply.state.to.project.builder.ms,1787736540076000000,1787736600077000000,3
workspaceModel.global.apply.state.to.project.ms,1787736540076000000,1787736600077000000,48
workspaceModel.moduleManagerBridge.load.module.ms,1787736540076000000,1787736600077000000,0
workspaceModel.mutableEntityStorage.has.same.entities.ms,1787736540076000000,1787736600077000000,0
workspaceModel.mutableEntityStorage.collect.changes.ms,1787736540076000000,1787736600077000000,0
jps.project.serializers.save.ms,1787736540076000000,1787736600077000000,3
workspaceModel.mutableEntityStorage.referrers.ms,1787736540076000000,1787736600077000000,0
workspaceModel.moduleManagerBridge.create.module.instance.ms,1787736540076000000,1787736600077000000,0
workspaceModel.mutableEntityStorage.put.entity.ms,1787736540076000000,1787736600077000000,95
workspaceModel.mutableEntityStorage.entities.ms,1787736540076000000,1787736600077000000,1
workspaceModel.load.cache.from.file.ms,1787736540076000000,1787736600077000000,300
jps.load.initial.state.ms,1787736540076000000,1787736600077000000,9
workspaceModel.mutableEntityStorage.modify.entity.ms,1787736540076000000,1787736600077000000,140
workspaceModel.moduleBridgeLoader.loading.modules.ms,1787736540076000000,1787736600077000000,862
jps.app.storage.content.writer.save.component.ms,1787736540076000000,1787736600077000000,0
jps.save.global.entities.ms,1787736540076000000,1787736600077000000,65
workspaceModel.moduleBridge.facet.initialization.ms,1787736540076000000,1787736600077000000,0
workspaceModel.orphan.listener.update.ms,1787736540076000000,1787736600077000000,19
jps.global.handle.changed.events.ms,1787736540076000000,1787736600077000000,0
jps.project.serializers.load.ms,1787736540076000000,1787736600077000000,736
jps.global.initialize.library.bridges.after.loading.ms,1787736540076000000,1787736600077000000,0
jps.storage.jps.conf.reader.load.component.ms,1787736540076000000,1787736600077000000,284
workspaceModel.moduleManagerBridge.newModule.ms,1787736540076000000,1787736600077000000,0
workspaceModel.mutableEntityStorage.add.diff.ms,1787736540076000000,1787736600077000000,210
workspaceModel.moduleManagerBridge.set.unloadedModules.ms,1787736540076000000,1787736600077000000,0
workspaceModel.moduleManagerBridge.new.nonPersistent.module.ms,1787736540076000000,1787736600077000000,0
jps.app.storage.content.reader.load.component.ms,1787736540076000000,1787736600077000000,0
jps.global.get.library.by.name.ms,1787736540076000000,1787736600077000000,0
jps.global.initialize.library.bridges.ms,1787736540076000000,1787736600077000000,0
workspaceModel.mutableEntityStorage.mutable.ext.mapping.ms,1787736540076000000,1787736600077000000,1
workspaceModel.mutableEntityStorage.replace.by.source.ms,1787736540076000000,1787736600077000000,270
jps.module.iml.entities.serializer.save.entities.ms,1787736540076000000,1787736600077000000,0
jps.facet.change.listener.init.bridge.ms,1787736540076000000,1787736600077000000,0
workspaceModel.save.cache.to.file.ms,1787736540076000000,1787736600077000000,575
jps.artifact.entities.serializer.save.entities.ms,1787736540076000000,1787736600077000000,0
AWTEventQueue.eventsDispatched,1787736540076000000,1787736600077000000,3254
NonBlockingReadAction.failedExecutionsCount,1787736540076000000,1787736600077000000,0
FlushQueue.waitingTimeAvgNs,1787736540076000000,1787736600077000000,245922.13333333333
AWTEventQueue.dispatchTime90PNs,1787736540076000000,1787736600077000000,203775
FlushQueue.queueSize90P,1787736540076000000,1787736600077000000,0
NonBlockingReadAction.finalizedExecutionsCount,1787736540076000000,1787736600077000000,0
FlushQueue.queueSizeMax,1787736540076000000,1787736600077000000,0
NonBlockingReadAction.finalizedExecutionTimeUs,1787736540076000000,1787736600077000000,0
NonBlockingReadAction.failedExecutionTimeUs,1787736540076000000,1787736600077000000,0
AWTEventQueue.dispatchTimeTotalNS,1787736540076000000,1787736600077000000,475095674
AWTEventQueue.dispatchTimeMaxNs,1787736540076000000,1787736600077000000,1548287
FlushQueue.executionTime90PNs,1787736540076000000,1787736600077000000,116223
FlushQueue.waitingTimeMaxNs,1787736540076000000,1787736600077000000,774143
FlushQueue.executionTimeAvgNs,1787736540076000000,1787736600077000000,86930.66666666667
AWTEventQueue.dispatchTimeAvgNs,1787736540076000000,1787736600077000000,145618.83712354026
FlushQueue.queueSizeAvg,1787736540076000000,1787736600077000000,0.0
FlushQueue.executionTimeMaxNs,1787736540076000000,1787736600077000000,1204223
FlushQueue.tasksExecuted,1787736540076000000,1787736600077000000,120
FlushQueue.waitingTime90PNs,1787736540076000000,1787736600077000000,405503
workspaceModel.initializing.ms,1787736600077000000,1787736660079000000,3
workspaceModel.updates.precise.ms,1787736600077000000,1787736660079000000,289
workspaceModel.update.unloaded.entities.ms,1787736600077000000,1787736660079000000,0
workspaceModel.loading.from.cache.ms,1787736600077000000,1787736660079000000,302
workspaceModel.check.recursive.update.ms,1787736600077000000,1787736660079000000,2
workspaceModel.pre.handlers.ms,1787736600077000000,1787736660079000000,0
workspaceModel.replace.project.model.ms,1787736600077000000,1787736660079000000,0
workspaceModel.updates.count,1787736600077000000,1787736660079000000,5
workspaceModel.updates.ms,1787736600077000000,1787736660079000000,396
workspaceModel.collect.changes.ms,1787736600077000000,1787736660079000000,0
workspaceModel.to.snapshot.ms,1787736600077000000,1787736660079000000,11
workspaceModel.init.bridges.ms,1787736600077000000,1787736660079000000,3
workspaceModel.loading.total.ms,1787736600077000000,1787736660079000000,318
FileNameCache.queries,1787736600077000000,1787736660079000000,105
FileNameCache.fastMisses,1787736600077000000,1787736660079000000,0
FileNameCache.totalMisses,1787736600077000000,1787736660079000000,0
JVM.maxHeapBytes,1787736600077000000,1787736660079000000,2147483648
JVM.threadCount,1787736600077000000,1787736660079000000,41
JVM.maxNativeBytes,1787736600077000000,1787736660079000000,-1
JVM.totalCpuTimeMs,1787736600077000000,1787736660079000000,4475
JVM.GC.collectionTimesMs,1787736600077000000,1787736660079000000,0
JVM.GC.collections,1787736600077000000,1787736660079000000,0
OS.loadAverage,1787736600077000000,1787736660079000000,4.044921875
JVM.usedNativeBytes,1787736600077000000,1787736660079000000,406616816
JVM.usedHeapBytes,1787736600077000000,1787736660079000000,311729224
FilePageCache.totalPageLoadsUs,1787736600077000000,1787736660079000000,0
StreamlinedBlobStorage.totalLiveRecordsCapacityBytes,1787736600077000000,1787736660079000000,0
DirectByteBufferAllocator.totalSizeOfBuffersAllocatedInBytes,1787736600077000000,1787736660079000000,292634624
StorageLockContext.competingThreads.90P,1787736600077000000,1787736660079000000,0
DirectByteBufferAllocator.disposed,1787736600077000000,1787736660079000000,0
FilePageCache.maxCacheSizeInBytes,1787736600077000000,1787736660079000000,297877504
StorageLockContext.competingThreads.avg,1787736600077000000,1787736660079000000,0.0
DirectByteBufferAllocator.reclaimed,1787736600077000000,1787736660079000000,0
DirectByteBufferAllocator.hits,1787736600077000000,1787736660079000000,0
FilePageCache.pageFastCacheHits,1787736600077000000,1787736660079000000,4
FilePageCache.pageLoads,1787736600077000000,1787736660079000000,0
StreamlinedBlobStorage.totalLiveRecordsPayloadBytes,1787736600077000000,1787736660079000000,0
StreamlinedBlobStorage.recordsAllocated,1787736600077000000,1787736660079000000,0
FilePageCache.pageLoadsAboveSizeThreshold,1787736600077000000,1787736660079000000,0
DirectByteBufferAllocator.misses,1787736600077000000,1787736660079000000,0
FilePageCache.disposedBuffers,1787736600077000000,1787736660079000000,0
FilePageCache.pageHits,1787736600077000000,1787736660079000000,0
StorageLockContext.competingThreads.max,1787736600077000000,1787736660079000000,0
DirectByteBufferAllocator.totalSizeOfBuffersCachedInBytes,1787736600077000000,1787736660079000000,0
FilePageCache.capacityInBytes,1787736600077000000,1787736660079000000,524288000
StreamlinedBlobStorage.recordsDeleted,1787736600077000000,1787736660079000000,0
StreamlinedBlobStorage.recordsRelocated,1787736600077000000,1787736660079000000,0
FilePageCache.uncachedFileAccess,1787736600077000000,1787736660079000000,0
FilePageCache.maxRegisteredFiles,1787736600077000000,1787736660079000000,620
FilePageCache.totalPageDisposalsUs,1787736600077000000,1787736660079000000,0
Indexes.allKeys.lookupDurationAvgMs,1787736600077000000,1787736660079000000,0.0
VFSFlusher.totalContentionQuotaSpent,1787736600077000000,1787736660079000000,0
Indexes.entries.lookups,1787736600077000000,1787736660079000000,0.0
IndexesFlusher.totalFlushesRetried,1787736600077000000,1787736660079000000,0
IndexesFlusher.totalContentionQuotaSpent,1787736600077000000,1787736660079000000,0
VFSFlusher.totalFlushes,1787736600077000000,1787736660079000000,0
Indexes.stubs.lookupDuration90PMs,1787736600077000000,1787736660079000000,0.0
Indexes.allKeys.lookupDuration90PMs,1787736600077000000,1787736660079000000,0.0
Indexes.entries.lookupDurationAvgMs,1787736600077000000,1787736660079000000,0.0
Indexes.stubs.lookupDurationMaxMs,1787736600077000000,1787736660079000000,0.0
Indexes.stubs.lookups,1787736600077000000,1787736660079000000,0.0
Indexes.entries.lookupDurationMaxMs,1787736600077000000,1787736660079000000,0.0
IndexesFlusher.totalFlushes,1787736600077000000,1787736660079000000,175
Indexes.allKeys.lookups,1787736600077000000,1787736660079000000,0.0
IndexesFlusher.totalFlushingTimeUs,1787736600077000000,1787736660079000000,678251
VFSFlusher.totalFlushingTimeUs,1787736600077000000,1787736660079000000,0
Indexes.stubs.lookupDurationAvgMs,1787736600077000000,1787736660079000000,0.0
VFSFlusher.totalFlushesRetried,1787736600077000000,1787736660079000000,0
Indexes.allKeys.lookupDurationMaxMs,1787736600077000000,1787736660079000000,0.0
Indexes.entries.lookupDuration90PMs,1787736600077000000,1787736660079000000,0.0
jps.facet.change.listener.process.change.events.ms,1787736600077000000,1787736660079000000,0
workspaceModel.mutableEntityStorage.to.snapshot.ms,1787736600077000000,1787736660079000000,13
workspaceModel.mutableEntityStorage.remove.entity.ms,1787736600077000000,1787736660079000000,0
jps.library.entities.serializer.load.entities.ms,1787736600077000000,1787736660079000000,282
workspaceModel.moduleManagerBridge.load.all.modules.ms,1787736600077000000,1787736660079000000,133
jps.global.get.library.ms,1787736600077000000,1787736660079000000,0
jps.save.changed.project.entities.ms,1787736600077000000,1787736660079000000,5
workspaceModel.mutableEntityStorage.add.entity.ms,1787736600077000000,1787736660079000000,295
jps.library.entities.serializer.save.entities.ms,1787736600077000000,1787736660079000000,0
workspaceModel.global.updates.count,1787736600077000000,1787736660079000000,0
workspaceModel.moduleManagerBridge.build.module.graph.ms,1787736600077000000,1787736660079000000,1
workspaceModel.moduleBridge.before.changed.ms,1787736600077000000,1787736660079000000,0
jps.module.iml.entities.serializer.load.entities.ms,1787736600077000000,1787736660079000000,397
workspaceModel.sync.entities.ms,1787736600077000000,1787736660079000000,0
workspaceModel.moduleManagerBridge.get.modules.ms,1787736600077000000,1787736660079000000,4
jps.artifact.entities.serializer.load.entities.ms,1787736600077000000,1787736660079000000,0
jps.global.handle.before.change.events.ms,1787736600077000000,1787736660079000000,0
workspaceModel.mutableEntityStorage.entities.by.source.ms,1787736600077000000,1787736660079000000,17
workspaceModel.moduleBridge.update.option.ms,1787736600077000000,1787736660079000000,0
workspaceModel.global.updates.ms,1787736600077000000,1787736660079000000,0
workspaceModel.mutableEntityStorage.mutable.vfurl.index.ms,1787736600077000000,1787736660079000000,0
workspaceModel.mutableEntityStorage.resolve.ms,1787736600077000000,1787736660079000000,0
jps.apply.loaded.storage.ms,1787736600077000000,1787736660079000000,772
jps.facet.change.listener.before.change.events.ms,1787736600077000000,1787736660079000000,0
jps.load.project.to.empty.storage.ms,1787736600077000000,1787736660079000000,835
jps.global.get.libraries.ms,1787736600077000000,1787736660079000000,25
workspaceModel.delayed.project.synchronizer.sync.ms,1787736600077000000,1787736660079000000,1669
jps.reload.project.entities.ms,1787736600077000000,1787736660079000000,0
workspaceModel.global.apply.state.to.project.builder.ms,1787736600077000000,1787736660079000000,3
workspaceModel.global.apply.state.to.project.ms,1787736600077000000,1787736660079000000,48
workspaceModel.moduleManagerBridge.load.module.ms,1787736600077000000,1787736660079000000,0
workspaceModel.mutableEntityStorage.has.same.entities.ms,1787736600077000000,1787736660079000000,0
workspaceModel.mutableEntityStorage.collect.changes.ms,1787736600077000000,1787736660079000000,0
jps.project.serializers.save.ms,1787736600077000000,1787736660079000000,3
workspaceModel.mutableEntityStorage.referrers.ms,1787736600077000000,1787736660079000000,0
workspaceModel.moduleManagerBridge.create.module.instance.ms,1787736600077000000,1787736660079000000,0
workspaceModel.mutableEntityStorage.put.entity.ms,1787736600077000000,1787736660079000000,95
workspaceModel.mutableEntityStorage.entities.ms,1787736600077000000,1787736660079000000,1
workspaceModel.load.cache.from.file.ms,1787736600077000000,1787736660079000000,300
jps.load.initial.state.ms,1787736600077000000,1787736660079000000,9
workspaceModel.mutableEntityStorage.modify.entity.ms,1787736600077000000,1787736660079000000,140
workspaceModel.moduleBridgeLoader.loading.modules.ms,1787736600077000000,1787736660079000000,862
jps.app.storage.content.writer.save.component.ms,1787736600077000000,1787736660079000000,0
jps.save.global.entities.ms,1787736600077000000,1787736660079000000,65
workspaceModel.moduleBridge.facet.initialization.ms,1787736600077000000,1787736660079000000,0
workspaceModel.orphan.listener.update.ms,1787736600077000000,1787736660079000000,19
jps.global.handle.changed.events.ms,1787736600077000000,1787736660079000000,0
jps.project.serializers.load.ms,1787736600077000000,1787736660079000000,736
jps.global.initialize.library.bridges.after.loading.ms,1787736600077000000,1787736660079000000,0
jps.storage.jps.conf.reader.load.component.ms,1787736600077000000,1787736660079000000,284
workspaceModel.moduleManagerBridge.newModule.ms,1787736600077000000,1787736660079000000,0
workspaceModel.mutableEntityStorage.add.diff.ms,1787736600077000000,1787736660079000000,210
workspaceModel.moduleManagerBridge.set.unloadedModules.ms,1787736600077000000,1787736660079000000,0
workspaceModel.moduleManagerBridge.new.nonPersistent.module.ms,1787736600077000000,1787736660079000000,0
jps.app.storage.content.reader.load.component.ms,1787736600077000000,1787736660079000000,0
jps.global.get.library.by.name.ms,1787736600077000000,1787736660079000000,0
jps.global.initialize.library.bridges.ms,1787736600077000000,1787736660079000000,0
workspaceModel.mutableEntityStorage.mutable.ext.mapping.ms,1787736600077000000,1787736660079000000,1
workspaceModel.mutableEntityStorage.replace.by.source.ms,1787736600077000000,1787736660079000000,270
jps.module.iml.entities.serializer.save.entities.ms,1787736600077000000,1787736660079000000,0
jps.facet.change.listener.init.bridge.ms,1787736600077000000,1787736660079000000,0
workspaceModel.save.cache.to.file.ms,1787736600077000000,1787736660079000000,575
jps.artifact.entities.serializer.save.entities.ms,1787736600077000000,1787736660079000000,0
AWTEventQueue.eventsDispatched,1787736600077000000,1787736660079000000,3252
NonBlockingReadAction.failedExecutionsCount,1787736600077000000,1787736660079000000,0
FlushQueue.waitingTimeAvgNs,1787736600077000000,1787736660079000000,238754.13333333333
AWTEventQueue.dispatchTime90PNs,1787736600077000000,1787736660079000000,203775
FlushQueue.queueSize90P,1787736600077000000,1787736660079000000,0
NonBlockingReadAction.finalizedExecutionsCount,1787736600077000000,1787736660079000000,3
FlushQueue.queueSizeMax,1787736600077000000,1787736660079000000,0
NonBlockingReadAction.finalizedExecutionTimeUs,1787736600077000000,1787736660079000000,40062
NonBlockingReadAction.failedExecutionTimeUs,1787736600077000000,1787736660079000000,0
AWTEventQueue.dispatchTimeTotalNS,1787736600077000000,1787736660079000000,478273064
AWTEventQueue.dispatchTimeMaxNs,1787736600077000000,1787736660079000000,5636095
FlushQueue.executionTime90PNs,1787736600077000000,1787736660079000000,116223
FlushQueue.waitingTimeMaxNs,1787736600077000000,1787736660079000000,1089535
FlushQueue.executionTimeAvgNs,1787736600077000000,1787736660079000000,80595.2
AWTEventQueue.dispatchTimeAvgNs,1787736600077000000,1787736660079000000,147028.88068880688
FlushQueue.queueSizeAvg,1787736600077000000,1787736660079000000,0.0
FlushQueue.executionTimeMaxNs,1787736600077000000,1787736660079000000,892927
FlushQueue.tasksExecuted,1787736600077000000,1787736660079000000,120
FlushQueue.waitingTime90PNs,1787736600077000000,1787736660079000000,329727
workspaceModel.initializing.ms,1787736660079000000,1787736720083000000,3
workspaceModel.updates.precise.ms,1787736660079000000,1787736720083000000,289
workspaceModel.update.unloaded.entities.ms,1787736660079000000,1787736720083000000,0
workspaceModel.loading.from.cache.ms,1787736660079000000,1787736720083000000,302
workspaceModel.check.recursive.update.ms,1787736660079000000,1787736720083000000,2
workspaceModel.pre.handlers.ms,1787736660079000000,1787736720083000000,0
workspaceModel.replace.project.model.ms,1787736660079000000,1787736720083000000,0
workspaceModel.updates.count,1787736660079000000,1787736720083000000,5
workspaceModel.updates.ms,1787736660079000000,1787736720083000000,396
workspaceModel.collect.changes.ms,1787736660079000000,1787736720083000000,0
workspaceModel.to.snapshot.ms,1787736660079000000,1787736720083000000,11
workspaceModel.init.bridges.ms,1787736660079000000,1787736720083000000,3
workspaceModel.loading.total.ms,1787736660079000000,1787736720083000000,318
FileNameCache.queries,1787736660079000000,1787736720083000000,1075
FileNameCache.fastMisses,1787736660079000000,1787736720083000000,7
FileNameCache.totalMisses,1787736660079000000,1787736720083000000,0
JVM.maxHeapBytes,1787736660079000000,1787736720083000000,2147483648
JVM.threadCount,1787736660079000000,1787736720083000000,54
JVM.maxNativeBytes,1787736660079000000,1787736720083000000,-1
JVM.totalCpuTimeMs,1787736660079000000,1787736720083000000,8306
JVM.GC.collectionTimesMs,1787736660079000000,1787736720083000000,36
JVM.GC.collections,1787736660079000000,1787736720083000000,3
OS.loadAverage,1787736660079000000,1787736720083000000,4.13916015625
JVM.usedNativeBytes,1787736660079000000,1787736720083000000,407650648
JVM.usedHeapBytes,1787736660079000000,1787736720083000000,192059608
FilePageCache.totalPageLoadsUs,1787736660079000000,1787736720083000000,0
StreamlinedBlobStorage.totalLiveRecordsCapacityBytes,1787736660079000000,1787736720083000000,0
DirectByteBufferAllocator.totalSizeOfBuffersAllocatedInBytes,1787736660079000000,1787736720083000000,292634624
StorageLockContext.competingThreads.90P,1787736660079000000,1787736720083000000,0
DirectByteBufferAllocator.disposed,1787736660079000000,1787736720083000000,0
FilePageCache.maxCacheSizeInBytes,1787736660079000000,1787736720083000000,297877504
StorageLockContext.competingThreads.avg,1787736660079000000,1787736720083000000,0.0
DirectByteBufferAllocator.reclaimed,1787736660079000000,1787736720083000000,0
DirectByteBufferAllocator.hits,1787736660079000000,1787736720083000000,0
FilePageCache.pageFastCacheHits,1787736660079000000,1787736720083000000,0
FilePageCache.pageLoads,1787736660079000000,1787736720083000000,0
StreamlinedBlobStorage.totalLiveRecordsPayloadBytes,1787736660079000000,1787736720083000000,0
StreamlinedBlobStorage.recordsAllocated,1787736660079000000,1787736720083000000,0
FilePageCache.pageLoadsAboveSizeThreshold,1787736660079000000,1787736720083000000,0
DirectByteBufferAllocator.misses,1787736660079000000,1787736720083000000,0
FilePageCache.disposedBuffers,1787736660079000000,1787736720083000000,0
FilePageCache.pageHits,1787736660079000000,1787736720083000000,0
StorageLockContext.competingThreads.max,1787736660079000000,1787736720083000000,0
DirectByteBufferAllocator.totalSizeOfBuffersCachedInBytes,1787736660079000000,1787736720083000000,0
FilePageCache.capacityInBytes,1787736660079000000,1787736720083000000,524288000
StreamlinedBlobStorage.recordsDeleted,1787736660079000000,1787736720083000000,0
StreamlinedBlobStorage.recordsRelocated,1787736660079000000,1787736720083000000,0
FilePageCache.uncachedFileAccess,1787736660079000000,1787736720083000000,0
FilePageCache.maxRegisteredFiles,1787736660079000000,1787736720083000000,620
FilePageCache.totalPageDisposalsUs,1787736660079000000,1787736720083000000,0
Indexes.allKeys.lookupDurationAvgMs,1787736660079000000,1787736720083000000,0.0
VFSFlusher.totalContentionQuotaSpent,1787736660079000000,1787736720083000000,0
Indexes.entries.lookups,1787736660079000000,1787736720083000000,0.0
IndexesFlusher.totalFlushesRetried,1787736660079000000,1787736720083000000,0
IndexesFlusher.totalContentionQuotaSpent,1787736660079000000,1787736720083000000,0
VFSFlusher.totalFlushes,1787736660079000000,1787736720083000000,0
Indexes.stubs.lookupDuration90PMs,1787736660079000000,1787736720083000000,41.0
Indexes.allKeys.lookupDuration90PMs,1787736660079000000,1787736720083000000,0.0
Indexes.entries.lookupDurationAvgMs,1787736660079000000,1787736720083000000,0.0
Indexes.stubs.lookupDurationMaxMs,1787736660079000000,1787736720083000000,41.0
Indexes.stubs.lookups,1787736660079000000,1787736720083000000,8.0
Indexes.entries.lookupDurationMaxMs,1787736660079000000,1787736720083000000,0.0
IndexesFlusher.totalFlushes,1787736660079000000,1787736720083000000,167
Indexes.allKeys.lookups,1787736660079000000,1787736720083000000,0.0
IndexesFlusher.totalFlushingTimeUs,1787736660079000000,1787736720083000000,867351
VFSFlusher.totalFlushingTimeUs,1787736660079000000,1787736720083000000,0
Indexes.stubs.lookupDurationAvgMs,1787736660079000000,1787736720083000000,6.875
VFSFlusher.totalFlushesRetried,1787736660079000000,1787736720083000000,0
Indexes.allKeys.lookupDurationMaxMs,1787736660079000000,1787736720083000000,0.0
Indexes.entries.lookupDuration90PMs,1787736660079000000,1787736720083000000,0.0
jps.facet.change.listener.process.change.events.ms,1787736660079000000,1787736720083000000,0
workspaceModel.mutableEntityStorage.to.snapshot.ms,1787736660079000000,1787736720083000000,13
workspaceModel.mutableEntityStorage.remove.entity.ms,1787736660079000000,1787736720083000000,0
jps.library.entities.serializer.load.entities.ms,1787736660079000000,1787736720083000000,282
workspaceModel.moduleManagerBridge.load.all.modules.ms,1787736660079000000,1787736720083000000,133
jps.global.get.library.ms,1787736660079000000,1787736720083000000,0
jps.save.changed.project.entities.ms,1787736660079000000,1787736720083000000,6
workspaceModel.mutableEntityStorage.add.entity.ms,1787736660079000000,1787736720083000000,295
jps.library.entities.serializer.save.entities.ms,1787736660079000000,1787736720083000000,0
workspaceModel.global.updates.count,1787736660079000000,1787736720083000000,0
workspaceModel.moduleManagerBridge.build.module.graph.ms,1787736660079000000,1787736720083000000,1
workspaceModel.moduleBridge.before.changed.ms,1787736660079000000,1787736720083000000,0
jps.module.iml.entities.serializer.load.entities.ms,1787736660079000000,1787736720083000000,397
workspaceModel.sync.entities.ms,1787736660079000000,1787736720083000000,0
workspaceModel.moduleManagerBridge.get.modules.ms,1787736660079000000,1787736720083000000,4
jps.artifact.entities.serializer.load.entities.ms,1787736660079000000,1787736720083000000,0
jps.global.handle.before.change.events.ms,1787736660079000000,1787736720083000000,0
workspaceModel.mutableEntityStorage.entities.by.source.ms,1787736660079000000,1787736720083000000,17
workspaceModel.moduleBridge.update.option.ms,1787736660079000000,1787736720083000000,0
workspaceModel.global.updates.ms,1787736660079000000,1787736720083000000,0
workspaceModel.mutableEntityStorage.mutable.vfurl.index.ms,1787736660079000000,1787736720083000000,0
workspaceModel.mutableEntityStorage.resolve.ms,1787736660079000000,1787736720083000000,0
jps.apply.loaded.storage.ms,1787736660079000000,1787736720083000000,772
jps.facet.change.listener.before.change.events.ms,1787736660079000000,1787736720083000000,0
jps.load.project.to.empty.storage.ms,1787736660079000000,1787736720083000000,835
jps.global.get.libraries.ms,1787736660079000000,1787736720083000000,25
workspaceModel.delayed.project.synchronizer.sync.ms,1787736660079000000,1787736720083000000,1669
jps.reload.project.entities.ms,1787736660079000000,1787736720083000000,0
workspaceModel.global.apply.state.to.project.builder.ms,1787736660079000000,1787736720083000000,3
workspaceModel.global.apply.state.to.project.ms,1787736660079000000,1787736720083000000,48
workspaceModel.moduleManagerBridge.load.module.ms,1787736660079000000,1787736720083000000,0
workspaceModel.mutableEntityStorage.has.same.entities.ms,1787736660079000000,1787736720083000000,0
workspaceModel.mutableEntityStorage.collect.changes.ms,1787736660079000000,1787736720083000000,0
jps.project.serializers.save.ms,1787736660079000000,1787736720083000000,3
workspaceModel.mutableEntityStorage.referrers.ms,1787736660079000000,1787736720083000000,0
workspaceModel.moduleManagerBridge.create.module.instance.ms,1787736660079000000,1787736720083000000,0
workspaceModel.mutableEntityStorage.put.entity.ms,1787736660079000000,1787736720083000000,95
workspaceModel.mutableEntityStorage.entities.ms,1787736660079000000,1787736720083000000,1
workspaceModel.load.cache.from.file.ms,1787736660079000000,1787736720083000000,300
jps.load.initial.state.ms,1787736660079000000,1787736720083000000,9
workspaceModel.mutableEntityStorage.modify.entity.ms,1787736660079000000,1787736720083000000,140
workspaceModel.moduleBridgeLoader.loading.modules.ms,1787736660079000000,1787736720083000000,862
jps.app.storage.content.writer.save.component.ms,1787736660079000000,1787736720083000000,0
jps.save.global.entities.ms,1787736660079000000,1787736720083000000,142
workspaceModel.moduleBridge.facet.initialization.ms,1787736660079000000,1787736720083000000,0
workspaceModel.orphan.listener.update.ms,1787736660079000000,1787736720083000000,19
jps.global.handle.changed.events.ms,1787736660079000000,1787736720083000000,0
jps.project.serializers.load.ms,1787736660079000000,1787736720083000000,736
jps.global.initialize.library.bridges.after.loading.ms,1787736660079000000,1787736720083000000,0
jps.storage.jps.conf.reader.load.component.ms,1787736660079000000,1787736720083000000,284
workspaceModel.moduleManagerBridge.newModule.ms,1787736660079000000,1787736720083000000,0
workspaceModel.mutableEntityStorage.add.diff.ms,1787736660079000000,1787736720083000000,210
workspaceModel.moduleManagerBridge.set.unloadedModules.ms,1787736660079000000,1787736720083000000,0
workspaceModel.moduleManagerBridge.new.nonPersistent.module.ms,1787736660079000000,1787736720083000000,0
jps.app.storage.content.reader.load.component.ms,1787736660079000000,1787736720083000000,0
jps.global.get.library.by.name.ms,1787736660079000000,1787736720083000000,0
jps.global.initialize.library.bridges.ms,1787736660079000000,1787736720083000000,0
workspaceModel.mutableEntityStorage.mutable.ext.mapping.ms,1787736660079000000,1787736720083000000,1
workspaceModel.mutableEntityStorage.replace.by.source.ms,1787736660079000000,1787736720083000000,270
jps.module.iml.entities.serializer.save.entities.ms,1787736660079000000,1787736720083000000,0
jps.facet.change.listener.init.bridge.ms,1787736660079000000,1787736720083000000,0
workspaceModel.save.cache.to.file.ms,1787736660079000000,1787736720083000000,575
jps.artifact.entities.serializer.save.entities.ms,1787736660079000000,1787736720083000000,0
AWTEventQueue.eventsDispatched,1787736660079000000,1787736720083000000,3433
NonBlockingReadAction.failedExecutionsCount,1787736660079000000,1787736720083000000,0
FlushQueue.waitingTimeAvgNs,1787736660079000000,1787736720083000000,5.2482239343589745E7
AWTEventQueue.dispatchTime90PNs,1787736660079000000,1787736720083000000,211967
FlushQueue.queueSize90P,1787736660079000000,1787736720083000000,7
NonBlockingReadAction.finalizedExecutionsCount,1787736660079000000,1787736720083000000,1
FlushQueue.queueSizeMax,1787736660079000000,1787736720083000000,17
NonBlockingReadAction.finalizedExecutionTimeUs,1787736660079000000,1787736720083000000,98
NonBlockingReadAction.failedExecutionTimeUs,1787736660079000000,1787736720083000000,0
AWTEventQueue.dispatchTimeTotalNS,1787736660079000000,1787736720083000000,3562676113
AWTEventQueue.dispatchTimeMaxNs,1787736660079000000,1787736720083000000,855638015
FlushQueue.executionTime90PNs,1787736660079000000,1787736720083000000,4030463
FlushQueue.waitingTimeMaxNs,1787736660079000000,1787736720083000000,889192447
FlushQueue.executionTimeAvgNs,1787736660079000000,1787736720083000000,1715105.435897436
AWTEventQueue.dispatchTimeAvgNs,1787736660079000000,1787736720083000000,1036888.5825808331
FlushQueue.queueSizeAvg,1787736660079000000,1787736720083000000,1.7076923076923076
FlushQueue.executionTimeMaxNs,1787736660079000000,1787736720083000000,40632319
FlushQueue.tasksExecuted,1787736660079000000,1787736720083000000,195
FlushQueue.waitingTime90PNs,1787736660079000000,1787736720083000000,108527615
workspaceModel.initializing.ms,1787736720083000000,1787736741034000000,3
workspaceModel.updates.precise.ms,1787736720083000000,1787736741034000000,289
workspaceModel.update.unloaded.entities.ms,1787736720083000000,1787736741034000000,0
workspaceModel.loading.from.cache.ms,1787736720083000000,1787736741034000000,302
workspaceModel.check.recursive.update.ms,1787736720083000000,1787736741034000000,2
workspaceModel.pre.handlers.ms,1787736720083000000,1787736741034000000,0
workspaceModel.replace.project.model.ms,1787736720083000000,1787736741034000000,0
workspaceModel.updates.count,1787736720083000000,1787736741034000000,5
workspaceModel.updates.ms,1787736720083000000,1787736741034000000,396
workspaceModel.collect.changes.ms,1787736720083000000,1787736741034000000,0
workspaceModel.to.snapshot.ms,1787736720083000000,1787736741034000000,11
workspaceModel.init.bridges.ms,1787736720083000000,1787736741034000000,3
workspaceModel.loading.total.ms,1787736720083000000,1787736741034000000,318
FileNameCache.queries,1787736720083000000,1787736741034000000,426
FileNameCache.fastMisses,1787736720083000000,1787736741034000000,33
FileNameCache.totalMisses,1787736720083000000,1787736741034000000,0
JVM.maxHeapBytes,1787736720083000000,1787736741034000000,2147483648
JVM.threadCount,1787736720083000000,1787736741034000000,73
JVM.maxNativeBytes,1787736720083000000,1787736741034000000,-1
JVM.totalCpuTimeMs,1787736720083000000,1787736741034000000,1650
JVM.GC.collectionTimesMs,1787736720083000000,1787736741034000000,0
JVM.GC.collections,1787736720083000000,1787736741034000000,0
OS.loadAverage,1787736720083000000,1787736741034000000,4.685546875
JVM.usedNativeBytes,1787736720083000000,1787736741034000000,408009104
JVM.usedHeapBytes,1787736720083000000,1787736741034000000,219322584
FilePageCache.totalPageLoadsUs,1787736720083000000,1787736741034000000,0
DirectByteBufferAllocator.totalSizeOfBuffersAllocatedInBytes,1787736720083000000,1787736741034000000,54607872
StorageLockContext.competingThreads.90P,1787736720083000000,1787736741034000000,0
DirectByteBufferAllocator.disposed,1787736720083000000,1787736741034000000,227
FilePageCache.maxCacheSizeInBytes,1787736720083000000,1787736741034000000,297877504
StorageLockContext.competingThreads.avg,1787736720083000000,1787736741034000000,0.0
DirectByteBufferAllocator.reclaimed,1787736720083000000,1787736741034000000,51
DirectByteBufferAllocator.hits,1787736720083000000,1787736741034000000,0
FilePageCache.pageFastCacheHits,1787736720083000000,1787736741034000000,81
FilePageCache.pageLoads,1787736720083000000,1787736741034000000,0
FilePageCache.pageLoadsAboveSizeThreshold,1787736720083000000,1787736741034000000,0
DirectByteBufferAllocator.misses,1787736720083000000,1787736741034000000,0
FilePageCache.disposedBuffers,1787736720083000000,1787736741034000000,278
FilePageCache.pageHits,1787736720083000000,1787736741034000000,0
StorageLockContext.competingThreads.max,1787736720083000000,1787736741034000000,0
DirectByteBufferAllocator.totalSizeOfBuffersCachedInBytes,1787736720083000000,1787736741034000000,52510720
FilePageCache.capacityInBytes,1787736720083000000,1787736741034000000,524288000
FilePageCache.uncachedFileAccess,1787736720083000000,1787736741034000000,0
FilePageCache.maxRegisteredFiles,1787736720083000000,1787736741034000000,620
FilePageCache.totalPageDisposalsUs,1787736720083000000,1787736741034000000,0
Indexes.allKeys.lookupDurationAvgMs,1787736720083000000,1787736741034000000,0.0
Indexes.entries.lookups,1787736720083000000,1787736741034000000,0.0
Indexes.stubs.lookupDuration90PMs,1787736720083000000,1787736741034000000,0.0
Indexes.allKeys.lookupDuration90PMs,1787736720083000000,1787736741034000000,0.0
Indexes.entries.lookupDurationAvgMs,1787736720083000000,1787736741034000000,0.0
Indexes.stubs.lookupDurationMaxMs,1787736720083000000,1787736741034000000,0.0
Indexes.stubs.lookups,1787736720083000000,1787736741034000000,0.0
Indexes.entries.lookupDurationMaxMs,1787736720083000000,1787736741034000000,0.0
Indexes.allKeys.lookups,1787736720083000000,1787736741034000000,0.0
Indexes.stubs.lookupDurationAvgMs,1787736720083000000,1787736741034000000,0.0
Indexes.allKeys.lookupDurationMaxMs,1787736720083000000,1787736741034000000,0.0
Indexes.entries.lookupDuration90PMs,1787736720083000000,1787736741034000000,0.0
jps.facet.change.listener.process.change.events.ms,1787736720083000000,1787736741034000000,0
workspaceModel.mutableEntityStorage.to.snapshot.ms,1787736720083000000,1787736741034000000,13
workspaceModel.mutableEntityStorage.remove.entity.ms,1787736720083000000,1787736741034000000,0
jps.library.entities.serializer.load.entities.ms,1787736720083000000,1787736741034000000,282
workspaceModel.moduleManagerBridge.load.all.modules.ms,1787736720083000000,1787736741034000000,133
jps.global.get.library.ms,1787736720083000000,1787736741034000000,0
jps.save.changed.project.entities.ms,1787736720083000000,1787736741034000000,6
workspaceModel.mutableEntityStorage.add.entity.ms,1787736720083000000,1787736741034000000,295
jps.library.entities.serializer.save.entities.ms,1787736720083000000,1787736741034000000,0
workspaceModel.global.updates.count,1787736720083000000,1787736741034000000,0
workspaceModel.moduleManagerBridge.build.module.graph.ms,1787736720083000000,1787736741034000000,1
workspaceModel.moduleBridge.before.changed.ms,1787736720083000000,1787736741034000000,0
jps.module.iml.entities.serializer.load.entities.ms,1787736720083000000,1787736741034000000,397
workspaceModel.sync.entities.ms,1787736720083000000,1787736741034000000,0
workspaceModel.moduleManagerBridge.get.modules.ms,1787736720083000000,1787736741034000000,4
jps.artifact.entities.serializer.load.entities.ms,1787736720083000000,1787736741034000000,0
jps.global.handle.before.change.events.ms,1787736720083000000,1787736741034000000,0
workspaceModel.mutableEntityStorage.entities.by.source.ms,1787736720083000000,1787736741034000000,17
workspaceModel.moduleBridge.update.option.ms,1787736720083000000,1787736741034000000,0
workspaceModel.global.updates.ms,1787736720083000000,1787736741034000000,0
workspaceModel.mutableEntityStorage.mutable.vfurl.index.ms,1787736720083000000,1787736741034000000,0
workspaceModel.mutableEntityStorage.resolve.ms,1787736720083000000,1787736741034000000,0
jps.apply.loaded.storage.ms,1787736720083000000,1787736741034000000,772
jps.facet.change.listener.before.change.events.ms,1787736720083000000,1787736741034000000,0
jps.load.project.to.empty.storage.ms,1787736720083000000,1787736741034000000,835
jps.global.get.libraries.ms,1787736720083000000,1787736741034000000,25
workspaceModel.delayed.project.synchronizer.sync.ms,1787736720083000000,1787736741034000000,1669
jps.reload.project.entities.ms,1787736720083000000,1787736741034000000,0
workspaceModel.global.apply.state.to.project.builder.ms,1787736720083000000,1787736741034000000,3
workspaceModel.global.apply.state.to.project.ms,1787736720083000000,1787736741034000000,48
workspaceModel.moduleManagerBridge.load.module.ms,1787736720083000000,1787736741034000000,0
workspaceModel.mutableEntityStorage.has.same.entities.ms,1787736720083000000,1787736741034000000,0
workspaceModel.mutableEntityStorage.collect.changes.ms,1787736720083000000,1787736741034000000,0
jps.project.serializers.save.ms,1787736720083000000,1787736741034000000,3
workspaceModel.mutableEntityStorage.referrers.ms,1787736720083000000,1787736741034000000,0
workspaceModel.moduleManagerBridge.create.module.instance.ms,1787736720083000000,1787736741034000000,0
workspaceModel.mutableEntityStorage.put.entity.ms,1787736720083000000,1787736741034000000,95
workspaceModel.mutableEntityStorage.entities.ms,1787736720083000000,1787736741034000000,1
workspaceModel.load.cache.from.file.ms,1787736720083000000,1787736741034000000,300
jps.load.initial.state.ms,1787736720083000000,1787736741034000000,9
workspaceModel.mutableEntityStorage.modify.entity.ms,1787736720083000000,1787736741034000000,140
workspaceModel.moduleBridgeLoader.loading.modules.ms,1787736720083000000,1787736741034000000,862
jps.app.storage.content.writer.save.component.ms,1787736720083000000,1787736741034000000,0
jps.save.global.entities.ms,1787736720083000000,1787736741034000000,142
workspaceModel.moduleBridge.facet.initialization.ms,1787736720083000000,1787736741034000000,0
workspaceModel.orphan.listener.update.ms,1787736720083000000,1787736741034000000,19
jps.global.handle.changed.events.ms,1787736720083000000,1787736741034000000,0
jps.project.serializers.load.ms,1787736720083000000,1787736741034000000,736
jps.global.initialize.library.bridges.after.loading.ms,1787736720083000000,1787736741034000000,0
jps.storage.jps.conf.reader.load.component.ms,1787736720083000000,1787736741034000000,284
workspaceModel.moduleManagerBridge.newModule.ms,1787736720083000000,1787736741034000000,0
workspaceModel.mutableEntityStorage.add.diff.ms,1787736720083000000,1787736741034000000,210
workspaceModel.moduleManagerBridge.set.unloadedModules.ms,1787736720083000000,1787736741034000000,0
workspaceModel.moduleManagerBridge.new.nonPersistent.module.ms,1787736720083000000,1787736741034000000,0
jps.app.storage.content.reader.load.component.ms,1787736720083000000,1787736741034000000,0
jps.global.get.library.by.name.ms,1787736720083000000,1787736741034000000,0
jps.global.initialize.library.bridges.ms,1787736720083000000,1787736741034000000,0
workspaceModel.mutableEntityStorage.mutable.ext.mapping.ms,1787736720083000000,1787736741034000000,1
workspaceModel.mutableEntityStorage.replace.by.source.ms,1787736720083000000,1787736741034000000,270
jps.module.iml.entities.serializer.save.entities.ms,1787736720083000000,1787736741034000000,0
jps.facet.change.listener.init.bridge.ms,1787736720083000000,1787736741034000000,0
workspaceModel.save.cache.to.file.ms,1787736720083000000,1787736741034000000,575
jps.artifact.entities.serializer.save.entities.ms,1787736720083000000,1787736741034000000,0
AWTEventQueue.eventsDispatched,1787736720083000000,1787736741034000000,1241
NonBlockingReadAction.failedExecutionsCount,1787736720083000000,1787736741034000000,0
FlushQueue.waitingTimeAvgNs,1787736720083000000,1787736741034000000,280270.0487804878
AWTEventQueue.dispatchTime90PNs,1787736720083000000,1787736741034000000,182271
FlushQueue.queueSize90P,1787736720083000000,1787736741034000000,0
NonBlockingReadAction.finalizedExecutionsCount,1787736720083000000,1787736741034000000,0
FlushQueue.queueSizeMax,1787736720083000000,1787736741034000000,0
NonBlockingReadAction.finalizedExecutionTimeUs,1787736720083000000,1787736741034000000,0
NonBlockingReadAction.failedExecutionTimeUs,1787736720083000000,1787736741034000000,0
AWTEventQueue.dispatchTimeTotalNS,1787736720083000000,1787736741034000000,137834672
AWTEventQueue.dispatchTimeMaxNs,1787736720083000000,1787736741034000000,4587519
FlushQueue.executionTime90PNs,1787736720083000000,1787736741034000000,226303
FlushQueue.waitingTimeMaxNs,1787736720083000000,1787736741034000000,1630207
FlushQueue.executionTimeAvgNs,1787736720083000000,1787736741034000000,126716.87804878049
AWTEventQueue.dispatchTimeAvgNs,1787736720083000000,1787736741034000000,110754.88799355358
FlushQueue.queueSizeAvg,1787736720083000000,1787736741034000000,0.0
FlushQueue.executionTimeMaxNs,1787736720083000000,1787736741034000000,868351
FlushQueue.tasksExecuted,1787736720083000000,1787736741034000000,41
FlushQueue.waitingTime90PNs,1787736720083000000,1787736741034000000,507903
