# OpenTelemetry Metrics report: .csv, 4 fields: 
# <metric name>, <period start, nanoseconds>, <period end, nanoseconds>, <metric value>
# See CsvMetricsExporter for details.
# 
# NAME, PERIOD_START_NANOS, PERIOD_END_NANOS, VALUE
NonBlockingReadAction.failedExecutionsCount,1787815513214000000,1787815573273000000,7
AWTEventQueue.dispatchTimeTotalNS,1787815513214000000,1787815573273000000,32685627541
FlushQueue.tasksExecuted,1787815513214000000,1787815573273000000,1561
AWTEventQueue.dispatchTimeAvgNs,1787815513214000000,1787815573273000000,1.9422253109922756E7
FlushQueue.queueSizeMax,1787815513214000000,1787815573273000000,118
FlushQueue.executionTime90PNs,1787815513214000000,1787815573273000000,8978431
FlushQueue.waitingTimeAvgNs,1787815513214000000,1787815573273000000,8.61769361376041E8
NonBlockingReadAction.finalizedExecutionsCount,1787815513214000000,1787815573273000000,59
FlushQueue.waitingTime90PNs,1787815513214000000,1787815573273000000,2365587455
FlushQueue.executionTimeAvgNs,1787815513214000000,1787815573273000000,8745344.445227418
FlushQueue.waitingTimeMaxNs,1787815513214000000,1787815573273000000,7180648447
FlushQueue.queueSize90P,1787815513214000000,1787815573273000000,82
NonBlockingReadAction.finalizedExecutionTimeUs,1787815513214000000,1787815573273000000,13167183
FlushQueue.queueSizeAvg,1787815513214000000,1787815573273000000,28.459961563100578
FlushQueue.executionTimeMaxNs,1787815513214000000,1787815573273000000,1468006399
NonBlockingReadAction.failedExecutionTimeUs,1787815513214000000,1787815573273000000,522976
AWTEventQueue.dispatchTimeMaxNs,1787815513214000000,1787815573273000000,4429185023
AWTEventQueue.dispatchTime90PNs,1787815513214000000,1787815573273000000,27918335
AWTEventQueue.eventsDispatched,1787815513214000000,1787815573273000000,1683
workspaceModel.moduleManagerBridge.new.nonPersistent.module.ms,1787815513214000000,1787815573273000000,0
jps.facet.change.listener.init.bridge.ms,1787815513214000000,1787815573273000000,0
jps.save.changed.project.entities.ms,1787815513214000000,1787815573273000000,0
workspaceModel.mutableEntityStorage.put.entity.ms,1787815513214000000,1787815573273000000,104
workspaceModel.moduleManagerBridge.load.all.modules.ms,1787815513214000000,1787815573273000000,172
jps.save.global.entities.ms,1787815513214000000,1787815573273000000,0
jps.global.handle.changed.events.ms,1787815513214000000,1787815573273000000,0
workspaceModel.moduleBridge.facet.initialization.ms,1787815513214000000,1787815573273000000,1
jps.global.get.library.ms,1787815513214000000,1787815573273000000,0
workspaceModel.moduleManagerBridge.newModule.ms,1787815513214000000,1787815573273000000,0
workspaceModel.mutableEntityStorage.resolve.ms,1787815513214000000,1787815573273000000,0
workspaceModel.moduleBridgeLoader.loading.modules.ms,1787815513214000000,1787815573273000000,1410
workspaceModel.global.apply.state.to.project.ms,1787815513214000000,1787815573273000000,50
jps.load.project.to.empty.storage.ms,1787815513214000000,1787815573273000000,916
jps.global.initialize.library.bridges.ms,1787815513214000000,1787815573273000000,0
jps.project.serializers.load.ms,1787815513214000000,1787815573273000000,305
workspaceModel.global.apply.state.to.project.builder.ms,1787815513214000000,1787815573273000000,6
workspaceModel.mutableEntityStorage.replace.by.source.ms,1787815513214000000,1787815573273000000,48
workspaceModel.delayed.project.synchronizer.sync.ms,1787815513214000000,1787815573273000000,2575
jps.storage.jps.conf.reader.load.component.ms,1787815513214000000,1787815573273000000,418
workspaceModel.moduleBridge.before.changed.ms,1787815513214000000,1787815573273000000,0
jps.global.get.library.by.name.ms,1787815513214000000,1787815573273000000,0
jps.global.get.libraries.ms,1787815513214000000,1787815573273000000,3
workspaceModel.moduleManagerBridge.build.module.graph.ms,1787815513214000000,1787815573273000000,2
jps.reload.project.entities.ms,1787815513214000000,1787815573273000000,0
workspaceModel.moduleManagerBridge.get.modules.ms,1787815513214000000,1787815573273000000,4
workspaceModel.moduleBridge.update.option.ms,1787815513214000000,1787815573273000000,0
jps.module.iml.entities.serializer.save.entities.ms,1787815513214000000,1787815573273000000,0
jps.facet.change.listener.process.change.events.ms,1787815513214000000,1787815573273000000,0
jps.project.serializers.save.ms,1787815513214000000,1787815573273000000,0
jps.artifact.entities.serializer.load.entities.ms,1787815513214000000,1787815573273000000,0
jps.app.storage.content.reader.load.component.ms,1787815513214000000,1787815573273000000,0
workspaceModel.moduleManagerBridge.create.module.instance.ms,1787815513214000000,1787815573273000000,0
jps.global.initialize.library.bridges.after.loading.ms,1787815513214000000,1787815573273000000,0
workspaceModel.moduleManagerBridge.set.unloadedModules.ms,1787815513214000000,1787815573273000000,0
jps.facet.change.listener.before.change.events.ms,1787815513214000000,1787815573273000000,0
workspaceModel.global.updates.ms,1787815513214000000,1787815573273000000,0
jps.library.entities.serializer.load.entities.ms,1787815513214000000,1787815573273000000,345
workspaceModel.mutableEntityStorage.mutable.vfurl.index.ms,1787815513214000000,1787815573273000000,0
workspaceModel.mutableEntityStorage.to.snapshot.ms,1787815513214000000,1787815573273000000,7
workspaceModel.sync.entities.ms,1787815513214000000,1787815573273000000,0
workspaceModel.load.cache.from.file.ms,1787815513214000000,1787815573273000000,242
workspaceModel.mutableEntityStorage.entities.ms,1787815513214000000,1787815573273000000,1
workspaceModel.mutableEntityStorage.add.diff.ms,1787815513214000000,1787815573273000000,90
workspaceModel.orphan.listener.update.ms,1787815513214000000,1787815573273000000,4
workspaceModel.mutableEntityStorage.collect.changes.ms,1787815513214000000,1787815573273000000,0
workspaceModel.mutableEntityStorage.mutable.ext.mapping.ms,1787815513214000000,1787815573273000000,0
workspaceModel.save.cache.to.file.ms,1787815513214000000,1787815573273000000,973
workspaceModel.mutableEntityStorage.has.same.entities.ms,1787815513214000000,1787815573273000000,0
workspaceModel.moduleManagerBridge.load.module.ms,1787815513214000000,1787815573273000000,0
jps.global.handle.before.change.events.ms,1787815513214000000,1787815573273000000,0
workspaceModel.global.updates.count,1787815513214000000,1787815573273000000,0
workspaceModel.mutableEntityStorage.add.entity.ms,1787815513214000000,1787815573273000000,340
workspaceModel.mutableEntityStorage.modify.entity.ms,1787815513214000000,1787815573273000000,25
workspaceModel.mutableEntityStorage.remove.entity.ms,1787815513214000000,1787815573273000000,0
jps.load.initial.state.ms,1787815513214000000,1787815573273000000,17
workspaceModel.mutableEntityStorage.referrers.ms,1787815513214000000,1787815573273000000,0
jps.module.iml.entities.serializer.load.entities.ms,1787815513214000000,1787815573273000000,322
jps.artifact.entities.serializer.save.entities.ms,1787815513214000000,1787815573273000000,0
workspaceModel.mutableEntityStorage.entities.by.source.ms,1787815513214000000,1787815573273000000,1
jps.library.entities.serializer.save.entities.ms,1787815513214000000,1787815573273000000,0
jps.apply.loaded.storage.ms,1787815513214000000,1787815573273000000,1633
OS.loadAverage,1787815513214000000,1787815573273000000,10.50390625
JVM.GC.collections,1787815513214000000,1787815573273000000,42
JVM.usedHeapBytes,1787815513214000000,1787815573273000000,205314592
JVM.GC.collectionTimesMs,1787815513214000000,1787815573273000000,416
JVM.maxNativeBytes,1787815513214000000,1787815573273000000,-1
JVM.usedNativeBytes,1787815513214000000,1787815573273000000,348200224
JVM.threadCount,1787815513214000000,1787815573273000000,136
JVM.totalCpuTimeMs,1787815513214000000,1787815573273000000,97027
JVM.maxHeapBytes,1787815513214000000,1787815573273000000,2147483648
Indexes.entries.lookupDurationMaxMs,1787815513214000000,1787815573273000000,327.0
Indexes.stubs.lookups,1787815513214000000,1787815573273000000,36.0
Indexes.entries.lookupDuration90PMs,1787815513214000000,1787815573273000000,22.0
Indexes.stubs.lookupDuration90PMs,1787815513214000000,1787815573273000000,15.0
Indexes.allKeys.lookups,1787815513214000000,1787815573273000000,0.0
IndexesFlusher.totalContentionQuotaSpent,1787815513214000000,1787815573273000000,188
Indexes.stubs.lookupDurationMaxMs,1787815513214000000,1787815573273000000,25.0
Indexes.entries.lookups,1787815513214000000,1787815573273000000,50.0
VFSFlusher.totalFlushes,1787815513214000000,1787815573273000000,2
Indexes.stubs.lookupDurationAvgMs,1787815513214000000,1787815573273000000,5.722222222222222
Indexes.allKeys.lookupDuration90PMs,1787815513214000000,1787815573273000000,0.0
Indexes.allKeys.lookupDurationMaxMs,1787815513214000000,1787815573273000000,0.0
Indexes.entries.lookupDurationAvgMs,1787815513214000000,1787815573273000000,18.62
IndexesFlusher.totalFlushesRetried,1787815513214000000,1787815573273000000,4
IndexesFlusher.totalFlushingTimeUs,1787815513214000000,1787815573273000000,3119889
VFSFlusher.totalFlushesRetried,1787815513214000000,1787815573273000000,0
VFSFlusher.totalFlushingTimeUs,1787815513214000000,1787815573273000000,20307
VFSFlusher.totalContentionQuotaSpent,1787815513214000000,1787815573273000000,0
Indexes.allKeys.lookupDurationAvgMs,1787815513214000000,1787815573273000000,0.0
IndexesFlusher.totalFlushes,1787815513214000000,1787815573273000000,187
FilePageCache.pageLoadsAboveSizeThreshold,1787815513214000000,1787815573273000000,0
StreamlinedBlobStorage.totalLiveRecordsPayloadBytes,1787815513214000000,1787815573273000000,325558
FilePageCache.maxRegisteredFiles,1787815513214000000,1787815573273000000,617
StorageLockContext.competingThreads.avg,1787815513214000000,1787815573273000000,0.07964601769911504
FilePageCache.pageHits,1787815513214000000,1787815573273000000,14
FilePageCache.capacityInBytes,1787815513214000000,1787815573273000000,524288000
StreamlinedBlobStorage.recordsDeleted,1787815513214000000,1787815573273000000,34
StreamlinedBlobStorage.totalLiveRecordsCapacityBytes,1787815513214000000,1787815573273000000,802940
StorageLockContext.competingThreads.max,1787815513214000000,1787815573273000000,9
DirectByteBufferAllocator.reclaimed,1787815513214000000,1787815573273000000,3
StreamlinedBlobStorage.recordsRelocated,1787815513214000000,1787815573273000000,0
FilePageCache.totalPageLoadsUs,1787815513214000000,1787815573273000000,542875
FilePageCache.maxCacheSizeInBytes,1787815513214000000,1787815573273000000,266485760
StreamlinedBlobStorage.recordsAllocated,1787815513214000000,1787815573273000000,11142
FilePageCache.disposedBuffers,1787815513214000000,1787815573273000000,3
DirectByteBufferAllocator.disposed,1787815513214000000,1787815573273000000,0
DirectByteBufferAllocator.hits,1787815513214000000,1787815573273000000,3
FilePageCache.pageFastCacheHits,1787815513214000000,1787815573273000000,34259
DirectByteBufferAllocator.misses,1787815513214000000,1787815573273000000,263
StorageLockContext.competingThreads.90P,1787815513214000000,1787815573273000000,0
DirectByteBufferAllocator.totalSizeOfBuffersCachedInBytes,1787815513214000000,1787815573273000000,0
FilePageCache.uncachedFileAccess,1787815513214000000,1787815573273000000,139
FilePageCache.totalPageDisposalsUs,1787815513214000000,1787815573273000000,22635
FilePageCache.pageLoads,1787815513214000000,1787815573273000000,266
DirectByteBufferAllocator.totalSizeOfBuffersAllocatedInBytes,1787815513214000000,1787815573273000000,266485760
FileNameCache.fastMisses,1787815513214000000,1787815573273000000,22203
FileNameCache.totalMisses,1787815513214000000,1787815573273000000,7622
FileNameCache.queries,1787815513214000000,1787815573273000000,390443
workspaceModel.replace.project.model.ms,1787815513214000000,1787815573273000000,0
workspaceModel.loading.total.ms,1787815513214000000,1787815573273000000,268
workspaceModel.pre.handlers.ms,1787815513214000000,1787815573273000000,2
workspaceModel.update.unloaded.entities.ms,1787815513214000000,1787815573273000000,0
workspaceModel.to.snapshot.ms,1787815513214000000,1787815573273000000,7
workspaceModel.updates.ms,1787815513214000000,1787815573273000000,133
workspaceModel.collect.changes.ms,1787815513214000000,1787815573273000000,0
workspaceModel.updates.precise.ms,1787815513214000000,1787815573273000000,66
workspaceModel.updates.count,1787815513214000000,1787815573273000000,5
workspaceModel.init.bridges.ms,1787815513214000000,1787815573273000000,3
workspaceModel.check.recursive.update.ms,1787815513214000000,1787815573273000000,1
workspaceModel.loading.from.cache.ms,1787815513214000000,1787815573273000000,248
workspaceModel.initializing.ms,1787815513214000000,1787815573273000000,3
NonBlockingReadAction.failedExecutionsCount,1787815573273000000,1787815633245000000,0
AWTEventQueue.dispatchTimeTotalNS,1787815573273000000,1787815633245000000,4079982581
FlushQueue.tasksExecuted,1787815573273000000,1787815633245000000,358
AWTEventQueue.dispatchTimeAvgNs,1787815573273000000,1787815633245000000,1.041701300831025E7
FlushQueue.queueSizeMax,1787815573273000000,1787815633245000000,10
FlushQueue.executionTime90PNs,1787815573273000000,1787815633245000000,2686975
FlushQueue.waitingTimeAvgNs,1787815573273000000,1787815633245000000,3.0613211888268158E7
NonBlockingReadAction.finalizedExecutionsCount,1787815573273000000,1787815633245000000,1
FlushQueue.waitingTime90PNs,1787815573273000000,1787815633245000000,50855935
FlushQueue.executionTimeAvgNs,1787815573273000000,1787815633245000000,1872576.2988826816
FlushQueue.waitingTimeMaxNs,1787815573273000000,1787815633245000000,708837375
FlushQueue.queueSize90P,1787815573273000000,1787815633245000000,3
NonBlockingReadAction.finalizedExecutionTimeUs,1787815573273000000,1787815633245000000,78
FlushQueue.queueSizeAvg,1787815573273000000,1787815633245000000,0.7011173184357542
FlushQueue.executionTimeMaxNs,1787815573273000000,1787815633245000000,310378495
NonBlockingReadAction.failedExecutionTimeUs,1787815573273000000,1787815633245000000,0
AWTEventQueue.dispatchTimeMaxNs,1787815573273000000,1787815633245000000,316669951
AWTEventQueue.dispatchTime90PNs,1787815573273000000,1787815633245000000,8781823
AWTEventQueue.eventsDispatched,1787815573273000000,1787815633245000000,361
workspaceModel.moduleManagerBridge.new.nonPersistent.module.ms,1787815573273000000,1787815633245000000,0
jps.facet.change.listener.init.bridge.ms,1787815573273000000,1787815633245000000,0
jps.save.changed.project.entities.ms,1787815573273000000,1787815633245000000,5
workspaceModel.mutableEntityStorage.put.entity.ms,1787815573273000000,1787815633245000000,104
workspaceModel.moduleManagerBridge.load.all.modules.ms,1787815573273000000,1787815633245000000,172
jps.save.global.entities.ms,1787815573273000000,1787815633245000000,114
jps.global.handle.changed.events.ms,1787815573273000000,1787815633245000000,0
workspaceModel.moduleBridge.facet.initialization.ms,1787815573273000000,1787815633245000000,1
jps.global.get.library.ms,1787815573273000000,1787815633245000000,0
workspaceModel.moduleManagerBridge.newModule.ms,1787815573273000000,1787815633245000000,0
workspaceModel.mutableEntityStorage.resolve.ms,1787815573273000000,1787815633245000000,0
workspaceModel.moduleBridgeLoader.loading.modules.ms,1787815573273000000,1787815633245000000,1410
workspaceModel.global.apply.state.to.project.ms,1787815573273000000,1787815633245000000,50
jps.load.project.to.empty.storage.ms,1787815573273000000,1787815633245000000,916
jps.global.initialize.library.bridges.ms,1787815573273000000,1787815633245000000,0
jps.project.serializers.load.ms,1787815573273000000,1787815633245000000,305
workspaceModel.global.apply.state.to.project.builder.ms,1787815573273000000,1787815633245000000,6
workspaceModel.mutableEntityStorage.replace.by.source.ms,1787815573273000000,1787815633245000000,48
workspaceModel.delayed.project.synchronizer.sync.ms,1787815573273000000,1787815633245000000,2575
jps.storage.jps.conf.reader.load.component.ms,1787815573273000000,1787815633245000000,418
workspaceModel.moduleBridge.before.changed.ms,1787815573273000000,1787815633245000000,0
jps.global.get.library.by.name.ms,1787815573273000000,1787815633245000000,0
jps.global.get.libraries.ms,1787815573273000000,1787815633245000000,3
workspaceModel.moduleManagerBridge.build.module.graph.ms,1787815573273000000,1787815633245000000,2
jps.reload.project.entities.ms,1787815573273000000,1787815633245000000,0
workspaceModel.moduleManagerBridge.get.modules.ms,1787815573273000000,1787815633245000000,4
workspaceModel.moduleBridge.update.option.ms,1787815573273000000,1787815633245000000,0
jps.module.iml.entities.serializer.save.entities.ms,1787815573273000000,1787815633245000000,0
jps.facet.change.listener.process.change.events.ms,1787815573273000000,1787815633245000000,0
jps.project.serializers.save.ms,1787815573273000000,1787815633245000000,4
jps.artifact.entities.serializer.load.entities.ms,1787815573273000000,1787815633245000000,0
jps.app.storage.content.reader.load.component.ms,1787815573273000000,1787815633245000000,0
workspaceModel.moduleManagerBridge.create.module.instance.ms,1787815573273000000,1787815633245000000,0
jps.global.initialize.library.bridges.after.loading.ms,1787815573273000000,1787815633245000000,0
workspaceModel.moduleManagerBridge.set.unloadedModules.ms,1787815573273000000,1787815633245000000,0
jps.facet.change.listener.before.change.events.ms,1787815573273000000,1787815633245000000,0
workspaceModel.global.updates.ms,1787815573273000000,1787815633245000000,0
jps.library.entities.serializer.load.entities.ms,1787815573273000000,1787815633245000000,345
jps.app.storage.content.writer.save.component.ms,1787815573273000000,1787815633245000000,0
workspaceModel.mutableEntityStorage.mutable.vfurl.index.ms,1787815573273000000,1787815633245000000,0
workspaceModel.mutableEntityStorage.to.snapshot.ms,1787815573273000000,1787815633245000000,7
workspaceModel.sync.entities.ms,1787815573273000000,1787815633245000000,0
workspaceModel.load.cache.from.file.ms,1787815573273000000,1787815633245000000,242
workspaceModel.mutableEntityStorage.entities.ms,1787815573273000000,1787815633245000000,1
workspaceModel.mutableEntityStorage.add.diff.ms,1787815573273000000,1787815633245000000,90
workspaceModel.orphan.listener.update.ms,1787815573273000000,1787815633245000000,4
workspaceModel.mutableEntityStorage.collect.changes.ms,1787815573273000000,1787815633245000000,0
workspaceModel.mutableEntityStorage.mutable.ext.mapping.ms,1787815573273000000,1787815633245000000,0
workspaceModel.save.cache.to.file.ms,1787815573273000000,1787815633245000000,973
workspaceModel.mutableEntityStorage.has.same.entities.ms,1787815573273000000,1787815633245000000,0
workspaceModel.moduleManagerBridge.load.module.ms,1787815573273000000,1787815633245000000,0
jps.global.handle.before.change.events.ms,1787815573273000000,1787815633245000000,0
workspaceModel.global.updates.count,1787815573273000000,1787815633245000000,0
workspaceModel.mutableEntityStorage.add.entity.ms,1787815573273000000,1787815633245000000,340
workspaceModel.mutableEntityStorage.modify.entity.ms,1787815573273000000,1787815633245000000,25
workspaceModel.mutableEntityStorage.remove.entity.ms,1787815573273000000,1787815633245000000,0
jps.load.initial.state.ms,1787815573273000000,1787815633245000000,17
workspaceModel.mutableEntityStorage.referrers.ms,1787815573273000000,1787815633245000000,0
jps.module.iml.entities.serializer.load.entities.ms,1787815573273000000,1787815633245000000,322
jps.artifact.entities.serializer.save.entities.ms,1787815573273000000,1787815633245000000,0
workspaceModel.mutableEntityStorage.entities.by.source.ms,1787815573273000000,1787815633245000000,1
jps.library.entities.serializer.save.entities.ms,1787815573273000000,1787815633245000000,0
jps.apply.loaded.storage.ms,1787815573273000000,1787815633245000000,1633
OS.loadAverage,1787815573273000000,1787815633245000000,6.294921875
JVM.GC.collections,1787815573273000000,1787815633245000000,1
JVM.usedHeapBytes,1787815573273000000,1787815633245000000,236038896
JVM.GC.collectionTimesMs,1787815573273000000,1787815633245000000,55
JVM.maxNativeBytes,1787815573273000000,1787815633245000000,-1
JVM.usedNativeBytes,1787815573273000000,1787815633245000000,351667912
JVM.threadCount,1787815573273000000,1787815633245000000,68
JVM.totalCpuTimeMs,1787815573273000000,1787815633245000000,11093
JVM.maxHeapBytes,1787815573273000000,1787815633245000000,2147483648
Indexes.entries.lookupDurationMaxMs,1787815573273000000,1787815633245000000,0.0
Indexes.stubs.lookups,1787815573273000000,1787815633245000000,0.0
Indexes.entries.lookupDuration90PMs,1787815573273000000,1787815633245000000,0.0
Indexes.stubs.lookupDuration90PMs,1787815573273000000,1787815633245000000,0.0
Indexes.allKeys.lookups,1787815573273000000,1787815633245000000,0.0
IndexesFlusher.totalContentionQuotaSpent,1787815573273000000,1787815633245000000,0
Indexes.stubs.lookupDurationMaxMs,1787815573273000000,1787815633245000000,0.0
Indexes.entries.lookups,1787815573273000000,1787815633245000000,0.0
VFSFlusher.totalFlushes,1787815573273000000,1787815633245000000,0
Indexes.stubs.lookupDurationAvgMs,1787815573273000000,1787815633245000000,0.0
Indexes.allKeys.lookupDuration90PMs,1787815573273000000,1787815633245000000,0.0
Indexes.allKeys.lookupDurationMaxMs,1787815573273000000,1787815633245000000,0.0
Indexes.entries.lookupDurationAvgMs,1787815573273000000,1787815633245000000,0.0
IndexesFlusher.totalFlushesRetried,1787815573273000000,1787815633245000000,0
IndexesFlusher.totalFlushingTimeUs,1787815573273000000,1787815633245000000,1110399
VFSFlusher.totalFlushesRetried,1787815573273000000,1787815633245000000,0
VFSFlusher.totalFlushingTimeUs,1787815573273000000,1787815633245000000,0
VFSFlusher.totalContentionQuotaSpent,1787815573273000000,1787815633245000000,0
Indexes.allKeys.lookupDurationAvgMs,1787815573273000000,1787815633245000000,0.0
IndexesFlusher.totalFlushes,1787815573273000000,1787815633245000000,231
FilePageCache.pageLoadsAboveSizeThreshold,1787815573273000000,1787815633245000000,0
StreamlinedBlobStorage.totalLiveRecordsPayloadBytes,1787815573273000000,1787815633245000000,0
FilePageCache.maxRegisteredFiles,1787815573273000000,1787815633245000000,617
StorageLockContext.competingThreads.avg,1787815573273000000,1787815633245000000,0.008403361344537815
FilePageCache.pageHits,1787815573273000000,1787815633245000000,0
FilePageCache.capacityInBytes,1787815573273000000,1787815633245000000,524288000
StreamlinedBlobStorage.recordsDeleted,1787815573273000000,1787815633245000000,0
StreamlinedBlobStorage.totalLiveRecordsCapacityBytes,1787815573273000000,1787815633245000000,0
StorageLockContext.competingThreads.max,1787815573273000000,1787815633245000000,1
DirectByteBufferAllocator.reclaimed,1787815573273000000,1787815633245000000,0
StreamlinedBlobStorage.recordsRelocated,1787815573273000000,1787815633245000000,0
FilePageCache.totalPageLoadsUs,1787815573273000000,1787815633245000000,0
FilePageCache.maxCacheSizeInBytes,1787815573273000000,1787815633245000000,266485760
StreamlinedBlobStorage.recordsAllocated,1787815573273000000,1787815633245000000,0
FilePageCache.disposedBuffers,1787815573273000000,1787815633245000000,0
DirectByteBufferAllocator.disposed,1787815573273000000,1787815633245000000,0
DirectByteBufferAllocator.hits,1787815573273000000,1787815633245000000,0
FilePageCache.pageFastCacheHits,1787815573273000000,1787815633245000000,0
DirectByteBufferAllocator.misses,1787815573273000000,1787815633245000000,0
StorageLockContext.competingThreads.90P,1787815573273000000,1787815633245000000,0
DirectByteBufferAllocator.totalSizeOfBuffersCachedInBytes,1787815573273000000,1787815633245000000,0
FilePageCache.uncachedFileAccess,1787815573273000000,1787815633245000000,0
FilePageCache.totalPageDisposalsUs,1787815573273000000,1787815633245000000,0
FilePageCache.pageLoads,1787815573273000000,1787815633245000000,0
DirectByteBufferAllocator.totalSizeOfBuffersAllocatedInBytes,1787815573273000000,1787815633245000000,266485760
FileNameCache.fastMisses,1787815573273000000,1787815633245000000,176
FileNameCache.totalMisses,1787815573273000000,1787815633245000000,0
FileNameCache.queries,1787815573273000000,1787815633245000000,3536
workspaceModel.replace.project.model.ms,1787815573273000000,1787815633245000000,0
workspaceModel.loading.total.ms,1787815573273000000,1787815633245000000,268
workspaceModel.pre.handlers.ms,1787815573273000000,1787815633245000000,2
workspaceModel.update.unloaded.entities.ms,1787815573273000000,1787815633245000000,0
workspaceModel.to.snapshot.ms,1787815573273000000,1787815633245000000,7
workspaceModel.updates.ms,1787815573273000000,1787815633245000000,133
workspaceModel.collect.changes.ms,1787815573273000000,1787815633245000000,0
workspaceModel.updates.precise.ms,1787815573273000000,1787815633245000000,66
workspaceModel.updates.count,1787815573273000000,1787815633245000000,5
workspaceModel.init.bridges.ms,1787815573273000000,1787815633245000000,3
workspaceModel.check.recursive.update.ms,1787815573273000000,1787815633245000000,1
workspaceModel.loading.from.cache.ms,1787815573273000000,1787815633245000000,248
workspaceModel.initializing.ms,1787815573273000000,1787815633245000000,3
NonBlockingReadAction.failedExecutionsCount,1787815633245000000,1787815693247000000,0
AWTEventQueue.dispatchTimeTotalNS,1787815633245000000,1787815693247000000,131365789
FlushQueue.tasksExecuted,1787815633245000000,1787815693247000000,241
AWTEventQueue.dispatchTimeAvgNs,1787815633245000000,1787815693247000000,519265.13833992096
FlushQueue.queueSizeMax,1787815633245000000,1787815693247000000,0
FlushQueue.executionTime90PNs,1787815633245000000,1787815693247000000,165887
FlushQueue.waitingTimeAvgNs,1787815633245000000,1787815693247000000,623624.4979253112
NonBlockingReadAction.finalizedExecutionsCount,1787815633245000000,1787815693247000000,0
FlushQueue.waitingTime90PNs,1787815633245000000,1787815693247000000,868351
FlushQueue.executionTimeAvgNs,1787815633245000000,1787815693247000000,137167.53526970954
FlushQueue.waitingTimeMaxNs,1787815633245000000,1787815693247000000,10289151
FlushQueue.queueSize90P,1787815633245000000,1787815693247000000,0
NonBlockingReadAction.finalizedExecutionTimeUs,1787815633245000000,1787815693247000000,0
FlushQueue.queueSizeAvg,1787815633245000000,1787815693247000000,0.0
FlushQueue.executionTimeMaxNs,1787815633245000000,1787815693247000000,6356991
NonBlockingReadAction.failedExecutionTimeUs,1787815633245000000,1787815693247000000,0
AWTEventQueue.dispatchTimeMaxNs,1787815633245000000,1787815693247000000,6586367
AWTEventQueue.dispatchTime90PNs,1787815633245000000,1787815693247000000,761855
AWTEventQueue.eventsDispatched,1787815633245000000,1787815693247000000,253
workspaceModel.moduleManagerBridge.new.nonPersistent.module.ms,1787815633245000000,1787815693247000000,0
jps.facet.change.listener.init.bridge.ms,1787815633245000000,1787815693247000000,0
jps.save.changed.project.entities.ms,1787815633245000000,1787815693247000000,5
workspaceModel.mutableEntityStorage.put.entity.ms,1787815633245000000,1787815693247000000,104
workspaceModel.moduleManagerBridge.load.all.modules.ms,1787815633245000000,1787815693247000000,172
jps.save.global.entities.ms,1787815633245000000,1787815693247000000,114
jps.global.handle.changed.events.ms,1787815633245000000,1787815693247000000,0
workspaceModel.moduleBridge.facet.initialization.ms,1787815633245000000,1787815693247000000,1
jps.global.get.library.ms,1787815633245000000,1787815693247000000,0
workspaceModel.moduleManagerBridge.newModule.ms,1787815633245000000,1787815693247000000,0
workspaceModel.mutableEntityStorage.resolve.ms,1787815633245000000,1787815693247000000,0
workspaceModel.moduleBridgeLoader.loading.modules.ms,1787815633245000000,1787815693247000000,1410
workspaceModel.global.apply.state.to.project.ms,1787815633245000000,1787815693247000000,50
jps.load.project.to.empty.storage.ms,1787815633245000000,1787815693247000000,916
jps.global.initialize.library.bridges.ms,1787815633245000000,1787815693247000000,0
jps.project.serializers.load.ms,1787815633245000000,1787815693247000000,305
workspaceModel.global.apply.state.to.project.builder.ms,1787815633245000000,1787815693247000000,6
workspaceModel.mutableEntityStorage.replace.by.source.ms,1787815633245000000,1787815693247000000,48
workspaceModel.delayed.project.synchronizer.sync.ms,1787815633245000000,1787815693247000000,2575
jps.storage.jps.conf.reader.load.component.ms,1787815633245000000,1787815693247000000,418
workspaceModel.moduleBridge.before.changed.ms,1787815633245000000,1787815693247000000,0
jps.global.get.library.by.name.ms,1787815633245000000,1787815693247000000,0
jps.global.get.libraries.ms,1787815633245000000,1787815693247000000,3
workspaceModel.moduleManagerBridge.build.module.graph.ms,1787815633245000000,1787815693247000000,2
jps.reload.project.entities.ms,1787815633245000000,1787815693247000000,0
workspaceModel.moduleManagerBridge.get.modules.ms,1787815633245000000,1787815693247000000,4
workspaceModel.moduleBridge.update.option.ms,1787815633245000000,1787815693247000000,0
jps.module.iml.entities.serializer.save.entities.ms,1787815633245000000,1787815693247000000,0
jps.facet.change.listener.process.change.events.ms,1787815633245000000,1787815693247000000,0
jps.project.serializers.save.ms,1787815633245000000,1787815693247000000,4
jps.artifact.entities.serializer.load.entities.ms,1787815633245000000,1787815693247000000,0
jps.app.storage.content.reader.load.component.ms,1787815633245000000,1787815693247000000,0
workspaceModel.moduleManagerBridge.create.module.instance.ms,1787815633245000000,1787815693247000000,0
jps.global.initialize.library.bridges.after.loading.ms,1787815633245000000,1787815693247000000,0
workspaceModel.moduleManagerBridge.set.unloadedModules.ms,1787815633245000000,1787815693247000000,0
jps.facet.change.listener.before.change.events.ms,1787815633245000000,1787815693247000000,0
workspaceModel.global.updates.ms,1787815633245000000,1787815693247000000,0
jps.library.entities.serializer.load.entities.ms,1787815633245000000,1787815693247000000,345
jps.app.storage.content.writer.save.component.ms,1787815633245000000,1787815693247000000,0
workspaceModel.mutableEntityStorage.mutable.vfurl.index.ms,1787815633245000000,1787815693247000000,0
workspaceModel.mutableEntityStorage.to.snapshot.ms,1787815633245000000,1787815693247000000,7
workspaceModel.sync.entities.ms,1787815633245000000,1787815693247000000,0
workspaceModel.load.cache.from.file.ms,1787815633245000000,1787815693247000000,242
workspaceModel.mutableEntityStorage.entities.ms,1787815633245000000,1787815693247000000,1
workspaceModel.mutableEntityStorage.add.diff.ms,1787815633245000000,1787815693247000000,90
workspaceModel.orphan.listener.update.ms,1787815633245000000,1787815693247000000,4
workspaceModel.mutableEntityStorage.collect.changes.ms,1787815633245000000,1787815693247000000,0
workspaceModel.mutableEntityStorage.mutable.ext.mapping.ms,1787815633245000000,1787815693247000000,0
workspaceModel.save.cache.to.file.ms,1787815633245000000,1787815693247000000,973
workspaceModel.mutableEntityStorage.has.same.entities.ms,1787815633245000000,1787815693247000000,0
workspaceModel.moduleManagerBridge.load.module.ms,1787815633245000000,1787815693247000000,0
jps.global.handle.before.change.events.ms,1787815633245000000,1787815693247000000,0
workspaceModel.global.updates.count,1787815633245000000,1787815693247000000,0
workspaceModel.mutableEntityStorage.add.entity.ms,1787815633245000000,1787815693247000000,340
workspaceModel.mutableEntityStorage.modify.entity.ms,1787815633245000000,1787815693247000000,25
workspaceModel.mutableEntityStorage.remove.entity.ms,1787815633245000000,1787815693247000000,0
jps.load.initial.state.ms,1787815633245000000,1787815693247000000,17
workspaceModel.mutableEntityStorage.referrers.ms,1787815633245000000,1787815693247000000,0
jps.module.iml.entities.serializer.load.entities.ms,1787815633245000000,1787815693247000000,322
jps.artifact.entities.serializer.save.entities.ms,1787815633245000000,1787815693247000000,0
workspaceModel.mutableEntityStorage.entities.by.source.ms,1787815633245000000,1787815693247000000,1
jps.library.entities.serializer.save.entities.ms,1787815633245000000,1787815693247000000,0
jps.apply.loaded.storage.ms,1787815633245000000,1787815693247000000,1633
OS.loadAverage,1787815633245000000,1787815693247000000,6.74609375
JVM.GC.collections,1787815633245000000,1787815693247000000,0
JVM.usedHeapBytes,1787815633245000000,1787815693247000000,248621808
JVM.GC.collectionTimesMs,1787815633245000000,1787815693247000000,0
JVM.maxNativeBytes,1787815633245000000,1787815693247000000,-1
JVM.usedNativeBytes,1787815633245000000,1787815693247000000,352377880
JVM.threadCount,1787815633245000000,1787815693247000000,53
JVM.totalCpuTimeMs,1787815633245000000,1787815693247000000,2101
JVM.maxHeapBytes,1787815633245000000,1787815693247000000,2147483648
Indexes.entries.lookupDurationMaxMs,1787815633245000000,1787815693247000000,0.0
Indexes.stubs.lookups,1787815633245000000,1787815693247000000,0.0
Indexes.entries.lookupDuration90PMs,1787815633245000000,1787815693247000000,0.0
Indexes.stubs.lookupDuration90PMs,1787815633245000000,1787815693247000000,0.0
Indexes.allKeys.lookups,1787815633245000000,1787815693247000000,0.0
IndexesFlusher.totalContentionQuotaSpent,1787815633245000000,1787815693247000000,0
Indexes.stubs.lookupDurationMaxMs,1787815633245000000,1787815693247000000,0.0
Indexes.entries.lookups,1787815633245000000,1787815693247000000,0.0
VFSFlusher.totalFlushes,1787815633245000000,1787815693247000000,0
Indexes.stubs.lookupDurationAvgMs,1787815633245000000,1787815693247000000,0.0
Indexes.allKeys.lookupDuration90PMs,1787815633245000000,1787815693247000000,0.0
Indexes.allKeys.lookupDurationMaxMs,1787815633245000000,1787815693247000000,0.0
Indexes.entries.lookupDurationAvgMs,1787815633245000000,1787815693247000000,0.0
IndexesFlusher.totalFlushesRetried,1787815633245000000,1787815693247000000,0
IndexesFlusher.totalFlushingTimeUs,1787815633245000000,1787815693247000000,962343
VFSFlusher.totalFlushesRetried,1787815633245000000,1787815693247000000,0
VFSFlusher.totalFlushingTimeUs,1787815633245000000,1787815693247000000,0
VFSFlusher.totalContentionQuotaSpent,1787815633245000000,1787815693247000000,0
Indexes.allKeys.lookupDurationAvgMs,1787815633245000000,1787815693247000000,0.0
IndexesFlusher.totalFlushes,1787815633245000000,1787815693247000000,233
FilePageCache.pageLoadsAboveSizeThreshold,1787815633245000000,1787815693247000000,0
StreamlinedBlobStorage.totalLiveRecordsPayloadBytes,1787815633245000000,1787815693247000000,0
FilePageCache.maxRegisteredFiles,1787815633245000000,1787815693247000000,617
StorageLockContext.competingThreads.avg,1787815633245000000,1787815693247000000,0.0
FilePageCache.pageHits,1787815633245000000,1787815693247000000,0
FilePageCache.capacityInBytes,1787815633245000000,1787815693247000000,524288000
StreamlinedBlobStorage.recordsDeleted,1787815633245000000,1787815693247000000,0
StreamlinedBlobStorage.totalLiveRecordsCapacityBytes,1787815633245000000,1787815693247000000,0
StorageLockContext.competingThreads.max,1787815633245000000,1787815693247000000,0
DirectByteBufferAllocator.reclaimed,1787815633245000000,1787815693247000000,0
StreamlinedBlobStorage.recordsRelocated,1787815633245000000,1787815693247000000,0
FilePageCache.totalPageLoadsUs,1787815633245000000,1787815693247000000,0
FilePageCache.maxCacheSizeInBytes,1787815633245000000,1787815693247000000,266485760
StreamlinedBlobStorage.recordsAllocated,1787815633245000000,1787815693247000000,0
FilePageCache.disposedBuffers,1787815633245000000,1787815693247000000,0
DirectByteBufferAllocator.disposed,1787815633245000000,1787815693247000000,0
DirectByteBufferAllocator.hits,1787815633245000000,1787815693247000000,0
FilePageCache.pageFastCacheHits,1787815633245000000,1787815693247000000,0
DirectByteBufferAllocator.misses,1787815633245000000,1787815693247000000,0
StorageLockContext.competingThreads.90P,1787815633245000000,1787815693247000000,0
DirectByteBufferAllocator.totalSizeOfBuffersCachedInBytes,1787815633245000000,1787815693247000000,0
FilePageCache.uncachedFileAccess,1787815633245000000,1787815693247000000,0
FilePageCache.totalPageDisposalsUs,1787815633245000000,1787815693247000000,0
FilePageCache.pageLoads,1787815633245000000,1787815693247000000,0
DirectByteBufferAllocator.totalSizeOfBuffersAllocatedInBytes,1787815633245000000,1787815693247000000,266485760
FileNameCache.fastMisses,1787815633245000000,1787815693247000000,37
FileNameCache.totalMisses,1787815633245000000,1787815693247000000,0
FileNameCache.queries,1787815633245000000,1787815693247000000,2202
workspaceModel.replace.project.model.ms,1787815633245000000,1787815693247000000,0
workspaceModel.loading.total.ms,1787815633245000000,1787815693247000000,268
workspaceModel.pre.handlers.ms,1787815633245000000,1787815693247000000,2
workspaceModel.update.unloaded.entities.ms,1787815633245000000,1787815693247000000,0
workspaceModel.to.snapshot.ms,1787815633245000000,1787815693247000000,7
workspaceModel.updates.ms,1787815633245000000,1787815693247000000,133
workspaceModel.collect.changes.ms,1787815633245000000,1787815693247000000,0
workspaceModel.updates.precise.ms,1787815633245000000,1787815693247000000,66
workspaceModel.updates.count,1787815633245000000,1787815693247000000,5
workspaceModel.init.bridges.ms,1787815633245000000,1787815693247000000,3
workspaceModel.check.recursive.update.ms,1787815633245000000,1787815693247000000,1
workspaceModel.loading.from.cache.ms,1787815633245000000,1787815693247000000,248
workspaceModel.initializing.ms,1787815633245000000,1787815693247000000,3
NonBlockingReadAction.failedExecutionsCount,1787815693247000000,1787815753251000000,0
AWTEventQueue.dispatchTimeTotalNS,1787815693247000000,1787815753251000000,6481039422
FlushQueue.tasksExecuted,1787815693247000000,1787815753251000000,576
AWTEventQueue.dispatchTimeAvgNs,1787815693247000000,1787815753251000000,885523.5762132604
FlushQueue.queueSizeMax,1787815693247000000,1787815753251000000,10
FlushQueue.executionTime90PNs,1787815693247000000,1787815753251000000,1204223
FlushQueue.waitingTimeAvgNs,1787815693247000000,1787815753251000000,3225458.6944444445
NonBlockingReadAction.finalizedExecutionsCount,1787815693247000000,1787815753251000000,5
FlushQueue.waitingTime90PNs,1787815693247000000,1787815753251000000,8159231
FlushQueue.executionTimeAvgNs,1787815693247000000,1787815753251000000,587912.5329861111
FlushQueue.waitingTimeMaxNs,1787815693247000000,1787815753251000000,122683391
FlushQueue.queueSize90P,1787815693247000000,1787815753251000000,2
NonBlockingReadAction.finalizedExecutionTimeUs,1787815693247000000,1787815753251000000,229
FlushQueue.queueSizeAvg,1787815693247000000,1787815753251000000,0.5277777777777778
FlushQueue.executionTimeMaxNs,1787815693247000000,1787815753251000000,38010879
NonBlockingReadAction.failedExecutionTimeUs,1787815693247000000,1787815753251000000,0
AWTEventQueue.dispatchTimeMaxNs,1787815693247000000,1787815753251000000,289406975
AWTEventQueue.dispatchTime90PNs,1787815693247000000,1787815753251000000,1769471
AWTEventQueue.eventsDispatched,1787815693247000000,1787815753251000000,7315
workspaceModel.moduleManagerBridge.new.nonPersistent.module.ms,1787815693247000000,1787815753251000000,0
jps.facet.change.listener.init.bridge.ms,1787815693247000000,1787815753251000000,0
jps.save.changed.project.entities.ms,1787815693247000000,1787815753251000000,5
workspaceModel.mutableEntityStorage.put.entity.ms,1787815693247000000,1787815753251000000,104
workspaceModel.moduleManagerBridge.load.all.modules.ms,1787815693247000000,1787815753251000000,172
jps.save.global.entities.ms,1787815693247000000,1787815753251000000,114
jps.global.handle.changed.events.ms,1787815693247000000,1787815753251000000,0
workspaceModel.moduleBridge.facet.initialization.ms,1787815693247000000,1787815753251000000,1
jps.global.get.library.ms,1787815693247000000,1787815753251000000,0
workspaceModel.moduleManagerBridge.newModule.ms,1787815693247000000,1787815753251000000,0
workspaceModel.mutableEntityStorage.resolve.ms,1787815693247000000,1787815753251000000,0
workspaceModel.moduleBridgeLoader.loading.modules.ms,1787815693247000000,1787815753251000000,1410
workspaceModel.global.apply.state.to.project.ms,1787815693247000000,1787815753251000000,50
jps.load.project.to.empty.storage.ms,1787815693247000000,1787815753251000000,916
jps.global.initialize.library.bridges.ms,1787815693247000000,1787815753251000000,0
jps.project.serializers.load.ms,1787815693247000000,1787815753251000000,305
workspaceModel.global.apply.state.to.project.builder.ms,1787815693247000000,1787815753251000000,6
workspaceModel.mutableEntityStorage.replace.by.source.ms,1787815693247000000,1787815753251000000,48
workspaceModel.delayed.project.synchronizer.sync.ms,1787815693247000000,1787815753251000000,2575
jps.storage.jps.conf.reader.load.component.ms,1787815693247000000,1787815753251000000,418
workspaceModel.moduleBridge.before.changed.ms,1787815693247000000,1787815753251000000,0
jps.global.get.library.by.name.ms,1787815693247000000,1787815753251000000,0
jps.global.get.libraries.ms,1787815693247000000,1787815753251000000,3
workspaceModel.moduleManagerBridge.build.module.graph.ms,1787815693247000000,1787815753251000000,2
jps.reload.project.entities.ms,1787815693247000000,1787815753251000000,0
workspaceModel.moduleManagerBridge.get.modules.ms,1787815693247000000,1787815753251000000,4
workspaceModel.moduleBridge.update.option.ms,1787815693247000000,1787815753251000000,0
jps.module.iml.entities.serializer.save.entities.ms,1787815693247000000,1787815753251000000,0
jps.facet.change.listener.process.change.events.ms,1787815693247000000,1787815753251000000,0
jps.project.serializers.save.ms,1787815693247000000,1787815753251000000,4
jps.artifact.entities.serializer.load.entities.ms,1787815693247000000,1787815753251000000,0
jps.app.storage.content.reader.load.component.ms,1787815693247000000,1787815753251000000,0
workspaceModel.moduleManagerBridge.create.module.instance.ms,1787815693247000000,1787815753251000000,0
jps.global.initialize.library.bridges.after.loading.ms,1787815693247000000,1787815753251000000,0
workspaceModel.moduleManagerBridge.set.unloadedModules.ms,1787815693247000000,1787815753251000000,0
jps.facet.change.listener.before.change.events.ms,1787815693247000000,1787815753251000000,0
workspaceModel.global.updates.ms,1787815693247000000,1787815753251000000,0
jps.library.entities.serializer.load.entities.ms,1787815693247000000,1787815753251000000,345
jps.app.storage.content.writer.save.component.ms,1787815693247000000,1787815753251000000,0
workspaceModel.mutableEntityStorage.mutable.vfurl.index.ms,1787815693247000000,1787815753251000000,0
workspaceModel.mutableEntityStorage.to.snapshot.ms,1787815693247000000,1787815753251000000,7
workspaceModel.sync.entities.ms,1787815693247000000,1787815753251000000,0
workspaceModel.load.cache.from.file.ms,1787815693247000000,1787815753251000000,242
workspaceModel.mutableEntityStorage.entities.ms,1787815693247000000,1787815753251000000,1
workspaceModel.mutableEntityStorage.add.diff.ms,1787815693247000000,1787815753251000000,90
workspaceModel.orphan.listener.update.ms,1787815693247000000,1787815753251000000,4
workspaceModel.mutableEntityStorage.collect.changes.ms,1787815693247000000,1787815753251000000,0
workspaceModel.mutableEntityStorage.mutable.ext.mapping.ms,1787815693247000000,1787815753251000000,0
workspaceModel.save.cache.to.file.ms,1787815693247000000,1787815753251000000,973
workspaceModel.mutableEntityStorage.has.same.entities.ms,1787815693247000000,1787815753251000000,0
workspaceModel.moduleManagerBridge.load.module.ms,1787815693247000000,1787815753251000000,0
jps.global.handle.before.change.events.ms,1787815693247000000,1787815753251000000,0
workspaceModel.global.updates.count,1787815693247000000,1787815753251000000,0
workspaceModel.mutableEntityStorage.add.entity.ms,1787815693247000000,1787815753251000000,340
workspaceModel.mutableEntityStorage.modify.entity.ms,1787815693247000000,1787815753251000000,25
workspaceModel.mutableEntityStorage.remove.entity.ms,1787815693247000000,1787815753251000000,0
jps.load.initial.state.ms,1787815693247000000,1787815753251000000,17
workspaceModel.mutableEntityStorage.referrers.ms,1787815693247000000,1787815753251000000,0
jps.module.iml.entities.serializer.load.entities.ms,1787815693247000000,1787815753251000000,322
jps.artifact.entities.serializer.save.entities.ms,1787815693247000000,1787815753251000000,0
workspaceModel.mutableEntityStorage.entities.by.source.ms,1787815693247000000,1787815753251000000,1
jps.library.entities.serializer.save.entities.ms,1787815693247000000,1787815753251000000,0
jps.apply.loaded.storage.ms,1787815693247000000,1787815753251000000,1633
OS.loadAverage,1787815693247000000,1787815753251000000,4.9560546875
JVM.GC.collections,1787815693247000000,1787815753251000000,7
JVM.usedHeapBytes,1787815693247000000,1787815753251000000,190812920
JVM.GC.collectionTimesMs,1787815693247000000,1787815753251000000,129
JVM.maxNativeBytes,1787815693247000000,1787815753251000000,-1
JVM.usedNativeBytes,1787815693247000000,1787815753251000000,365903968
JVM.threadCount,1787815693247000000,1787815753251000000,59
JVM.totalCpuTimeMs,1787815693247000000,1787815753251000000,22590
JVM.maxHeapBytes,1787815693247000000,1787815753251000000,2147483648
Indexes.entries.lookupDurationMaxMs,1787815693247000000,1787815753251000000,0.0
Indexes.stubs.lookups,1787815693247000000,1787815753251000000,8.0
Indexes.entries.lookupDuration90PMs,1787815693247000000,1787815753251000000,0.0
Indexes.stubs.lookupDuration90PMs,1787815693247000000,1787815753251000000,3.0
Indexes.allKeys.lookups,1787815693247000000,1787815753251000000,0.0
IndexesFlusher.totalContentionQuotaSpent,1787815693247000000,1787815753251000000,0
Indexes.stubs.lookupDurationMaxMs,1787815693247000000,1787815753251000000,3.0
Indexes.entries.lookups,1787815693247000000,1787815753251000000,0.0
VFSFlusher.totalFlushes,1787815693247000000,1787815753251000000,0
Indexes.stubs.lookupDurationAvgMs,1787815693247000000,1787815753251000000,0.625
Indexes.allKeys.lookupDuration90PMs,1787815693247000000,1787815753251000000,0.0
Indexes.allKeys.lookupDurationMaxMs,1787815693247000000,1787815753251000000,0.0
Indexes.entries.lookupDurationAvgMs,1787815693247000000,1787815753251000000,0.0
IndexesFlusher.totalFlushesRetried,1787815693247000000,1787815753251000000,0
IndexesFlusher.totalFlushingTimeUs,1787815693247000000,1787815753251000000,831828
VFSFlusher.totalFlushesRetried,1787815693247000000,1787815753251000000,0
VFSFlusher.totalFlushingTimeUs,1787815693247000000,1787815753251000000,0
VFSFlusher.totalContentionQuotaSpent,1787815693247000000,1787815753251000000,0
Indexes.allKeys.lookupDurationAvgMs,1787815693247000000,1787815753251000000,0.0
IndexesFlusher.totalFlushes,1787815693247000000,1787815753251000000,285
FilePageCache.pageLoadsAboveSizeThreshold,1787815693247000000,1787815753251000000,0
StreamlinedBlobStorage.totalLiveRecordsPayloadBytes,1787815693247000000,1787815753251000000,0
FilePageCache.maxRegisteredFiles,1787815693247000000,1787815753251000000,617
StorageLockContext.competingThreads.avg,1787815693247000000,1787815753251000000,0.0
FilePageCache.pageHits,1787815693247000000,1787815753251000000,0
FilePageCache.capacityInBytes,1787815693247000000,1787815753251000000,524288000
StreamlinedBlobStorage.recordsDeleted,1787815693247000000,1787815753251000000,0
StreamlinedBlobStorage.totalLiveRecordsCapacityBytes,1787815693247000000,1787815753251000000,0
StorageLockContext.competingThreads.max,1787815693247000000,1787815753251000000,0
DirectByteBufferAllocator.reclaimed,1787815693247000000,1787815753251000000,0
StreamlinedBlobStorage.recordsRelocated,1787815693247000000,1787815753251000000,0
FilePageCache.totalPageLoadsUs,1787815693247000000,1787815753251000000,0
FilePageCache.maxCacheSizeInBytes,1787815693247000000,1787815753251000000,266485760
StreamlinedBlobStorage.recordsAllocated,1787815693247000000,1787815753251000000,0
FilePageCache.disposedBuffers,1787815693247000000,1787815753251000000,0
DirectByteBufferAllocator.disposed,1787815693247000000,1787815753251000000,0
DirectByteBufferAllocator.hits,1787815693247000000,1787815753251000000,0
FilePageCache.pageFastCacheHits,1787815693247000000,1787815753251000000,6
DirectByteBufferAllocator.misses,1787815693247000000,1787815753251000000,0
StorageLockContext.competingThreads.90P,1787815693247000000,1787815753251000000,0
DirectByteBufferAllocator.totalSizeOfBuffersCachedInBytes,1787815693247000000,1787815753251000000,0
FilePageCache.uncachedFileAccess,1787815693247000000,1787815753251000000,0
FilePageCache.totalPageDisposalsUs,1787815693247000000,1787815753251000000,0
FilePageCache.pageLoads,1787815693247000000,1787815753251000000,0
DirectByteBufferAllocator.totalSizeOfBuffersAllocatedInBytes,1787815693247000000,1787815753251000000,266485760
FileNameCache.fastMisses,1787815693247000000,1787815753251000000,1473
FileNameCache.totalMisses,1787815693247000000,1787815753251000000,0
FileNameCache.queries,1787815693247000000,1787815753251000000,31818
workspaceModel.replace.project.model.ms,1787815693247000000,1787815753251000000,0
workspaceModel.loading.total.ms,1787815693247000000,1787815753251000000,268
workspaceModel.pre.handlers.ms,1787815693247000000,1787815753251000000,2
workspaceModel.update.unloaded.entities.ms,1787815693247000000,1787815753251000000,0
workspaceModel.to.snapshot.ms,1787815693247000000,1787815753251000000,7
workspaceModel.updates.ms,1787815693247000000,1787815753251000000,133
workspaceModel.collect.changes.ms,1787815693247000000,1787815753251000000,0
workspaceModel.updates.precise.ms,1787815693247000000,1787815753251000000,66
workspaceModel.updates.count,1787815693247000000,1787815753251000000,5
workspaceModel.init.bridges.ms,1787815693247000000,1787815753251000000,3
workspaceModel.check.recursive.update.ms,1787815693247000000,1787815753251000000,1
workspaceModel.loading.from.cache.ms,1787815693247000000,1787815753251000000,248
workspaceModel.initializing.ms,1787815693247000000,1787815753251000000,3
NonBlockingReadAction.failedExecutionsCount,1787815753251000000,1787815813252000000,0
AWTEventQueue.dispatchTimeTotalNS,1787815753251000000,1787815813252000000,12848195062
FlushQueue.tasksExecuted,1787815753251000000,1787815813252000000,369
AWTEventQueue.dispatchTimeAvgNs,1787815753251000000,1787815813252000000,849204.1161452477
FlushQueue.queueSizeMax,1787815753251000000,1787815813252000000,2
FlushQueue.executionTime90PNs,1787815753251000000,1787815813252000000,729087
FlushQueue.waitingTimeAvgNs,1787815753251000000,1787815813252000000,2427700.1192411925
NonBlockingReadAction.finalizedExecutionsCount,1787815753251000000,1787815813252000000,0
FlushQueue.waitingTime90PNs,1787815753251000000,1787815813252000000,4227071
FlushQueue.executionTimeAvgNs,1787815753251000000,1787815813252000000,454795.49051490513
FlushQueue.waitingTimeMaxNs,1787815753251000000,1787815813252000000,72876031
FlushQueue.queueSize90P,1787815753251000000,1787815813252000000,0
NonBlockingReadAction.finalizedExecutionTimeUs,1787815753251000000,1787815813252000000,0
FlushQueue.queueSizeAvg,1787815753251000000,1787815813252000000,0.07046070460704607
FlushQueue.executionTimeMaxNs,1787815753251000000,1787815813252000000,27131903
NonBlockingReadAction.failedExecutionTimeUs,1787815753251000000,1787815813252000000,0
AWTEventQueue.dispatchTimeMaxNs,1787815753251000000,1787815813252000000,64749567
AWTEventQueue.dispatchTime90PNs,1787815753251000000,1787815813252000000,2392063
AWTEventQueue.eventsDispatched,1787815753251000000,1787815813252000000,15119
workspaceModel.moduleManagerBridge.new.nonPersistent.module.ms,1787815753251000000,1787815813252000000,0
jps.facet.change.listener.init.bridge.ms,1787815753251000000,1787815813252000000,0
jps.save.changed.project.entities.ms,1787815753251000000,1787815813252000000,5
workspaceModel.mutableEntityStorage.put.entity.ms,1787815753251000000,1787815813252000000,104
workspaceModel.moduleManagerBridge.load.all.modules.ms,1787815753251000000,1787815813252000000,172
jps.save.global.entities.ms,1787815753251000000,1787815813252000000,114
jps.global.handle.changed.events.ms,1787815753251000000,1787815813252000000,0
workspaceModel.moduleBridge.facet.initialization.ms,1787815753251000000,1787815813252000000,1
jps.global.get.library.ms,1787815753251000000,1787815813252000000,0
workspaceModel.moduleManagerBridge.newModule.ms,1787815753251000000,1787815813252000000,0
workspaceModel.mutableEntityStorage.resolve.ms,1787815753251000000,1787815813252000000,0
workspaceModel.moduleBridgeLoader.loading.modules.ms,1787815753251000000,1787815813252000000,1410
workspaceModel.global.apply.state.to.project.ms,1787815753251000000,1787815813252000000,50
jps.load.project.to.empty.storage.ms,1787815753251000000,1787815813252000000,916
jps.global.initialize.library.bridges.ms,1787815753251000000,1787815813252000000,0
jps.project.serializers.load.ms,1787815753251000000,1787815813252000000,305
workspaceModel.global.apply.state.to.project.builder.ms,1787815753251000000,1787815813252000000,6
workspaceModel.mutableEntityStorage.replace.by.source.ms,1787815753251000000,1787815813252000000,48
workspaceModel.delayed.project.synchronizer.sync.ms,1787815753251000000,1787815813252000000,2575
jps.storage.jps.conf.reader.load.component.ms,1787815753251000000,1787815813252000000,418
workspaceModel.moduleBridge.before.changed.ms,1787815753251000000,1787815813252000000,0
jps.global.get.library.by.name.ms,1787815753251000000,1787815813252000000,0
jps.global.get.libraries.ms,1787815753251000000,1787815813252000000,3
workspaceModel.moduleManagerBridge.build.module.graph.ms,1787815753251000000,1787815813252000000,2
jps.reload.project.entities.ms,1787815753251000000,1787815813252000000,0
workspaceModel.moduleManagerBridge.get.modules.ms,1787815753251000000,1787815813252000000,4
workspaceModel.moduleBridge.update.option.ms,1787815753251000000,1787815813252000000,0
jps.module.iml.entities.serializer.save.entities.ms,1787815753251000000,1787815813252000000,0
jps.facet.change.listener.process.change.events.ms,1787815753251000000,1787815813252000000,0
jps.project.serializers.save.ms,1787815753251000000,1787815813252000000,4
jps.artifact.entities.serializer.load.entities.ms,1787815753251000000,1787815813252000000,0
jps.app.storage.content.reader.load.component.ms,1787815753251000000,1787815813252000000,0
workspaceModel.moduleManagerBridge.create.module.instance.ms,1787815753251000000,1787815813252000000,0
jps.global.initialize.library.bridges.after.loading.ms,1787815753251000000,1787815813252000000,0
workspaceModel.moduleManagerBridge.set.unloadedModules.ms,1787815753251000000,1787815813252000000,0
jps.facet.change.listener.before.change.events.ms,1787815753251000000,1787815813252000000,0
workspaceModel.global.updates.ms,1787815753251000000,1787815813252000000,0
jps.library.entities.serializer.load.entities.ms,1787815753251000000,1787815813252000000,345
jps.app.storage.content.writer.save.component.ms,1787815753251000000,1787815813252000000,0
workspaceModel.mutableEntityStorage.mutable.vfurl.index.ms,1787815753251000000,1787815813252000000,0
workspaceModel.mutableEntityStorage.to.snapshot.ms,1787815753251000000,1787815813252000000,7
workspaceModel.sync.entities.ms,1787815753251000000,1787815813252000000,0
workspaceModel.load.cache.from.file.ms,1787815753251000000,1787815813252000000,242
workspaceModel.mutableEntityStorage.entities.ms,1787815753251000000,1787815813252000000,1
workspaceModel.mutableEntityStorage.add.diff.ms,1787815753251000000,1787815813252000000,90
workspaceModel.orphan.listener.update.ms,1787815753251000000,1787815813252000000,4
workspaceModel.mutableEntityStorage.collect.changes.ms,1787815753251000000,1787815813252000000,0
workspaceModel.mutableEntityStorage.mutable.ext.mapping.ms,1787815753251000000,1787815813252000000,0
workspaceModel.save.cache.to.file.ms,1787815753251000000,1787815813252000000,973
workspaceModel.mutableEntityStorage.has.same.entities.ms,1787815753251000000,1787815813252000000,0
workspaceModel.moduleManagerBridge.load.module.ms,1787815753251000000,1787815813252000000,0
jps.global.handle.before.change.events.ms,1787815753251000000,1787815813252000000,0
workspaceModel.global.updates.count,1787815753251000000,1787815813252000000,0
workspaceModel.mutableEntityStorage.add.entity.ms,1787815753251000000,1787815813252000000,340
workspaceModel.mutableEntityStorage.modify.entity.ms,1787815753251000000,1787815813252000000,25
workspaceModel.mutableEntityStorage.remove.entity.ms,1787815753251000000,1787815813252000000,0
jps.load.initial.state.ms,1787815753251000000,1787815813252000000,17
workspaceModel.mutableEntityStorage.referrers.ms,1787815753251000000,1787815813252000000,0
jps.module.iml.entities.serializer.load.entities.ms,1787815753251000000,1787815813252000000,322
jps.artifact.entities.serializer.save.entities.ms,1787815753251000000,1787815813252000000,0
workspaceModel.mutableEntityStorage.entities.by.source.ms,1787815753251000000,1787815813252000000,1
jps.library.entities.serializer.save.entities.ms,1787815753251000000,1787815813252000000,0
jps.apply.loaded.storage.ms,1787815753251000000,1787815813252000000,1633
OS.loadAverage,1787815753251000000,1787815813252000000,3.69091796875
JVM.GC.collections,1787815753251000000,1787815813252000000,24
JVM.usedHeapBytes,1787815753251000000,1787815813252000000,300720912
JVM.GC.collectionTimesMs,1787815753251000000,1787815813252000000,143
JVM.maxNativeBytes,1787815753251000000,1787815813252000000,-1
JVM.usedNativeBytes,1787815753251000000,1787815813252000000,369029160
JVM.threadCount,1787815753251000000,1787815813252000000,54
JVM.totalCpuTimeMs,1787815753251000000,1787815813252000000,32406
JVM.maxHeapBytes,1787815753251000000,1787815813252000000,2147483648
Indexes.entries.lookupDurationMaxMs,1787815753251000000,1787815813252000000,0.0
Indexes.stubs.lookups,1787815753251000000,1787815813252000000,0.0
Indexes.entries.lookupDuration90PMs,1787815753251000000,1787815813252000000,0.0
Indexes.stubs.lookupDuration90PMs,1787815753251000000,1787815813252000000,0.0
Indexes.allKeys.lookups,1787815753251000000,1787815813252000000,0.0
IndexesFlusher.totalContentionQuotaSpent,1787815753251000000,1787815813252000000,0
Indexes.stubs.lookupDurationMaxMs,1787815753251000000,1787815813252000000,0.0
Indexes.entries.lookups,1787815753251000000,1787815813252000000,0.0
VFSFlusher.totalFlushes,1787815753251000000,1787815813252000000,0
Indexes.stubs.lookupDurationAvgMs,1787815753251000000,1787815813252000000,0.0
Indexes.allKeys.lookupDuration90PMs,1787815753251000000,1787815813252000000,0.0
Indexes.allKeys.lookupDurationMaxMs,1787815753251000000,1787815813252000000,0.0
Indexes.entries.lookupDurationAvgMs,1787815753251000000,1787815813252000000,0.0
IndexesFlusher.totalFlushesRetried,1787815753251000000,1787815813252000000,0
IndexesFlusher.totalFlushingTimeUs,1787815753251000000,1787815813252000000,598944
VFSFlusher.totalFlushesRetried,1787815753251000000,1787815813252000000,0
VFSFlusher.totalFlushingTimeUs,1787815753251000000,1787815813252000000,0
VFSFlusher.totalContentionQuotaSpent,1787815753251000000,1787815813252000000,0
Indexes.allKeys.lookupDurationAvgMs,1787815753251000000,1787815813252000000,0.0
IndexesFlusher.totalFlushes,1787815753251000000,1787815813252000000,291
FilePageCache.pageLoadsAboveSizeThreshold,1787815753251000000,1787815813252000000,0
StreamlinedBlobStorage.totalLiveRecordsPayloadBytes,1787815753251000000,1787815813252000000,0
FilePageCache.maxRegisteredFiles,1787815753251000000,1787815813252000000,617
StorageLockContext.competingThreads.avg,1787815753251000000,1787815813252000000,0.0
FilePageCache.pageHits,1787815753251000000,1787815813252000000,0
FilePageCache.capacityInBytes,1787815753251000000,1787815813252000000,524288000
StreamlinedBlobStorage.recordsDeleted,1787815753251000000,1787815813252000000,0
StreamlinedBlobStorage.totalLiveRecordsCapacityBytes,1787815753251000000,1787815813252000000,0
StorageLockContext.competingThreads.max,1787815753251000000,1787815813252000000,0
DirectByteBufferAllocator.reclaimed,1787815753251000000,1787815813252000000,0
StreamlinedBlobStorage.recordsRelocated,1787815753251000000,1787815813252000000,0
FilePageCache.totalPageLoadsUs,1787815753251000000,1787815813252000000,0
FilePageCache.maxCacheSizeInBytes,1787815753251000000,1787815813252000000,266485760
StreamlinedBlobStorage.recordsAllocated,1787815753251000000,1787815813252000000,0
FilePageCache.disposedBuffers,1787815753251000000,1787815813252000000,0
DirectByteBufferAllocator.disposed,1787815753251000000,1787815813252000000,0
DirectByteBufferAllocator.hits,1787815753251000000,1787815813252000000,0
FilePageCache.pageFastCacheHits,1787815753251000000,1787815813252000000,9
DirectByteBufferAllocator.misses,1787815753251000000,1787815813252000000,0
StorageLockContext.competingThreads.90P,1787815753251000000,1787815813252000000,0
DirectByteBufferAllocator.totalSizeOfBuffersCachedInBytes,1787815753251000000,1787815813252000000,0
FilePageCache.uncachedFileAccess,1787815753251000000,1787815813252000000,0
FilePageCache.totalPageDisposalsUs,1787815753251000000,1787815813252000000,0
FilePageCache.pageLoads,1787815753251000000,1787815813252000000,0
DirectByteBufferAllocator.totalSizeOfBuffersAllocatedInBytes,1787815753251000000,1787815813252000000,266485760
FileNameCache.fastMisses,1787815753251000000,1787815813252000000,9
FileNameCache.totalMisses,1787815753251000000,1787815813252000000,0
FileNameCache.queries,1787815753251000000,1787815813252000000,455
workspaceModel.replace.project.model.ms,1787815753251000000,1787815813252000000,0
workspaceModel.loading.total.ms,1787815753251000000,1787815813252000000,268
workspaceModel.pre.handlers.ms,1787815753251000000,1787815813252000000,2
workspaceModel.update.unloaded.entities.ms,1787815753251000000,1787815813252000000,0
workspaceModel.to.snapshot.ms,1787815753251000000,1787815813252000000,7
workspaceModel.updates.ms,1787815753251000000,1787815813252000000,133
workspaceModel.collect.changes.ms,1787815753251000000,1787815813252000000,0
workspaceModel.updates.precise.ms,1787815753251000000,1787815813252000000,66
workspaceModel.updates.count,1787815753251000000,1787815813252000000,5
workspaceModel.init.bridges.ms,1787815753251000000,1787815813252000000,3
workspaceModel.check.recursive.update.ms,1787815753251000000,1787815813252000000,1
workspaceModel.loading.from.cache.ms,1787815753251000000,1787815813252000000,248
workspaceModel.initializing.ms,1787815753251000000,1787815813252000000,3
NonBlockingReadAction.failedExecutionsCount,1787815813252000000,1787815873251000000,0
AWTEventQueue.dispatchTimeTotalNS,1787815813252000000,1787815873251000000,12480687201
FlushQueue.tasksExecuted,1787815813252000000,1787815873251000000,799
AWTEventQueue.dispatchTimeAvgNs,1787815813252000000,1787815873251000000,966183.847607248
FlushQueue.queueSizeMax,1787815813252000000,1787815873251000000,20
FlushQueue.executionTime90PNs,1787815813252000000,1787815873251000000,1343487
FlushQueue.waitingTimeAvgNs,1787815813252000000,1787815873251000000,7857511.787234043
NonBlockingReadAction.finalizedExecutionsCount,1787815813252000000,1787815873251000000,264
FlushQueue.waitingTime90PNs,1787815813252000000,1787815873251000000,11468799
FlushQueue.executionTimeAvgNs,1787815813252000000,1787815873251000000,819943.002503129
FlushQueue.waitingTimeMaxNs,1787815813252000000,1787815873251000000,276824063
FlushQueue.queueSize90P,1787815813252000000,1787815873251000000,4
NonBlockingReadAction.finalizedExecutionTimeUs,1787815813252000000,1787815873251000000,1900425
FlushQueue.queueSizeAvg,1787815813252000000,1787815873251000000,1.048811013767209
FlushQueue.executionTimeMaxNs,1787815813252000000,1787815873251000000,272629759
NonBlockingReadAction.failedExecutionTimeUs,1787815813252000000,1787815873251000000,0
AWTEventQueue.dispatchTimeMaxNs,1787815813252000000,1787815873251000000,274726911
AWTEventQueue.dispatchTime90PNs,1787815813252000000,1787815873251000000,2359295
AWTEventQueue.eventsDispatched,1787815813252000000,1787815873251000000,12914
workspaceModel.moduleManagerBridge.new.nonPersistent.module.ms,1787815813252000000,1787815873251000000,0
jps.facet.change.listener.init.bridge.ms,1787815813252000000,1787815873251000000,0
jps.save.changed.project.entities.ms,1787815813252000000,1787815873251000000,5
workspaceModel.mutableEntityStorage.put.entity.ms,1787815813252000000,1787815873251000000,104
workspaceModel.moduleManagerBridge.load.all.modules.ms,1787815813252000000,1787815873251000000,172
jps.save.global.entities.ms,1787815813252000000,1787815873251000000,114
jps.global.handle.changed.events.ms,1787815813252000000,1787815873251000000,0
workspaceModel.moduleBridge.facet.initialization.ms,1787815813252000000,1787815873251000000,1
jps.global.get.library.ms,1787815813252000000,1787815873251000000,0
workspaceModel.moduleManagerBridge.newModule.ms,1787815813252000000,1787815873251000000,0
workspaceModel.mutableEntityStorage.resolve.ms,1787815813252000000,1787815873251000000,0
workspaceModel.moduleBridgeLoader.loading.modules.ms,1787815813252000000,1787815873251000000,1410
workspaceModel.global.apply.state.to.project.ms,1787815813252000000,1787815873251000000,50
jps.load.project.to.empty.storage.ms,1787815813252000000,1787815873251000000,916
jps.global.initialize.library.bridges.ms,1787815813252000000,1787815873251000000,0
jps.project.serializers.load.ms,1787815813252000000,1787815873251000000,305
workspaceModel.global.apply.state.to.project.builder.ms,1787815813252000000,1787815873251000000,6
workspaceModel.mutableEntityStorage.replace.by.source.ms,1787815813252000000,1787815873251000000,48
workspaceModel.delayed.project.synchronizer.sync.ms,1787815813252000000,1787815873251000000,2575
jps.storage.jps.conf.reader.load.component.ms,1787815813252000000,1787815873251000000,418
workspaceModel.moduleBridge.before.changed.ms,1787815813252000000,1787815873251000000,0
jps.global.get.library.by.name.ms,1787815813252000000,1787815873251000000,0
jps.global.get.libraries.ms,1787815813252000000,1787815873251000000,4
workspaceModel.moduleManagerBridge.build.module.graph.ms,1787815813252000000,1787815873251000000,2
jps.reload.project.entities.ms,1787815813252000000,1787815873251000000,0
workspaceModel.moduleManagerBridge.get.modules.ms,1787815813252000000,1787815873251000000,4
workspaceModel.moduleBridge.update.option.ms,1787815813252000000,1787815873251000000,0
jps.module.iml.entities.serializer.save.entities.ms,1787815813252000000,1787815873251000000,0
jps.facet.change.listener.process.change.events.ms,1787815813252000000,1787815873251000000,0
jps.project.serializers.save.ms,1787815813252000000,1787815873251000000,4
jps.artifact.entities.serializer.load.entities.ms,1787815813252000000,1787815873251000000,0
jps.app.storage.content.reader.load.component.ms,1787815813252000000,1787815873251000000,0
workspaceModel.moduleManagerBridge.create.module.instance.ms,1787815813252000000,1787815873251000000,0
jps.global.initialize.library.bridges.after.loading.ms,1787815813252000000,1787815873251000000,0
workspaceModel.moduleManagerBridge.set.unloadedModules.ms,1787815813252000000,1787815873251000000,0
jps.facet.change.listener.before.change.events.ms,1787815813252000000,1787815873251000000,0
workspaceModel.global.updates.ms,1787815813252000000,1787815873251000000,0
jps.library.entities.serializer.load.entities.ms,1787815813252000000,1787815873251000000,345
jps.app.storage.content.writer.save.component.ms,1787815813252000000,1787815873251000000,0
workspaceModel.mutableEntityStorage.mutable.vfurl.index.ms,1787815813252000000,1787815873251000000,0
workspaceModel.mutableEntityStorage.to.snapshot.ms,1787815813252000000,1787815873251000000,7
workspaceModel.sync.entities.ms,1787815813252000000,1787815873251000000,0
workspaceModel.load.cache.from.file.ms,1787815813252000000,1787815873251000000,242
workspaceModel.mutableEntityStorage.entities.ms,1787815813252000000,1787815873251000000,1
workspaceModel.mutableEntityStorage.add.diff.ms,1787815813252000000,1787815873251000000,90
workspaceModel.orphan.listener.update.ms,1787815813252000000,1787815873251000000,4
workspaceModel.mutableEntityStorage.collect.changes.ms,1787815813252000000,1787815873251000000,0
workspaceModel.mutableEntityStorage.mutable.ext.mapping.ms,1787815813252000000,1787815873251000000,0
workspaceModel.save.cache.to.file.ms,1787815813252000000,1787815873251000000,973
workspaceModel.mutableEntityStorage.has.same.entities.ms,1787815813252000000,1787815873251000000,0
workspaceModel.moduleManagerBridge.load.module.ms,1787815813252000000,1787815873251000000,0
jps.global.handle.before.change.events.ms,1787815813252000000,1787815873251000000,0
workspaceModel.global.updates.count,1787815813252000000,1787815873251000000,0
workspaceModel.mutableEntityStorage.add.entity.ms,1787815813252000000,1787815873251000000,340
workspaceModel.mutableEntityStorage.modify.entity.ms,1787815813252000000,1787815873251000000,25
workspaceModel.mutableEntityStorage.remove.entity.ms,1787815813252000000,1787815873251000000,0
jps.load.initial.state.ms,1787815813252000000,1787815873251000000,17
workspaceModel.mutableEntityStorage.referrers.ms,1787815813252000000,1787815873251000000,0
jps.module.iml.entities.serializer.load.entities.ms,1787815813252000000,1787815873251000000,322
jps.artifact.entities.serializer.save.entities.ms,1787815813252000000,1787815873251000000,0
workspaceModel.mutableEntityStorage.entities.by.source.ms,1787815813252000000,1787815873251000000,1
jps.library.entities.serializer.save.entities.ms,1787815813252000000,1787815873251000000,0
jps.apply.loaded.storage.ms,1787815813252000000,1787815873251000000,1633
OS.loadAverage,1787815813252000000,1787815873251000000,3.34716796875
JVM.GC.collections,1787815813252000000,1787815873251000000,22
JVM.usedHeapBytes,1787815813252000000,1787815873251000000,226847568
JVM.GC.collectionTimesMs,1787815813252000000,1787815873251000000,124
JVM.maxNativeBytes,1787815813252000000,1787815873251000000,-1
JVM.usedNativeBytes,1787815813252000000,1787815873251000000,379116904
JVM.threadCount,1787815813252000000,1787815873251000000,60
JVM.totalCpuTimeMs,1787815813252000000,1787815873251000000,32646
JVM.maxHeapBytes,1787815813252000000,1787815873251000000,2147483648
Indexes.entries.lookupDurationMaxMs,1787815813252000000,1787815873251000000,15.0
Indexes.stubs.lookups,1787815813252000000,1787815873251000000,990.0
Indexes.entries.lookupDuration90PMs,1787815813252000000,1787815873251000000,15.0
Indexes.stubs.lookupDuration90PMs,1787815813252000000,1787815873251000000,0.0
Indexes.allKeys.lookups,1787815813252000000,1787815873251000000,0.0
IndexesFlusher.totalContentionQuotaSpent,1787815813252000000,1787815873251000000,0
Indexes.stubs.lookupDurationMaxMs,1787815813252000000,1787815873251000000,137.0
Indexes.entries.lookups,1787815813252000000,1787815873251000000,1.0
VFSFlusher.totalFlushes,1787815813252000000,1787815873251000000,1
Indexes.stubs.lookupDurationAvgMs,1787815813252000000,1787815873251000000,0.3303030303030303
Indexes.allKeys.lookupDuration90PMs,1787815813252000000,1787815873251000000,0.0
Indexes.allKeys.lookupDurationMaxMs,1787815813252000000,1787815873251000000,0.0
Indexes.entries.lookupDurationAvgMs,1787815813252000000,1787815873251000000,15.0
IndexesFlusher.totalFlushesRetried,1787815813252000000,1787815873251000000,0
IndexesFlusher.totalFlushingTimeUs,1787815813252000000,1787815873251000000,722296
VFSFlusher.totalFlushesRetried,1787815813252000000,1787815873251000000,0
VFSFlusher.totalFlushingTimeUs,1787815813252000000,1787815873251000000,7031
VFSFlusher.totalContentionQuotaSpent,1787815813252000000,1787815873251000000,0
Indexes.allKeys.lookupDurationAvgMs,1787815813252000000,1787815873251000000,0.0
IndexesFlusher.totalFlushes,1787815813252000000,1787815873251000000,291
FilePageCache.pageLoadsAboveSizeThreshold,1787815813252000000,1787815873251000000,0
StreamlinedBlobStorage.totalLiveRecordsPayloadBytes,1787815813252000000,1787815873251000000,0
FilePageCache.maxRegisteredFiles,1787815813252000000,1787815873251000000,617
StorageLockContext.competingThreads.avg,1787815813252000000,1787815873251000000,0.0
FilePageCache.pageHits,1787815813252000000,1787815873251000000,0
FilePageCache.capacityInBytes,1787815813252000000,1787815873251000000,524288000
StreamlinedBlobStorage.recordsDeleted,1787815813252000000,1787815873251000000,0
StreamlinedBlobStorage.totalLiveRecordsCapacityBytes,1787815813252000000,1787815873251000000,0
StorageLockContext.competingThreads.max,1787815813252000000,1787815873251000000,0
DirectByteBufferAllocator.reclaimed,1787815813252000000,1787815873251000000,0
StreamlinedBlobStorage.recordsRelocated,1787815813252000000,1787815873251000000,0
FilePageCache.totalPageLoadsUs,1787815813252000000,1787815873251000000,8174
FilePageCache.maxCacheSizeInBytes,1787815813252000000,1787815873251000000,267534336
StreamlinedBlobStorage.recordsAllocated,1787815813252000000,1787815873251000000,0
FilePageCache.disposedBuffers,1787815813252000000,1787815873251000000,0
DirectByteBufferAllocator.disposed,1787815813252000000,1787815873251000000,0
DirectByteBufferAllocator.hits,1787815813252000000,1787815873251000000,0
FilePageCache.pageFastCacheHits,1787815813252000000,1787815873251000000,67
DirectByteBufferAllocator.misses,1787815813252000000,1787815873251000000,1
StorageLockContext.competingThreads.90P,1787815813252000000,1787815873251000000,0
DirectByteBufferAllocator.totalSizeOfBuffersCachedInBytes,1787815813252000000,1787815873251000000,0
FilePageCache.uncachedFileAccess,1787815813252000000,1787815873251000000,1
FilePageCache.totalPageDisposalsUs,1787815813252000000,1787815873251000000,264
FilePageCache.pageLoads,1787815813252000000,1787815873251000000,1
DirectByteBufferAllocator.totalSizeOfBuffersAllocatedInBytes,1787815813252000000,1787815873251000000,267534336
FileNameCache.fastMisses,1787815813252000000,1787815873251000000,1181
FileNameCache.totalMisses,1787815813252000000,1787815873251000000,12
FileNameCache.queries,1787815813252000000,1787815873251000000,15330
workspaceModel.replace.project.model.ms,1787815813252000000,1787815873251000000,0
workspaceModel.loading.total.ms,1787815813252000000,1787815873251000000,268
workspaceModel.pre.handlers.ms,1787815813252000000,1787815873251000000,2
workspaceModel.update.unloaded.entities.ms,1787815813252000000,1787815873251000000,0
workspaceModel.to.snapshot.ms,1787815813252000000,1787815873251000000,7
workspaceModel.updates.ms,1787815813252000000,1787815873251000000,133
workspaceModel.collect.changes.ms,1787815813252000000,1787815873251000000,0
workspaceModel.updates.precise.ms,1787815813252000000,1787815873251000000,66
workspaceModel.updates.count,1787815813252000000,1787815873251000000,5
workspaceModel.init.bridges.ms,1787815813252000000,1787815873251000000,3
workspaceModel.check.recursive.update.ms,1787815813252000000,1787815873251000000,1
workspaceModel.loading.from.cache.ms,1787815813252000000,1787815873251000000,248
workspaceModel.initializing.ms,1787815813252000000,1787815873251000000,3
NonBlockingReadAction.failedExecutionsCount,1787815873251000000,1787815933254000000,0
AWTEventQueue.dispatchTimeTotalNS,1787815873251000000,1787815933254000000,7497069292
FlushQueue.tasksExecuted,1787815873251000000,1787815933254000000,341
AWTEventQueue.dispatchTimeAvgNs,1787815873251000000,1787815933254000000,633660.9058455292
FlushQueue.queueSizeMax,1787815873251000000,1787815933254000000,1
FlushQueue.executionTime90PNs,1787815873251000000,1787815933254000000,491519
FlushQueue.waitingTimeAvgNs,1787815873251000000,1787815933254000000,2054943.3431085043
NonBlockingReadAction.finalizedExecutionsCount,1787815873251000000,1787815933254000000,0
FlushQueue.waitingTime90PNs,1787815873251000000,1787815933254000000,839679
FlushQueue.executionTimeAvgNs,1787815873251000000,1787815933254000000,255935.62463343109
FlushQueue.waitingTimeMaxNs,1787815873251000000,1787815933254000000,223346687
FlushQueue.queueSize90P,1787815873251000000,1787815933254000000,0
NonBlockingReadAction.finalizedExecutionTimeUs,1787815873251000000,1787815933254000000,0
FlushQueue.queueSizeAvg,1787815873251000000,1787815933254000000,0.017595307917888565
FlushQueue.executionTimeMaxNs,1787815873251000000,1787815933254000000,11599871
NonBlockingReadAction.failedExecutionTimeUs,1787815873251000000,1787815933254000000,0
AWTEventQueue.dispatchTimeMaxNs,1787815873251000000,1787815933254000000,91750399
AWTEventQueue.dispatchTime90PNs,1787815873251000000,1787815933254000000,2473983
AWTEventQueue.eventsDispatched,1787815873251000000,1787815933254000000,11821
workspaceModel.moduleManagerBridge.new.nonPersistent.module.ms,1787815873251000000,1787815933254000000,0
jps.facet.change.listener.init.bridge.ms,1787815873251000000,1787815933254000000,0
jps.save.changed.project.entities.ms,1787815873251000000,1787815933254000000,5
workspaceModel.mutableEntityStorage.put.entity.ms,1787815873251000000,1787815933254000000,104
workspaceModel.moduleManagerBridge.load.all.modules.ms,1787815873251000000,1787815933254000000,172
jps.save.global.entities.ms,1787815873251000000,1787815933254000000,114
jps.global.handle.changed.events.ms,1787815873251000000,1787815933254000000,0
workspaceModel.moduleBridge.facet.initialization.ms,1787815873251000000,1787815933254000000,1
jps.global.get.library.ms,1787815873251000000,1787815933254000000,0
workspaceModel.moduleManagerBridge.newModule.ms,1787815873251000000,1787815933254000000,0
workspaceModel.mutableEntityStorage.resolve.ms,1787815873251000000,1787815933254000000,0
workspaceModel.moduleBridgeLoader.loading.modules.ms,1787815873251000000,1787815933254000000,1410
workspaceModel.global.apply.state.to.project.ms,1787815873251000000,1787815933254000000,50
jps.load.project.to.empty.storage.ms,1787815873251000000,1787815933254000000,916
jps.global.initialize.library.bridges.ms,1787815873251000000,1787815933254000000,0
jps.project.serializers.load.ms,1787815873251000000,1787815933254000000,305
workspaceModel.global.apply.state.to.project.builder.ms,1787815873251000000,1787815933254000000,6
workspaceModel.mutableEntityStorage.replace.by.source.ms,1787815873251000000,1787815933254000000,48
workspaceModel.delayed.project.synchronizer.sync.ms,1787815873251000000,1787815933254000000,2575
jps.storage.jps.conf.reader.load.component.ms,1787815873251000000,1787815933254000000,418
workspaceModel.moduleBridge.before.changed.ms,1787815873251000000,1787815933254000000,0
jps.global.get.library.by.name.ms,1787815873251000000,1787815933254000000,0
jps.global.get.libraries.ms,1787815873251000000,1787815933254000000,4
workspaceModel.moduleManagerBridge.build.module.graph.ms,1787815873251000000,1787815933254000000,2
jps.reload.project.entities.ms,1787815873251000000,1787815933254000000,0
workspaceModel.moduleManagerBridge.get.modules.ms,1787815873251000000,1787815933254000000,4
workspaceModel.moduleBridge.update.option.ms,1787815873251000000,1787815933254000000,0
jps.module.iml.entities.serializer.save.entities.ms,1787815873251000000,1787815933254000000,0
jps.facet.change.listener.process.change.events.ms,1787815873251000000,1787815933254000000,0
jps.project.serializers.save.ms,1787815873251000000,1787815933254000000,4
jps.artifact.entities.serializer.load.entities.ms,1787815873251000000,1787815933254000000,0
jps.app.storage.content.reader.load.component.ms,1787815873251000000,1787815933254000000,0
workspaceModel.moduleManagerBridge.create.module.instance.ms,1787815873251000000,1787815933254000000,0
jps.global.initialize.library.bridges.after.loading.ms,1787815873251000000,1787815933254000000,0
workspaceModel.moduleManagerBridge.set.unloadedModules.ms,1787815873251000000,1787815933254000000,0
jps.facet.change.listener.before.change.events.ms,1787815873251000000,1787815933254000000,0
workspaceModel.global.updates.ms,1787815873251000000,1787815933254000000,0
jps.library.entities.serializer.load.entities.ms,1787815873251000000,1787815933254000000,345
jps.app.storage.content.writer.save.component.ms,1787815873251000000,1787815933254000000,0
workspaceModel.mutableEntityStorage.mutable.vfurl.index.ms,1787815873251000000,1787815933254000000,0
workspaceModel.mutableEntityStorage.to.snapshot.ms,1787815873251000000,1787815933254000000,7
workspaceModel.sync.entities.ms,1787815873251000000,1787815933254000000,0
workspaceModel.load.cache.from.file.ms,1787815873251000000,1787815933254000000,242
workspaceModel.mutableEntityStorage.entities.ms,1787815873251000000,1787815933254000000,1
workspaceModel.mutableEntityStorage.add.diff.ms,1787815873251000000,1787815933254000000,90
workspaceModel.orphan.listener.update.ms,1787815873251000000,1787815933254000000,4
workspaceModel.mutableEntityStorage.collect.changes.ms,1787815873251000000,1787815933254000000,0
workspaceModel.mutableEntityStorage.mutable.ext.mapping.ms,1787815873251000000,1787815933254000000,0
workspaceModel.save.cache.to.file.ms,1787815873251000000,1787815933254000000,973
workspaceModel.mutableEntityStorage.has.same.entities.ms,1787815873251000000,1787815933254000000,0
workspaceModel.moduleManagerBridge.load.module.ms,1787815873251000000,1787815933254000000,0
jps.global.handle.before.change.events.ms,1787815873251000000,1787815933254000000,0
workspaceModel.global.updates.count,1787815873251000000,1787815933254000000,0
workspaceModel.mutableEntityStorage.add.entity.ms,1787815873251000000,1787815933254000000,340
workspaceModel.mutableEntityStorage.modify.entity.ms,1787815873251000000,1787815933254000000,25
workspaceModel.mutableEntityStorage.remove.entity.ms,1787815873251000000,1787815933254000000,0
jps.load.initial.state.ms,1787815873251000000,1787815933254000000,17
workspaceModel.mutableEntityStorage.referrers.ms,1787815873251000000,1787815933254000000,0
jps.module.iml.entities.serializer.load.entities.ms,1787815873251000000,1787815933254000000,322
jps.artifact.entities.serializer.save.entities.ms,1787815873251000000,1787815933254000000,0
workspaceModel.mutableEntityStorage.entities.by.source.ms,1787815873251000000,1787815933254000000,1
jps.library.entities.serializer.save.entities.ms,1787815873251000000,1787815933254000000,0
jps.apply.loaded.storage.ms,1787815873251000000,1787815933254000000,1633
OS.loadAverage,1787815873251000000,1787815933254000000,3.126953125
JVM.GC.collections,1787815873251000000,1787815933254000000,5
JVM.usedHeapBytes,1787815873251000000,1787815933254000000,353722824
JVM.GC.collectionTimesMs,1787815873251000000,1787815933254000000,57
JVM.maxNativeBytes,1787815873251000000,1787815933254000000,-1
JVM.usedNativeBytes,1787815873251000000,1787815933254000000,380140936
JVM.threadCount,1787815873251000000,1787815933254000000,53
JVM.totalCpuTimeMs,1787815873251000000,1787815933254000000,21392
JVM.maxHeapBytes,1787815873251000000,1787815933254000000,2147483648
Indexes.entries.lookupDurationMaxMs,1787815873251000000,1787815933254000000,0.0
Indexes.stubs.lookups,1787815873251000000,1787815933254000000,0.0
Indexes.entries.lookupDuration90PMs,1787815873251000000,1787815933254000000,0.0
Indexes.stubs.lookupDuration90PMs,1787815873251000000,1787815933254000000,0.0
Indexes.allKeys.lookups,1787815873251000000,1787815933254000000,0.0
IndexesFlusher.totalContentionQuotaSpent,1787815873251000000,1787815933254000000,0
Indexes.stubs.lookupDurationMaxMs,1787815873251000000,1787815933254000000,0.0
Indexes.entries.lookups,1787815873251000000,1787815933254000000,0.0
VFSFlusher.totalFlushes,1787815873251000000,1787815933254000000,0
Indexes.stubs.lookupDurationAvgMs,1787815873251000000,1787815933254000000,0.0
Indexes.allKeys.lookupDuration90PMs,1787815873251000000,1787815933254000000,0.0
Indexes.allKeys.lookupDurationMaxMs,1787815873251000000,1787815933254000000,0.0
Indexes.entries.lookupDurationAvgMs,1787815873251000000,1787815933254000000,0.0
IndexesFlusher.totalFlushesRetried,1787815873251000000,1787815933254000000,0
IndexesFlusher.totalFlushingTimeUs,1787815873251000000,1787815933254000000,597479
VFSFlusher.totalFlushesRetried,1787815873251000000,1787815933254000000,0
VFSFlusher.totalFlushingTimeUs,1787815873251000000,1787815933254000000,0
VFSFlusher.totalContentionQuotaSpent,1787815873251000000,1787815933254000000,0
Indexes.allKeys.lookupDurationAvgMs,1787815873251000000,1787815933254000000,0.0
IndexesFlusher.totalFlushes,1787815873251000000,1787815933254000000,294
FilePageCache.pageLoadsAboveSizeThreshold,1787815873251000000,1787815933254000000,0
StreamlinedBlobStorage.totalLiveRecordsPayloadBytes,1787815873251000000,1787815933254000000,0
FilePageCache.maxRegisteredFiles,1787815873251000000,1787815933254000000,617
StorageLockContext.competingThreads.avg,1787815873251000000,1787815933254000000,0.0
FilePageCache.pageHits,1787815873251000000,1787815933254000000,0
FilePageCache.capacityInBytes,1787815873251000000,1787815933254000000,524288000
StreamlinedBlobStorage.recordsDeleted,1787815873251000000,1787815933254000000,0
StreamlinedBlobStorage.totalLiveRecordsCapacityBytes,1787815873251000000,1787815933254000000,0
StorageLockContext.competingThreads.max,1787815873251000000,1787815933254000000,0
DirectByteBufferAllocator.reclaimed,1787815873251000000,1787815933254000000,0
StreamlinedBlobStorage.recordsRelocated,1787815873251000000,1787815933254000000,0
FilePageCache.totalPageLoadsUs,1787815873251000000,1787815933254000000,0
FilePageCache.maxCacheSizeInBytes,1787815873251000000,1787815933254000000,267534336
StreamlinedBlobStorage.recordsAllocated,1787815873251000000,1787815933254000000,0
FilePageCache.disposedBuffers,1787815873251000000,1787815933254000000,0
DirectByteBufferAllocator.disposed,1787815873251000000,1787815933254000000,0
DirectByteBufferAllocator.hits,1787815873251000000,1787815933254000000,0
FilePageCache.pageFastCacheHits,1787815873251000000,1787815933254000000,6
DirectByteBufferAllocator.misses,1787815873251000000,1787815933254000000,0
StorageLockContext.competingThreads.90P,1787815873251000000,1787815933254000000,0
DirectByteBufferAllocator.totalSizeOfBuffersCachedInBytes,1787815873251000000,1787815933254000000,0
FilePageCache.uncachedFileAccess,1787815873251000000,1787815933254000000,0
FilePageCache.totalPageDisposalsUs,1787815873251000000,1787815933254000000,0
FilePageCache.pageLoads,1787815873251000000,1787815933254000000,0
DirectByteBufferAllocator.totalSizeOfBuffersAllocatedInBytes,1787815873251000000,1787815933254000000,267534336
FileNameCache.fastMisses,1787815873251000000,1787815933254000000,6
FileNameCache.totalMisses,1787815873251000000,1787815933254000000,0
FileNameCache.queries,1787815873251000000,1787815933254000000,304
workspaceModel.replace.project.model.ms,1787815873251000000,1787815933254000000,0
workspaceModel.loading.total.ms,1787815873251000000,1787815933254000000,268
workspaceModel.pre.handlers.ms,1787815873251000000,1787815933254000000,2
workspaceModel.update.unloaded.entities.ms,1787815873251000000,1787815933254000000,0
workspaceModel.to.snapshot.ms,1787815873251000000,1787815933254000000,7
workspaceModel.updates.ms,1787815873251000000,1787815933254000000,133
workspaceModel.collect.changes.ms,1787815873251000000,1787815933254000000,0
workspaceModel.updates.precise.ms,1787815873251000000,1787815933254000000,66
workspaceModel.updates.count,1787815873251000000,1787815933254000000,5
workspaceModel.init.bridges.ms,1787815873251000000,1787815933254000000,3
workspaceModel.check.recursive.update.ms,1787815873251000000,1787815933254000000,1
workspaceModel.loading.from.cache.ms,1787815873251000000,1787815933254000000,248
workspaceModel.initializing.ms,1787815873251000000,1787815933254000000,3
NonBlockingReadAction.failedExecutionsCount,1787815933254000000,1787815993253000000,0
AWTEventQueue.dispatchTimeTotalNS,1787815933254000000,1787815993253000000,10892626046
FlushQueue.tasksExecuted,1787815933254000000,1787815993253000000,1188
AWTEventQueue.dispatchTimeAvgNs,1787815933254000000,1787815993253000000,653698.4008162775
FlushQueue.queueSizeMax,1787815933254000000,1787815993253000000,24
FlushQueue.executionTime90PNs,1787815933254000000,1787815993253000000,1957887
FlushQueue.waitingTimeAvgNs,1787815933254000000,1787815993253000000,8524675.609427609
NonBlockingReadAction.finalizedExecutionsCount,1787815933254000000,1787815993253000000,14
FlushQueue.waitingTime90PNs,1787815933254000000,1787815993253000000,22020095
FlushQueue.executionTimeAvgNs,1787815933254000000,1787815993253000000,851328.414983165
FlushQueue.waitingTimeMaxNs,1787815933254000000,1787815993253000000,160432127
FlushQueue.queueSize90P,1787815933254000000,1787815993253000000,6
NonBlockingReadAction.finalizedExecutionTimeUs,1787815933254000000,1787815993253000000,90137
FlushQueue.queueSizeAvg,1787815933254000000,1787815993253000000,1.5361952861952861
FlushQueue.executionTimeMaxNs,1787815933254000000,1787815993253000000,51380223
NonBlockingReadAction.failedExecutionTimeUs,1787815933254000000,1787815993253000000,0
AWTEventQueue.dispatchTimeMaxNs,1787815933254000000,1787815993253000000,257949695
AWTEventQueue.dispatchTime90PNs,1787815933254000000,1787815993253000000,1761279
AWTEventQueue.eventsDispatched,1787815933254000000,1787815993253000000,16661
workspaceModel.moduleManagerBridge.new.nonPersistent.module.ms,1787815933254000000,1787815993253000000,0
jps.facet.change.listener.init.bridge.ms,1787815933254000000,1787815993253000000,0
jps.save.changed.project.entities.ms,1787815933254000000,1787815993253000000,5
workspaceModel.mutableEntityStorage.put.entity.ms,1787815933254000000,1787815993253000000,104
workspaceModel.moduleManagerBridge.load.all.modules.ms,1787815933254000000,1787815993253000000,172
jps.save.global.entities.ms,1787815933254000000,1787815993253000000,114
jps.global.handle.changed.events.ms,1787815933254000000,1787815993253000000,0
workspaceModel.moduleBridge.facet.initialization.ms,1787815933254000000,1787815993253000000,1
jps.global.get.library.ms,1787815933254000000,1787815993253000000,0
workspaceModel.moduleManagerBridge.newModule.ms,1787815933254000000,1787815993253000000,0
workspaceModel.mutableEntityStorage.resolve.ms,1787815933254000000,1787815993253000000,0
workspaceModel.moduleBridgeLoader.loading.modules.ms,1787815933254000000,1787815993253000000,1410
workspaceModel.global.apply.state.to.project.ms,1787815933254000000,1787815993253000000,50
jps.load.project.to.empty.storage.ms,1787815933254000000,1787815993253000000,916
jps.global.initialize.library.bridges.ms,1787815933254000000,1787815993253000000,0
jps.project.serializers.load.ms,1787815933254000000,1787815993253000000,305
workspaceModel.global.apply.state.to.project.builder.ms,1787815933254000000,1787815993253000000,6
workspaceModel.mutableEntityStorage.replace.by.source.ms,1787815933254000000,1787815993253000000,48
workspaceModel.delayed.project.synchronizer.sync.ms,1787815933254000000,1787815993253000000,2575
jps.storage.jps.conf.reader.load.component.ms,1787815933254000000,1787815993253000000,418
workspaceModel.moduleBridge.before.changed.ms,1787815933254000000,1787815993253000000,0
jps.global.get.library.by.name.ms,1787815933254000000,1787815993253000000,0
jps.global.get.libraries.ms,1787815933254000000,1787815993253000000,4
workspaceModel.moduleManagerBridge.build.module.graph.ms,1787815933254000000,1787815993253000000,2
jps.reload.project.entities.ms,1787815933254000000,1787815993253000000,0
workspaceModel.moduleManagerBridge.get.modules.ms,1787815933254000000,1787815993253000000,4
workspaceModel.moduleBridge.update.option.ms,1787815933254000000,1787815993253000000,0
jps.module.iml.entities.serializer.save.entities.ms,1787815933254000000,1787815993253000000,0
jps.facet.change.listener.process.change.events.ms,1787815933254000000,1787815993253000000,0
jps.project.serializers.save.ms,1787815933254000000,1787815993253000000,4
jps.artifact.entities.serializer.load.entities.ms,1787815933254000000,1787815993253000000,0
jps.app.storage.content.reader.load.component.ms,1787815933254000000,1787815993253000000,0
workspaceModel.moduleManagerBridge.create.module.instance.ms,1787815933254000000,1787815993253000000,0
jps.global.initialize.library.bridges.after.loading.ms,1787815933254000000,1787815993253000000,0
workspaceModel.moduleManagerBridge.set.unloadedModules.ms,1787815933254000000,1787815993253000000,0
jps.facet.change.listener.before.change.events.ms,1787815933254000000,1787815993253000000,0
workspaceModel.global.updates.ms,1787815933254000000,1787815993253000000,0
jps.library.entities.serializer.load.entities.ms,1787815933254000000,1787815993253000000,345
jps.app.storage.content.writer.save.component.ms,1787815933254000000,1787815993253000000,0
workspaceModel.mutableEntityStorage.mutable.vfurl.index.ms,1787815933254000000,1787815993253000000,0
workspaceModel.mutableEntityStorage.to.snapshot.ms,1787815933254000000,1787815993253000000,7
workspaceModel.sync.entities.ms,1787815933254000000,1787815993253000000,0
workspaceModel.load.cache.from.file.ms,1787815933254000000,1787815993253000000,242
workspaceModel.mutableEntityStorage.entities.ms,1787815933254000000,1787815993253000000,1
workspaceModel.mutableEntityStorage.add.diff.ms,1787815933254000000,1787815993253000000,90
workspaceModel.orphan.listener.update.ms,1787815933254000000,1787815993253000000,4
workspaceModel.mutableEntityStorage.collect.changes.ms,1787815933254000000,1787815993253000000,0
workspaceModel.mutableEntityStorage.mutable.ext.mapping.ms,1787815933254000000,1787815993253000000,0
workspaceModel.save.cache.to.file.ms,1787815933254000000,1787815993253000000,973
workspaceModel.mutableEntityStorage.has.same.entities.ms,1787815933254000000,1787815993253000000,0
workspaceModel.moduleManagerBridge.load.module.ms,1787815933254000000,1787815993253000000,0
jps.global.handle.before.change.events.ms,1787815933254000000,1787815993253000000,0
workspaceModel.global.updates.count,1787815933254000000,1787815993253000000,0
workspaceModel.mutableEntityStorage.add.entity.ms,1787815933254000000,1787815993253000000,340
workspaceModel.mutableEntityStorage.modify.entity.ms,1787815933254000000,1787815993253000000,25
workspaceModel.mutableEntityStorage.remove.entity.ms,1787815933254000000,1787815993253000000,0
jps.load.initial.state.ms,1787815933254000000,1787815993253000000,17
workspaceModel.mutableEntityStorage.referrers.ms,1787815933254000000,1787815993253000000,0
jps.module.iml.entities.serializer.load.entities.ms,1787815933254000000,1787815993253000000,322
jps.artifact.entities.serializer.save.entities.ms,1787815933254000000,1787815993253000000,0
workspaceModel.mutableEntityStorage.entities.by.source.ms,1787815933254000000,1787815993253000000,1
jps.library.entities.serializer.save.entities.ms,1787815933254000000,1787815993253000000,0
jps.apply.loaded.storage.ms,1787815933254000000,1787815993253000000,1633
OS.loadAverage,1787815933254000000,1787815993253000000,2.447265625
JVM.GC.collections,1787815933254000000,1787815993253000000,6
JVM.usedHeapBytes,1787815933254000000,1787815993253000000,349729360
JVM.GC.collectionTimesMs,1787815933254000000,1787815993253000000,59
JVM.maxNativeBytes,1787815933254000000,1787815993253000000,-1
JVM.usedNativeBytes,1787815933254000000,1787815993253000000,384058624
JVM.threadCount,1787815933254000000,1787815993253000000,55
JVM.totalCpuTimeMs,1787815933254000000,1787815993253000000,27540
JVM.maxHeapBytes,1787815933254000000,1787815993253000000,2147483648
Indexes.entries.lookupDurationMaxMs,1787815933254000000,1787815993253000000,26.0
Indexes.stubs.lookups,1787815933254000000,1787815993253000000,12.0
Indexes.entries.lookupDuration90PMs,1787815933254000000,1787815993253000000,26.0
Indexes.stubs.lookupDuration90PMs,1787815933254000000,1787815993253000000,4.0
Indexes.allKeys.lookups,1787815933254000000,1787815993253000000,0.0
IndexesFlusher.totalContentionQuotaSpent,1787815933254000000,1787815993253000000,0
Indexes.stubs.lookupDurationMaxMs,1787815933254000000,1787815993253000000,6.0
Indexes.entries.lookups,1787815933254000000,1787815993253000000,1.0
VFSFlusher.totalFlushes,1787815933254000000,1787815993253000000,0
Indexes.stubs.lookupDurationAvgMs,1787815933254000000,1787815993253000000,1.0
Indexes.allKeys.lookupDuration90PMs,1787815933254000000,1787815993253000000,0.0
Indexes.allKeys.lookupDurationMaxMs,1787815933254000000,1787815993253000000,0.0
Indexes.entries.lookupDurationAvgMs,1787815933254000000,1787815993253000000,26.0
IndexesFlusher.totalFlushesRetried,1787815933254000000,1787815993253000000,0
IndexesFlusher.totalFlushingTimeUs,1787815933254000000,1787815993253000000,598309
VFSFlusher.totalFlushesRetried,1787815933254000000,1787815993253000000,0
VFSFlusher.totalFlushingTimeUs,1787815933254000000,1787815993253000000,0
VFSFlusher.totalContentionQuotaSpent,1787815933254000000,1787815993253000000,0
Indexes.allKeys.lookupDurationAvgMs,1787815933254000000,1787815993253000000,0.0
IndexesFlusher.totalFlushes,1787815933254000000,1787815993253000000,294
FilePageCache.pageLoadsAboveSizeThreshold,1787815933254000000,1787815993253000000,0
StreamlinedBlobStorage.totalLiveRecordsPayloadBytes,1787815933254000000,1787815993253000000,0
FilePageCache.maxRegisteredFiles,1787815933254000000,1787815993253000000,617
StorageLockContext.competingThreads.avg,1787815933254000000,1787815993253000000,0.0
FilePageCache.pageHits,1787815933254000000,1787815993253000000,0
FilePageCache.capacityInBytes,1787815933254000000,1787815993253000000,524288000
StreamlinedBlobStorage.recordsDeleted,1787815933254000000,1787815993253000000,0
StreamlinedBlobStorage.totalLiveRecordsCapacityBytes,1787815933254000000,1787815993253000000,0
StorageLockContext.competingThreads.max,1787815933254000000,1787815993253000000,0
DirectByteBufferAllocator.reclaimed,1787815933254000000,1787815993253000000,0
StreamlinedBlobStorage.recordsRelocated,1787815933254000000,1787815993253000000,0
FilePageCache.totalPageLoadsUs,1787815933254000000,1787815993253000000,0
FilePageCache.maxCacheSizeInBytes,1787815933254000000,1787815993253000000,267534336
StreamlinedBlobStorage.recordsAllocated,1787815933254000000,1787815993253000000,0
FilePageCache.disposedBuffers,1787815933254000000,1787815993253000000,0
DirectByteBufferAllocator.disposed,1787815933254000000,1787815993253000000,0
DirectByteBufferAllocator.hits,1787815933254000000,1787815993253000000,0
FilePageCache.pageFastCacheHits,1787815933254000000,1787815993253000000,13
DirectByteBufferAllocator.misses,1787815933254000000,1787815993253000000,0
StorageLockContext.competingThreads.90P,1787815933254000000,1787815993253000000,0
DirectByteBufferAllocator.totalSizeOfBuffersCachedInBytes,1787815933254000000,1787815993253000000,0
FilePageCache.uncachedFileAccess,1787815933254000000,1787815993253000000,0
FilePageCache.totalPageDisposalsUs,1787815933254000000,1787815993253000000,0
FilePageCache.pageLoads,1787815933254000000,1787815993253000000,0
DirectByteBufferAllocator.totalSizeOfBuffersAllocatedInBytes,1787815933254000000,1787815993253000000,267534336
FileNameCache.fastMisses,1787815933254000000,1787815993253000000,17
FileNameCache.totalMisses,1787815933254000000,1787815993253000000,0
FileNameCache.queries,1787815933254000000,1787815993253000000,5908
workspaceModel.replace.project.model.ms,1787815933254000000,1787815993253000000,0
workspaceModel.loading.total.ms,1787815933254000000,1787815993253000000,268
workspaceModel.pre.handlers.ms,1787815933254000000,1787815993253000000,2
workspaceModel.update.unloaded.entities.ms,1787815933254000000,1787815993253000000,0
workspaceModel.to.snapshot.ms,1787815933254000000,1787815993253000000,7
workspaceModel.updates.ms,1787815933254000000,1787815993253000000,133
workspaceModel.collect.changes.ms,1787815933254000000,1787815993253000000,0
workspaceModel.updates.precise.ms,1787815933254000000,1787815993253000000,66
workspaceModel.updates.count,1787815933254000000,1787815993253000000,5
workspaceModel.init.bridges.ms,1787815933254000000,1787815993253000000,3
workspaceModel.check.recursive.update.ms,1787815933254000000,1787815993253000000,1
workspaceModel.loading.from.cache.ms,1787815933254000000,1787815993253000000,248
workspaceModel.initializing.ms,1787815933254000000,1787815993253000000,3
NonBlockingReadAction.failedExecutionsCount,1787815993253000000,1787816053258000000,0
AWTEventQueue.dispatchTimeTotalNS,1787815993253000000,1787816053258000000,13648018751
FlushQueue.tasksExecuted,1787815993253000000,1787816053258000000,2306
AWTEventQueue.dispatchTimeAvgNs,1787815993253000000,1787816053258000000,1031477.1338320865
FlushQueue.queueSizeMax,1787815993253000000,1787816053258000000,91
FlushQueue.executionTime90PNs,1787815993253000000,1787816053258000000,1011711
FlushQueue.waitingTimeAvgNs,1787815993253000000,1787816053258000000,5.941629188985256E7
NonBlockingReadAction.finalizedExecutionsCount,1787815993253000000,1787816053258000000,167
FlushQueue.waitingTime90PNs,1787815993253000000,1787816053258000000,185597951
FlushQueue.executionTimeAvgNs,1787815993253000000,1787816053258000000,1324203.157415438
FlushQueue.waitingTimeMaxNs,1787815993253000000,1787816053258000000,1031798783
FlushQueue.queueSize90P,1787815993253000000,1787816053258000000,29
NonBlockingReadAction.finalizedExecutionTimeUs,1787815993253000000,1787816053258000000,374164
FlushQueue.queueSizeAvg,1787815993253000000,1787816053258000000,6.519947961838682
FlushQueue.executionTimeMaxNs,1787815993253000000,1787816053258000000,1107296255
NonBlockingReadAction.failedExecutionTimeUs,1787815993253000000,1787816053258000000,0
AWTEventQueue.dispatchTimeMaxNs,1787815993253000000,1787816053258000000,1107296255
AWTEventQueue.dispatchTime90PNs,1787815993253000000,1787816053258000000,1900543
AWTEventQueue.eventsDispatched,1787815993253000000,1787816053258000000,13233
workspaceModel.moduleManagerBridge.new.nonPersistent.module.ms,1787815993253000000,1787816053258000000,0
jps.facet.change.listener.init.bridge.ms,1787815993253000000,1787816053258000000,0
jps.save.changed.project.entities.ms,1787815993253000000,1787816053258000000,5
workspaceModel.mutableEntityStorage.put.entity.ms,1787815993253000000,1787816053258000000,104
workspaceModel.moduleManagerBridge.load.all.modules.ms,1787815993253000000,1787816053258000000,172
jps.save.global.entities.ms,1787815993253000000,1787816053258000000,132
jps.global.handle.changed.events.ms,1787815993253000000,1787816053258000000,0
workspaceModel.moduleBridge.facet.initialization.ms,1787815993253000000,1787816053258000000,1
jps.global.get.library.ms,1787815993253000000,1787816053258000000,0
workspaceModel.moduleManagerBridge.newModule.ms,1787815993253000000,1787816053258000000,0
workspaceModel.mutableEntityStorage.resolve.ms,1787815993253000000,1787816053258000000,0
workspaceModel.moduleBridgeLoader.loading.modules.ms,1787815993253000000,1787816053258000000,1410
workspaceModel.global.apply.state.to.project.ms,1787815993253000000,1787816053258000000,50
jps.load.project.to.empty.storage.ms,1787815993253000000,1787816053258000000,916
jps.global.initialize.library.bridges.ms,1787815993253000000,1787816053258000000,0
jps.project.serializers.load.ms,1787815993253000000,1787816053258000000,305
workspaceModel.global.apply.state.to.project.builder.ms,1787815993253000000,1787816053258000000,6
workspaceModel.mutableEntityStorage.replace.by.source.ms,1787815993253000000,1787816053258000000,48
workspaceModel.delayed.project.synchronizer.sync.ms,1787815993253000000,1787816053258000000,2575
jps.storage.jps.conf.reader.load.component.ms,1787815993253000000,1787816053258000000,418
workspaceModel.moduleBridge.before.changed.ms,1787815993253000000,1787816053258000000,0
jps.global.get.library.by.name.ms,1787815993253000000,1787816053258000000,0
jps.global.get.libraries.ms,1787815993253000000,1787816053258000000,4
workspaceModel.moduleManagerBridge.build.module.graph.ms,1787815993253000000,1787816053258000000,2
jps.reload.project.entities.ms,1787815993253000000,1787816053258000000,0
workspaceModel.moduleManagerBridge.get.modules.ms,1787815993253000000,1787816053258000000,4
workspaceModel.moduleBridge.update.option.ms,1787815993253000000,1787816053258000000,0
jps.module.iml.entities.serializer.save.entities.ms,1787815993253000000,1787816053258000000,0
jps.facet.change.listener.process.change.events.ms,1787815993253000000,1787816053258000000,0
jps.project.serializers.save.ms,1787815993253000000,1787816053258000000,4
jps.artifact.entities.serializer.load.entities.ms,1787815993253000000,1787816053258000000,0
jps.app.storage.content.reader.load.component.ms,1787815993253000000,1787816053258000000,0
workspaceModel.moduleManagerBridge.create.module.instance.ms,1787815993253000000,1787816053258000000,0
jps.global.initialize.library.bridges.after.loading.ms,1787815993253000000,1787816053258000000,0
workspaceModel.moduleManagerBridge.set.unloadedModules.ms,1787815993253000000,1787816053258000000,0
jps.facet.change.listener.before.change.events.ms,1787815993253000000,1787816053258000000,0
workspaceModel.global.updates.ms,1787815993253000000,1787816053258000000,0
jps.library.entities.serializer.load.entities.ms,1787815993253000000,1787816053258000000,345
jps.app.storage.content.writer.save.component.ms,1787815993253000000,1787816053258000000,0
workspaceModel.mutableEntityStorage.mutable.vfurl.index.ms,1787815993253000000,1787816053258000000,0
workspaceModel.mutableEntityStorage.to.snapshot.ms,1787815993253000000,1787816053258000000,7
workspaceModel.sync.entities.ms,1787815993253000000,1787816053258000000,0
workspaceModel.load.cache.from.file.ms,1787815993253000000,1787816053258000000,242
workspaceModel.mutableEntityStorage.entities.ms,1787815993253000000,1787816053258000000,1
workspaceModel.mutableEntityStorage.add.diff.ms,1787815993253000000,1787816053258000000,90
workspaceModel.orphan.listener.update.ms,1787815993253000000,1787816053258000000,4
workspaceModel.mutableEntityStorage.collect.changes.ms,1787815993253000000,1787816053258000000,0
workspaceModel.mutableEntityStorage.mutable.ext.mapping.ms,1787815993253000000,1787816053258000000,0
workspaceModel.save.cache.to.file.ms,1787815993253000000,1787816053258000000,973
workspaceModel.mutableEntityStorage.has.same.entities.ms,1787815993253000000,1787816053258000000,0
workspaceModel.moduleManagerBridge.load.module.ms,1787815993253000000,1787816053258000000,0
jps.global.handle.before.change.events.ms,1787815993253000000,1787816053258000000,0
workspaceModel.global.updates.count,1787815993253000000,1787816053258000000,0
workspaceModel.mutableEntityStorage.add.entity.ms,1787815993253000000,1787816053258000000,340
workspaceModel.mutableEntityStorage.modify.entity.ms,1787815993253000000,1787816053258000000,25
workspaceModel.mutableEntityStorage.remove.entity.ms,1787815993253000000,1787816053258000000,0
jps.load.initial.state.ms,1787815993253000000,1787816053258000000,17
workspaceModel.mutableEntityStorage.referrers.ms,1787815993253000000,1787816053258000000,0
jps.module.iml.entities.serializer.load.entities.ms,1787815993253000000,1787816053258000000,322
jps.artifact.entities.serializer.save.entities.ms,1787815993253000000,1787816053258000000,0
workspaceModel.mutableEntityStorage.entities.by.source.ms,1787815993253000000,1787816053258000000,1
jps.library.entities.serializer.save.entities.ms,1787815993253000000,1787816053258000000,0
jps.apply.loaded.storage.ms,1787815993253000000,1787816053258000000,1633
OS.loadAverage,1787815993253000000,1787816053258000000,4.54736328125
JVM.GC.collections,1787815993253000000,1787816053258000000,6
JVM.usedHeapBytes,1787815993253000000,1787816053258000000,193988096
JVM.GC.collectionTimesMs,1787815993253000000,1787816053258000000,67
JVM.maxNativeBytes,1787815993253000000,1787816053258000000,-1
JVM.usedNativeBytes,1787815993253000000,1787816053258000000,399878544
JVM.threadCount,1787815993253000000,1787816053258000000,58
JVM.totalCpuTimeMs,1787815993253000000,1787816053258000000,32994
JVM.maxHeapBytes,1787815993253000000,1787816053258000000,2147483648
Indexes.entries.lookupDurationMaxMs,1787815993253000000,1787816053258000000,15.0
Indexes.stubs.lookups,1787815993253000000,1787816053258000000,0.0
Indexes.entries.lookupDuration90PMs,1787815993253000000,1787816053258000000,15.0
Indexes.stubs.lookupDuration90PMs,1787815993253000000,1787816053258000000,0.0
Indexes.allKeys.lookups,1787815993253000000,1787816053258000000,0.0
IndexesFlusher.totalContentionQuotaSpent,1787815993253000000,1787816053258000000,0
Indexes.stubs.lookupDurationMaxMs,1787815993253000000,1787816053258000000,0.0
Indexes.entries.lookups,1787815993253000000,1787816053258000000,2.0
VFSFlusher.totalFlushes,1787815993253000000,1787816053258000000,2
Indexes.stubs.lookupDurationAvgMs,1787815993253000000,1787816053258000000,0.0
Indexes.allKeys.lookupDuration90PMs,1787815993253000000,1787816053258000000,0.0
Indexes.allKeys.lookupDurationMaxMs,1787815993253000000,1787816053258000000,0.0
Indexes.entries.lookupDurationAvgMs,1787815993253000000,1787816053258000000,9.0
IndexesFlusher.totalFlushesRetried,1787815993253000000,1787816053258000000,0
IndexesFlusher.totalFlushingTimeUs,1787815993253000000,1787816053258000000,664134
VFSFlusher.totalFlushesRetried,1787815993253000000,1787816053258000000,0
VFSFlusher.totalFlushingTimeUs,1787815993253000000,1787816053258000000,53061
VFSFlusher.totalContentionQuotaSpent,1787815993253000000,1787816053258000000,0
Indexes.allKeys.lookupDurationAvgMs,1787815993253000000,1787816053258000000,0.0
IndexesFlusher.totalFlushes,1787815993253000000,1787816053258000000,292
FilePageCache.pageLoadsAboveSizeThreshold,1787815993253000000,1787816053258000000,0
StreamlinedBlobStorage.totalLiveRecordsPayloadBytes,1787815993253000000,1787816053258000000,0
FilePageCache.maxRegisteredFiles,1787815993253000000,1787816053258000000,617
StorageLockContext.competingThreads.avg,1787815993253000000,1787816053258000000,0.0
FilePageCache.pageHits,1787815993253000000,1787816053258000000,0
FilePageCache.capacityInBytes,1787815993253000000,1787816053258000000,524288000
StreamlinedBlobStorage.recordsDeleted,1787815993253000000,1787816053258000000,0
StreamlinedBlobStorage.totalLiveRecordsCapacityBytes,1787815993253000000,1787816053258000000,0
StorageLockContext.competingThreads.max,1787815993253000000,1787816053258000000,0
DirectByteBufferAllocator.reclaimed,1787815993253000000,1787816053258000000,0
StreamlinedBlobStorage.recordsRelocated,1787815993253000000,1787816053258000000,0
FilePageCache.totalPageLoadsUs,1787815993253000000,1787816053258000000,5324
FilePageCache.maxCacheSizeInBytes,1787815993253000000,1787816053258000000,267542528
StreamlinedBlobStorage.recordsAllocated,1787815993253000000,1787816053258000000,0
FilePageCache.disposedBuffers,1787815993253000000,1787816053258000000,0
DirectByteBufferAllocator.disposed,1787815993253000000,1787816053258000000,0
DirectByteBufferAllocator.hits,1787815993253000000,1787816053258000000,0
FilePageCache.pageFastCacheHits,1787815993253000000,1787816053258000000,184
DirectByteBufferAllocator.misses,1787815993253000000,1787816053258000000,1
StorageLockContext.competingThreads.90P,1787815993253000000,1787816053258000000,0
DirectByteBufferAllocator.totalSizeOfBuffersCachedInBytes,1787815993253000000,1787816053258000000,0
FilePageCache.uncachedFileAccess,1787815993253000000,1787816053258000000,0
FilePageCache.totalPageDisposalsUs,1787815993253000000,1787816053258000000,179
FilePageCache.pageLoads,1787815993253000000,1787816053258000000,1
DirectByteBufferAllocator.totalSizeOfBuffersAllocatedInBytes,1787815993253000000,1787816053258000000,267542528
FileNameCache.fastMisses,1787815993253000000,1787816053258000000,80
FileNameCache.totalMisses,1787815993253000000,1787816053258000000,0
FileNameCache.queries,1787815993253000000,1787816053258000000,7425
workspaceModel.replace.project.model.ms,1787815993253000000,1787816053258000000,0
workspaceModel.loading.total.ms,1787815993253000000,1787816053258000000,268
workspaceModel.pre.handlers.ms,1787815993253000000,1787816053258000000,2
workspaceModel.update.unloaded.entities.ms,1787815993253000000,1787816053258000000,0
workspaceModel.to.snapshot.ms,1787815993253000000,1787816053258000000,7
workspaceModel.updates.ms,1787815993253000000,1787816053258000000,133
workspaceModel.collect.changes.ms,1787815993253000000,1787816053258000000,0
workspaceModel.updates.precise.ms,1787815993253000000,1787816053258000000,66
workspaceModel.updates.count,1787815993253000000,1787816053258000000,5
workspaceModel.init.bridges.ms,1787815993253000000,1787816053258000000,3
workspaceModel.check.recursive.update.ms,1787815993253000000,1787816053258000000,1
workspaceModel.loading.from.cache.ms,1787815993253000000,1787816053258000000,248
workspaceModel.initializing.ms,1787815993253000000,1787816053258000000,3
NonBlockingReadAction.failedExecutionsCount,1787816053258000000,1787816113260000000,0
AWTEventQueue.dispatchTimeTotalNS,1787816053258000000,1787816113260000000,1680646511
FlushQueue.tasksExecuted,1787816053258000000,1787816113260000000,239
AWTEventQueue.dispatchTimeAvgNs,1787816053258000000,1787816113260000000,456459.14347826084
FlushQueue.queueSizeMax,1787816053258000000,1787816113260000000,2
FlushQueue.executionTime90PNs,1787816053258000000,1787816113260000000,226303
FlushQueue.waitingTimeAvgNs,1787816053258000000,1787816113260000000,6354202.242677825
NonBlockingReadAction.finalizedExecutionsCount,1787816053258000000,1787816113260000000,0
FlushQueue.waitingTime90PNs,1787816053258000000,1787816113260000000,368639
FlushQueue.executionTimeAvgNs,1787816053258000000,1787816113260000000,211192.36820083682
FlushQueue.waitingTimeMaxNs,1787816053258000000,1787816113260000000,683671551
FlushQueue.queueSize90P,1787816053258000000,1787816113260000000,0
NonBlockingReadAction.finalizedExecutionTimeUs,1787816053258000000,1787816113260000000,0
FlushQueue.queueSizeAvg,1787816053258000000,1787816113260000000,0.012552301255230125
FlushQueue.executionTimeMaxNs,1787816053258000000,1787816113260000000,9895935
NonBlockingReadAction.failedExecutionTimeUs,1787816053258000000,1787816113260000000,0
AWTEventQueue.dispatchTimeMaxNs,1787816053258000000,1787816113260000000,713031679
AWTEventQueue.dispatchTime90PNs,1787816053258000000,1787816113260000000,247807
AWTEventQueue.eventsDispatched,1787816053258000000,1787816113260000000,3680
workspaceModel.moduleManagerBridge.new.nonPersistent.module.ms,1787816053258000000,1787816113260000000,0
jps.facet.change.listener.init.bridge.ms,1787816053258000000,1787816113260000000,0
jps.save.changed.project.entities.ms,1787816053258000000,1787816113260000000,5
workspaceModel.mutableEntityStorage.put.entity.ms,1787816053258000000,1787816113260000000,104
workspaceModel.moduleManagerBridge.load.all.modules.ms,1787816053258000000,1787816113260000000,172
jps.save.global.entities.ms,1787816053258000000,1787816113260000000,132
jps.global.handle.changed.events.ms,1787816053258000000,1787816113260000000,0
workspaceModel.moduleBridge.facet.initialization.ms,1787816053258000000,1787816113260000000,1
jps.global.get.library.ms,1787816053258000000,1787816113260000000,0
workspaceModel.moduleManagerBridge.newModule.ms,1787816053258000000,1787816113260000000,0
workspaceModel.mutableEntityStorage.resolve.ms,1787816053258000000,1787816113260000000,0
workspaceModel.moduleBridgeLoader.loading.modules.ms,1787816053258000000,1787816113260000000,1410
workspaceModel.global.apply.state.to.project.ms,1787816053258000000,1787816113260000000,50
jps.load.project.to.empty.storage.ms,1787816053258000000,1787816113260000000,916
jps.global.initialize.library.bridges.ms,1787816053258000000,1787816113260000000,0
jps.project.serializers.load.ms,1787816053258000000,1787816113260000000,305
workspaceModel.global.apply.state.to.project.builder.ms,1787816053258000000,1787816113260000000,6
workspaceModel.mutableEntityStorage.replace.by.source.ms,1787816053258000000,1787816113260000000,48
workspaceModel.delayed.project.synchronizer.sync.ms,1787816053258000000,1787816113260000000,2575
jps.storage.jps.conf.reader.load.component.ms,1787816053258000000,1787816113260000000,418
workspaceModel.moduleBridge.before.changed.ms,1787816053258000000,1787816113260000000,0
jps.global.get.library.by.name.ms,1787816053258000000,1787816113260000000,0
jps.global.get.libraries.ms,1787816053258000000,1787816113260000000,4
workspaceModel.moduleManagerBridge.build.module.graph.ms,1787816053258000000,1787816113260000000,2
jps.reload.project.entities.ms,1787816053258000000,1787816113260000000,0
workspaceModel.moduleManagerBridge.get.modules.ms,1787816053258000000,1787816113260000000,4
workspaceModel.moduleBridge.update.option.ms,1787816053258000000,1787816113260000000,0
jps.module.iml.entities.serializer.save.entities.ms,1787816053258000000,1787816113260000000,0
jps.facet.change.listener.process.change.events.ms,1787816053258000000,1787816113260000000,0
jps.project.serializers.save.ms,1787816053258000000,1787816113260000000,4
jps.artifact.entities.serializer.load.entities.ms,1787816053258000000,1787816113260000000,0
jps.app.storage.content.reader.load.component.ms,1787816053258000000,1787816113260000000,0
workspaceModel.moduleManagerBridge.create.module.instance.ms,1787816053258000000,1787816113260000000,0
jps.global.initialize.library.bridges.after.loading.ms,1787816053258000000,1787816113260000000,0
workspaceModel.moduleManagerBridge.set.unloadedModules.ms,1787816053258000000,1787816113260000000,0
jps.facet.change.listener.before.change.events.ms,1787816053258000000,1787816113260000000,0
workspaceModel.global.updates.ms,1787816053258000000,1787816113260000000,0
jps.library.entities.serializer.load.entities.ms,1787816053258000000,1787816113260000000,345
jps.app.storage.content.writer.save.component.ms,1787816053258000000,1787816113260000000,0
workspaceModel.mutableEntityStorage.mutable.vfurl.index.ms,1787816053258000000,1787816113260000000,0
workspaceModel.mutableEntityStorage.to.snapshot.ms,1787816053258000000,1787816113260000000,7
workspaceModel.sync.entities.ms,1787816053258000000,1787816113260000000,0
workspaceModel.load.cache.from.file.ms,1787816053258000000,1787816113260000000,242
workspaceModel.mutableEntityStorage.entities.ms,1787816053258000000,1787816113260000000,1
workspaceModel.mutableEntityStorage.add.diff.ms,1787816053258000000,1787816113260000000,90
workspaceModel.orphan.listener.update.ms,1787816053258000000,1787816113260000000,4
workspaceModel.mutableEntityStorage.collect.changes.ms,1787816053258000000,1787816113260000000,0
workspaceModel.mutableEntityStorage.mutable.ext.mapping.ms,1787816053258000000,1787816113260000000,0
workspaceModel.save.cache.to.file.ms,1787816053258000000,1787816113260000000,973
workspaceModel.mutableEntityStorage.has.same.entities.ms,1787816053258000000,1787816113260000000,0
workspaceModel.moduleManagerBridge.load.module.ms,1787816053258000000,1787816113260000000,0
jps.global.handle.before.change.events.ms,1787816053258000000,1787816113260000000,0
workspaceModel.global.updates.count,1787816053258000000,1787816113260000000,0
workspaceModel.mutableEntityStorage.add.entity.ms,1787816053258000000,1787816113260000000,340
workspaceModel.mutableEntityStorage.modify.entity.ms,1787816053258000000,1787816113260000000,25
workspaceModel.mutableEntityStorage.remove.entity.ms,1787816053258000000,1787816113260000000,0
jps.load.initial.state.ms,1787816053258000000,1787816113260000000,17
workspaceModel.mutableEntityStorage.referrers.ms,1787816053258000000,1787816113260000000,0
jps.module.iml.entities.serializer.load.entities.ms,1787816053258000000,1787816113260000000,322
jps.artifact.entities.serializer.save.entities.ms,1787816053258000000,1787816113260000000,0
workspaceModel.mutableEntityStorage.entities.by.source.ms,1787816053258000000,1787816113260000000,1
jps.library.entities.serializer.save.entities.ms,1787816053258000000,1787816113260000000,0
jps.apply.loaded.storage.ms,1787816053258000000,1787816113260000000,1633
OS.loadAverage,1787816053258000000,1787816113260000000,2.61669921875
JVM.GC.collections,1787816053258000000,1787816113260000000,0
JVM.usedHeapBytes,1787816053258000000,1787816113260000000,246416896
JVM.GC.collectionTimesMs,1787816053258000000,1787816113260000000,0
JVM.maxNativeBytes,1787816053258000000,1787816113260000000,-1
JVM.usedNativeBytes,1787816053258000000,1787816113260000000,399727840
JVM.threadCount,1787816053258000000,1787816113260000000,53
JVM.totalCpuTimeMs,1787816053258000000,1787816113260000000,6434
JVM.maxHeapBytes,1787816053258000000,1787816113260000000,2147483648
Indexes.entries.lookupDurationMaxMs,1787816053258000000,1787816113260000000,0.0
Indexes.stubs.lookups,1787816053258000000,1787816113260000000,0.0
Indexes.entries.lookupDuration90PMs,1787816053258000000,1787816113260000000,0.0
Indexes.stubs.lookupDuration90PMs,1787816053258000000,1787816113260000000,0.0
Indexes.allKeys.lookups,1787816053258000000,1787816113260000000,0.0
IndexesFlusher.totalContentionQuotaSpent,1787816053258000000,1787816113260000000,0
Indexes.stubs.lookupDurationMaxMs,1787816053258000000,1787816113260000000,0.0
Indexes.entries.lookups,1787816053258000000,1787816113260000000,0.0
VFSFlusher.totalFlushes,1787816053258000000,1787816113260000000,0
Indexes.stubs.lookupDurationAvgMs,1787816053258000000,1787816113260000000,0.0
Indexes.allKeys.lookupDuration90PMs,1787816053258000000,1787816113260000000,0.0
Indexes.allKeys.lookupDurationMaxMs,1787816053258000000,1787816113260000000,0.0
Indexes.entries.lookupDurationAvgMs,1787816053258000000,1787816113260000000,0.0
IndexesFlusher.totalFlushesRetried,1787816053258000000,1787816113260000000,0
IndexesFlusher.totalFlushingTimeUs,1787816053258000000,1787816113260000000,668844
VFSFlusher.totalFlushesRetried,1787816053258000000,1787816113260000000,0
VFSFlusher.totalFlushingTimeUs,1787816053258000000,1787816113260000000,0
VFSFlusher.totalContentionQuotaSpent,1787816053258000000,1787816113260000000,0
Indexes.allKeys.lookupDurationAvgMs,1787816053258000000,1787816113260000000,0.0
IndexesFlusher.totalFlushes,1787816053258000000,1787816113260000000,293
FilePageCache.pageLoadsAboveSizeThreshold,1787816053258000000,1787816113260000000,0
StreamlinedBlobStorage.totalLiveRecordsPayloadBytes,1787816053258000000,1787816113260000000,0
FilePageCache.maxRegisteredFiles,1787816053258000000,1787816113260000000,617
StorageLockContext.competingThreads.avg,1787816053258000000,1787816113260000000,0.0
FilePageCache.pageHits,1787816053258000000,1787816113260000000,0
FilePageCache.capacityInBytes,1787816053258000000,1787816113260000000,524288000
StreamlinedBlobStorage.recordsDeleted,1787816053258000000,1787816113260000000,0
StreamlinedBlobStorage.totalLiveRecordsCapacityBytes,1787816053258000000,1787816113260000000,0
StorageLockContext.competingThreads.max,1787816053258000000,1787816113260000000,0
DirectByteBufferAllocator.reclaimed,1787816053258000000,1787816113260000000,0
StreamlinedBlobStorage.recordsRelocated,1787816053258000000,1787816113260000000,0
FilePageCache.totalPageLoadsUs,1787816053258000000,1787816113260000000,0
FilePageCache.maxCacheSizeInBytes,1787816053258000000,1787816113260000000,267542528
StreamlinedBlobStorage.recordsAllocated,1787816053258000000,1787816113260000000,0
FilePageCache.disposedBuffers,1787816053258000000,1787816113260000000,0
DirectByteBufferAllocator.disposed,1787816053258000000,1787816113260000000,0
DirectByteBufferAllocator.hits,1787816053258000000,1787816113260000000,0
FilePageCache.pageFastCacheHits,1787816053258000000,1787816113260000000,0
DirectByteBufferAllocator.misses,1787816053258000000,1787816113260000000,0
StorageLockContext.competingThreads.90P,1787816053258000000,1787816113260000000,0
DirectByteBufferAllocator.totalSizeOfBuffersCachedInBytes,1787816053258000000,1787816113260000000,0
FilePageCache.uncachedFileAccess,1787816053258000000,1787816113260000000,0
FilePageCache.totalPageDisposalsUs,1787816053258000000,1787816113260000000,0
FilePageCache.pageLoads,1787816053258000000,1787816113260000000,0
DirectByteBufferAllocator.totalSizeOfBuffersAllocatedInBytes,1787816053258000000,1787816113260000000,267542528
FileNameCache.fastMisses,1787816053258000000,1787816113260000000,0
FileNameCache.totalMisses,1787816053258000000,1787816113260000000,0
FileNameCache.queries,1787816053258000000,1787816113260000000,0
workspaceModel.replace.project.model.ms,1787816053258000000,1787816113260000000,0
workspaceModel.loading.total.ms,1787816053258000000,1787816113260000000,268
workspaceModel.pre.handlers.ms,1787816053258000000,1787816113260000000,2
workspaceModel.update.unloaded.entities.ms,1787816053258000000,1787816113260000000,0
workspaceModel.to.snapshot.ms,1787816053258000000,1787816113260000000,7
workspaceModel.updates.ms,1787816053258000000,1787816113260000000,133
workspaceModel.collect.changes.ms,1787816053258000000,1787816113260000000,0
workspaceModel.updates.precise.ms,1787816053258000000,1787816113260000000,66
workspaceModel.updates.count,1787816053258000000,1787816113260000000,5
workspaceModel.init.bridges.ms,1787816053258000000,1787816113260000000,3
workspaceModel.check.recursive.update.ms,1787816053258000000,1787816113260000000,1
workspaceModel.loading.from.cache.ms,1787816053258000000,1787816113260000000,248
workspaceModel.initializing.ms,1787816053258000000,1787816113260000000,3
NonBlockingReadAction.failedExecutionsCount,1787816113260000000,1787816173255000000,0
AWTEventQueue.dispatchTimeTotalNS,1787816113260000000,1787816173255000000,866488737
FlushQueue.tasksExecuted,1787816113260000000,1787816173255000000,241
AWTEventQueue.dispatchTimeAvgNs,1787816113260000000,1787816173255000000,231186.37416599947
FlushQueue.queueSizeMax,1787816113260000000,1787816173255000000,0
FlushQueue.executionTime90PNs,1787816113260000000,1787816173255000000,219135
FlushQueue.waitingTimeAvgNs,1787816113260000000,1787816173255000000,221766.90456431537
NonBlockingReadAction.finalizedExecutionsCount,1787816113260000000,1787816173255000000,3
FlushQueue.waitingTime90PNs,1787816113260000000,1787816173255000000,333823
FlushQueue.executionTimeAvgNs,1787816113260000000,1787816173255000000,182197.377593361
FlushQueue.waitingTimeMaxNs,1787816113260000000,1787816173255000000,5832703
FlushQueue.queueSize90P,1787816113260000000,1787816173255000000,0
NonBlockingReadAction.finalizedExecutionTimeUs,1787816113260000000,1787816173255000000,92308
FlushQueue.queueSizeAvg,1787816113260000000,1787816173255000000,0.0
FlushQueue.executionTimeMaxNs,1787816113260000000,1787816173255000000,7241727
NonBlockingReadAction.failedExecutionTimeUs,1787816113260000000,1787816173255000000,0
AWTEventQueue.dispatchTimeMaxNs,1787816113260000000,1787816173255000000,22282239
AWTEventQueue.dispatchTime90PNs,1787816113260000000,1787816173255000000,207871
AWTEventQueue.eventsDispatched,1787816113260000000,1787816173255000000,3747
workspaceModel.moduleManagerBridge.new.nonPersistent.module.ms,1787816113260000000,1787816173255000000,0
jps.facet.change.listener.init.bridge.ms,1787816113260000000,1787816173255000000,0
jps.save.changed.project.entities.ms,1787816113260000000,1787816173255000000,5
workspaceModel.mutableEntityStorage.put.entity.ms,1787816113260000000,1787816173255000000,104
workspaceModel.moduleManagerBridge.load.all.modules.ms,1787816113260000000,1787816173255000000,172
jps.save.global.entities.ms,1787816113260000000,1787816173255000000,132
jps.global.handle.changed.events.ms,1787816113260000000,1787816173255000000,0
workspaceModel.moduleBridge.facet.initialization.ms,1787816113260000000,1787816173255000000,1
jps.global.get.library.ms,1787816113260000000,1787816173255000000,0
workspaceModel.moduleManagerBridge.newModule.ms,1787816113260000000,1787816173255000000,0
workspaceModel.mutableEntityStorage.resolve.ms,1787816113260000000,1787816173255000000,0
workspaceModel.moduleBridgeLoader.loading.modules.ms,1787816113260000000,1787816173255000000,1410
workspaceModel.global.apply.state.to.project.ms,1787816113260000000,1787816173255000000,50
jps.load.project.to.empty.storage.ms,1787816113260000000,1787816173255000000,916
jps.global.initialize.library.bridges.ms,1787816113260000000,1787816173255000000,0
jps.project.serializers.load.ms,1787816113260000000,1787816173255000000,305
workspaceModel.global.apply.state.to.project.builder.ms,1787816113260000000,1787816173255000000,6
workspaceModel.mutableEntityStorage.replace.by.source.ms,1787816113260000000,1787816173255000000,48
workspaceModel.delayed.project.synchronizer.sync.ms,1787816113260000000,1787816173255000000,2575
jps.storage.jps.conf.reader.load.component.ms,1787816113260000000,1787816173255000000,418
workspaceModel.moduleBridge.before.changed.ms,1787816113260000000,1787816173255000000,0
jps.global.get.library.by.name.ms,1787816113260000000,1787816173255000000,0
jps.global.get.libraries.ms,1787816113260000000,1787816173255000000,6
workspaceModel.moduleManagerBridge.build.module.graph.ms,1787816113260000000,1787816173255000000,2
jps.reload.project.entities.ms,1787816113260000000,1787816173255000000,0
workspaceModel.moduleManagerBridge.get.modules.ms,1787816113260000000,1787816173255000000,4
workspaceModel.moduleBridge.update.option.ms,1787816113260000000,1787816173255000000,0
jps.module.iml.entities.serializer.save.entities.ms,1787816113260000000,1787816173255000000,0
jps.facet.change.listener.process.change.events.ms,1787816113260000000,1787816173255000000,0
jps.project.serializers.save.ms,1787816113260000000,1787816173255000000,4
jps.artifact.entities.serializer.load.entities.ms,1787816113260000000,1787816173255000000,0
jps.app.storage.content.reader.load.component.ms,1787816113260000000,1787816173255000000,0
workspaceModel.moduleManagerBridge.create.module.instance.ms,1787816113260000000,1787816173255000000,0
jps.global.initialize.library.bridges.after.loading.ms,1787816113260000000,1787816173255000000,0
workspaceModel.moduleManagerBridge.set.unloadedModules.ms,1787816113260000000,1787816173255000000,0
jps.facet.change.listener.before.change.events.ms,1787816113260000000,1787816173255000000,0
workspaceModel.global.updates.ms,1787816113260000000,1787816173255000000,0
jps.library.entities.serializer.load.entities.ms,1787816113260000000,1787816173255000000,345
jps.app.storage.content.writer.save.component.ms,1787816113260000000,1787816173255000000,0
workspaceModel.mutableEntityStorage.mutable.vfurl.index.ms,1787816113260000000,1787816173255000000,0
workspaceModel.mutableEntityStorage.to.snapshot.ms,1787816113260000000,1787816173255000000,7
workspaceModel.sync.entities.ms,1787816113260000000,1787816173255000000,0
workspaceModel.load.cache.from.file.ms,1787816113260000000,1787816173255000000,242
workspaceModel.mutableEntityStorage.entities.ms,1787816113260000000,1787816173255000000,1
workspaceModel.mutableEntityStorage.add.diff.ms,1787816113260000000,1787816173255000000,90
workspaceModel.orphan.listener.update.ms,1787816113260000000,1787816173255000000,4
workspaceModel.mutableEntityStorage.collect.changes.ms,1787816113260000000,1787816173255000000,0
workspaceModel.mutableEntityStorage.mutable.ext.mapping.ms,1787816113260000000,1787816173255000000,0
workspaceModel.save.cache.to.file.ms,1787816113260000000,1787816173255000000,973
workspaceModel.mutableEntityStorage.has.same.entities.ms,1787816113260000000,1787816173255000000,0
workspaceModel.moduleManagerBridge.load.module.ms,1787816113260000000,1787816173255000000,0
jps.global.handle.before.change.events.ms,1787816113260000000,1787816173255000000,0
workspaceModel.global.updates.count,1787816113260000000,1787816173255000000,0
workspaceModel.mutableEntityStorage.add.entity.ms,1787816113260000000,1787816173255000000,340
workspaceModel.mutableEntityStorage.modify.entity.ms,1787816113260000000,1787816173255000000,25
workspaceModel.mutableEntityStorage.remove.entity.ms,1787816113260000000,1787816173255000000,0
jps.load.initial.state.ms,1787816113260000000,1787816173255000000,17
workspaceModel.mutableEntityStorage.referrers.ms,1787816113260000000,1787816173255000000,0
jps.module.iml.entities.serializer.load.entities.ms,1787816113260000000,1787816173255000000,322
jps.artifact.entities.serializer.save.entities.ms,1787816113260000000,1787816173255000000,0
workspaceModel.mutableEntityStorage.entities.by.source.ms,1787816113260000000,1787816173255000000,1
jps.library.entities.serializer.save.entities.ms,1787816113260000000,1787816173255000000,0
jps.apply.loaded.storage.ms,1787816113260000000,1787816173255000000,1633
OS.loadAverage,1787816113260000000,1787816173255000000,5.52880859375
JVM.GC.collections,1787816113260000000,1787816173255000000,0
JVM.usedHeapBytes,1787816113260000000,1787816173255000000,311428608
JVM.GC.collectionTimesMs,1787816113260000000,1787816173255000000,0
JVM.maxNativeBytes,1787816113260000000,1787816173255000000,-1
JVM.usedNativeBytes,1787816113260000000,1787816173255000000,401120552
JVM.threadCount,1787816113260000000,1787816173255000000,51
JVM.totalCpuTimeMs,1787816113260000000,1787816173255000000,6438
JVM.maxHeapBytes,1787816113260000000,1787816173255000000,2147483648
Indexes.entries.lookupDurationMaxMs,1787816113260000000,1787816173255000000,0.0
Indexes.stubs.lookups,1787816113260000000,1787816173255000000,0.0
Indexes.entries.lookupDuration90PMs,1787816113260000000,1787816173255000000,0.0
Indexes.stubs.lookupDuration90PMs,1787816113260000000,1787816173255000000,0.0
Indexes.allKeys.lookups,1787816113260000000,1787816173255000000,0.0
IndexesFlusher.totalContentionQuotaSpent,1787816113260000000,1787816173255000000,0
Indexes.stubs.lookupDurationMaxMs,1787816113260000000,1787816173255000000,0.0
Indexes.entries.lookups,1787816113260000000,1787816173255000000,0.0
VFSFlusher.totalFlushes,1787816113260000000,1787816173255000000,0
Indexes.stubs.lookupDurationAvgMs,1787816113260000000,1787816173255000000,0.0
Indexes.allKeys.lookupDuration90PMs,1787816113260000000,1787816173255000000,0.0
Indexes.allKeys.lookupDurationMaxMs,1787816113260000000,1787816173255000000,0.0
Indexes.entries.lookupDurationAvgMs,1787816113260000000,1787816173255000000,0.0
IndexesFlusher.totalFlushesRetried,1787816113260000000,1787816173255000000,0
IndexesFlusher.totalFlushingTimeUs,1787816113260000000,1787816173255000000,702113
VFSFlusher.totalFlushesRetried,1787816113260000000,1787816173255000000,0
VFSFlusher.totalFlushingTimeUs,1787816113260000000,1787816173255000000,0
VFSFlusher.totalContentionQuotaSpent,1787816113260000000,1787816173255000000,0
Indexes.allKeys.lookupDurationAvgMs,1787816113260000000,1787816173255000000,0.0
IndexesFlusher.totalFlushes,1787816113260000000,1787816173255000000,293
FilePageCache.pageLoadsAboveSizeThreshold,1787816113260000000,1787816173255000000,0
StreamlinedBlobStorage.totalLiveRecordsPayloadBytes,1787816113260000000,1787816173255000000,0
FilePageCache.maxRegisteredFiles,1787816113260000000,1787816173255000000,617
StorageLockContext.competingThreads.avg,1787816113260000000,1787816173255000000,0.0
FilePageCache.pageHits,1787816113260000000,1787816173255000000,0
FilePageCache.capacityInBytes,1787816113260000000,1787816173255000000,524288000
StreamlinedBlobStorage.recordsDeleted,1787816113260000000,1787816173255000000,0
StreamlinedBlobStorage.totalLiveRecordsCapacityBytes,1787816113260000000,1787816173255000000,0
StorageLockContext.competingThreads.max,1787816113260000000,1787816173255000000,0
DirectByteBufferAllocator.reclaimed,1787816113260000000,1787816173255000000,0
StreamlinedBlobStorage.recordsRelocated,1787816113260000000,1787816173255000000,0
FilePageCache.totalPageLoadsUs,1787816113260000000,1787816173255000000,0
FilePageCache.maxCacheSizeInBytes,1787816113260000000,1787816173255000000,267542528
StreamlinedBlobStorage.recordsAllocated,1787816113260000000,1787816173255000000,0
FilePageCache.disposedBuffers,1787816113260000000,1787816173255000000,0
DirectByteBufferAllocator.disposed,1787816113260000000,1787816173255000000,0
DirectByteBufferAllocator.hits,1787816113260000000,1787816173255000000,0
FilePageCache.pageFastCacheHits,1787816113260000000,1787816173255000000,8
DirectByteBufferAllocator.misses,1787816113260000000,1787816173255000000,0
StorageLockContext.competingThreads.90P,1787816113260000000,1787816173255000000,0
DirectByteBufferAllocator.totalSizeOfBuffersCachedInBytes,1787816113260000000,1787816173255000000,0
FilePageCache.uncachedFileAccess,1787816113260000000,1787816173255000000,0
FilePageCache.totalPageDisposalsUs,1787816113260000000,1787816173255000000,0
FilePageCache.pageLoads,1787816113260000000,1787816173255000000,0
DirectByteBufferAllocator.totalSizeOfBuffersAllocatedInBytes,1787816113260000000,1787816173255000000,267542528
FileNameCache.fastMisses,1787816113260000000,1787816173255000000,164
FileNameCache.totalMisses,1787816113260000000,1787816173255000000,0
FileNameCache.queries,1787816113260000000,1787816173255000000,5477
workspaceModel.replace.project.model.ms,1787816113260000000,1787816173255000000,0
workspaceModel.loading.total.ms,1787816113260000000,1787816173255000000,268
workspaceModel.pre.handlers.ms,1787816113260000000,1787816173255000000,2
workspaceModel.update.unloaded.entities.ms,1787816113260000000,1787816173255000000,0
workspaceModel.to.snapshot.ms,1787816113260000000,1787816173255000000,7
workspaceModel.updates.ms,1787816113260000000,1787816173255000000,133
workspaceModel.collect.changes.ms,1787816113260000000,1787816173255000000,0
workspaceModel.updates.precise.ms,1787816113260000000,1787816173255000000,66
workspaceModel.updates.count,1787816113260000000,1787816173255000000,5
workspaceModel.init.bridges.ms,1787816113260000000,1787816173255000000,3
workspaceModel.check.recursive.update.ms,1787816113260000000,1787816173255000000,1
workspaceModel.loading.from.cache.ms,1787816113260000000,1787816173255000000,248
workspaceModel.initializing.ms,1787816113260000000,1787816173255000000,3
NonBlockingReadAction.failedExecutionsCount,1787816173255000000,1787816233376000000,0
AWTEventQueue.dispatchTimeTotalNS,1787816173255000000,1787816233376000000,2011982185
FlushQueue.tasksExecuted,1787816173255000000,1787816233376000000,237
AWTEventQueue.dispatchTimeAvgNs,1787816173255000000,1787816233376000000,530501.2925349512
FlushQueue.queueSizeMax,1787816173255000000,1787816233376000000,1
FlushQueue.executionTime90PNs,1787816173255000000,1787816233376000000,1409023
FlushQueue.waitingTimeAvgNs,1787816173255000000,1787816233376000000,741491.0379746836
NonBlockingReadAction.finalizedExecutionsCount,1787816173255000000,1787816233376000000,0
FlushQueue.waitingTime90PNs,1787816173255000000,1787816233376000000,1228799
FlushQueue.executionTimeAvgNs,1787816173255000000,1787816233376000000,555170.835443038
FlushQueue.waitingTimeMaxNs,1787816173255000000,1787816233376000000,25821183
FlushQueue.queueSize90P,1787816173255000000,1787816233376000000,0
NonBlockingReadAction.finalizedExecutionTimeUs,1787816173255000000,1787816233376000000,0
FlushQueue.queueSizeAvg,1787816173255000000,1787816233376000000,0.02109704641350211
FlushQueue.executionTimeMaxNs,1787816173255000000,1787816233376000000,5898239
NonBlockingReadAction.failedExecutionTimeUs,1787816173255000000,1787816233376000000,0
AWTEventQueue.dispatchTimeMaxNs,1787816173255000000,1787816233376000000,74973183
AWTEventQueue.dispatchTime90PNs,1787816173255000000,1787816233376000000,290815
AWTEventQueue.eventsDispatched,1787816173255000000,1787816233376000000,3791
workspaceModel.moduleManagerBridge.new.nonPersistent.module.ms,1787816173255000000,1787816233376000000,0
jps.facet.change.listener.init.bridge.ms,1787816173255000000,1787816233376000000,0
jps.save.changed.project.entities.ms,1787816173255000000,1787816233376000000,5
workspaceModel.mutableEntityStorage.put.entity.ms,1787816173255000000,1787816233376000000,104
workspaceModel.moduleManagerBridge.load.all.modules.ms,1787816173255000000,1787816233376000000,172
jps.save.global.entities.ms,1787816173255000000,1787816233376000000,132
jps.global.handle.changed.events.ms,1787816173255000000,1787816233376000000,0
workspaceModel.moduleBridge.facet.initialization.ms,1787816173255000000,1787816233376000000,1
jps.global.get.library.ms,1787816173255000000,1787816233376000000,0
workspaceModel.moduleManagerBridge.newModule.ms,1787816173255000000,1787816233376000000,0
workspaceModel.mutableEntityStorage.resolve.ms,1787816173255000000,1787816233376000000,0
workspaceModel.moduleBridgeLoader.loading.modules.ms,1787816173255000000,1787816233376000000,1410
workspaceModel.global.apply.state.to.project.ms,1787816173255000000,1787816233376000000,50
jps.load.project.to.empty.storage.ms,1787816173255000000,1787816233376000000,916
jps.global.initialize.library.bridges.ms,1787816173255000000,1787816233376000000,0
jps.project.serializers.load.ms,1787816173255000000,1787816233376000000,305
workspaceModel.global.apply.state.to.project.builder.ms,1787816173255000000,1787816233376000000,6
workspaceModel.mutableEntityStorage.replace.by.source.ms,1787816173255000000,1787816233376000000,48
workspaceModel.delayed.project.synchronizer.sync.ms,1787816173255000000,1787816233376000000,2575
jps.storage.jps.conf.reader.load.component.ms,1787816173255000000,1787816233376000000,418
workspaceModel.moduleBridge.before.changed.ms,1787816173255000000,1787816233376000000,0
jps.global.get.library.by.name.ms,1787816173255000000,1787816233376000000,0
jps.global.get.libraries.ms,1787816173255000000,1787816233376000000,6
workspaceModel.moduleManagerBridge.build.module.graph.ms,1787816173255000000,1787816233376000000,2
jps.reload.project.entities.ms,1787816173255000000,1787816233376000000,0
workspaceModel.moduleManagerBridge.get.modules.ms,1787816173255000000,1787816233376000000,4
workspaceModel.moduleBridge.update.option.ms,1787816173255000000,1787816233376000000,0
jps.module.iml.entities.serializer.save.entities.ms,1787816173255000000,1787816233376000000,0
jps.facet.change.listener.process.change.events.ms,1787816173255000000,1787816233376000000,0
jps.project.serializers.save.ms,1787816173255000000,1787816233376000000,4
jps.artifact.entities.serializer.load.entities.ms,1787816173255000000,1787816233376000000,0
jps.app.storage.content.reader.load.component.ms,1787816173255000000,1787816233376000000,0
workspaceModel.moduleManagerBridge.create.module.instance.ms,1787816173255000000,1787816233376000000,0
jps.global.initialize.library.bridges.after.loading.ms,1787816173255000000,1787816233376000000,0
workspaceModel.moduleManagerBridge.set.unloadedModules.ms,1787816173255000000,1787816233376000000,0
jps.facet.change.listener.before.change.events.ms,1787816173255000000,1787816233376000000,0
workspaceModel.global.updates.ms,1787816173255000000,1787816233376000000,0
jps.library.entities.serializer.load.entities.ms,1787816173255000000,1787816233376000000,345
jps.app.storage.content.writer.save.component.ms,1787816173255000000,1787816233376000000,0
workspaceModel.mutableEntityStorage.mutable.vfurl.index.ms,1787816173255000000,1787816233376000000,0
workspaceModel.mutableEntityStorage.to.snapshot.ms,1787816173255000000,1787816233376000000,7
workspaceModel.sync.entities.ms,1787816173255000000,1787816233376000000,0
workspaceModel.load.cache.from.file.ms,1787816173255000000,1787816233376000000,242
workspaceModel.mutableEntityStorage.entities.ms,1787816173255000000,1787816233376000000,1
workspaceModel.mutableEntityStorage.add.diff.ms,1787816173255000000,1787816233376000000,90
workspaceModel.orphan.listener.update.ms,1787816173255000000,1787816233376000000,4
workspaceModel.mutableEntityStorage.collect.changes.ms,1787816173255000000,1787816233376000000,0
workspaceModel.mutableEntityStorage.mutable.ext.mapping.ms,1787816173255000000,1787816233376000000,0
workspaceModel.save.cache.to.file.ms,1787816173255000000,1787816233376000000,973
workspaceModel.mutableEntityStorage.has.same.entities.ms,1787816173255000000,1787816233376000000,0
workspaceModel.moduleManagerBridge.load.module.ms,1787816173255000000,1787816233376000000,0
jps.global.handle.before.change.events.ms,1787816173255000000,1787816233376000000,0
workspaceModel.global.updates.count,1787816173255000000,1787816233376000000,0
workspaceModel.mutableEntityStorage.add.entity.ms,1787816173255000000,1787816233376000000,340
workspaceModel.mutableEntityStorage.modify.entity.ms,1787816173255000000,1787816233376000000,25
workspaceModel.mutableEntityStorage.remove.entity.ms,1787816173255000000,1787816233376000000,0
jps.load.initial.state.ms,1787816173255000000,1787816233376000000,17
workspaceModel.mutableEntityStorage.referrers.ms,1787816173255000000,1787816233376000000,0
jps.module.iml.entities.serializer.load.entities.ms,1787816173255000000,1787816233376000000,322
jps.artifact.entities.serializer.save.entities.ms,1787816173255000000,1787816233376000000,0
workspaceModel.mutableEntityStorage.entities.by.source.ms,1787816173255000000,1787816233376000000,1
jps.library.entities.serializer.save.entities.ms,1787816173255000000,1787816233376000000,0
jps.apply.loaded.storage.ms,1787816173255000000,1787816233376000000,1633
OS.loadAverage,1787816173255000000,1787816233376000000,11.9404296875
JVM.GC.collections,1787816173255000000,1787816233376000000,1
JVM.usedHeapBytes,1787816173255000000,1787816233376000000,183587632
JVM.GC.collectionTimesMs,1787816173255000000,1787816233376000000,791
JVM.maxNativeBytes,1787816173255000000,1787816233376000000,-1
JVM.usedNativeBytes,1787816173255000000,1787816233376000000,401235016
JVM.threadCount,1787816173255000000,1787816233376000000,49
JVM.totalCpuTimeMs,1787816173255000000,1787816233376000000,6540
JVM.maxHeapBytes,1787816173255000000,1787816233376000000,2147483648
Indexes.entries.lookupDurationMaxMs,1787816173255000000,1787816233376000000,0.0
Indexes.stubs.lookups,1787816173255000000,1787816233376000000,0.0
Indexes.entries.lookupDuration90PMs,1787816173255000000,1787816233376000000,0.0
Indexes.stubs.lookupDuration90PMs,1787816173255000000,1787816233376000000,0.0
Indexes.allKeys.lookups,1787816173255000000,1787816233376000000,0.0
IndexesFlusher.totalContentionQuotaSpent,1787816173255000000,1787816233376000000,0
Indexes.stubs.lookupDurationMaxMs,1787816173255000000,1787816233376000000,0.0
Indexes.entries.lookups,1787816173255000000,1787816233376000000,0.0
VFSFlusher.totalFlushes,1787816173255000000,1787816233376000000,0
Indexes.stubs.lookupDurationAvgMs,1787816173255000000,1787816233376000000,0.0
Indexes.allKeys.lookupDuration90PMs,1787816173255000000,1787816233376000000,0.0
Indexes.allKeys.lookupDurationMaxMs,1787816173255000000,1787816233376000000,0.0
Indexes.entries.lookupDurationAvgMs,1787816173255000000,1787816233376000000,0.0
IndexesFlusher.totalFlushesRetried,1787816173255000000,1787816233376000000,0
IndexesFlusher.totalFlushingTimeUs,1787816173255000000,1787816233376000000,1408248
VFSFlusher.totalFlushesRetried,1787816173255000000,1787816233376000000,0
VFSFlusher.totalFlushingTimeUs,1787816173255000000,1787816233376000000,0
VFSFlusher.totalContentionQuotaSpent,1787816173255000000,1787816233376000000,0
Indexes.allKeys.lookupDurationAvgMs,1787816173255000000,1787816233376000000,0.0
IndexesFlusher.totalFlushes,1787816173255000000,1787816233376000000,287
FilePageCache.pageLoadsAboveSizeThreshold,1787816173255000000,1787816233376000000,0
StreamlinedBlobStorage.totalLiveRecordsPayloadBytes,1787816173255000000,1787816233376000000,0
FilePageCache.maxRegisteredFiles,1787816173255000000,1787816233376000000,617
StorageLockContext.competingThreads.avg,1787816173255000000,1787816233376000000,0.0
FilePageCache.pageHits,1787816173255000000,1787816233376000000,0
FilePageCache.capacityInBytes,1787816173255000000,1787816233376000000,524288000
StreamlinedBlobStorage.recordsDeleted,1787816173255000000,1787816233376000000,0
StreamlinedBlobStorage.totalLiveRecordsCapacityBytes,1787816173255000000,1787816233376000000,0
StorageLockContext.competingThreads.max,1787816173255000000,1787816233376000000,0
DirectByteBufferAllocator.reclaimed,1787816173255000000,1787816233376000000,0
StreamlinedBlobStorage.recordsRelocated,1787816173255000000,1787816233376000000,0
FilePageCache.totalPageLoadsUs,1787816173255000000,1787816233376000000,0
FilePageCache.maxCacheSizeInBytes,1787816173255000000,1787816233376000000,267542528
StreamlinedBlobStorage.recordsAllocated,1787816173255000000,1787816233376000000,0
FilePageCache.disposedBuffers,1787816173255000000,1787816233376000000,0
DirectByteBufferAllocator.disposed,1787816173255000000,1787816233376000000,0
DirectByteBufferAllocator.hits,1787816173255000000,1787816233376000000,0
FilePageCache.pageFastCacheHits,1787816173255000000,1787816233376000000,0
DirectByteBufferAllocator.misses,1787816173255000000,1787816233376000000,0
StorageLockContext.competingThreads.90P,1787816173255000000,1787816233376000000,0
DirectByteBufferAllocator.totalSizeOfBuffersCachedInBytes,1787816173255000000,1787816233376000000,0
FilePageCache.uncachedFileAccess,1787816173255000000,1787816233376000000,0
FilePageCache.totalPageDisposalsUs,1787816173255000000,1787816233376000000,0
FilePageCache.pageLoads,1787816173255000000,1787816233376000000,0
DirectByteBufferAllocator.totalSizeOfBuffersAllocatedInBytes,1787816173255000000,1787816233376000000,267542528
FileNameCache.fastMisses,1787816173255000000,1787816233376000000,2
FileNameCache.totalMisses,1787816173255000000,1787816233376000000,0
FileNameCache.queries,1787816173255000000,1787816233376000000,623
workspaceModel.replace.project.model.ms,1787816173255000000,1787816233376000000,0
workspaceModel.loading.total.ms,1787816173255000000,1787816233376000000,268
workspaceModel.pre.handlers.ms,1787816173255000000,1787816233376000000,2
workspaceModel.update.unloaded.entities.ms,1787816173255000000,1787816233376000000,0
workspaceModel.to.snapshot.ms,1787816173255000000,1787816233376000000,7
workspaceModel.updates.ms,1787816173255000000,1787816233376000000,133
workspaceModel.collect.changes.ms,1787816173255000000,1787816233376000000,0
workspaceModel.updates.precise.ms,1787816173255000000,1787816233376000000,66
workspaceModel.updates.count,1787816173255000000,1787816233376000000,5
workspaceModel.init.bridges.ms,1787816173255000000,1787816233376000000,3
workspaceModel.check.recursive.update.ms,1787816173255000000,1787816233376000000,1
workspaceModel.loading.from.cache.ms,1787816173255000000,1787816233376000000,248
workspaceModel.initializing.ms,1787816173255000000,1787816233376000000,3
NonBlockingReadAction.failedExecutionsCount,1787816233376000000,1787816293301000000,0
AWTEventQueue.dispatchTimeTotalNS,1787816233376000000,1787816293301000000,2229156395
FlushQueue.tasksExecuted,1787816233376000000,1787816293301000000,228
AWTEventQueue.dispatchTimeAvgNs,1787816233376000000,1787816293301000000,530320.6711111111
FlushQueue.queueSizeMax,1787816233376000000,1787816293301000000,1
FlushQueue.executionTime90PNs,1787816233376000000,1787816293301000000,501759
FlushQueue.waitingTimeAvgNs,1787816233376000000,1787816293301000000,5532707.649122807
NonBlockingReadAction.finalizedExecutionsCount,1787816233376000000,1787816293301000000,0
FlushQueue.waitingTime90PNs,1787816233376000000,1787816293301000000,708607
FlushQueue.executionTimeAvgNs,1787816233376000000,1787816293301000000,395031.8596491228
FlushQueue.waitingTimeMaxNs,1787816233376000000,1787816293301000000,463470591
FlushQueue.queueSize90P,1787816233376000000,1787816293301000000,0
NonBlockingReadAction.finalizedExecutionTimeUs,1787816233376000000,1787816293301000000,0
FlushQueue.queueSizeAvg,1787816233376000000,1787816293301000000,0.02631578947368421
FlushQueue.executionTimeMaxNs,1787816233376000000,1787816293301000000,29622271
NonBlockingReadAction.failedExecutionTimeUs,1787816233376000000,1787816293301000000,0
AWTEventQueue.dispatchTimeMaxNs,1787816233376000000,1787816293301000000,354418687
AWTEventQueue.dispatchTime90PNs,1787816233376000000,1787816293301000000,207871
AWTEventQueue.eventsDispatched,1787816233376000000,1787816293301000000,3600
workspaceModel.moduleManagerBridge.new.nonPersistent.module.ms,1787816233376000000,1787816293301000000,0
jps.facet.change.listener.init.bridge.ms,1787816233376000000,1787816293301000000,0
jps.save.changed.project.entities.ms,1787816233376000000,1787816293301000000,5
workspaceModel.mutableEntityStorage.put.entity.ms,1787816233376000000,1787816293301000000,104
workspaceModel.moduleManagerBridge.load.all.modules.ms,1787816233376000000,1787816293301000000,172
jps.save.global.entities.ms,1787816233376000000,1787816293301000000,132
jps.global.handle.changed.events.ms,1787816233376000000,1787816293301000000,0
workspaceModel.moduleBridge.facet.initialization.ms,1787816233376000000,1787816293301000000,1
jps.global.get.library.ms,1787816233376000000,1787816293301000000,0
workspaceModel.moduleManagerBridge.newModule.ms,1787816233376000000,1787816293301000000,0
workspaceModel.mutableEntityStorage.resolve.ms,1787816233376000000,1787816293301000000,0
workspaceModel.moduleBridgeLoader.loading.modules.ms,1787816233376000000,1787816293301000000,1410
workspaceModel.global.apply.state.to.project.ms,1787816233376000000,1787816293301000000,50
jps.load.project.to.empty.storage.ms,1787816233376000000,1787816293301000000,916
jps.global.initialize.library.bridges.ms,1787816233376000000,1787816293301000000,0
jps.project.serializers.load.ms,1787816233376000000,1787816293301000000,305
workspaceModel.global.apply.state.to.project.builder.ms,1787816233376000000,1787816293301000000,6
workspaceModel.mutableEntityStorage.replace.by.source.ms,1787816233376000000,1787816293301000000,48
workspaceModel.delayed.project.synchronizer.sync.ms,1787816233376000000,1787816293301000000,2575
jps.storage.jps.conf.reader.load.component.ms,1787816233376000000,1787816293301000000,418
workspaceModel.moduleBridge.before.changed.ms,1787816233376000000,1787816293301000000,0
jps.global.get.library.by.name.ms,1787816233376000000,1787816293301000000,0
jps.global.get.libraries.ms,1787816233376000000,1787816293301000000,6
workspaceModel.moduleManagerBridge.build.module.graph.ms,1787816233376000000,1787816293301000000,2
jps.reload.project.entities.ms,1787816233376000000,1787816293301000000,0
workspaceModel.moduleManagerBridge.get.modules.ms,1787816233376000000,1787816293301000000,4
workspaceModel.moduleBridge.update.option.ms,1787816233376000000,1787816293301000000,0
jps.module.iml.entities.serializer.save.entities.ms,1787816233376000000,1787816293301000000,0
jps.facet.change.listener.process.change.events.ms,1787816233376000000,1787816293301000000,0
jps.project.serializers.save.ms,1787816233376000000,1787816293301000000,4
jps.artifact.entities.serializer.load.entities.ms,1787816233376000000,1787816293301000000,0
jps.app.storage.content.reader.load.component.ms,1787816233376000000,1787816293301000000,0
workspaceModel.moduleManagerBridge.create.module.instance.ms,1787816233376000000,1787816293301000000,0
jps.global.initialize.library.bridges.after.loading.ms,1787816233376000000,1787816293301000000,0
workspaceModel.moduleManagerBridge.set.unloadedModules.ms,1787816233376000000,1787816293301000000,0
jps.facet.change.listener.before.change.events.ms,1787816233376000000,1787816293301000000,0
workspaceModel.global.updates.ms,1787816233376000000,1787816293301000000,0
jps.library.entities.serializer.load.entities.ms,1787816233376000000,1787816293301000000,345
jps.app.storage.content.writer.save.component.ms,1787816233376000000,1787816293301000000,0
workspaceModel.mutableEntityStorage.mutable.vfurl.index.ms,1787816233376000000,1787816293301000000,0
workspaceModel.mutableEntityStorage.to.snapshot.ms,1787816233376000000,1787816293301000000,7
workspaceModel.sync.entities.ms,1787816233376000000,1787816293301000000,0
workspaceModel.load.cache.from.file.ms,1787816233376000000,1787816293301000000,242
workspaceModel.mutableEntityStorage.entities.ms,1787816233376000000,1787816293301000000,1
workspaceModel.mutableEntityStorage.add.diff.ms,1787816233376000000,1787816293301000000,90
workspaceModel.orphan.listener.update.ms,1787816233376000000,1787816293301000000,4
workspaceModel.mutableEntityStorage.collect.changes.ms,1787816233376000000,1787816293301000000,0
workspaceModel.mutableEntityStorage.mutable.ext.mapping.ms,1787816233376000000,1787816293301000000,0
workspaceModel.save.cache.to.file.ms,1787816233376000000,1787816293301000000,973
workspaceModel.mutableEntityStorage.has.same.entities.ms,1787816233376000000,1787816293301000000,0
workspaceModel.moduleManagerBridge.load.module.ms,1787816233376000000,1787816293301000000,0
jps.global.handle.before.change.events.ms,1787816233376000000,1787816293301000000,0
workspaceModel.global.updates.count,1787816233376000000,1787816293301000000,0
workspaceModel.mutableEntityStorage.add.entity.ms,1787816233376000000,1787816293301000000,340
workspaceModel.mutableEntityStorage.modify.entity.ms,1787816233376000000,1787816293301000000,25
workspaceModel.mutableEntityStorage.remove.entity.ms,1787816233376000000,1787816293301000000,0
jps.load.initial.state.ms,1787816233376000000,1787816293301000000,17
workspaceModel.mutableEntityStorage.referrers.ms,1787816233376000000,1787816293301000000,0
jps.module.iml.entities.serializer.load.entities.ms,1787816233376000000,1787816293301000000,322
jps.artifact.entities.serializer.save.entities.ms,1787816233376000000,1787816293301000000,0
workspaceModel.mutableEntityStorage.entities.by.source.ms,1787816233376000000,1787816293301000000,1
jps.library.entities.serializer.save.entities.ms,1787816233376000000,1787816293301000000,0
jps.apply.loaded.storage.ms,1787816233376000000,1787816293301000000,1633
OS.loadAverage,1787816233376000000,1787816293301000000,7.3486328125
JVM.GC.collections,1787816233376000000,1787816293301000000,0
JVM.usedHeapBytes,1787816233376000000,1787816293301000000,234967856
JVM.GC.collectionTimesMs,1787816233376000000,1787816293301000000,0
JVM.maxNativeBytes,1787816233376000000,1787816293301000000,-1
JVM.usedNativeBytes,1787816233376000000,1787816293301000000,401068112
JVM.threadCount,1787816233376000000,1787816293301000000,50
JVM.totalCpuTimeMs,1787816233376000000,1787816293301000000,7767
JVM.maxHeapBytes,1787816233376000000,1787816293301000000,2147483648
Indexes.entries.lookupDurationMaxMs,1787816233376000000,1787816293301000000,0.0
Indexes.stubs.lookups,1787816233376000000,1787816293301000000,0.0
Indexes.entries.lookupDuration90PMs,1787816233376000000,1787816293301000000,0.0
Indexes.stubs.lookupDuration90PMs,1787816233376000000,1787816293301000000,0.0
Indexes.allKeys.lookups,1787816233376000000,1787816293301000000,0.0
IndexesFlusher.totalContentionQuotaSpent,1787816233376000000,1787816293301000000,0
Indexes.stubs.lookupDurationMaxMs,1787816233376000000,1787816293301000000,0.0
Indexes.entries.lookups,1787816233376000000,1787816293301000000,0.0
VFSFlusher.totalFlushes,1787816233376000000,1787816293301000000,0
Indexes.stubs.lookupDurationAvgMs,1787816233376000000,1787816293301000000,0.0
Indexes.allKeys.lookupDuration90PMs,1787816233376000000,1787816293301000000,0.0
Indexes.allKeys.lookupDurationMaxMs,1787816233376000000,1787816293301000000,0.0
Indexes.entries.lookupDurationAvgMs,1787816233376000000,1787816293301000000,0.0
IndexesFlusher.totalFlushesRetried,1787816233376000000,1787816293301000000,0
IndexesFlusher.totalFlushingTimeUs,1787816233376000000,1787816293301000000,1489419
VFSFlusher.totalFlushesRetried,1787816233376000000,1787816293301000000,0
VFSFlusher.totalFlushingTimeUs,1787816233376000000,1787816293301000000,0
VFSFlusher.totalContentionQuotaSpent,1787816233376000000,1787816293301000000,0
Indexes.allKeys.lookupDurationAvgMs,1787816233376000000,1787816293301000000,0.0
IndexesFlusher.totalFlushes,1787816233376000000,1787816293301000000,166
FilePageCache.pageLoadsAboveSizeThreshold,1787816233376000000,1787816293301000000,0
StreamlinedBlobStorage.totalLiveRecordsPayloadBytes,1787816233376000000,1787816293301000000,0
FilePageCache.maxRegisteredFiles,1787816233376000000,1787816293301000000,617
StorageLockContext.competingThreads.avg,1787816233376000000,1787816293301000000,0.0
FilePageCache.pageHits,1787816233376000000,1787816293301000000,0
FilePageCache.capacityInBytes,1787816233376000000,1787816293301000000,524288000
StreamlinedBlobStorage.recordsDeleted,1787816233376000000,1787816293301000000,0
StreamlinedBlobStorage.totalLiveRecordsCapacityBytes,1787816233376000000,1787816293301000000,0
StorageLockContext.competingThreads.max,1787816233376000000,1787816293301000000,0
DirectByteBufferAllocator.reclaimed,1787816233376000000,1787816293301000000,0
StreamlinedBlobStorage.recordsRelocated,1787816233376000000,1787816293301000000,0
FilePageCache.totalPageLoadsUs,1787816233376000000,1787816293301000000,0
FilePageCache.maxCacheSizeInBytes,1787816233376000000,1787816293301000000,267542528
StreamlinedBlobStorage.recordsAllocated,1787816233376000000,1787816293301000000,0
FilePageCache.disposedBuffers,1787816233376000000,1787816293301000000,0
DirectByteBufferAllocator.disposed,1787816233376000000,1787816293301000000,0
DirectByteBufferAllocator.hits,1787816233376000000,1787816293301000000,0
FilePageCache.pageFastCacheHits,1787816233376000000,1787816293301000000,0
DirectByteBufferAllocator.misses,1787816233376000000,1787816293301000000,0
StorageLockContext.competingThreads.90P,1787816233376000000,1787816293301000000,0
DirectByteBufferAllocator.totalSizeOfBuffersCachedInBytes,1787816233376000000,1787816293301000000,0
FilePageCache.uncachedFileAccess,1787816233376000000,1787816293301000000,0
FilePageCache.totalPageDisposalsUs,1787816233376000000,1787816293301000000,0
FilePageCache.pageLoads,1787816233376000000,1787816293301000000,0
DirectByteBufferAllocator.totalSizeOfBuffersAllocatedInBytes,1787816233376000000,1787816293301000000,267542528
FileNameCache.fastMisses,1787816233376000000,1787816293301000000,2
FileNameCache.totalMisses,1787816233376000000,1787816293301000000,0
FileNameCache.queries,1787816233376000000,1787816293301000000,750
workspaceModel.replace.project.model.ms,1787816233376000000,1787816293301000000,0
workspaceModel.loading.total.ms,1787816233376000000,1787816293301000000,268
workspaceModel.pre.handlers.ms,1787816233376000000,1787816293301000000,2
workspaceModel.update.unloaded.entities.ms,1787816233376000000,1787816293301000000,0
workspaceModel.to.snapshot.ms,1787816233376000000,1787816293301000000,7
workspaceModel.updates.ms,1787816233376000000,1787816293301000000,133
workspaceModel.collect.changes.ms,1787816233376000000,1787816293301000000,0
workspaceModel.updates.precise.ms,1787816233376000000,1787816293301000000,66
workspaceModel.updates.count,1787816233376000000,1787816293301000000,5
workspaceModel.init.bridges.ms,1787816233376000000,1787816293301000000,3
workspaceModel.check.recursive.update.ms,1787816233376000000,1787816293301000000,1
workspaceModel.loading.from.cache.ms,1787816233376000000,1787816293301000000,248
workspaceModel.initializing.ms,1787816233376000000,1787816293301000000,3
