# OpenTelemetry Metrics report: .csv, 4 fields: 
# <metric name>, <period start, nanoseconds>, <period end, nanoseconds>, <metric value>
# See CsvMetricsExporter for details.
# 
# NAME, PERIOD_START_NANOS, PERIOD_END_NANOS, VALUE
JVM.maxHeapBytes,1787737558429000000,1787737618459000000,2147483648
JVM.usedHeapBytes,1787737558429000000,1787737618459000000,325724560
OS.loadAverage,1787737558429000000,1787737618459000000,4.5078125
JVM.threadCount,1787737558429000000,1787737618459000000,134
JVM.usedNativeBytes,1787737558429000000,1787737618459000000,354943904
JVM.totalCpuTimeMs,1787737558429000000,1787737618459000000,97494
JVM.maxNativeBytes,1787737558429000000,1787737618459000000,-1
JVM.GC.collectionTimesMs,1787737558429000000,1787737618459000000,204
JVM.GC.collections,1787737558429000000,1787737618459000000,46
StreamlinedBlobStorage.totalLiveRecordsPayloadBytes,1787737558429000000,1787737618459000000,325465
DirectByteBufferAllocator.hits,1787737558429000000,1787737618459000000,3
FilePageCache.maxCacheSizeInBytes,1787737558429000000,1787737618459000000,266485760
FilePageCache.totalPageDisposalsUs,1787737558429000000,1787737618459000000,10746
FilePageCache.pageFastCacheHits,1787737558429000000,1787737618459000000,34355
DirectByteBufferAllocator.reclaimed,1787737558429000000,1787737618459000000,3
DirectByteBufferAllocator.totalSizeOfBuffersCachedInBytes,1787737558429000000,1787737618459000000,0
StreamlinedBlobStorage.recordsDeleted,1787737558429000000,1787737618459000000,32
DirectByteBufferAllocator.disposed,1787737558429000000,1787737618459000000,0
StreamlinedBlobStorage.recordsRelocated,1787737558429000000,1787737618459000000,0
DirectByteBufferAllocator.totalSizeOfBuffersAllocatedInBytes,1787737558429000000,1787737618459000000,266485760
StreamlinedBlobStorage.totalLiveRecordsCapacityBytes,1787737558429000000,1787737618459000000,802660
FilePageCache.maxRegisteredFiles,1787737558429000000,1787737618459000000,617
FilePageCache.pageHits,1787737558429000000,1787737618459000000,7
DirectByteBufferAllocator.misses,1787737558429000000,1787737618459000000,263
FilePageCache.totalPageLoadsUs,1787737558429000000,1787737618459000000,356069
StorageLockContext.competingThreads.90P,1787737558429000000,1787737618459000000,0
FilePageCache.pageLoadsAboveSizeThreshold,1787737558429000000,1787737618459000000,0
FilePageCache.disposedBuffers,1787737558429000000,1787737618459000000,3
StorageLockContext.competingThreads.avg,1787737558429000000,1787737618459000000,0.0
FilePageCache.pageLoads,1787737558429000000,1787737618459000000,266
StreamlinedBlobStorage.recordsAllocated,1787737558429000000,1787737618459000000,11136
FilePageCache.capacityInBytes,1787737558429000000,1787737618459000000,524288000
FilePageCache.uncachedFileAccess,1787737558429000000,1787737618459000000,137
StorageLockContext.competingThreads.max,1787737558429000000,1787737618459000000,0
FileNameCache.fastMisses,1787737558429000000,1787737618459000000,19488
FileNameCache.totalMisses,1787737558429000000,1787737618459000000,7618
FileNameCache.queries,1787737558429000000,1787737618459000000,333026
FlushQueue.queueSizeMax,1787737558429000000,1787737618459000000,146
NonBlockingReadAction.failedExecutionTimeUs,1787737558429000000,1787737618459000000,0
FlushQueue.waitingTimeAvgNs,1787737558429000000,1787737618459000000,6.336532948801767E8
FlushQueue.queueSize90P,1787737558429000000,1787737618459000000,90
FlushQueue.tasksExecuted,1787737558429000000,1787737618459000000,1811
FlushQueue.executionTimeMaxNs,1787737558429000000,1787737618459000000,1283457023
AWTEventQueue.dispatchTimeTotalNS,1787737558429000000,1787737618459000000,30743194401
AWTEventQueue.dispatchTimeAvgNs,1787737558429000000,1787737618459000000,5420830.90832158
AWTEventQueue.eventsDispatched,1787737558429000000,1787737618459000000,5672
FlushQueue.executionTimeAvgNs,1787737558429000000,1787737618459000000,6225480.72280508
FlushQueue.waitingTime90PNs,1787737558429000000,1787737618459000000,2071986175
NonBlockingReadAction.finalizedExecutionsCount,1787737558429000000,1787737618459000000,62
FlushQueue.queueSizeAvg,1787737558429000000,1787737618459000000,33.14467145223633
NonBlockingReadAction.finalizedExecutionTimeUs,1787737558429000000,1787737618459000000,2989713
AWTEventQueue.dispatchTime90PNs,1787737558429000000,1787737618459000000,7110655
AWTEventQueue.dispatchTimeMaxNs,1787737558429000000,1787737618459000000,1283457023
FlushQueue.waitingTimeMaxNs,1787737558429000000,1787737618459000000,4328521727
NonBlockingReadAction.failedExecutionsCount,1787737558429000000,1787737618459000000,0
FlushQueue.executionTime90PNs,1787737558429000000,1787737618459000000,5996543
jps.app.storage.content.writer.save.component.ms,1787737558429000000,1787737618459000000,0
workspaceModel.load.cache.from.file.ms,1787737558429000000,1787737618459000000,302
jps.save.changed.project.entities.ms,1787737558429000000,1787737618459000000,7
workspaceModel.orphan.listener.update.ms,1787737558429000000,1787737618459000000,22
jps.artifact.entities.serializer.load.entities.ms,1787737558429000000,1787737618459000000,0
jps.facet.change.listener.init.bridge.ms,1787737558429000000,1787737618459000000,0
workspaceModel.mutableEntityStorage.referrers.ms,1787737558429000000,1787737618459000000,0
workspaceModel.global.apply.state.to.project.builder.ms,1787737558429000000,1787737618459000000,2
workspaceModel.moduleManagerBridge.create.module.instance.ms,1787737558429000000,1787737618459000000,0
workspaceModel.moduleManagerBridge.get.modules.ms,1787737558429000000,1787737618459000000,1
workspaceModel.global.updates.ms,1787737558429000000,1787737618459000000,0
jps.load.project.to.empty.storage.ms,1787737558429000000,1787737618459000000,340
jps.global.handle.changed.events.ms,1787737558429000000,1787737618459000000,0
jps.module.iml.entities.serializer.save.entities.ms,1787737558429000000,1787737618459000000,0
workspaceModel.mutableEntityStorage.modify.entity.ms,1787737558429000000,1787737618459000000,30
workspaceModel.mutableEntityStorage.remove.entity.ms,1787737558429000000,1787737618459000000,0
jps.global.initialize.library.bridges.ms,1787737558429000000,1787737618459000000,0
jps.module.iml.entities.serializer.load.entities.ms,1787737558429000000,1787737618459000000,286
jps.global.handle.before.change.events.ms,1787737558429000000,1787737618459000000,0
workspaceModel.mutableEntityStorage.add.entity.ms,1787737558429000000,1787737618459000000,174
workspaceModel.moduleManagerBridge.newModule.ms,1787737558429000000,1787737618459000000,0
workspaceModel.moduleBridge.before.changed.ms,1787737558429000000,1787737618459000000,0
workspaceModel.moduleManagerBridge.build.module.graph.ms,1787737558429000000,1787737618459000000,4
jps.reload.project.entities.ms,1787737558429000000,1787737618459000000,0
jps.app.storage.content.reader.load.component.ms,1787737558429000000,1787737618459000000,1
workspaceModel.delayed.project.synchronizer.sync.ms,1787737558429000000,1787737618459000000,1166
jps.global.get.library.ms,1787737558429000000,1787737618459000000,0
jps.library.entities.serializer.save.entities.ms,1787737558429000000,1787737618459000000,0
jps.global.get.library.by.name.ms,1787737558429000000,1787737618459000000,0
jps.save.global.entities.ms,1787737558429000000,1787737618459000000,58
workspaceModel.mutableEntityStorage.put.entity.ms,1787737558429000000,1787737618459000000,83
workspaceModel.mutableEntityStorage.has.same.entities.ms,1787737558429000000,1787737618459000000,0
jps.apply.loaded.storage.ms,1787737558429000000,1787737618459000000,784
jps.global.initialize.library.bridges.after.loading.ms,1787737558429000000,1787737618459000000,0
jps.global.get.libraries.ms,1787737558429000000,1787737618459000000,2
jps.load.initial.state.ms,1787737558429000000,1787737618459000000,18
jps.facet.change.listener.process.change.events.ms,1787737558429000000,1787737618459000000,0
workspaceModel.moduleManagerBridge.load.all.modules.ms,1787737558429000000,1787737618459000000,147
workspaceModel.moduleManagerBridge.new.nonPersistent.module.ms,1787737558429000000,1787737618459000000,0
workspaceModel.mutableEntityStorage.to.snapshot.ms,1787737558429000000,1787737618459000000,19
workspaceModel.mutableEntityStorage.collect.changes.ms,1787737558429000000,1787737618459000000,0
workspaceModel.moduleManagerBridge.set.unloadedModules.ms,1787737558429000000,1787737618459000000,0
workspaceModel.mutableEntityStorage.mutable.vfurl.index.ms,1787737558429000000,1787737618459000000,0
jps.library.entities.serializer.load.entities.ms,1787737558429000000,1787737618459000000,345
workspaceModel.sync.entities.ms,1787737558429000000,1787737618459000000,0
jps.facet.change.listener.before.change.events.ms,1787737558429000000,1787737618459000000,1
workspaceModel.save.cache.to.file.ms,1787737558429000000,1787737618459000000,677
workspaceModel.global.updates.count,1787737558429000000,1787737618459000000,0
workspaceModel.mutableEntityStorage.replace.by.source.ms,1787737558429000000,1787737618459000000,54
workspaceModel.moduleBridgeLoader.loading.modules.ms,1787737558429000000,1787737618459000000,1369
jps.artifact.entities.serializer.save.entities.ms,1787737558429000000,1787737618459000000,0
workspaceModel.mutableEntityStorage.add.diff.ms,1787737558429000000,1787737618459000000,98
workspaceModel.mutableEntityStorage.entities.by.source.ms,1787737558429000000,1787737618459000000,3
workspaceModel.mutableEntityStorage.entities.ms,1787737558429000000,1787737618459000000,1
jps.storage.jps.conf.reader.load.component.ms,1787737558429000000,1787737618459000000,340
jps.project.serializers.save.ms,1787737558429000000,1787737618459000000,6
workspaceModel.global.apply.state.to.project.ms,1787737558429000000,1787737618459000000,46
workspaceModel.mutableEntityStorage.mutable.ext.mapping.ms,1787737558429000000,1787737618459000000,1
workspaceModel.mutableEntityStorage.resolve.ms,1787737558429000000,1787737618459000000,2
jps.project.serializers.load.ms,1787737558429000000,1787737618459000000,271
workspaceModel.moduleBridge.facet.initialization.ms,1787737558429000000,1787737618459000000,2
workspaceModel.moduleBridge.update.option.ms,1787737558429000000,1787737618459000000,0
workspaceModel.moduleManagerBridge.load.module.ms,1787737558429000000,1787737618459000000,0
Indexes.allKeys.lookups,1787737558429000000,1787737618459000000,0.0
IndexesFlusher.totalFlushes,1787737558429000000,1787737618459000000,150
Indexes.stubs.lookupDuration90PMs,1787737558429000000,1787737618459000000,8.0
Indexes.entries.lookups,1787737558429000000,1787737618459000000,52.0
Indexes.stubs.lookupDurationMaxMs,1787737558429000000,1787737618459000000,21.0
IndexesFlusher.totalContentionQuotaSpent,1787737558429000000,1787737618459000000,51
Indexes.entries.lookupDurationAvgMs,1787737558429000000,1787737618459000000,2.2115384615384617
VFSFlusher.totalContentionQuotaSpent,1787737558429000000,1787737618459000000,0
Indexes.allKeys.lookupDurationAvgMs,1787737558429000000,1787737618459000000,0.0
Indexes.stubs.lookups,1787737558429000000,1787737618459000000,40.0
Indexes.allKeys.lookupDurationMaxMs,1787737558429000000,1787737618459000000,0.0
VFSFlusher.totalFlushingTimeUs,1787737558429000000,1787737618459000000,91098
Indexes.entries.lookupDuration90PMs,1787737558429000000,1787737618459000000,8.0
Indexes.stubs.lookupDurationAvgMs,1787737558429000000,1787737618459000000,3.125
VFSFlusher.totalFlushes,1787737558429000000,1787737618459000000,3
Indexes.allKeys.lookupDuration90PMs,1787737558429000000,1787737618459000000,0.0
IndexesFlusher.totalFlushesRetried,1787737558429000000,1787737618459000000,2
IndexesFlusher.totalFlushingTimeUs,1787737558429000000,1787737618459000000,3049386
Indexes.entries.lookupDurationMaxMs,1787737558429000000,1787737618459000000,15.0
VFSFlusher.totalFlushesRetried,1787737558429000000,1787737618459000000,0
workspaceModel.pre.handlers.ms,1787737558429000000,1787737618459000000,2
workspaceModel.updates.count,1787737558429000000,1787737618459000000,5
workspaceModel.update.unloaded.entities.ms,1787737558429000000,1787737618459000000,0
workspaceModel.initializing.ms,1787737558429000000,1787737618459000000,1
workspaceModel.loading.total.ms,1787737558429000000,1787737618459000000,338
workspaceModel.check.recursive.update.ms,1787737558429000000,1787737618459000000,2
workspaceModel.init.bridges.ms,1787737558429000000,1787737618459000000,1
workspaceModel.updates.ms,1787737558429000000,1787737618459000000,166
workspaceModel.replace.project.model.ms,1787737558429000000,1787737618459000000,0
workspaceModel.collect.changes.ms,1787737558429000000,1787737618459000000,0
workspaceModel.updates.precise.ms,1787737558429000000,1787737618459000000,72
workspaceModel.to.snapshot.ms,1787737558429000000,1787737618459000000,15
workspaceModel.loading.from.cache.ms,1787737558429000000,1787737618459000000,308
JVM.maxHeapBytes,1787737618459000000,1787737678450000000,2147483648
JVM.usedHeapBytes,1787737618459000000,1787737678450000000,432679312
OS.loadAverage,1787737618459000000,1787737678450000000,4.99560546875
JVM.threadCount,1787737618459000000,1787737678450000000,70
JVM.usedNativeBytes,1787737618459000000,1787737678450000000,359399592
JVM.totalCpuTimeMs,1787737618459000000,1787737678450000000,15462
JVM.maxNativeBytes,1787737618459000000,1787737678450000000,-1
JVM.GC.collectionTimesMs,1787737618459000000,1787737678450000000,0
JVM.GC.collections,1787737618459000000,1787737678450000000,0
StreamlinedBlobStorage.totalLiveRecordsPayloadBytes,1787737618459000000,1787737678450000000,0
DirectByteBufferAllocator.hits,1787737618459000000,1787737678450000000,0
FilePageCache.maxCacheSizeInBytes,1787737618459000000,1787737678450000000,266485760
FilePageCache.totalPageDisposalsUs,1787737618459000000,1787737678450000000,0
FilePageCache.pageFastCacheHits,1787737618459000000,1787737678450000000,46
DirectByteBufferAllocator.reclaimed,1787737618459000000,1787737678450000000,0
DirectByteBufferAllocator.totalSizeOfBuffersCachedInBytes,1787737618459000000,1787737678450000000,0
StreamlinedBlobStorage.recordsDeleted,1787737618459000000,1787737678450000000,0
DirectByteBufferAllocator.disposed,1787737618459000000,1787737678450000000,0
StreamlinedBlobStorage.recordsRelocated,1787737618459000000,1787737678450000000,0
DirectByteBufferAllocator.totalSizeOfBuffersAllocatedInBytes,1787737618459000000,1787737678450000000,266485760
StreamlinedBlobStorage.totalLiveRecordsCapacityBytes,1787737618459000000,1787737678450000000,0
FilePageCache.maxRegisteredFiles,1787737618459000000,1787737678450000000,617
FilePageCache.pageHits,1787737618459000000,1787737678450000000,0
DirectByteBufferAllocator.misses,1787737618459000000,1787737678450000000,0
FilePageCache.totalPageLoadsUs,1787737618459000000,1787737678450000000,0
StorageLockContext.competingThreads.90P,1787737618459000000,1787737678450000000,0
FilePageCache.pageLoadsAboveSizeThreshold,1787737618459000000,1787737678450000000,0
FilePageCache.disposedBuffers,1787737618459000000,1787737678450000000,0
StorageLockContext.competingThreads.avg,1787737618459000000,1787737678450000000,0.0
FilePageCache.pageLoads,1787737618459000000,1787737678450000000,0
StreamlinedBlobStorage.recordsAllocated,1787737618459000000,1787737678450000000,0
FilePageCache.capacityInBytes,1787737618459000000,1787737678450000000,524288000
FilePageCache.uncachedFileAccess,1787737618459000000,1787737678450000000,0
StorageLockContext.competingThreads.max,1787737618459000000,1787737678450000000,0
FileNameCache.fastMisses,1787737618459000000,1787737678450000000,1647
FileNameCache.totalMisses,1787737618459000000,1787737678450000000,0
FileNameCache.queries,1787737618459000000,1787737678450000000,34260
FlushQueue.queueSizeMax,1787737618459000000,1787737678450000000,5
NonBlockingReadAction.failedExecutionTimeUs,1787737618459000000,1787737678450000000,0
FlushQueue.waitingTimeAvgNs,1787737618459000000,1787737678450000000,1.2861790247191012E7
FlushQueue.queueSize90P,1787737618459000000,1787737678450000000,1
FlushQueue.tasksExecuted,1787737618459000000,1787737678450000000,534
FlushQueue.executionTimeMaxNs,1787737618459000000,1787737678450000000,52690943
AWTEventQueue.dispatchTimeTotalNS,1787737618459000000,1787737678450000000,4602791399
AWTEventQueue.dispatchTimeAvgNs,1787737618459000000,1787737678450000000,566962.9154720712
AWTEventQueue.eventsDispatched,1787737618459000000,1787737678450000000,8092
FlushQueue.executionTimeAvgNs,1787737618459000000,1787737678450000000,826062.3820224719
FlushQueue.waitingTime90PNs,1787737618459000000,1787737678450000000,11010047
NonBlockingReadAction.finalizedExecutionsCount,1787737618459000000,1787737678450000000,4
FlushQueue.queueSizeAvg,1787737618459000000,1787737678450000000,0.3651685393258427
NonBlockingReadAction.finalizedExecutionTimeUs,1787737618459000000,1787737678450000000,251
AWTEventQueue.dispatchTime90PNs,1787737618459000000,1787737678450000000,274431
AWTEventQueue.dispatchTimeMaxNs,1787737618459000000,1787737678450000000,813694975
FlushQueue.waitingTimeMaxNs,1787737618459000000,1787737678450000000,809500671
NonBlockingReadAction.failedExecutionsCount,1787737618459000000,1787737678450000000,0
FlushQueue.executionTime90PNs,1787737618459000000,1787737678450000000,1368063
jps.app.storage.content.writer.save.component.ms,1787737618459000000,1787737678450000000,0
workspaceModel.load.cache.from.file.ms,1787737618459000000,1787737678450000000,302
jps.save.changed.project.entities.ms,1787737618459000000,1787737678450000000,12
workspaceModel.orphan.listener.update.ms,1787737618459000000,1787737678450000000,22
jps.artifact.entities.serializer.load.entities.ms,1787737618459000000,1787737678450000000,0
jps.facet.change.listener.init.bridge.ms,1787737618459000000,1787737678450000000,0
workspaceModel.mutableEntityStorage.referrers.ms,1787737618459000000,1787737678450000000,0
workspaceModel.global.apply.state.to.project.builder.ms,1787737618459000000,1787737678450000000,2
workspaceModel.moduleManagerBridge.create.module.instance.ms,1787737618459000000,1787737678450000000,0
workspaceModel.moduleManagerBridge.get.modules.ms,1787737618459000000,1787737678450000000,1
workspaceModel.global.updates.ms,1787737618459000000,1787737678450000000,0
jps.load.project.to.empty.storage.ms,1787737618459000000,1787737678450000000,340
jps.global.handle.changed.events.ms,1787737618459000000,1787737678450000000,0
jps.module.iml.entities.serializer.save.entities.ms,1787737618459000000,1787737678450000000,0
workspaceModel.mutableEntityStorage.modify.entity.ms,1787737618459000000,1787737678450000000,30
workspaceModel.mutableEntityStorage.remove.entity.ms,1787737618459000000,1787737678450000000,0
jps.global.initialize.library.bridges.ms,1787737618459000000,1787737678450000000,0
jps.module.iml.entities.serializer.load.entities.ms,1787737618459000000,1787737678450000000,286
jps.global.handle.before.change.events.ms,1787737618459000000,1787737678450000000,0
workspaceModel.mutableEntityStorage.add.entity.ms,1787737618459000000,1787737678450000000,174
workspaceModel.moduleManagerBridge.newModule.ms,1787737618459000000,1787737678450000000,0
workspaceModel.moduleBridge.before.changed.ms,1787737618459000000,1787737678450000000,0
workspaceModel.moduleManagerBridge.build.module.graph.ms,1787737618459000000,1787737678450000000,4
jps.reload.project.entities.ms,1787737618459000000,1787737678450000000,0
jps.app.storage.content.reader.load.component.ms,1787737618459000000,1787737678450000000,1
workspaceModel.delayed.project.synchronizer.sync.ms,1787737618459000000,1787737678450000000,1166
jps.global.get.library.ms,1787737618459000000,1787737678450000000,0
jps.library.entities.serializer.save.entities.ms,1787737618459000000,1787737678450000000,0
jps.global.get.library.by.name.ms,1787737618459000000,1787737678450000000,0
jps.save.global.entities.ms,1787737618459000000,1787737678450000000,87
workspaceModel.mutableEntityStorage.put.entity.ms,1787737618459000000,1787737678450000000,83
workspaceModel.mutableEntityStorage.has.same.entities.ms,1787737618459000000,1787737678450000000,0
jps.apply.loaded.storage.ms,1787737618459000000,1787737678450000000,784
jps.global.initialize.library.bridges.after.loading.ms,1787737618459000000,1787737678450000000,0
jps.global.get.libraries.ms,1787737618459000000,1787737678450000000,2
jps.load.initial.state.ms,1787737618459000000,1787737678450000000,18
jps.facet.change.listener.process.change.events.ms,1787737618459000000,1787737678450000000,0
workspaceModel.moduleManagerBridge.load.all.modules.ms,1787737618459000000,1787737678450000000,147
workspaceModel.moduleManagerBridge.new.nonPersistent.module.ms,1787737618459000000,1787737678450000000,0
workspaceModel.mutableEntityStorage.to.snapshot.ms,1787737618459000000,1787737678450000000,19
workspaceModel.mutableEntityStorage.collect.changes.ms,1787737618459000000,1787737678450000000,0
workspaceModel.moduleManagerBridge.set.unloadedModules.ms,1787737618459000000,1787737678450000000,0
workspaceModel.mutableEntityStorage.mutable.vfurl.index.ms,1787737618459000000,1787737678450000000,0
jps.library.entities.serializer.load.entities.ms,1787737618459000000,1787737678450000000,345
workspaceModel.sync.entities.ms,1787737618459000000,1787737678450000000,0
jps.facet.change.listener.before.change.events.ms,1787737618459000000,1787737678450000000,1
workspaceModel.save.cache.to.file.ms,1787737618459000000,1787737678450000000,677
workspaceModel.global.updates.count,1787737618459000000,1787737678450000000,0
workspaceModel.mutableEntityStorage.replace.by.source.ms,1787737618459000000,1787737678450000000,54
workspaceModel.moduleBridgeLoader.loading.modules.ms,1787737618459000000,1787737678450000000,1369
jps.artifact.entities.serializer.save.entities.ms,1787737618459000000,1787737678450000000,0
workspaceModel.mutableEntityStorage.add.diff.ms,1787737618459000000,1787737678450000000,98
workspaceModel.mutableEntityStorage.entities.by.source.ms,1787737618459000000,1787737678450000000,3
workspaceModel.mutableEntityStorage.entities.ms,1787737618459000000,1787737678450000000,1
jps.storage.jps.conf.reader.load.component.ms,1787737618459000000,1787737678450000000,340
jps.project.serializers.save.ms,1787737618459000000,1787737678450000000,11
workspaceModel.global.apply.state.to.project.ms,1787737618459000000,1787737678450000000,46
workspaceModel.mutableEntityStorage.mutable.ext.mapping.ms,1787737618459000000,1787737678450000000,1
workspaceModel.mutableEntityStorage.resolve.ms,1787737618459000000,1787737678450000000,2
jps.project.serializers.load.ms,1787737618459000000,1787737678450000000,271
workspaceModel.moduleBridge.facet.initialization.ms,1787737618459000000,1787737678450000000,2
workspaceModel.moduleBridge.update.option.ms,1787737618459000000,1787737678450000000,0
workspaceModel.moduleManagerBridge.load.module.ms,1787737618459000000,1787737678450000000,0
Indexes.allKeys.lookups,1787737618459000000,1787737678450000000,0.0
IndexesFlusher.totalFlushes,1787737618459000000,1787737678450000000,175
Indexes.stubs.lookupDuration90PMs,1787737618459000000,1787737678450000000,0.0
Indexes.entries.lookups,1787737618459000000,1787737678450000000,0.0
Indexes.stubs.lookupDurationMaxMs,1787737618459000000,1787737678450000000,0.0
IndexesFlusher.totalContentionQuotaSpent,1787737618459000000,1787737678450000000,0
Indexes.entries.lookupDurationAvgMs,1787737618459000000,1787737678450000000,0.0
VFSFlusher.totalContentionQuotaSpent,1787737618459000000,1787737678450000000,0
Indexes.allKeys.lookupDurationAvgMs,1787737618459000000,1787737678450000000,0.0
Indexes.stubs.lookups,1787737618459000000,1787737678450000000,0.0
Indexes.allKeys.lookupDurationMaxMs,1787737618459000000,1787737678450000000,0.0
VFSFlusher.totalFlushingTimeUs,1787737618459000000,1787737678450000000,9979
Indexes.entries.lookupDuration90PMs,1787737618459000000,1787737678450000000,0.0
Indexes.stubs.lookupDurationAvgMs,1787737618459000000,1787737678450000000,0.0
VFSFlusher.totalFlushes,1787737618459000000,1787737678450000000,1
Indexes.allKeys.lookupDuration90PMs,1787737618459000000,1787737678450000000,0.0
IndexesFlusher.totalFlushesRetried,1787737618459000000,1787737678450000000,0
IndexesFlusher.totalFlushingTimeUs,1787737618459000000,1787737678450000000,744051
Indexes.entries.lookupDurationMaxMs,1787737618459000000,1787737678450000000,0.0
VFSFlusher.totalFlushesRetried,1787737618459000000,1787737678450000000,0
workspaceModel.pre.handlers.ms,1787737618459000000,1787737678450000000,2
workspaceModel.updates.count,1787737618459000000,1787737678450000000,5
workspaceModel.update.unloaded.entities.ms,1787737618459000000,1787737678450000000,0
workspaceModel.initializing.ms,1787737618459000000,1787737678450000000,1
workspaceModel.loading.total.ms,1787737618459000000,1787737678450000000,338
workspaceModel.check.recursive.update.ms,1787737618459000000,1787737678450000000,2
workspaceModel.init.bridges.ms,1787737618459000000,1787737678450000000,1
workspaceModel.updates.ms,1787737618459000000,1787737678450000000,166
workspaceModel.replace.project.model.ms,1787737618459000000,1787737678450000000,0
workspaceModel.collect.changes.ms,1787737618459000000,1787737678450000000,0
workspaceModel.updates.precise.ms,1787737618459000000,1787737678450000000,72
workspaceModel.to.snapshot.ms,1787737618459000000,1787737678450000000,15
workspaceModel.loading.from.cache.ms,1787737618459000000,1787737678450000000,308
JVM.maxHeapBytes,1787737678450000000,1787737738444000000,2147483648
JVM.usedHeapBytes,1787737678450000000,1787737738444000000,217127888
OS.loadAverage,1787737678450000000,1787737738444000000,4.21044921875
JVM.threadCount,1787737678450000000,1787737738444000000,61
JVM.usedNativeBytes,1787737678450000000,1787737738444000000,365838720
JVM.totalCpuTimeMs,1787737678450000000,1787737738444000000,20517
JVM.maxNativeBytes,1787737678450000000,1787737738444000000,-1
JVM.GC.collectionTimesMs,1787737678450000000,1787737738444000000,75
JVM.GC.collections,1787737678450000000,1787737738444000000,2
StreamlinedBlobStorage.totalLiveRecordsPayloadBytes,1787737678450000000,1787737738444000000,0
DirectByteBufferAllocator.hits,1787737678450000000,1787737738444000000,0
FilePageCache.maxCacheSizeInBytes,1787737678450000000,1787737738444000000,266485760
FilePageCache.totalPageDisposalsUs,1787737678450000000,1787737738444000000,0
FilePageCache.pageFastCacheHits,1787737678450000000,1787737738444000000,46
DirectByteBufferAllocator.reclaimed,1787737678450000000,1787737738444000000,0
DirectByteBufferAllocator.totalSizeOfBuffersCachedInBytes,1787737678450000000,1787737738444000000,0
StreamlinedBlobStorage.recordsDeleted,1787737678450000000,1787737738444000000,0
DirectByteBufferAllocator.disposed,1787737678450000000,1787737738444000000,0
StreamlinedBlobStorage.recordsRelocated,1787737678450000000,1787737738444000000,0
DirectByteBufferAllocator.totalSizeOfBuffersAllocatedInBytes,1787737678450000000,1787737738444000000,266485760
StreamlinedBlobStorage.totalLiveRecordsCapacityBytes,1787737678450000000,1787737738444000000,0
FilePageCache.maxRegisteredFiles,1787737678450000000,1787737738444000000,617
FilePageCache.pageHits,1787737678450000000,1787737738444000000,0
DirectByteBufferAllocator.misses,1787737678450000000,1787737738444000000,0
FilePageCache.totalPageLoadsUs,1787737678450000000,1787737738444000000,0
StorageLockContext.competingThreads.90P,1787737678450000000,1787737738444000000,0
FilePageCache.pageLoadsAboveSizeThreshold,1787737678450000000,1787737738444000000,0
FilePageCache.disposedBuffers,1787737678450000000,1787737738444000000,0
StorageLockContext.competingThreads.avg,1787737678450000000,1787737738444000000,0.0
FilePageCache.pageLoads,1787737678450000000,1787737738444000000,0
StreamlinedBlobStorage.recordsAllocated,1787737678450000000,1787737738444000000,0
FilePageCache.capacityInBytes,1787737678450000000,1787737738444000000,524288000
FilePageCache.uncachedFileAccess,1787737678450000000,1787737738444000000,0
StorageLockContext.competingThreads.max,1787737678450000000,1787737738444000000,0
FileNameCache.fastMisses,1787737678450000000,1787737738444000000,48
FileNameCache.totalMisses,1787737678450000000,1787737738444000000,0
FileNameCache.queries,1787737678450000000,1787737738444000000,3782
FlushQueue.queueSizeMax,1787737678450000000,1787737738444000000,11
NonBlockingReadAction.failedExecutionTimeUs,1787737678450000000,1787737738444000000,0
FlushQueue.waitingTimeAvgNs,1787737678450000000,1787737738444000000,7018933.256692913
FlushQueue.queueSize90P,1787737678450000000,1787737738444000000,1
FlushQueue.tasksExecuted,1787737678450000000,1787737738444000000,635
FlushQueue.executionTimeMaxNs,1787737678450000000,1787737738444000000,47972351
AWTEventQueue.dispatchTimeTotalNS,1787737678450000000,1787737738444000000,8299024941
AWTEventQueue.dispatchTimeAvgNs,1787737678450000000,1787737738444000000,1002181.9154385118
AWTEventQueue.eventsDispatched,1787737678450000000,1787737738444000000,8278
FlushQueue.executionTimeAvgNs,1787737678450000000,1787737738444000000,771880.5165354331
FlushQueue.waitingTime90PNs,1787737678450000000,1787737738444000000,10944511
NonBlockingReadAction.finalizedExecutionsCount,1787737678450000000,1787737738444000000,3
FlushQueue.queueSizeAvg,1787737678450000000,1787737738444000000,0.4283464566929134
NonBlockingReadAction.finalizedExecutionTimeUs,1787737678450000000,1787737738444000000,1601
AWTEventQueue.dispatchTime90PNs,1787737678450000000,1787737738444000000,2097151
AWTEventQueue.dispatchTimeMaxNs,1787737678450000000,1787737738444000000,566231039
FlushQueue.waitingTimeMaxNs,1787737678450000000,1787737738444000000,289406975
NonBlockingReadAction.failedExecutionsCount,1787737678450000000,1787737738444000000,0
FlushQueue.executionTime90PNs,1787737678450000000,1787737738444000000,1130495
jps.app.storage.content.writer.save.component.ms,1787737678450000000,1787737738444000000,0
workspaceModel.load.cache.from.file.ms,1787737678450000000,1787737738444000000,302
jps.save.changed.project.entities.ms,1787737678450000000,1787737738444000000,13
workspaceModel.orphan.listener.update.ms,1787737678450000000,1787737738444000000,22
jps.artifact.entities.serializer.load.entities.ms,1787737678450000000,1787737738444000000,0
jps.facet.change.listener.init.bridge.ms,1787737678450000000,1787737738444000000,0
workspaceModel.mutableEntityStorage.referrers.ms,1787737678450000000,1787737738444000000,0
workspaceModel.global.apply.state.to.project.builder.ms,1787737678450000000,1787737738444000000,2
workspaceModel.moduleManagerBridge.create.module.instance.ms,1787737678450000000,1787737738444000000,0
workspaceModel.moduleManagerBridge.get.modules.ms,1787737678450000000,1787737738444000000,1
workspaceModel.global.updates.ms,1787737678450000000,1787737738444000000,0
jps.load.project.to.empty.storage.ms,1787737678450000000,1787737738444000000,340
jps.global.handle.changed.events.ms,1787737678450000000,1787737738444000000,0
jps.module.iml.entities.serializer.save.entities.ms,1787737678450000000,1787737738444000000,0
workspaceModel.mutableEntityStorage.modify.entity.ms,1787737678450000000,1787737738444000000,30
workspaceModel.mutableEntityStorage.remove.entity.ms,1787737678450000000,1787737738444000000,0
jps.global.initialize.library.bridges.ms,1787737678450000000,1787737738444000000,0
jps.module.iml.entities.serializer.load.entities.ms,1787737678450000000,1787737738444000000,286
jps.global.handle.before.change.events.ms,1787737678450000000,1787737738444000000,0
workspaceModel.mutableEntityStorage.add.entity.ms,1787737678450000000,1787737738444000000,174
workspaceModel.moduleManagerBridge.newModule.ms,1787737678450000000,1787737738444000000,0
workspaceModel.moduleBridge.before.changed.ms,1787737678450000000,1787737738444000000,0
workspaceModel.moduleManagerBridge.build.module.graph.ms,1787737678450000000,1787737738444000000,4
jps.reload.project.entities.ms,1787737678450000000,1787737738444000000,0
jps.app.storage.content.reader.load.component.ms,1787737678450000000,1787737738444000000,1
workspaceModel.delayed.project.synchronizer.sync.ms,1787737678450000000,1787737738444000000,1166
jps.global.get.library.ms,1787737678450000000,1787737738444000000,0
jps.library.entities.serializer.save.entities.ms,1787737678450000000,1787737738444000000,0
jps.global.get.library.by.name.ms,1787737678450000000,1787737738444000000,0
jps.save.global.entities.ms,1787737678450000000,1787737738444000000,154
workspaceModel.mutableEntityStorage.put.entity.ms,1787737678450000000,1787737738444000000,83
workspaceModel.mutableEntityStorage.has.same.entities.ms,1787737678450000000,1787737738444000000,0
jps.apply.loaded.storage.ms,1787737678450000000,1787737738444000000,784
jps.global.initialize.library.bridges.after.loading.ms,1787737678450000000,1787737738444000000,0
jps.global.get.libraries.ms,1787737678450000000,1787737738444000000,2
jps.load.initial.state.ms,1787737678450000000,1787737738444000000,18
jps.facet.change.listener.process.change.events.ms,1787737678450000000,1787737738444000000,0
workspaceModel.moduleManagerBridge.load.all.modules.ms,1787737678450000000,1787737738444000000,147
workspaceModel.moduleManagerBridge.new.nonPersistent.module.ms,1787737678450000000,1787737738444000000,0
workspaceModel.mutableEntityStorage.to.snapshot.ms,1787737678450000000,1787737738444000000,19
workspaceModel.mutableEntityStorage.collect.changes.ms,1787737678450000000,1787737738444000000,0
workspaceModel.moduleManagerBridge.set.unloadedModules.ms,1787737678450000000,1787737738444000000,0
workspaceModel.mutableEntityStorage.mutable.vfurl.index.ms,1787737678450000000,1787737738444000000,0
jps.library.entities.serializer.load.entities.ms,1787737678450000000,1787737738444000000,345
workspaceModel.sync.entities.ms,1787737678450000000,1787737738444000000,0
jps.facet.change.listener.before.change.events.ms,1787737678450000000,1787737738444000000,1
workspaceModel.save.cache.to.file.ms,1787737678450000000,1787737738444000000,677
workspaceModel.global.updates.count,1787737678450000000,1787737738444000000,0
workspaceModel.mutableEntityStorage.replace.by.source.ms,1787737678450000000,1787737738444000000,54
workspaceModel.moduleBridgeLoader.loading.modules.ms,1787737678450000000,1787737738444000000,1369
jps.artifact.entities.serializer.save.entities.ms,1787737678450000000,1787737738444000000,0
workspaceModel.mutableEntityStorage.add.diff.ms,1787737678450000000,1787737738444000000,98
workspaceModel.mutableEntityStorage.entities.by.source.ms,1787737678450000000,1787737738444000000,3
workspaceModel.mutableEntityStorage.entities.ms,1787737678450000000,1787737738444000000,1
jps.storage.jps.conf.reader.load.component.ms,1787737678450000000,1787737738444000000,340
jps.project.serializers.save.ms,1787737678450000000,1787737738444000000,12
workspaceModel.global.apply.state.to.project.ms,1787737678450000000,1787737738444000000,46
workspaceModel.mutableEntityStorage.mutable.ext.mapping.ms,1787737678450000000,1787737738444000000,1
workspaceModel.mutableEntityStorage.resolve.ms,1787737678450000000,1787737738444000000,2
jps.project.serializers.load.ms,1787737678450000000,1787737738444000000,271
workspaceModel.moduleBridge.facet.initialization.ms,1787737678450000000,1787737738444000000,2
workspaceModel.moduleBridge.update.option.ms,1787737678450000000,1787737738444000000,0
workspaceModel.moduleManagerBridge.load.module.ms,1787737678450000000,1787737738444000000,0
Indexes.allKeys.lookups,1787737678450000000,1787737738444000000,0.0
IndexesFlusher.totalFlushes,1787737678450000000,1787737738444000000,175
Indexes.stubs.lookupDuration90PMs,1787737678450000000,1787737738444000000,0.0
Indexes.entries.lookups,1787737678450000000,1787737738444000000,0.0
Indexes.stubs.lookupDurationMaxMs,1787737678450000000,1787737738444000000,0.0
IndexesFlusher.totalContentionQuotaSpent,1787737678450000000,1787737738444000000,0
Indexes.entries.lookupDurationAvgMs,1787737678450000000,1787737738444000000,0.0
VFSFlusher.totalContentionQuotaSpent,1787737678450000000,1787737738444000000,0
Indexes.allKeys.lookupDurationAvgMs,1787737678450000000,1787737738444000000,0.0
Indexes.stubs.lookups,1787737678450000000,1787737738444000000,0.0
Indexes.allKeys.lookupDurationMaxMs,1787737678450000000,1787737738444000000,0.0
VFSFlusher.totalFlushingTimeUs,1787737678450000000,1787737738444000000,15040
Indexes.entries.lookupDuration90PMs,1787737678450000000,1787737738444000000,0.0
Indexes.stubs.lookupDurationAvgMs,1787737678450000000,1787737738444000000,0.0
VFSFlusher.totalFlushes,1787737678450000000,1787737738444000000,1
Indexes.allKeys.lookupDuration90PMs,1787737678450000000,1787737738444000000,0.0
IndexesFlusher.totalFlushesRetried,1787737678450000000,1787737738444000000,0
IndexesFlusher.totalFlushingTimeUs,1787737678450000000,1787737738444000000,630295
Indexes.entries.lookupDurationMaxMs,1787737678450000000,1787737738444000000,0.0
VFSFlusher.totalFlushesRetried,1787737678450000000,1787737738444000000,0
workspaceModel.pre.handlers.ms,1787737678450000000,1787737738444000000,2
workspaceModel.updates.count,1787737678450000000,1787737738444000000,5
workspaceModel.update.unloaded.entities.ms,1787737678450000000,1787737738444000000,0
workspaceModel.initializing.ms,1787737678450000000,1787737738444000000,1
workspaceModel.loading.total.ms,1787737678450000000,1787737738444000000,338
workspaceModel.check.recursive.update.ms,1787737678450000000,1787737738444000000,2
workspaceModel.init.bridges.ms,1787737678450000000,1787737738444000000,1
workspaceModel.updates.ms,1787737678450000000,1787737738444000000,166
workspaceModel.replace.project.model.ms,1787737678450000000,1787737738444000000,0
workspaceModel.collect.changes.ms,1787737678450000000,1787737738444000000,0
workspaceModel.updates.precise.ms,1787737678450000000,1787737738444000000,72
workspaceModel.to.snapshot.ms,1787737678450000000,1787737738444000000,15
workspaceModel.loading.from.cache.ms,1787737678450000000,1787737738444000000,308
JVM.maxHeapBytes,1787737738444000000,1787737798445000000,2147483648
JVM.usedHeapBytes,1787737738444000000,1787737798445000000,290528208
OS.loadAverage,1787737738444000000,1787737798445000000,4.17236328125
JVM.threadCount,1787737738444000000,1787737798445000000,63
JVM.usedNativeBytes,1787737738444000000,1787737798445000000,369350928
JVM.totalCpuTimeMs,1787737738444000000,1787737798445000000,8186
JVM.maxNativeBytes,1787737738444000000,1787737798445000000,-1
JVM.GC.collectionTimesMs,1787737738444000000,1787737798445000000,0
JVM.GC.collections,1787737738444000000,1787737798445000000,0
StreamlinedBlobStorage.totalLiveRecordsPayloadBytes,1787737738444000000,1787737798445000000,0
DirectByteBufferAllocator.hits,1787737738444000000,1787737798445000000,0
FilePageCache.maxCacheSizeInBytes,1787737738444000000,1787737798445000000,266485760
FilePageCache.totalPageDisposalsUs,1787737738444000000,1787737798445000000,0
FilePageCache.pageFastCacheHits,1787737738444000000,1787737798445000000,0
DirectByteBufferAllocator.reclaimed,1787737738444000000,1787737798445000000,0
DirectByteBufferAllocator.totalSizeOfBuffersCachedInBytes,1787737738444000000,1787737798445000000,0
StreamlinedBlobStorage.recordsDeleted,1787737738444000000,1787737798445000000,0
DirectByteBufferAllocator.disposed,1787737738444000000,1787737798445000000,0
StreamlinedBlobStorage.recordsRelocated,1787737738444000000,1787737798445000000,0
DirectByteBufferAllocator.totalSizeOfBuffersAllocatedInBytes,1787737738444000000,1787737798445000000,266485760
StreamlinedBlobStorage.totalLiveRecordsCapacityBytes,1787737738444000000,1787737798445000000,0
FilePageCache.maxRegisteredFiles,1787737738444000000,1787737798445000000,617
FilePageCache.pageHits,1787737738444000000,1787737798445000000,0
DirectByteBufferAllocator.misses,1787737738444000000,1787737798445000000,0
FilePageCache.totalPageLoadsUs,1787737738444000000,1787737798445000000,0
StorageLockContext.competingThreads.90P,1787737738444000000,1787737798445000000,0
FilePageCache.pageLoadsAboveSizeThreshold,1787737738444000000,1787737798445000000,0
FilePageCache.disposedBuffers,1787737738444000000,1787737798445000000,0
StorageLockContext.competingThreads.avg,1787737738444000000,1787737798445000000,0.0
FilePageCache.pageLoads,1787737738444000000,1787737798445000000,0
StreamlinedBlobStorage.recordsAllocated,1787737738444000000,1787737798445000000,0
FilePageCache.capacityInBytes,1787737738444000000,1787737798445000000,524288000
FilePageCache.uncachedFileAccess,1787737738444000000,1787737798445000000,0
StorageLockContext.competingThreads.max,1787737738444000000,1787737798445000000,0
FileNameCache.fastMisses,1787737738444000000,1787737798445000000,9
FileNameCache.totalMisses,1787737738444000000,1787737798445000000,0
FileNameCache.queries,1787737738444000000,1787737798445000000,1374
FlushQueue.queueSizeMax,1787737738444000000,1787737798445000000,6
NonBlockingReadAction.failedExecutionTimeUs,1787737738444000000,1787737798445000000,0
FlushQueue.waitingTimeAvgNs,1787737738444000000,1787737798445000000,1664578.6770428016
FlushQueue.queueSize90P,1787737738444000000,1787737798445000000,1
FlushQueue.tasksExecuted,1787737738444000000,1787737798445000000,257
FlushQueue.executionTimeMaxNs,1787737738444000000,1787737798445000000,22020095
AWTEventQueue.dispatchTimeTotalNS,1787737738444000000,1787737798445000000,1178014466
AWTEventQueue.dispatchTimeAvgNs,1787737738444000000,1787737798445000000,272816.46257197694
AWTEventQueue.eventsDispatched,1787737738444000000,1787737798445000000,4168
FlushQueue.executionTimeAvgNs,1787737738444000000,1787737798445000000,541990.8482490273
FlushQueue.waitingTime90PNs,1787737738444000000,1787737798445000000,2539519
NonBlockingReadAction.finalizedExecutionsCount,1787737738444000000,1787737798445000000,2
FlushQueue.queueSizeAvg,1787737738444000000,1787737798445000000,0.3463035019455253
NonBlockingReadAction.finalizedExecutionTimeUs,1787737738444000000,1787737798445000000,62
AWTEventQueue.dispatchTime90PNs,1787737738444000000,1787737798445000000,245759
AWTEventQueue.dispatchTimeMaxNs,1787737738444000000,1787737798445000000,50331647
FlushQueue.waitingTimeMaxNs,1787737738444000000,1787737798445000000,48496639
NonBlockingReadAction.failedExecutionsCount,1787737738444000000,1787737798445000000,0
FlushQueue.executionTime90PNs,1787737738444000000,1787737798445000000,983039
jps.app.storage.content.writer.save.component.ms,1787737738444000000,1787737798445000000,0
workspaceModel.load.cache.from.file.ms,1787737738444000000,1787737798445000000,302
jps.save.changed.project.entities.ms,1787737738444000000,1787737798445000000,14
workspaceModel.orphan.listener.update.ms,1787737738444000000,1787737798445000000,22
jps.artifact.entities.serializer.load.entities.ms,1787737738444000000,1787737798445000000,0
jps.facet.change.listener.init.bridge.ms,1787737738444000000,1787737798445000000,0
workspaceModel.mutableEntityStorage.referrers.ms,1787737738444000000,1787737798445000000,0
workspaceModel.global.apply.state.to.project.builder.ms,1787737738444000000,1787737798445000000,2
workspaceModel.moduleManagerBridge.create.module.instance.ms,1787737738444000000,1787737798445000000,0
workspaceModel.moduleManagerBridge.get.modules.ms,1787737738444000000,1787737798445000000,1
workspaceModel.global.updates.ms,1787737738444000000,1787737798445000000,0
jps.load.project.to.empty.storage.ms,1787737738444000000,1787737798445000000,340
jps.global.handle.changed.events.ms,1787737738444000000,1787737798445000000,0
jps.module.iml.entities.serializer.save.entities.ms,1787737738444000000,1787737798445000000,0
workspaceModel.mutableEntityStorage.modify.entity.ms,1787737738444000000,1787737798445000000,30
workspaceModel.mutableEntityStorage.remove.entity.ms,1787737738444000000,1787737798445000000,0
jps.global.initialize.library.bridges.ms,1787737738444000000,1787737798445000000,0
jps.module.iml.entities.serializer.load.entities.ms,1787737738444000000,1787737798445000000,286
jps.global.handle.before.change.events.ms,1787737738444000000,1787737798445000000,0
workspaceModel.mutableEntityStorage.add.entity.ms,1787737738444000000,1787737798445000000,174
workspaceModel.moduleManagerBridge.newModule.ms,1787737738444000000,1787737798445000000,0
workspaceModel.moduleBridge.before.changed.ms,1787737738444000000,1787737798445000000,0
workspaceModel.moduleManagerBridge.build.module.graph.ms,1787737738444000000,1787737798445000000,4
jps.reload.project.entities.ms,1787737738444000000,1787737798445000000,0
jps.app.storage.content.reader.load.component.ms,1787737738444000000,1787737798445000000,1
workspaceModel.delayed.project.synchronizer.sync.ms,1787737738444000000,1787737798445000000,1166
jps.global.get.library.ms,1787737738444000000,1787737798445000000,0
jps.library.entities.serializer.save.entities.ms,1787737738444000000,1787737798445000000,0
jps.global.get.library.by.name.ms,1787737738444000000,1787737798445000000,0
jps.save.global.entities.ms,1787737738444000000,1787737798445000000,159
workspaceModel.mutableEntityStorage.put.entity.ms,1787737738444000000,1787737798445000000,83
workspaceModel.mutableEntityStorage.has.same.entities.ms,1787737738444000000,1787737798445000000,0
jps.apply.loaded.storage.ms,1787737738444000000,1787737798445000000,784
jps.global.initialize.library.bridges.after.loading.ms,1787737738444000000,1787737798445000000,0
jps.global.get.libraries.ms,1787737738444000000,1787737798445000000,2
jps.load.initial.state.ms,1787737738444000000,1787737798445000000,18
jps.facet.change.listener.process.change.events.ms,1787737738444000000,1787737798445000000,0
workspaceModel.moduleManagerBridge.load.all.modules.ms,1787737738444000000,1787737798445000000,147
workspaceModel.moduleManagerBridge.new.nonPersistent.module.ms,1787737738444000000,1787737798445000000,0
workspaceModel.mutableEntityStorage.to.snapshot.ms,1787737738444000000,1787737798445000000,19
workspaceModel.mutableEntityStorage.collect.changes.ms,1787737738444000000,1787737798445000000,0
workspaceModel.moduleManagerBridge.set.unloadedModules.ms,1787737738444000000,1787737798445000000,0
workspaceModel.mutableEntityStorage.mutable.vfurl.index.ms,1787737738444000000,1787737798445000000,0
jps.library.entities.serializer.load.entities.ms,1787737738444000000,1787737798445000000,345
workspaceModel.sync.entities.ms,1787737738444000000,1787737798445000000,0
jps.facet.change.listener.before.change.events.ms,1787737738444000000,1787737798445000000,1
workspaceModel.save.cache.to.file.ms,1787737738444000000,1787737798445000000,677
workspaceModel.global.updates.count,1787737738444000000,1787737798445000000,0
workspaceModel.mutableEntityStorage.replace.by.source.ms,1787737738444000000,1787737798445000000,54
workspaceModel.moduleBridgeLoader.loading.modules.ms,1787737738444000000,1787737798445000000,1369
jps.artifact.entities.serializer.save.entities.ms,1787737738444000000,1787737798445000000,0
workspaceModel.mutableEntityStorage.add.diff.ms,1787737738444000000,1787737798445000000,98
workspaceModel.mutableEntityStorage.entities.by.source.ms,1787737738444000000,1787737798445000000,3
workspaceModel.mutableEntityStorage.entities.ms,1787737738444000000,1787737798445000000,1
jps.storage.jps.conf.reader.load.component.ms,1787737738444000000,1787737798445000000,340
jps.project.serializers.save.ms,1787737738444000000,1787737798445000000,12
workspaceModel.global.apply.state.to.project.ms,1787737738444000000,1787737798445000000,46
workspaceModel.mutableEntityStorage.mutable.ext.mapping.ms,1787737738444000000,1787737798445000000,1
workspaceModel.mutableEntityStorage.resolve.ms,1787737738444000000,1787737798445000000,2
jps.project.serializers.load.ms,1787737738444000000,1787737798445000000,271
workspaceModel.moduleBridge.facet.initialization.ms,1787737738444000000,1787737798445000000,2
workspaceModel.moduleBridge.update.option.ms,1787737738444000000,1787737798445000000,0
workspaceModel.moduleManagerBridge.load.module.ms,1787737738444000000,1787737798445000000,0
Indexes.allKeys.lookups,1787737738444000000,1787737798445000000,0.0
IndexesFlusher.totalFlushes,1787737738444000000,1787737798445000000,176
Indexes.stubs.lookupDuration90PMs,1787737738444000000,1787737798445000000,0.0
Indexes.entries.lookups,1787737738444000000,1787737798445000000,0.0
Indexes.stubs.lookupDurationMaxMs,1787737738444000000,1787737798445000000,0.0
IndexesFlusher.totalContentionQuotaSpent,1787737738444000000,1787737798445000000,0
Indexes.entries.lookupDurationAvgMs,1787737738444000000,1787737798445000000,0.0
VFSFlusher.totalContentionQuotaSpent,1787737738444000000,1787737798445000000,0
Indexes.allKeys.lookupDurationAvgMs,1787737738444000000,1787737798445000000,0.0
Indexes.stubs.lookups,1787737738444000000,1787737798445000000,0.0
Indexes.allKeys.lookupDurationMaxMs,1787737738444000000,1787737798445000000,0.0
VFSFlusher.totalFlushingTimeUs,1787737738444000000,1787737798445000000,0
Indexes.entries.lookupDuration90PMs,1787737738444000000,1787737798445000000,0.0
Indexes.stubs.lookupDurationAvgMs,1787737738444000000,1787737798445000000,0.0
VFSFlusher.totalFlushes,1787737738444000000,1787737798445000000,0
Indexes.allKeys.lookupDuration90PMs,1787737738444000000,1787737798445000000,0.0
IndexesFlusher.totalFlushesRetried,1787737738444000000,1787737798445000000,0
IndexesFlusher.totalFlushingTimeUs,1787737738444000000,1787737798445000000,779974
Indexes.entries.lookupDurationMaxMs,1787737738444000000,1787737798445000000,0.0
VFSFlusher.totalFlushesRetried,1787737738444000000,1787737798445000000,0
workspaceModel.pre.handlers.ms,1787737738444000000,1787737798445000000,2
workspaceModel.updates.count,1787737738444000000,1787737798445000000,5
workspaceModel.update.unloaded.entities.ms,1787737738444000000,1787737798445000000,0
workspaceModel.initializing.ms,1787737738444000000,1787737798445000000,1
workspaceModel.loading.total.ms,1787737738444000000,1787737798445000000,338
workspaceModel.check.recursive.update.ms,1787737738444000000,1787737798445000000,2
workspaceModel.init.bridges.ms,1787737738444000000,1787737798445000000,1
workspaceModel.updates.ms,1787737738444000000,1787737798445000000,166
workspaceModel.replace.project.model.ms,1787737738444000000,1787737798445000000,0
workspaceModel.collect.changes.ms,1787737738444000000,1787737798445000000,0
workspaceModel.updates.precise.ms,1787737738444000000,1787737798445000000,72
workspaceModel.to.snapshot.ms,1787737738444000000,1787737798445000000,15
workspaceModel.loading.from.cache.ms,1787737738444000000,1787737798445000000,308
JVM.maxHeapBytes,1787737798445000000,1787737858455000000,2147483648
JVM.usedHeapBytes,1787737798445000000,1787737858455000000,497521376
OS.loadAverage,1787737798445000000,1787737858455000000,3.67578125
JVM.threadCount,1787737798445000000,1787737858455000000,58
JVM.usedNativeBytes,1787737798445000000,1787737858455000000,377470256
JVM.totalCpuTimeMs,1787737798445000000,1787737858455000000,23411
JVM.maxNativeBytes,1787737798445000000,1787737858455000000,-1
JVM.GC.collectionTimesMs,1787737798445000000,1787737858455000000,34
JVM.GC.collections,1787737798445000000,1787737858455000000,1
StreamlinedBlobStorage.totalLiveRecordsPayloadBytes,1787737798445000000,1787737858455000000,0
DirectByteBufferAllocator.hits,1787737798445000000,1787737858455000000,0
FilePageCache.maxCacheSizeInBytes,1787737798445000000,1787737858455000000,266485760
FilePageCache.totalPageDisposalsUs,1787737798445000000,1787737858455000000,0
FilePageCache.pageFastCacheHits,1787737798445000000,1787737858455000000,103
DirectByteBufferAllocator.reclaimed,1787737798445000000,1787737858455000000,0
DirectByteBufferAllocator.totalSizeOfBuffersCachedInBytes,1787737798445000000,1787737858455000000,0
StreamlinedBlobStorage.recordsDeleted,1787737798445000000,1787737858455000000,0
DirectByteBufferAllocator.disposed,1787737798445000000,1787737858455000000,0
StreamlinedBlobStorage.recordsRelocated,1787737798445000000,1787737858455000000,0
DirectByteBufferAllocator.totalSizeOfBuffersAllocatedInBytes,1787737798445000000,1787737858455000000,266485760
StreamlinedBlobStorage.totalLiveRecordsCapacityBytes,1787737798445000000,1787737858455000000,0
FilePageCache.maxRegisteredFiles,1787737798445000000,1787737858455000000,617
FilePageCache.pageHits,1787737798445000000,1787737858455000000,0
DirectByteBufferAllocator.misses,1787737798445000000,1787737858455000000,0
FilePageCache.totalPageLoadsUs,1787737798445000000,1787737858455000000,0
StorageLockContext.competingThreads.90P,1787737798445000000,1787737858455000000,0
FilePageCache.pageLoadsAboveSizeThreshold,1787737798445000000,1787737858455000000,0
FilePageCache.disposedBuffers,1787737798445000000,1787737858455000000,0
StorageLockContext.competingThreads.avg,1787737798445000000,1787737858455000000,0.0
FilePageCache.pageLoads,1787737798445000000,1787737858455000000,0
StreamlinedBlobStorage.recordsAllocated,1787737798445000000,1787737858455000000,0
FilePageCache.capacityInBytes,1787737798445000000,1787737858455000000,524288000
FilePageCache.uncachedFileAccess,1787737798445000000,1787737858455000000,0
StorageLockContext.competingThreads.max,1787737798445000000,1787737858455000000,0
FileNameCache.fastMisses,1787737798445000000,1787737858455000000,32
FileNameCache.totalMisses,1787737798445000000,1787737858455000000,0
FileNameCache.queries,1787737798445000000,1787737858455000000,5004
FlushQueue.queueSizeMax,1787737798445000000,1787737858455000000,20
NonBlockingReadAction.failedExecutionTimeUs,1787737798445000000,1787737858455000000,2416
FlushQueue.waitingTimeAvgNs,1787737798445000000,1787737858455000000,9708450.66816648
FlushQueue.queueSize90P,1787737798445000000,1787737858455000000,3
FlushQueue.tasksExecuted,1787737798445000000,1787737858455000000,889
FlushQueue.executionTimeMaxNs,1787737798445000000,1787737858455000000,61079551
AWTEventQueue.dispatchTimeTotalNS,1787737798445000000,1787737858455000000,9290069493
AWTEventQueue.dispatchTimeAvgNs,1787737798445000000,1787737858455000000,752808.8337790745
AWTEventQueue.eventsDispatched,1787737798445000000,1787737858455000000,12339
FlushQueue.executionTimeAvgNs,1787737798445000000,1787737858455000000,656765.246344207
FlushQueue.waitingTime90PNs,1787737798445000000,1787737858455000000,22413311
NonBlockingReadAction.finalizedExecutionsCount,1787737798445000000,1787737858455000000,34
FlushQueue.queueSizeAvg,1787737798445000000,1787737858455000000,1.014623172103487
NonBlockingReadAction.finalizedExecutionTimeUs,1787737798445000000,1787737858455000000,109766
AWTEventQueue.dispatchTime90PNs,1787737798445000000,1787737858455000000,1957887
AWTEventQueue.dispatchTimeMaxNs,1787737798445000000,1787737858455000000,264241151
FlushQueue.waitingTimeMaxNs,1787737798445000000,1787737858455000000,219152383
NonBlockingReadAction.failedExecutionsCount,1787737798445000000,1787737858455000000,2
FlushQueue.executionTime90PNs,1787737798445000000,1787737858455000000,1376255
jps.app.storage.content.writer.save.component.ms,1787737798445000000,1787737858455000000,0
workspaceModel.load.cache.from.file.ms,1787737798445000000,1787737858455000000,302
jps.save.changed.project.entities.ms,1787737798445000000,1787737858455000000,14
workspaceModel.orphan.listener.update.ms,1787737798445000000,1787737858455000000,22
jps.artifact.entities.serializer.load.entities.ms,1787737798445000000,1787737858455000000,0
jps.facet.change.listener.init.bridge.ms,1787737798445000000,1787737858455000000,0
workspaceModel.mutableEntityStorage.referrers.ms,1787737798445000000,1787737858455000000,0
workspaceModel.global.apply.state.to.project.builder.ms,1787737798445000000,1787737858455000000,2
workspaceModel.moduleManagerBridge.create.module.instance.ms,1787737798445000000,1787737858455000000,0
workspaceModel.moduleManagerBridge.get.modules.ms,1787737798445000000,1787737858455000000,1
workspaceModel.global.updates.ms,1787737798445000000,1787737858455000000,0
jps.load.project.to.empty.storage.ms,1787737798445000000,1787737858455000000,340
jps.global.handle.changed.events.ms,1787737798445000000,1787737858455000000,0
jps.module.iml.entities.serializer.save.entities.ms,1787737798445000000,1787737858455000000,0
workspaceModel.mutableEntityStorage.modify.entity.ms,1787737798445000000,1787737858455000000,30
workspaceModel.mutableEntityStorage.remove.entity.ms,1787737798445000000,1787737858455000000,0
jps.global.initialize.library.bridges.ms,1787737798445000000,1787737858455000000,0
jps.module.iml.entities.serializer.load.entities.ms,1787737798445000000,1787737858455000000,286
jps.global.handle.before.change.events.ms,1787737798445000000,1787737858455000000,0
workspaceModel.mutableEntityStorage.add.entity.ms,1787737798445000000,1787737858455000000,174
workspaceModel.moduleManagerBridge.newModule.ms,1787737798445000000,1787737858455000000,0
workspaceModel.moduleBridge.before.changed.ms,1787737798445000000,1787737858455000000,0
workspaceModel.moduleManagerBridge.build.module.graph.ms,1787737798445000000,1787737858455000000,4
jps.reload.project.entities.ms,1787737798445000000,1787737858455000000,0
jps.app.storage.content.reader.load.component.ms,1787737798445000000,1787737858455000000,1
workspaceModel.delayed.project.synchronizer.sync.ms,1787737798445000000,1787737858455000000,1166
jps.global.get.library.ms,1787737798445000000,1787737858455000000,0
jps.library.entities.serializer.save.entities.ms,1787737798445000000,1787737858455000000,0
jps.global.get.library.by.name.ms,1787737798445000000,1787737858455000000,0
jps.save.global.entities.ms,1787737798445000000,1787737858455000000,194
workspaceModel.mutableEntityStorage.put.entity.ms,1787737798445000000,1787737858455000000,83
workspaceModel.mutableEntityStorage.has.same.entities.ms,1787737798445000000,1787737858455000000,0
jps.apply.loaded.storage.ms,1787737798445000000,1787737858455000000,784
jps.global.initialize.library.bridges.after.loading.ms,1787737798445000000,1787737858455000000,0
jps.global.get.libraries.ms,1787737798445000000,1787737858455000000,2
jps.load.initial.state.ms,1787737798445000000,1787737858455000000,18
jps.facet.change.listener.process.change.events.ms,1787737798445000000,1787737858455000000,0
workspaceModel.moduleManagerBridge.load.all.modules.ms,1787737798445000000,1787737858455000000,147
workspaceModel.moduleManagerBridge.new.nonPersistent.module.ms,1787737798445000000,1787737858455000000,0
workspaceModel.mutableEntityStorage.to.snapshot.ms,1787737798445000000,1787737858455000000,19
workspaceModel.mutableEntityStorage.collect.changes.ms,1787737798445000000,1787737858455000000,0
workspaceModel.moduleManagerBridge.set.unloadedModules.ms,1787737798445000000,1787737858455000000,0
workspaceModel.mutableEntityStorage.mutable.vfurl.index.ms,1787737798445000000,1787737858455000000,0
jps.library.entities.serializer.load.entities.ms,1787737798445000000,1787737858455000000,345
workspaceModel.sync.entities.ms,1787737798445000000,1787737858455000000,0
jps.facet.change.listener.before.change.events.ms,1787737798445000000,1787737858455000000,1
workspaceModel.save.cache.to.file.ms,1787737798445000000,1787737858455000000,677
workspaceModel.global.updates.count,1787737798445000000,1787737858455000000,0
workspaceModel.mutableEntityStorage.replace.by.source.ms,1787737798445000000,1787737858455000000,54
workspaceModel.moduleBridgeLoader.loading.modules.ms,1787737798445000000,1787737858455000000,1369
jps.artifact.entities.serializer.save.entities.ms,1787737798445000000,1787737858455000000,0
workspaceModel.mutableEntityStorage.add.diff.ms,1787737798445000000,1787737858455000000,98
workspaceModel.mutableEntityStorage.entities.by.source.ms,1787737798445000000,1787737858455000000,3
workspaceModel.mutableEntityStorage.entities.ms,1787737798445000000,1787737858455000000,1
jps.storage.jps.conf.reader.load.component.ms,1787737798445000000,1787737858455000000,340
jps.project.serializers.save.ms,1787737798445000000,1787737858455000000,12
workspaceModel.global.apply.state.to.project.ms,1787737798445000000,1787737858455000000,46
workspaceModel.mutableEntityStorage.mutable.ext.mapping.ms,1787737798445000000,1787737858455000000,1
workspaceModel.mutableEntityStorage.resolve.ms,1787737798445000000,1787737858455000000,2
jps.project.serializers.load.ms,1787737798445000000,1787737858455000000,271
workspaceModel.moduleBridge.facet.initialization.ms,1787737798445000000,1787737858455000000,2
workspaceModel.moduleBridge.update.option.ms,1787737798445000000,1787737858455000000,0
workspaceModel.moduleManagerBridge.load.module.ms,1787737798445000000,1787737858455000000,0
Indexes.allKeys.lookups,1787737798445000000,1787737858455000000,0.0
IndexesFlusher.totalFlushes,1787737798445000000,1787737858455000000,176
Indexes.stubs.lookupDuration90PMs,1787737798445000000,1787737858455000000,2.0
Indexes.entries.lookups,1787737798445000000,1787737858455000000,1.0
Indexes.stubs.lookupDurationMaxMs,1787737798445000000,1787737858455000000,2.0
IndexesFlusher.totalContentionQuotaSpent,1787737798445000000,1787737858455000000,0
Indexes.entries.lookupDurationAvgMs,1787737798445000000,1787737858455000000,79.0
VFSFlusher.totalContentionQuotaSpent,1787737798445000000,1787737858455000000,0
Indexes.allKeys.lookupDurationAvgMs,1787737798445000000,1787737858455000000,0.0
Indexes.stubs.lookups,1787737798445000000,1787737858455000000,4.0
Indexes.allKeys.lookupDurationMaxMs,1787737798445000000,1787737858455000000,0.0
VFSFlusher.totalFlushingTimeUs,1787737798445000000,1787737858455000000,67963
Indexes.entries.lookupDuration90PMs,1787737798445000000,1787737858455000000,79.0
Indexes.stubs.lookupDurationAvgMs,1787737798445000000,1787737858455000000,0.75
VFSFlusher.totalFlushes,1787737798445000000,1787737858455000000,2
Indexes.allKeys.lookupDuration90PMs,1787737798445000000,1787737858455000000,0.0
IndexesFlusher.totalFlushesRetried,1787737798445000000,1787737858455000000,0
IndexesFlusher.totalFlushingTimeUs,1787737798445000000,1787737858455000000,603030
Indexes.entries.lookupDurationMaxMs,1787737798445000000,1787737858455000000,79.0
VFSFlusher.totalFlushesRetried,1787737798445000000,1787737858455000000,0
workspaceModel.pre.handlers.ms,1787737798445000000,1787737858455000000,2
workspaceModel.updates.count,1787737798445000000,1787737858455000000,5
workspaceModel.update.unloaded.entities.ms,1787737798445000000,1787737858455000000,0
workspaceModel.initializing.ms,1787737798445000000,1787737858455000000,1
workspaceModel.loading.total.ms,1787737798445000000,1787737858455000000,338
workspaceModel.check.recursive.update.ms,1787737798445000000,1787737858455000000,2
workspaceModel.init.bridges.ms,1787737798445000000,1787737858455000000,1
workspaceModel.updates.ms,1787737798445000000,1787737858455000000,166
workspaceModel.replace.project.model.ms,1787737798445000000,1787737858455000000,0
workspaceModel.collect.changes.ms,1787737798445000000,1787737858455000000,0
workspaceModel.updates.precise.ms,1787737798445000000,1787737858455000000,72
workspaceModel.to.snapshot.ms,1787737798445000000,1787737858455000000,15
workspaceModel.loading.from.cache.ms,1787737798445000000,1787737858455000000,308
JVM.maxHeapBytes,1787737858455000000,1787737918455000000,2147483648
JVM.usedHeapBytes,1787737858455000000,1787737918455000000,239015048
OS.loadAverage,1787737858455000000,1787737918455000000,3.10986328125
JVM.threadCount,1787737858455000000,1787737918455000000,59
JVM.usedNativeBytes,1787737858455000000,1787737918455000000,383776440
JVM.totalCpuTimeMs,1787737858455000000,1787737918455000000,8618
JVM.maxNativeBytes,1787737858455000000,1787737918455000000,-1
JVM.GC.collectionTimesMs,1787737858455000000,1787737918455000000,43
JVM.GC.collections,1787737858455000000,1787737918455000000,1
StreamlinedBlobStorage.totalLiveRecordsPayloadBytes,1787737858455000000,1787737918455000000,5
DirectByteBufferAllocator.hits,1787737858455000000,1787737918455000000,0
FilePageCache.maxCacheSizeInBytes,1787737858455000000,1787737918455000000,273825792
FilePageCache.totalPageDisposalsUs,1787737858455000000,1787737918455000000,911
FilePageCache.pageFastCacheHits,1787737858455000000,1787737918455000000,319
DirectByteBufferAllocator.reclaimed,1787737858455000000,1787737918455000000,0
DirectByteBufferAllocator.totalSizeOfBuffersCachedInBytes,1787737858455000000,1787737918455000000,0
StreamlinedBlobStorage.recordsDeleted,1787737858455000000,1787737918455000000,0
DirectByteBufferAllocator.disposed,1787737858455000000,1787737918455000000,0
StreamlinedBlobStorage.recordsRelocated,1787737858455000000,1787737918455000000,0
DirectByteBufferAllocator.totalSizeOfBuffersAllocatedInBytes,1787737858455000000,1787737918455000000,273825792
StreamlinedBlobStorage.totalLiveRecordsCapacityBytes,1787737858455000000,1787737918455000000,0
FilePageCache.maxRegisteredFiles,1787737858455000000,1787737918455000000,617
FilePageCache.pageHits,1787737858455000000,1787737918455000000,0
DirectByteBufferAllocator.misses,1787737858455000000,1787737918455000000,7
FilePageCache.totalPageLoadsUs,1787737858455000000,1787737918455000000,16343
StorageLockContext.competingThreads.90P,1787737858455000000,1787737918455000000,0
FilePageCache.pageLoadsAboveSizeThreshold,1787737858455000000,1787737918455000000,0
FilePageCache.disposedBuffers,1787737858455000000,1787737918455000000,0
StorageLockContext.competingThreads.avg,1787737858455000000,1787737918455000000,0.008333333333333333
FilePageCache.pageLoads,1787737858455000000,1787737918455000000,7
StreamlinedBlobStorage.recordsAllocated,1787737858455000000,1787737918455000000,0
FilePageCache.capacityInBytes,1787737858455000000,1787737918455000000,524288000
FilePageCache.uncachedFileAccess,1787737858455000000,1787737918455000000,1
StorageLockContext.competingThreads.max,1787737858455000000,1787737918455000000,1
FileNameCache.fastMisses,1787737858455000000,1787737918455000000,1076
FileNameCache.totalMisses,1787737858455000000,1787737918455000000,12
FileNameCache.queries,1787737858455000000,1787737918455000000,13647
FlushQueue.queueSizeMax,1787737858455000000,1787737918455000000,0
NonBlockingReadAction.failedExecutionTimeUs,1787737858455000000,1787737918455000000,0
FlushQueue.waitingTimeAvgNs,1787737858455000000,1787737918455000000,429297.6
FlushQueue.queueSize90P,1787737858455000000,1787737918455000000,0
FlushQueue.tasksExecuted,1787737858455000000,1787737918455000000,120
FlushQueue.executionTimeMaxNs,1787737858455000000,1787737918455000000,5144575
AWTEventQueue.dispatchTimeTotalNS,1787737858455000000,1787737918455000000,468432109
AWTEventQueue.dispatchTimeAvgNs,1787737858455000000,1787737918455000000,131449.20720720722
AWTEventQueue.eventsDispatched,1787737858455000000,1787737918455000000,3552
FlushQueue.executionTimeAvgNs,1787737858455000000,1787737918455000000,308564.8
FlushQueue.waitingTime90PNs,1787737858455000000,1787737918455000000,626687
NonBlockingReadAction.finalizedExecutionsCount,1787737858455000000,1787737918455000000,257
FlushQueue.queueSizeAvg,1787737858455000000,1787737918455000000,0.0
NonBlockingReadAction.finalizedExecutionTimeUs,1787737858455000000,1787737918455000000,1497029
AWTEventQueue.dispatchTime90PNs,1787737858455000000,1787737918455000000,187391
AWTEventQueue.dispatchTimeMaxNs,1787737858455000000,1787737918455000000,9240575
FlushQueue.waitingTimeMaxNs,1787737858455000000,1787737918455000000,5079039
NonBlockingReadAction.failedExecutionsCount,1787737858455000000,1787737918455000000,0
FlushQueue.executionTime90PNs,1787737858455000000,1787737918455000000,374783
jps.app.storage.content.writer.save.component.ms,1787737858455000000,1787737918455000000,0
workspaceModel.load.cache.from.file.ms,1787737858455000000,1787737918455000000,302
jps.save.changed.project.entities.ms,1787737858455000000,1787737918455000000,14
workspaceModel.orphan.listener.update.ms,1787737858455000000,1787737918455000000,22
jps.artifact.entities.serializer.load.entities.ms,1787737858455000000,1787737918455000000,0
jps.facet.change.listener.init.bridge.ms,1787737858455000000,1787737918455000000,0
workspaceModel.mutableEntityStorage.referrers.ms,1787737858455000000,1787737918455000000,0
workspaceModel.global.apply.state.to.project.builder.ms,1787737858455000000,1787737918455000000,2
workspaceModel.moduleManagerBridge.create.module.instance.ms,1787737858455000000,1787737918455000000,0
workspaceModel.moduleManagerBridge.get.modules.ms,1787737858455000000,1787737918455000000,3
workspaceModel.global.updates.ms,1787737858455000000,1787737918455000000,0
jps.load.project.to.empty.storage.ms,1787737858455000000,1787737918455000000,340
jps.global.handle.changed.events.ms,1787737858455000000,1787737918455000000,0
jps.module.iml.entities.serializer.save.entities.ms,1787737858455000000,1787737918455000000,0
workspaceModel.mutableEntityStorage.modify.entity.ms,1787737858455000000,1787737918455000000,30
workspaceModel.mutableEntityStorage.remove.entity.ms,1787737858455000000,1787737918455000000,0
jps.global.initialize.library.bridges.ms,1787737858455000000,1787737918455000000,0
jps.module.iml.entities.serializer.load.entities.ms,1787737858455000000,1787737918455000000,286
jps.global.handle.before.change.events.ms,1787737858455000000,1787737918455000000,0
workspaceModel.mutableEntityStorage.add.entity.ms,1787737858455000000,1787737918455000000,174
workspaceModel.moduleManagerBridge.newModule.ms,1787737858455000000,1787737918455000000,0
workspaceModel.moduleBridge.before.changed.ms,1787737858455000000,1787737918455000000,0
workspaceModel.moduleManagerBridge.build.module.graph.ms,1787737858455000000,1787737918455000000,5
jps.reload.project.entities.ms,1787737858455000000,1787737918455000000,0
jps.app.storage.content.reader.load.component.ms,1787737858455000000,1787737918455000000,1
workspaceModel.delayed.project.synchronizer.sync.ms,1787737858455000000,1787737918455000000,1166
jps.global.get.library.ms,1787737858455000000,1787737918455000000,0
jps.library.entities.serializer.save.entities.ms,1787737858455000000,1787737918455000000,0
jps.global.get.library.by.name.ms,1787737858455000000,1787737918455000000,0
jps.save.global.entities.ms,1787737858455000000,1787737918455000000,194
workspaceModel.mutableEntityStorage.put.entity.ms,1787737858455000000,1787737918455000000,83
workspaceModel.mutableEntityStorage.has.same.entities.ms,1787737858455000000,1787737918455000000,0
jps.apply.loaded.storage.ms,1787737858455000000,1787737918455000000,784
jps.global.initialize.library.bridges.after.loading.ms,1787737858455000000,1787737918455000000,0
jps.global.get.libraries.ms,1787737858455000000,1787737918455000000,3
jps.load.initial.state.ms,1787737858455000000,1787737918455000000,18
jps.facet.change.listener.process.change.events.ms,1787737858455000000,1787737918455000000,0
workspaceModel.moduleManagerBridge.load.all.modules.ms,1787737858455000000,1787737918455000000,147
workspaceModel.moduleManagerBridge.new.nonPersistent.module.ms,1787737858455000000,1787737918455000000,0
workspaceModel.mutableEntityStorage.to.snapshot.ms,1787737858455000000,1787737918455000000,19
workspaceModel.mutableEntityStorage.collect.changes.ms,1787737858455000000,1787737918455000000,0
workspaceModel.moduleManagerBridge.set.unloadedModules.ms,1787737858455000000,1787737918455000000,0
workspaceModel.mutableEntityStorage.mutable.vfurl.index.ms,1787737858455000000,1787737918455000000,0
jps.library.entities.serializer.load.entities.ms,1787737858455000000,1787737918455000000,345
workspaceModel.sync.entities.ms,1787737858455000000,1787737918455000000,0
jps.facet.change.listener.before.change.events.ms,1787737858455000000,1787737918455000000,1
workspaceModel.save.cache.to.file.ms,1787737858455000000,1787737918455000000,677
workspaceModel.global.updates.count,1787737858455000000,1787737918455000000,0
workspaceModel.mutableEntityStorage.replace.by.source.ms,1787737858455000000,1787737918455000000,54
workspaceModel.moduleBridgeLoader.loading.modules.ms,1787737858455000000,1787737918455000000,1369
jps.artifact.entities.serializer.save.entities.ms,1787737858455000000,1787737918455000000,0
workspaceModel.mutableEntityStorage.add.diff.ms,1787737858455000000,1787737918455000000,98
workspaceModel.mutableEntityStorage.entities.by.source.ms,1787737858455000000,1787737918455000000,3
workspaceModel.mutableEntityStorage.entities.ms,1787737858455000000,1787737918455000000,1
jps.storage.jps.conf.reader.load.component.ms,1787737858455000000,1787737918455000000,340
jps.project.serializers.save.ms,1787737858455000000,1787737918455000000,12
workspaceModel.global.apply.state.to.project.ms,1787737858455000000,1787737918455000000,46
workspaceModel.mutableEntityStorage.mutable.ext.mapping.ms,1787737858455000000,1787737918455000000,1
workspaceModel.mutableEntityStorage.resolve.ms,1787737858455000000,1787737918455000000,2
jps.project.serializers.load.ms,1787737858455000000,1787737918455000000,271
workspaceModel.moduleBridge.facet.initialization.ms,1787737858455000000,1787737918455000000,2
workspaceModel.moduleBridge.update.option.ms,1787737858455000000,1787737918455000000,0
workspaceModel.moduleManagerBridge.load.module.ms,1787737858455000000,1787737918455000000,0
Indexes.allKeys.lookups,1787737858455000000,1787737918455000000,0.0
IndexesFlusher.totalFlushes,1787737858455000000,1787737918455000000,174
Indexes.stubs.lookupDuration90PMs,1787737858455000000,1787737918455000000,0.0
Indexes.entries.lookups,1787737858455000000,1787737918455000000,1.0
Indexes.stubs.lookupDurationMaxMs,1787737858455000000,1787737918455000000,149.0
IndexesFlusher.totalContentionQuotaSpent,1787737858455000000,1787737918455000000,0
Indexes.entries.lookupDurationAvgMs,1787737858455000000,1787737918455000000,79.0
VFSFlusher.totalContentionQuotaSpent,1787737858455000000,1787737918455000000,0
Indexes.allKeys.lookupDurationAvgMs,1787737858455000000,1787737918455000000,0.0
Indexes.stubs.lookups,1787737858455000000,1787737918455000000,982.0
Indexes.allKeys.lookupDurationMaxMs,1787737858455000000,1787737918455000000,0.0
VFSFlusher.totalFlushingTimeUs,1787737858455000000,1787737918455000000,12546
Indexes.entries.lookupDuration90PMs,1787737858455000000,1787737918455000000,79.0
Indexes.stubs.lookupDurationAvgMs,1787737858455000000,1787737918455000000,0.3920570264765784
VFSFlusher.totalFlushes,1787737858455000000,1787737918455000000,2
Indexes.allKeys.lookupDuration90PMs,1787737858455000000,1787737918455000000,0.0
IndexesFlusher.totalFlushesRetried,1787737858455000000,1787737918455000000,0
IndexesFlusher.totalFlushingTimeUs,1787737858455000000,1787737918455000000,946346
Indexes.entries.lookupDurationMaxMs,1787737858455000000,1787737918455000000,79.0
VFSFlusher.totalFlushesRetried,1787737858455000000,1787737918455000000,0
workspaceModel.pre.handlers.ms,1787737858455000000,1787737918455000000,2
workspaceModel.updates.count,1787737858455000000,1787737918455000000,5
workspaceModel.update.unloaded.entities.ms,1787737858455000000,1787737918455000000,0
workspaceModel.initializing.ms,1787737858455000000,1787737918455000000,1
workspaceModel.loading.total.ms,1787737858455000000,1787737918455000000,338
workspaceModel.check.recursive.update.ms,1787737858455000000,1787737918455000000,2
workspaceModel.init.bridges.ms,1787737858455000000,1787737918455000000,1
workspaceModel.updates.ms,1787737858455000000,1787737918455000000,166
workspaceModel.replace.project.model.ms,1787737858455000000,1787737918455000000,0
workspaceModel.collect.changes.ms,1787737858455000000,1787737918455000000,0
workspaceModel.updates.precise.ms,1787737858455000000,1787737918455000000,72
workspaceModel.to.snapshot.ms,1787737858455000000,1787737918455000000,15
workspaceModel.loading.from.cache.ms,1787737858455000000,1787737918455000000,308
JVM.maxHeapBytes,1787737918455000000,1787737978453000000,2147483648
JVM.usedHeapBytes,1787737918455000000,1787737978453000000,329192584
OS.loadAverage,1787737918455000000,1787737978453000000,4.45556640625
JVM.threadCount,1787737918455000000,1787737978453000000,70
JVM.usedNativeBytes,1787737918455000000,1787737978453000000,385877784
JVM.totalCpuTimeMs,1787737918455000000,1787737978453000000,8488
JVM.maxNativeBytes,1787737918455000000,1787737978453000000,-1
JVM.GC.collectionTimesMs,1787737918455000000,1787737978453000000,0
JVM.GC.collections,1787737918455000000,1787737978453000000,0
StreamlinedBlobStorage.totalLiveRecordsPayloadBytes,1787737918455000000,1787737978453000000,0
DirectByteBufferAllocator.hits,1787737918455000000,1787737978453000000,0
FilePageCache.maxCacheSizeInBytes,1787737918455000000,1787737978453000000,273825792
FilePageCache.totalPageDisposalsUs,1787737918455000000,1787737978453000000,0
FilePageCache.pageFastCacheHits,1787737918455000000,1787737978453000000,0
DirectByteBufferAllocator.reclaimed,1787737918455000000,1787737978453000000,0
DirectByteBufferAllocator.totalSizeOfBuffersCachedInBytes,1787737918455000000,1787737978453000000,0
StreamlinedBlobStorage.recordsDeleted,1787737918455000000,1787737978453000000,0
DirectByteBufferAllocator.disposed,1787737918455000000,1787737978453000000,0
StreamlinedBlobStorage.recordsRelocated,1787737918455000000,1787737978453000000,0
DirectByteBufferAllocator.totalSizeOfBuffersAllocatedInBytes,1787737918455000000,1787737978453000000,273825792
StreamlinedBlobStorage.totalLiveRecordsCapacityBytes,1787737918455000000,1787737978453000000,0
FilePageCache.maxRegisteredFiles,1787737918455000000,1787737978453000000,617
FilePageCache.pageHits,1787737918455000000,1787737978453000000,0
DirectByteBufferAllocator.misses,1787737918455000000,1787737978453000000,0
FilePageCache.totalPageLoadsUs,1787737918455000000,1787737978453000000,0
StorageLockContext.competingThreads.90P,1787737918455000000,1787737978453000000,0
FilePageCache.pageLoadsAboveSizeThreshold,1787737918455000000,1787737978453000000,0
FilePageCache.disposedBuffers,1787737918455000000,1787737978453000000,0
StorageLockContext.competingThreads.avg,1787737918455000000,1787737978453000000,0.0
FilePageCache.pageLoads,1787737918455000000,1787737978453000000,0
StreamlinedBlobStorage.recordsAllocated,1787737918455000000,1787737978453000000,0
FilePageCache.capacityInBytes,1787737918455000000,1787737978453000000,524288000
FilePageCache.uncachedFileAccess,1787737918455000000,1787737978453000000,0
StorageLockContext.competingThreads.max,1787737918455000000,1787737978453000000,0
FileNameCache.fastMisses,1787737918455000000,1787737978453000000,18
FileNameCache.totalMisses,1787737918455000000,1787737978453000000,0
FileNameCache.queries,1787737918455000000,1787737978453000000,1554
FlushQueue.queueSizeMax,1787737918455000000,1787737978453000000,6
NonBlockingReadAction.failedExecutionTimeUs,1787737918455000000,1787737978453000000,0
FlushQueue.waitingTimeAvgNs,1787737918455000000,1787737978453000000,1715629.3977695168
FlushQueue.queueSize90P,1787737918455000000,1787737978453000000,1
FlushQueue.tasksExecuted,1787737918455000000,1787737978453000000,269
FlushQueue.executionTimeMaxNs,1787737918455000000,1787737978453000000,13762559
AWTEventQueue.dispatchTimeTotalNS,1787737918455000000,1787737978453000000,1483992905
AWTEventQueue.dispatchTimeAvgNs,1787737918455000000,1787737978453000000,325269.07257180446
AWTEventQueue.eventsDispatched,1787737918455000000,1787737978453000000,4561
FlushQueue.executionTimeAvgNs,1787737918455000000,1787737978453000000,595258.1115241635
FlushQueue.waitingTime90PNs,1787737918455000000,1787737978453000000,3784703
NonBlockingReadAction.finalizedExecutionsCount,1787737918455000000,1787737978453000000,2
FlushQueue.queueSizeAvg,1787737918455000000,1787737978453000000,0.3754646840148699
NonBlockingReadAction.finalizedExecutionTimeUs,1787737918455000000,1787737978453000000,67
AWTEventQueue.dispatchTime90PNs,1787737918455000000,1787737978453000000,231423
AWTEventQueue.dispatchTimeMaxNs,1787737918455000000,1787737978453000000,94371839
FlushQueue.waitingTimeMaxNs,1787737918455000000,1787737978453000000,68157439
NonBlockingReadAction.failedExecutionsCount,1787737918455000000,1787737978453000000,0
FlushQueue.executionTime90PNs,1787737918455000000,1787737978453000000,892927
jps.app.storage.content.writer.save.component.ms,1787737918455000000,1787737978453000000,0
workspaceModel.load.cache.from.file.ms,1787737918455000000,1787737978453000000,302
jps.save.changed.project.entities.ms,1787737918455000000,1787737978453000000,14
workspaceModel.orphan.listener.update.ms,1787737918455000000,1787737978453000000,22
jps.artifact.entities.serializer.load.entities.ms,1787737918455000000,1787737978453000000,0
jps.facet.change.listener.init.bridge.ms,1787737918455000000,1787737978453000000,0
workspaceModel.mutableEntityStorage.referrers.ms,1787737918455000000,1787737978453000000,0
workspaceModel.global.apply.state.to.project.builder.ms,1787737918455000000,1787737978453000000,2
workspaceModel.moduleManagerBridge.create.module.instance.ms,1787737918455000000,1787737978453000000,0
workspaceModel.moduleManagerBridge.get.modules.ms,1787737918455000000,1787737978453000000,3
workspaceModel.global.updates.ms,1787737918455000000,1787737978453000000,0
jps.load.project.to.empty.storage.ms,1787737918455000000,1787737978453000000,340
jps.global.handle.changed.events.ms,1787737918455000000,1787737978453000000,0
jps.module.iml.entities.serializer.save.entities.ms,1787737918455000000,1787737978453000000,0
workspaceModel.mutableEntityStorage.modify.entity.ms,1787737918455000000,1787737978453000000,30
workspaceModel.mutableEntityStorage.remove.entity.ms,1787737918455000000,1787737978453000000,0
jps.global.initialize.library.bridges.ms,1787737918455000000,1787737978453000000,0
jps.module.iml.entities.serializer.load.entities.ms,1787737918455000000,1787737978453000000,286
jps.global.handle.before.change.events.ms,1787737918455000000,1787737978453000000,0
workspaceModel.mutableEntityStorage.add.entity.ms,1787737918455000000,1787737978453000000,174
workspaceModel.moduleManagerBridge.newModule.ms,1787737918455000000,1787737978453000000,0
workspaceModel.moduleBridge.before.changed.ms,1787737918455000000,1787737978453000000,0
workspaceModel.moduleManagerBridge.build.module.graph.ms,1787737918455000000,1787737978453000000,5
jps.reload.project.entities.ms,1787737918455000000,1787737978453000000,0
jps.app.storage.content.reader.load.component.ms,1787737918455000000,1787737978453000000,1
workspaceModel.delayed.project.synchronizer.sync.ms,1787737918455000000,1787737978453000000,1166
jps.global.get.library.ms,1787737918455000000,1787737978453000000,0
jps.library.entities.serializer.save.entities.ms,1787737918455000000,1787737978453000000,0
jps.global.get.library.by.name.ms,1787737918455000000,1787737978453000000,0
jps.save.global.entities.ms,1787737918455000000,1787737978453000000,194
workspaceModel.mutableEntityStorage.put.entity.ms,1787737918455000000,1787737978453000000,83
workspaceModel.mutableEntityStorage.has.same.entities.ms,1787737918455000000,1787737978453000000,0
jps.apply.loaded.storage.ms,1787737918455000000,1787737978453000000,784
jps.global.initialize.library.bridges.after.loading.ms,1787737918455000000,1787737978453000000,0
jps.global.get.libraries.ms,1787737918455000000,1787737978453000000,3
jps.load.initial.state.ms,1787737918455000000,1787737978453000000,18
jps.facet.change.listener.process.change.events.ms,1787737918455000000,1787737978453000000,0
workspaceModel.moduleManagerBridge.load.all.modules.ms,1787737918455000000,1787737978453000000,147
workspaceModel.moduleManagerBridge.new.nonPersistent.module.ms,1787737918455000000,1787737978453000000,0
workspaceModel.mutableEntityStorage.to.snapshot.ms,1787737918455000000,1787737978453000000,19
workspaceModel.mutableEntityStorage.collect.changes.ms,1787737918455000000,1787737978453000000,0
workspaceModel.moduleManagerBridge.set.unloadedModules.ms,1787737918455000000,1787737978453000000,0
workspaceModel.mutableEntityStorage.mutable.vfurl.index.ms,1787737918455000000,1787737978453000000,0
jps.library.entities.serializer.load.entities.ms,1787737918455000000,1787737978453000000,345
workspaceModel.sync.entities.ms,1787737918455000000,1787737978453000000,0
jps.facet.change.listener.before.change.events.ms,1787737918455000000,1787737978453000000,1
workspaceModel.save.cache.to.file.ms,1787737918455000000,1787737978453000000,677
workspaceModel.global.updates.count,1787737918455000000,1787737978453000000,0
workspaceModel.mutableEntityStorage.replace.by.source.ms,1787737918455000000,1787737978453000000,54
workspaceModel.moduleBridgeLoader.loading.modules.ms,1787737918455000000,1787737978453000000,1369
jps.artifact.entities.serializer.save.entities.ms,1787737918455000000,1787737978453000000,0
workspaceModel.mutableEntityStorage.add.diff.ms,1787737918455000000,1787737978453000000,98
workspaceModel.mutableEntityStorage.entities.by.source.ms,1787737918455000000,1787737978453000000,3
workspaceModel.mutableEntityStorage.entities.ms,1787737918455000000,1787737978453000000,1
jps.storage.jps.conf.reader.load.component.ms,1787737918455000000,1787737978453000000,340
jps.project.serializers.save.ms,1787737918455000000,1787737978453000000,12
workspaceModel.global.apply.state.to.project.ms,1787737918455000000,1787737978453000000,46
workspaceModel.mutableEntityStorage.mutable.ext.mapping.ms,1787737918455000000,1787737978453000000,1
workspaceModel.mutableEntityStorage.resolve.ms,1787737918455000000,1787737978453000000,2
jps.project.serializers.load.ms,1787737918455000000,1787737978453000000,271
workspaceModel.moduleBridge.facet.initialization.ms,1787737918455000000,1787737978453000000,2
workspaceModel.moduleBridge.update.option.ms,1787737918455000000,1787737978453000000,0
workspaceModel.moduleManagerBridge.load.module.ms,1787737918455000000,1787737978453000000,0
Indexes.allKeys.lookups,1787737918455000000,1787737978453000000,0.0
IndexesFlusher.totalFlushes,1787737918455000000,1787737978453000000,175
Indexes.stubs.lookupDuration90PMs,1787737918455000000,1787737978453000000,0.0
Indexes.entries.lookups,1787737918455000000,1787737978453000000,0.0
Indexes.stubs.lookupDurationMaxMs,1787737918455000000,1787737978453000000,0.0
IndexesFlusher.totalContentionQuotaSpent,1787737918455000000,1787737978453000000,0
Indexes.entries.lookupDurationAvgMs,1787737918455000000,1787737978453000000,0.0
VFSFlusher.totalContentionQuotaSpent,1787737918455000000,1787737978453000000,0
Indexes.allKeys.lookupDurationAvgMs,1787737918455000000,1787737978453000000,0.0
Indexes.stubs.lookups,1787737918455000000,1787737978453000000,0.0
Indexes.allKeys.lookupDurationMaxMs,1787737918455000000,1787737978453000000,0.0
VFSFlusher.totalFlushingTimeUs,1787737918455000000,1787737978453000000,0
Indexes.entries.lookupDuration90PMs,1787737918455000000,1787737978453000000,0.0
Indexes.stubs.lookupDurationAvgMs,1787737918455000000,1787737978453000000,0.0
VFSFlusher.totalFlushes,1787737918455000000,1787737978453000000,0
Indexes.allKeys.lookupDuration90PMs,1787737918455000000,1787737978453000000,0.0
IndexesFlusher.totalFlushesRetried,1787737918455000000,1787737978453000000,0
IndexesFlusher.totalFlushingTimeUs,1787737918455000000,1787737978453000000,705479
Indexes.entries.lookupDurationMaxMs,1787737918455000000,1787737978453000000,0.0
VFSFlusher.totalFlushesRetried,1787737918455000000,1787737978453000000,0
workspaceModel.pre.handlers.ms,1787737918455000000,1787737978453000000,2
workspaceModel.updates.count,1787737918455000000,1787737978453000000,5
workspaceModel.update.unloaded.entities.ms,1787737918455000000,1787737978453000000,0
workspaceModel.initializing.ms,1787737918455000000,1787737978453000000,1
workspaceModel.loading.total.ms,1787737918455000000,1787737978453000000,338
workspaceModel.check.recursive.update.ms,1787737918455000000,1787737978453000000,2
workspaceModel.init.bridges.ms,1787737918455000000,1787737978453000000,1
workspaceModel.updates.ms,1787737918455000000,1787737978453000000,166
workspaceModel.replace.project.model.ms,1787737918455000000,1787737978453000000,0
workspaceModel.collect.changes.ms,1787737918455000000,1787737978453000000,0
workspaceModel.updates.precise.ms,1787737918455000000,1787737978453000000,72
workspaceModel.to.snapshot.ms,1787737918455000000,1787737978453000000,15
workspaceModel.loading.from.cache.ms,1787737918455000000,1787737978453000000,308
JVM.maxHeapBytes,1787737978453000000,1787738038456000000,2147483648
JVM.usedHeapBytes,1787737978453000000,1787738038456000000,304850432
OS.loadAverage,1787737978453000000,1787738038456000000,6.19921875
JVM.threadCount,1787737978453000000,1787738038456000000,54
JVM.usedNativeBytes,1787737978453000000,1787738038456000000,389386832
JVM.totalCpuTimeMs,1787737978453000000,1787738038456000000,20965
JVM.maxNativeBytes,1787737978453000000,1787738038456000000,-1
JVM.GC.collectionTimesMs,1787737978453000000,1787738038456000000,75
JVM.GC.collections,1787737978453000000,1787738038456000000,3
StreamlinedBlobStorage.totalLiveRecordsPayloadBytes,1787737978453000000,1787738038456000000,0
DirectByteBufferAllocator.hits,1787737978453000000,1787738038456000000,0
FilePageCache.maxCacheSizeInBytes,1787737978453000000,1787738038456000000,273825792
FilePageCache.totalPageDisposalsUs,1787737978453000000,1787738038456000000,0
FilePageCache.pageFastCacheHits,1787737978453000000,1787738038456000000,46
DirectByteBufferAllocator.reclaimed,1787737978453000000,1787738038456000000,0
DirectByteBufferAllocator.totalSizeOfBuffersCachedInBytes,1787737978453000000,1787738038456000000,0
StreamlinedBlobStorage.recordsDeleted,1787737978453000000,1787738038456000000,0
DirectByteBufferAllocator.disposed,1787737978453000000,1787738038456000000,0
StreamlinedBlobStorage.recordsRelocated,1787737978453000000,1787738038456000000,0
DirectByteBufferAllocator.totalSizeOfBuffersAllocatedInBytes,1787737978453000000,1787738038456000000,273825792
StreamlinedBlobStorage.totalLiveRecordsCapacityBytes,1787737978453000000,1787738038456000000,0
FilePageCache.maxRegisteredFiles,1787737978453000000,1787738038456000000,617
FilePageCache.pageHits,1787737978453000000,1787738038456000000,0
DirectByteBufferAllocator.misses,1787737978453000000,1787738038456000000,0
FilePageCache.totalPageLoadsUs,1787737978453000000,1787738038456000000,0
StorageLockContext.competingThreads.90P,1787737978453000000,1787738038456000000,0
FilePageCache.pageLoadsAboveSizeThreshold,1787737978453000000,1787738038456000000,0
FilePageCache.disposedBuffers,1787737978453000000,1787738038456000000,0
StorageLockContext.competingThreads.avg,1787737978453000000,1787738038456000000,0.0
FilePageCache.pageLoads,1787737978453000000,1787738038456000000,0
StreamlinedBlobStorage.recordsAllocated,1787737978453000000,1787738038456000000,0
FilePageCache.capacityInBytes,1787737978453000000,1787738038456000000,524288000
FilePageCache.uncachedFileAccess,1787737978453000000,1787738038456000000,0
StorageLockContext.competingThreads.max,1787737978453000000,1787738038456000000,0
FileNameCache.fastMisses,1787737978453000000,1787738038456000000,34
FileNameCache.totalMisses,1787737978453000000,1787738038456000000,0
FileNameCache.queries,1787737978453000000,1787738038456000000,3840
FlushQueue.queueSizeMax,1787737978453000000,1787738038456000000,20
NonBlockingReadAction.failedExecutionTimeUs,1787737978453000000,1787738038456000000,0
FlushQueue.waitingTimeAvgNs,1787737978453000000,1787738038456000000,6621543.9929742385
FlushQueue.queueSize90P,1787737978453000000,1787738038456000000,4
FlushQueue.tasksExecuted,1787737978453000000,1787738038456000000,854
FlushQueue.executionTimeMaxNs,1787737978453000000,1787738038456000000,41418751
AWTEventQueue.dispatchTimeTotalNS,1787737978453000000,1787738038456000000,7500016795
AWTEventQueue.dispatchTimeAvgNs,1787737978453000000,1787738038456000000,836360.8009811573
AWTEventQueue.eventsDispatched,1787737978453000000,1787738038456000000,8969
FlushQueue.executionTimeAvgNs,1787737978453000000,1787738038456000000,594783.4262295082
FlushQueue.waitingTime90PNs,1787737978453000000,1787738038456000000,19398655
NonBlockingReadAction.finalizedExecutionsCount,1787737978453000000,1787738038456000000,8
FlushQueue.queueSizeAvg,1787737978453000000,1787738038456000000,1.1370023419203747
NonBlockingReadAction.finalizedExecutionTimeUs,1787737978453000000,1787738038456000000,66230
AWTEventQueue.dispatchTime90PNs,1787737978453000000,1787738038456000000,2228223
AWTEventQueue.dispatchTimeMaxNs,1787737978453000000,1787738038456000000,367001599
FlushQueue.waitingTimeMaxNs,1787737978453000000,1787738038456000000,222298111
NonBlockingReadAction.failedExecutionsCount,1787737978453000000,1787738038456000000,0
FlushQueue.executionTime90PNs,1787737978453000000,1787738038456000000,749567
jps.app.storage.content.writer.save.component.ms,1787737978453000000,1787738038456000000,0
workspaceModel.load.cache.from.file.ms,1787737978453000000,1787738038456000000,302
jps.save.changed.project.entities.ms,1787737978453000000,1787738038456000000,14
workspaceModel.orphan.listener.update.ms,1787737978453000000,1787738038456000000,22
jps.artifact.entities.serializer.load.entities.ms,1787737978453000000,1787738038456000000,0
jps.facet.change.listener.init.bridge.ms,1787737978453000000,1787738038456000000,0
workspaceModel.mutableEntityStorage.referrers.ms,1787737978453000000,1787738038456000000,0
workspaceModel.global.apply.state.to.project.builder.ms,1787737978453000000,1787738038456000000,2
workspaceModel.moduleManagerBridge.create.module.instance.ms,1787737978453000000,1787738038456000000,0
workspaceModel.moduleManagerBridge.get.modules.ms,1787737978453000000,1787738038456000000,3
workspaceModel.global.updates.ms,1787737978453000000,1787738038456000000,0
jps.load.project.to.empty.storage.ms,1787737978453000000,1787738038456000000,340
jps.global.handle.changed.events.ms,1787737978453000000,1787738038456000000,0
jps.module.iml.entities.serializer.save.entities.ms,1787737978453000000,1787738038456000000,0
workspaceModel.mutableEntityStorage.modify.entity.ms,1787737978453000000,1787738038456000000,30
workspaceModel.mutableEntityStorage.remove.entity.ms,1787737978453000000,1787738038456000000,0
jps.global.initialize.library.bridges.ms,1787737978453000000,1787738038456000000,0
jps.module.iml.entities.serializer.load.entities.ms,1787737978453000000,1787738038456000000,286
jps.global.handle.before.change.events.ms,1787737978453000000,1787738038456000000,0
workspaceModel.mutableEntityStorage.add.entity.ms,1787737978453000000,1787738038456000000,174
workspaceModel.moduleManagerBridge.newModule.ms,1787737978453000000,1787738038456000000,0
workspaceModel.moduleBridge.before.changed.ms,1787737978453000000,1787738038456000000,0
workspaceModel.moduleManagerBridge.build.module.graph.ms,1787737978453000000,1787738038456000000,5
jps.reload.project.entities.ms,1787737978453000000,1787738038456000000,0
jps.app.storage.content.reader.load.component.ms,1787737978453000000,1787738038456000000,1
workspaceModel.delayed.project.synchronizer.sync.ms,1787737978453000000,1787738038456000000,1166
jps.global.get.library.ms,1787737978453000000,1787738038456000000,0
jps.library.entities.serializer.save.entities.ms,1787737978453000000,1787738038456000000,0
jps.global.get.library.by.name.ms,1787737978453000000,1787738038456000000,0
jps.save.global.entities.ms,1787737978453000000,1787738038456000000,207
workspaceModel.mutableEntityStorage.put.entity.ms,1787737978453000000,1787738038456000000,83
workspaceModel.mutableEntityStorage.has.same.entities.ms,1787737978453000000,1787738038456000000,0
jps.apply.loaded.storage.ms,1787737978453000000,1787738038456000000,784
jps.global.initialize.library.bridges.after.loading.ms,1787737978453000000,1787738038456000000,0
jps.global.get.libraries.ms,1787737978453000000,1787738038456000000,3
jps.load.initial.state.ms,1787737978453000000,1787738038456000000,18
jps.facet.change.listener.process.change.events.ms,1787737978453000000,1787738038456000000,0
workspaceModel.moduleManagerBridge.load.all.modules.ms,1787737978453000000,1787738038456000000,147
workspaceModel.moduleManagerBridge.new.nonPersistent.module.ms,1787737978453000000,1787738038456000000,0
workspaceModel.mutableEntityStorage.to.snapshot.ms,1787737978453000000,1787738038456000000,19
workspaceModel.mutableEntityStorage.collect.changes.ms,1787737978453000000,1787738038456000000,0
workspaceModel.moduleManagerBridge.set.unloadedModules.ms,1787737978453000000,1787738038456000000,0
workspaceModel.mutableEntityStorage.mutable.vfurl.index.ms,1787737978453000000,1787738038456000000,0
jps.library.entities.serializer.load.entities.ms,1787737978453000000,1787738038456000000,345
workspaceModel.sync.entities.ms,1787737978453000000,1787738038456000000,0
jps.facet.change.listener.before.change.events.ms,1787737978453000000,1787738038456000000,1
workspaceModel.save.cache.to.file.ms,1787737978453000000,1787738038456000000,677
workspaceModel.global.updates.count,1787737978453000000,1787738038456000000,0
workspaceModel.mutableEntityStorage.replace.by.source.ms,1787737978453000000,1787738038456000000,54
workspaceModel.moduleBridgeLoader.loading.modules.ms,1787737978453000000,1787738038456000000,1369
jps.artifact.entities.serializer.save.entities.ms,1787737978453000000,1787738038456000000,0
workspaceModel.mutableEntityStorage.add.diff.ms,1787737978453000000,1787738038456000000,98
workspaceModel.mutableEntityStorage.entities.by.source.ms,1787737978453000000,1787738038456000000,3
workspaceModel.mutableEntityStorage.entities.ms,1787737978453000000,1787738038456000000,1
jps.storage.jps.conf.reader.load.component.ms,1787737978453000000,1787738038456000000,340
jps.project.serializers.save.ms,1787737978453000000,1787738038456000000,12
workspaceModel.global.apply.state.to.project.ms,1787737978453000000,1787738038456000000,46
workspaceModel.mutableEntityStorage.mutable.ext.mapping.ms,1787737978453000000,1787738038456000000,1
workspaceModel.mutableEntityStorage.resolve.ms,1787737978453000000,1787738038456000000,2
jps.project.serializers.load.ms,1787737978453000000,1787738038456000000,271
workspaceModel.moduleBridge.facet.initialization.ms,1787737978453000000,1787738038456000000,2
workspaceModel.moduleBridge.update.option.ms,1787737978453000000,1787738038456000000,0
workspaceModel.moduleManagerBridge.load.module.ms,1787737978453000000,1787738038456000000,0
Indexes.allKeys.lookups,1787737978453000000,1787738038456000000,0.0
IndexesFlusher.totalFlushes,1787737978453000000,1787738038456000000,176
Indexes.stubs.lookupDuration90PMs,1787737978453000000,1787738038456000000,16.0
Indexes.entries.lookups,1787737978453000000,1787738038456000000,0.0
Indexes.stubs.lookupDurationMaxMs,1787737978453000000,1787738038456000000,16.0
IndexesFlusher.totalContentionQuotaSpent,1787737978453000000,1787738038456000000,0
Indexes.entries.lookupDurationAvgMs,1787737978453000000,1787738038456000000,0.0
VFSFlusher.totalContentionQuotaSpent,1787737978453000000,1787738038456000000,0
Indexes.allKeys.lookupDurationAvgMs,1787737978453000000,1787738038456000000,0.0
Indexes.stubs.lookups,1787737978453000000,1787738038456000000,8.0
Indexes.allKeys.lookupDurationMaxMs,1787737978453000000,1787738038456000000,0.0
VFSFlusher.totalFlushingTimeUs,1787737978453000000,1787738038456000000,16508
Indexes.entries.lookupDuration90PMs,1787737978453000000,1787738038456000000,0.0
Indexes.stubs.lookupDurationAvgMs,1787737978453000000,1787738038456000000,2.25
VFSFlusher.totalFlushes,1787737978453000000,1787738038456000000,1
Indexes.allKeys.lookupDuration90PMs,1787737978453000000,1787738038456000000,0.0
IndexesFlusher.totalFlushesRetried,1787737978453000000,1787738038456000000,0
IndexesFlusher.totalFlushingTimeUs,1787737978453000000,1787738038456000000,613249
Indexes.entries.lookupDurationMaxMs,1787737978453000000,1787738038456000000,0.0
VFSFlusher.totalFlushesRetried,1787737978453000000,1787738038456000000,0
workspaceModel.pre.handlers.ms,1787737978453000000,1787738038456000000,2
workspaceModel.updates.count,1787737978453000000,1787738038456000000,5
workspaceModel.update.unloaded.entities.ms,1787737978453000000,1787738038456000000,0
workspaceModel.initializing.ms,1787737978453000000,1787738038456000000,1
workspaceModel.loading.total.ms,1787737978453000000,1787738038456000000,338
workspaceModel.check.recursive.update.ms,1787737978453000000,1787738038456000000,2
workspaceModel.init.bridges.ms,1787737978453000000,1787738038456000000,1
workspaceModel.updates.ms,1787737978453000000,1787738038456000000,166
workspaceModel.replace.project.model.ms,1787737978453000000,1787738038456000000,0
workspaceModel.collect.changes.ms,1787737978453000000,1787738038456000000,0
workspaceModel.updates.precise.ms,1787737978453000000,1787738038456000000,72
workspaceModel.to.snapshot.ms,1787737978453000000,1787738038456000000,15
workspaceModel.loading.from.cache.ms,1787737978453000000,1787738038456000000,308
JVM.maxHeapBytes,1787738038456000000,1787738098452000000,2147483648
JVM.usedHeapBytes,1787738038456000000,1787738098452000000,347842048
OS.loadAverage,1787738038456000000,1787738098452000000,3.11865234375
JVM.threadCount,1787738038456000000,1787738098452000000,51
JVM.usedNativeBytes,1787738038456000000,1787738098452000000,389505848
JVM.totalCpuTimeMs,1787738038456000000,1787738098452000000,4710
JVM.maxNativeBytes,1787738038456000000,1787738098452000000,-1
JVM.GC.collectionTimesMs,1787738038456000000,1787738098452000000,0
JVM.GC.collections,1787738038456000000,1787738098452000000,0
StreamlinedBlobStorage.totalLiveRecordsPayloadBytes,1787738038456000000,1787738098452000000,0
DirectByteBufferAllocator.hits,1787738038456000000,1787738098452000000,0
FilePageCache.maxCacheSizeInBytes,1787738038456000000,1787738098452000000,273825792
FilePageCache.totalPageDisposalsUs,1787738038456000000,1787738098452000000,0
FilePageCache.pageFastCacheHits,1787738038456000000,1787738098452000000,0
DirectByteBufferAllocator.reclaimed,1787738038456000000,1787738098452000000,0
DirectByteBufferAllocator.totalSizeOfBuffersCachedInBytes,1787738038456000000,1787738098452000000,0
StreamlinedBlobStorage.recordsDeleted,1787738038456000000,1787738098452000000,0
DirectByteBufferAllocator.disposed,1787738038456000000,1787738098452000000,0
StreamlinedBlobStorage.recordsRelocated,1787738038456000000,1787738098452000000,0
DirectByteBufferAllocator.totalSizeOfBuffersAllocatedInBytes,1787738038456000000,1787738098452000000,273825792
StreamlinedBlobStorage.totalLiveRecordsCapacityBytes,1787738038456000000,1787738098452000000,0
FilePageCache.maxRegisteredFiles,1787738038456000000,1787738098452000000,617
FilePageCache.pageHits,1787738038456000000,1787738098452000000,0
DirectByteBufferAllocator.misses,1787738038456000000,1787738098452000000,0
FilePageCache.totalPageLoadsUs,1787738038456000000,1787738098452000000,0
StorageLockContext.competingThreads.90P,1787738038456000000,1787738098452000000,0
FilePageCache.pageLoadsAboveSizeThreshold,1787738038456000000,1787738098452000000,0
FilePageCache.disposedBuffers,1787738038456000000,1787738098452000000,0
StorageLockContext.competingThreads.avg,1787738038456000000,1787738098452000000,0.0
FilePageCache.pageLoads,1787738038456000000,1787738098452000000,0
StreamlinedBlobStorage.recordsAllocated,1787738038456000000,1787738098452000000,0
FilePageCache.capacityInBytes,1787738038456000000,1787738098452000000,524288000
FilePageCache.uncachedFileAccess,1787738038456000000,1787738098452000000,0
StorageLockContext.competingThreads.max,1787738038456000000,1787738098452000000,0
FileNameCache.fastMisses,1787738038456000000,1787738098452000000,0
FileNameCache.totalMisses,1787738038456000000,1787738098452000000,0
FileNameCache.queries,1787738038456000000,1787738098452000000,0
FlushQueue.queueSizeMax,1787738038456000000,1787738098452000000,0
NonBlockingReadAction.failedExecutionTimeUs,1787738038456000000,1787738098452000000,0
FlushQueue.waitingTimeAvgNs,1787738038456000000,1787738098452000000,218730.31404958677
FlushQueue.queueSize90P,1787738038456000000,1787738098452000000,0
FlushQueue.tasksExecuted,1787738038456000000,1787738098452000000,242
FlushQueue.executionTimeMaxNs,1787738038456000000,1787738098452000000,2359295
AWTEventQueue.dispatchTimeTotalNS,1787738038456000000,1787738098452000000,417549055
AWTEventQueue.dispatchTimeAvgNs,1787738038456000000,1787738098452000000,113597.03074829932
AWTEventQueue.eventsDispatched,1787738038456000000,1787738098452000000,3675
FlushQueue.executionTimeAvgNs,1787738038456000000,1787738098452000000,80450.61157024793
FlushQueue.waitingTime90PNs,1787738038456000000,1787738098452000000,303103
NonBlockingReadAction.finalizedExecutionsCount,1787738038456000000,1787738098452000000,0
FlushQueue.queueSizeAvg,1787738038456000000,1787738098452000000,0.0
NonBlockingReadAction.finalizedExecutionTimeUs,1787738038456000000,1787738098452000000,0
AWTEventQueue.dispatchTime90PNs,1787738038456000000,1787738098452000000,186367
AWTEventQueue.dispatchTimeMaxNs,1787738038456000000,1787738098452000000,2424831
FlushQueue.waitingTimeMaxNs,1787738038456000000,1787738098452000000,2129919
NonBlockingReadAction.failedExecutionsCount,1787738038456000000,1787738098452000000,0
FlushQueue.executionTime90PNs,1787738038456000000,1787738098452000000,135167
jps.app.storage.content.writer.save.component.ms,1787738038456000000,1787738098452000000,0
workspaceModel.load.cache.from.file.ms,1787738038456000000,1787738098452000000,302
jps.save.changed.project.entities.ms,1787738038456000000,1787738098452000000,14
workspaceModel.orphan.listener.update.ms,1787738038456000000,1787738098452000000,22
jps.artifact.entities.serializer.load.entities.ms,1787738038456000000,1787738098452000000,0
jps.facet.change.listener.init.bridge.ms,1787738038456000000,1787738098452000000,0
workspaceModel.mutableEntityStorage.referrers.ms,1787738038456000000,1787738098452000000,0
workspaceModel.global.apply.state.to.project.builder.ms,1787738038456000000,1787738098452000000,2
workspaceModel.moduleManagerBridge.create.module.instance.ms,1787738038456000000,1787738098452000000,0
workspaceModel.moduleManagerBridge.get.modules.ms,1787738038456000000,1787738098452000000,3
workspaceModel.global.updates.ms,1787738038456000000,1787738098452000000,0
jps.load.project.to.empty.storage.ms,1787738038456000000,1787738098452000000,340
jps.global.handle.changed.events.ms,1787738038456000000,1787738098452000000,0
jps.module.iml.entities.serializer.save.entities.ms,1787738038456000000,1787738098452000000,0
workspaceModel.mutableEntityStorage.modify.entity.ms,1787738038456000000,1787738098452000000,30
workspaceModel.mutableEntityStorage.remove.entity.ms,1787738038456000000,1787738098452000000,0
jps.global.initialize.library.bridges.ms,1787738038456000000,1787738098452000000,0
jps.module.iml.entities.serializer.load.entities.ms,1787738038456000000,1787738098452000000,286
jps.global.handle.before.change.events.ms,1787738038456000000,1787738098452000000,0
workspaceModel.mutableEntityStorage.add.entity.ms,1787738038456000000,1787738098452000000,174
workspaceModel.moduleManagerBridge.newModule.ms,1787738038456000000,1787738098452000000,0
workspaceModel.moduleBridge.before.changed.ms,1787738038456000000,1787738098452000000,0
workspaceModel.moduleManagerBridge.build.module.graph.ms,1787738038456000000,1787738098452000000,5
jps.reload.project.entities.ms,1787738038456000000,1787738098452000000,0
jps.app.storage.content.reader.load.component.ms,1787738038456000000,1787738098452000000,1
workspaceModel.delayed.project.synchronizer.sync.ms,1787738038456000000,1787738098452000000,1166
jps.global.get.library.ms,1787738038456000000,1787738098452000000,0
jps.library.entities.serializer.save.entities.ms,1787738038456000000,1787738098452000000,0
jps.global.get.library.by.name.ms,1787738038456000000,1787738098452000000,0
jps.save.global.entities.ms,1787738038456000000,1787738098452000000,207
workspaceModel.mutableEntityStorage.put.entity.ms,1787738038456000000,1787738098452000000,83
workspaceModel.mutableEntityStorage.has.same.entities.ms,1787738038456000000,1787738098452000000,0
jps.apply.loaded.storage.ms,1787738038456000000,1787738098452000000,784
jps.global.initialize.library.bridges.after.loading.ms,1787738038456000000,1787738098452000000,0
jps.global.get.libraries.ms,1787738038456000000,1787738098452000000,3
jps.load.initial.state.ms,1787738038456000000,1787738098452000000,18
jps.facet.change.listener.process.change.events.ms,1787738038456000000,1787738098452000000,0
workspaceModel.moduleManagerBridge.load.all.modules.ms,1787738038456000000,1787738098452000000,147
workspaceModel.moduleManagerBridge.new.nonPersistent.module.ms,1787738038456000000,1787738098452000000,0
workspaceModel.mutableEntityStorage.to.snapshot.ms,1787738038456000000,1787738098452000000,19
workspaceModel.mutableEntityStorage.collect.changes.ms,1787738038456000000,1787738098452000000,0
workspaceModel.moduleManagerBridge.set.unloadedModules.ms,1787738038456000000,1787738098452000000,0
workspaceModel.mutableEntityStorage.mutable.vfurl.index.ms,1787738038456000000,1787738098452000000,0
jps.library.entities.serializer.load.entities.ms,1787738038456000000,1787738098452000000,345
workspaceModel.sync.entities.ms,1787738038456000000,1787738098452000000,0
jps.facet.change.listener.before.change.events.ms,1787738038456000000,1787738098452000000,1
workspaceModel.save.cache.to.file.ms,1787738038456000000,1787738098452000000,677
workspaceModel.global.updates.count,1787738038456000000,1787738098452000000,0
workspaceModel.mutableEntityStorage.replace.by.source.ms,1787738038456000000,1787738098452000000,54
workspaceModel.moduleBridgeLoader.loading.modules.ms,1787738038456000000,1787738098452000000,1369
jps.artifact.entities.serializer.save.entities.ms,1787738038456000000,1787738098452000000,0
workspaceModel.mutableEntityStorage.add.diff.ms,1787738038456000000,1787738098452000000,98
workspaceModel.mutableEntityStorage.entities.by.source.ms,1787738038456000000,1787738098452000000,3
workspaceModel.mutableEntityStorage.entities.ms,1787738038456000000,1787738098452000000,1
jps.storage.jps.conf.reader.load.component.ms,1787738038456000000,1787738098452000000,340
jps.project.serializers.save.ms,1787738038456000000,1787738098452000000,12
workspaceModel.global.apply.state.to.project.ms,1787738038456000000,1787738098452000000,46
workspaceModel.mutableEntityStorage.mutable.ext.mapping.ms,1787738038456000000,1787738098452000000,1
workspaceModel.mutableEntityStorage.resolve.ms,1787738038456000000,1787738098452000000,2
jps.project.serializers.load.ms,1787738038456000000,1787738098452000000,271
workspaceModel.moduleBridge.facet.initialization.ms,1787738038456000000,1787738098452000000,2
workspaceModel.moduleBridge.update.option.ms,1787738038456000000,1787738098452000000,0
workspaceModel.moduleManagerBridge.load.module.ms,1787738038456000000,1787738098452000000,0
Indexes.allKeys.lookups,1787738038456000000,1787738098452000000,0.0
IndexesFlusher.totalFlushes,1787738038456000000,1787738098452000000,175
Indexes.stubs.lookupDuration90PMs,1787738038456000000,1787738098452000000,0.0
Indexes.entries.lookups,1787738038456000000,1787738098452000000,0.0
Indexes.stubs.lookupDurationMaxMs,1787738038456000000,1787738098452000000,0.0
IndexesFlusher.totalContentionQuotaSpent,1787738038456000000,1787738098452000000,0
Indexes.entries.lookupDurationAvgMs,1787738038456000000,1787738098452000000,0.0
VFSFlusher.totalContentionQuotaSpent,1787738038456000000,1787738098452000000,0
Indexes.allKeys.lookupDurationAvgMs,1787738038456000000,1787738098452000000,0.0
Indexes.stubs.lookups,1787738038456000000,1787738098452000000,0.0
Indexes.allKeys.lookupDurationMaxMs,1787738038456000000,1787738098452000000,0.0
VFSFlusher.totalFlushingTimeUs,1787738038456000000,1787738098452000000,0
Indexes.entries.lookupDuration90PMs,1787738038456000000,1787738098452000000,0.0
Indexes.stubs.lookupDurationAvgMs,1787738038456000000,1787738098452000000,0.0
VFSFlusher.totalFlushes,1787738038456000000,1787738098452000000,0
Indexes.allKeys.lookupDuration90PMs,1787738038456000000,1787738098452000000,0.0
IndexesFlusher.totalFlushesRetried,1787738038456000000,1787738098452000000,0
IndexesFlusher.totalFlushingTimeUs,1787738038456000000,1787738098452000000,754858
Indexes.entries.lookupDurationMaxMs,1787738038456000000,1787738098452000000,0.0
VFSFlusher.totalFlushesRetried,1787738038456000000,1787738098452000000,0
workspaceModel.pre.handlers.ms,1787738038456000000,1787738098452000000,2
workspaceModel.updates.count,1787738038456000000,1787738098452000000,5
workspaceModel.update.unloaded.entities.ms,1787738038456000000,1787738098452000000,0
workspaceModel.initializing.ms,1787738038456000000,1787738098452000000,1
workspaceModel.loading.total.ms,1787738038456000000,1787738098452000000,338
workspaceModel.check.recursive.update.ms,1787738038456000000,1787738098452000000,2
workspaceModel.init.bridges.ms,1787738038456000000,1787738098452000000,1
workspaceModel.updates.ms,1787738038456000000,1787738098452000000,166
workspaceModel.replace.project.model.ms,1787738038456000000,1787738098452000000,0
workspaceModel.collect.changes.ms,1787738038456000000,1787738098452000000,0
workspaceModel.updates.precise.ms,1787738038456000000,1787738098452000000,72
workspaceModel.to.snapshot.ms,1787738038456000000,1787738098452000000,15
workspaceModel.loading.from.cache.ms,1787738038456000000,1787738098452000000,308
JVM.maxHeapBytes,1787738098452000000,1787738158535000000,2147483648
JVM.usedHeapBytes,1787738098452000000,1787738158535000000,395027968
OS.loadAverage,1787738098452000000,1787738158535000000,3.0771484375
JVM.threadCount,1787738098452000000,1787738158535000000,49
JVM.usedNativeBytes,1787738098452000000,1787738158535000000,388806800
JVM.totalCpuTimeMs,1787738098452000000,1787738158535000000,5289
JVM.maxNativeBytes,1787738098452000000,1787738158535000000,-1
JVM.GC.collectionTimesMs,1787738098452000000,1787738158535000000,0
JVM.GC.collections,1787738098452000000,1787738158535000000,0
StreamlinedBlobStorage.totalLiveRecordsPayloadBytes,1787738098452000000,1787738158535000000,0
DirectByteBufferAllocator.hits,1787738098452000000,1787738158535000000,0
FilePageCache.maxCacheSizeInBytes,1787738098452000000,1787738158535000000,273825792
FilePageCache.totalPageDisposalsUs,1787738098452000000,1787738158535000000,0
FilePageCache.pageFastCacheHits,1787738098452000000,1787738158535000000,0
DirectByteBufferAllocator.reclaimed,1787738098452000000,1787738158535000000,0
DirectByteBufferAllocator.totalSizeOfBuffersCachedInBytes,1787738098452000000,1787738158535000000,0
StreamlinedBlobStorage.recordsDeleted,1787738098452000000,1787738158535000000,0
DirectByteBufferAllocator.disposed,1787738098452000000,1787738158535000000,0
StreamlinedBlobStorage.recordsRelocated,1787738098452000000,1787738158535000000,0
DirectByteBufferAllocator.totalSizeOfBuffersAllocatedInBytes,1787738098452000000,1787738158535000000,273825792
StreamlinedBlobStorage.totalLiveRecordsCapacityBytes,1787738098452000000,1787738158535000000,0
FilePageCache.maxRegisteredFiles,1787738098452000000,1787738158535000000,617
FilePageCache.pageHits,1787738098452000000,1787738158535000000,0
DirectByteBufferAllocator.misses,1787738098452000000,1787738158535000000,0
FilePageCache.totalPageLoadsUs,1787738098452000000,1787738158535000000,0
StorageLockContext.competingThreads.90P,1787738098452000000,1787738158535000000,0
FilePageCache.pageLoadsAboveSizeThreshold,1787738098452000000,1787738158535000000,0
FilePageCache.disposedBuffers,1787738098452000000,1787738158535000000,0
StorageLockContext.competingThreads.avg,1787738098452000000,1787738158535000000,0.0
FilePageCache.pageLoads,1787738098452000000,1787738158535000000,0
StreamlinedBlobStorage.recordsAllocated,1787738098452000000,1787738158535000000,0
FilePageCache.capacityInBytes,1787738098452000000,1787738158535000000,524288000
FilePageCache.uncachedFileAccess,1787738098452000000,1787738158535000000,0
StorageLockContext.competingThreads.max,1787738098452000000,1787738158535000000,0
FileNameCache.fastMisses,1787738098452000000,1787738158535000000,0
FileNameCache.totalMisses,1787738098452000000,1787738158535000000,0
FileNameCache.queries,1787738098452000000,1787738158535000000,0
FlushQueue.queueSizeMax,1787738098452000000,1787738158535000000,1
NonBlockingReadAction.failedExecutionTimeUs,1787738098452000000,1787738158535000000,0
FlushQueue.waitingTimeAvgNs,1787738098452000000,1787738158535000000,953204.4094488189
FlushQueue.queueSize90P,1787738098452000000,1787738158535000000,0
FlushQueue.tasksExecuted,1787738098452000000,1787738158535000000,254
FlushQueue.executionTimeMaxNs,1787738098452000000,1787738158535000000,3260415
AWTEventQueue.dispatchTimeTotalNS,1787738098452000000,1787738158535000000,630501827
AWTEventQueue.dispatchTimeAvgNs,1787738098452000000,1787738158535000000,166891.1706539075
AWTEventQueue.eventsDispatched,1787738098452000000,1787738158535000000,3762
FlushQueue.executionTimeAvgNs,1787738098452000000,1787738158535000000,117043.24409448818
FlushQueue.waitingTime90PNs,1787738098452000000,1787738158535000000,425983
NonBlockingReadAction.finalizedExecutionsCount,1787738098452000000,1787738158535000000,0
FlushQueue.queueSizeAvg,1787738098452000000,1787738158535000000,0.011811023622047244
NonBlockingReadAction.finalizedExecutionTimeUs,1787738098452000000,1787738158535000000,0
AWTEventQueue.dispatchTime90PNs,1787738098452000000,1787738158535000000,177151
AWTEventQueue.dispatchTimeMaxNs,1787738098452000000,1787738158535000000,90177535
FlushQueue.waitingTimeMaxNs,1787738098452000000,1787738158535000000,78643199
NonBlockingReadAction.failedExecutionsCount,1787738098452000000,1787738158535000000,0
FlushQueue.executionTime90PNs,1787738098452000000,1787738158535000000,188415
jps.app.storage.content.writer.save.component.ms,1787738098452000000,1787738158535000000,0
workspaceModel.load.cache.from.file.ms,1787738098452000000,1787738158535000000,302
jps.save.changed.project.entities.ms,1787738098452000000,1787738158535000000,14
workspaceModel.orphan.listener.update.ms,1787738098452000000,1787738158535000000,22
jps.artifact.entities.serializer.load.entities.ms,1787738098452000000,1787738158535000000,0
jps.facet.change.listener.init.bridge.ms,1787738098452000000,1787738158535000000,0
workspaceModel.mutableEntityStorage.referrers.ms,1787738098452000000,1787738158535000000,0
workspaceModel.global.apply.state.to.project.builder.ms,1787738098452000000,1787738158535000000,2
workspaceModel.moduleManagerBridge.create.module.instance.ms,1787738098452000000,1787738158535000000,0
workspaceModel.moduleManagerBridge.get.modules.ms,1787738098452000000,1787738158535000000,3
workspaceModel.global.updates.ms,1787738098452000000,1787738158535000000,0
jps.load.project.to.empty.storage.ms,1787738098452000000,1787738158535000000,340
jps.global.handle.changed.events.ms,1787738098452000000,1787738158535000000,0
jps.module.iml.entities.serializer.save.entities.ms,1787738098452000000,1787738158535000000,0
workspaceModel.mutableEntityStorage.modify.entity.ms,1787738098452000000,1787738158535000000,30
workspaceModel.mutableEntityStorage.remove.entity.ms,1787738098452000000,1787738158535000000,0
jps.global.initialize.library.bridges.ms,1787738098452000000,1787738158535000000,0
jps.module.iml.entities.serializer.load.entities.ms,1787738098452000000,1787738158535000000,286
jps.global.handle.before.change.events.ms,1787738098452000000,1787738158535000000,0
workspaceModel.mutableEntityStorage.add.entity.ms,1787738098452000000,1787738158535000000,174
workspaceModel.moduleManagerBridge.newModule.ms,1787738098452000000,1787738158535000000,0
workspaceModel.moduleBridge.before.changed.ms,1787738098452000000,1787738158535000000,0
workspaceModel.moduleManagerBridge.build.module.graph.ms,1787738098452000000,1787738158535000000,5
jps.reload.project.entities.ms,1787738098452000000,1787738158535000000,0
jps.app.storage.content.reader.load.component.ms,1787738098452000000,1787738158535000000,1
workspaceModel.delayed.project.synchronizer.sync.ms,1787738098452000000,1787738158535000000,1166
jps.global.get.library.ms,1787738098452000000,1787738158535000000,0
jps.library.entities.serializer.save.entities.ms,1787738098452000000,1787738158535000000,0
jps.global.get.library.by.name.ms,1787738098452000000,1787738158535000000,0
jps.save.global.entities.ms,1787738098452000000,1787738158535000000,207
workspaceModel.mutableEntityStorage.put.entity.ms,1787738098452000000,1787738158535000000,83
workspaceModel.mutableEntityStorage.has.same.entities.ms,1787738098452000000,1787738158535000000,0
jps.apply.loaded.storage.ms,1787738098452000000,1787738158535000000,784
jps.global.initialize.library.bridges.after.loading.ms,1787738098452000000,1787738158535000000,0
jps.global.get.libraries.ms,1787738098452000000,1787738158535000000,3
jps.load.initial.state.ms,1787738098452000000,1787738158535000000,18
jps.facet.change.listener.process.change.events.ms,1787738098452000000,1787738158535000000,0
workspaceModel.moduleManagerBridge.load.all.modules.ms,1787738098452000000,1787738158535000000,147
workspaceModel.moduleManagerBridge.new.nonPersistent.module.ms,1787738098452000000,1787738158535000000,0
workspaceModel.mutableEntityStorage.to.snapshot.ms,1787738098452000000,1787738158535000000,19
workspaceModel.mutableEntityStorage.collect.changes.ms,1787738098452000000,1787738158535000000,0
workspaceModel.moduleManagerBridge.set.unloadedModules.ms,1787738098452000000,1787738158535000000,0
workspaceModel.mutableEntityStorage.mutable.vfurl.index.ms,1787738098452000000,1787738158535000000,0
jps.library.entities.serializer.load.entities.ms,1787738098452000000,1787738158535000000,345
workspaceModel.sync.entities.ms,1787738098452000000,1787738158535000000,0
jps.facet.change.listener.before.change.events.ms,1787738098452000000,1787738158535000000,1
workspaceModel.save.cache.to.file.ms,1787738098452000000,1787738158535000000,677
workspaceModel.global.updates.count,1787738098452000000,1787738158535000000,0
workspaceModel.mutableEntityStorage.replace.by.source.ms,1787738098452000000,1787738158535000000,54
workspaceModel.moduleBridgeLoader.loading.modules.ms,1787738098452000000,1787738158535000000,1369
jps.artifact.entities.serializer.save.entities.ms,1787738098452000000,1787738158535000000,0
workspaceModel.mutableEntityStorage.add.diff.ms,1787738098452000000,1787738158535000000,98
workspaceModel.mutableEntityStorage.entities.by.source.ms,1787738098452000000,1787738158535000000,3
workspaceModel.mutableEntityStorage.entities.ms,1787738098452000000,1787738158535000000,1
jps.storage.jps.conf.reader.load.component.ms,1787738098452000000,1787738158535000000,340
jps.project.serializers.save.ms,1787738098452000000,1787738158535000000,12
workspaceModel.global.apply.state.to.project.ms,1787738098452000000,1787738158535000000,46
workspaceModel.mutableEntityStorage.mutable.ext.mapping.ms,1787738098452000000,1787738158535000000,1
workspaceModel.mutableEntityStorage.resolve.ms,1787738098452000000,1787738158535000000,2
jps.project.serializers.load.ms,1787738098452000000,1787738158535000000,271
workspaceModel.moduleBridge.facet.initialization.ms,1787738098452000000,1787738158535000000,2
workspaceModel.moduleBridge.update.option.ms,1787738098452000000,1787738158535000000,0
workspaceModel.moduleManagerBridge.load.module.ms,1787738098452000000,1787738158535000000,0
Indexes.allKeys.lookups,1787738098452000000,1787738158535000000,0.0
IndexesFlusher.totalFlushes,1787738098452000000,1787738158535000000,176
Indexes.stubs.lookupDuration90PMs,1787738098452000000,1787738158535000000,0.0
Indexes.entries.lookups,1787738098452000000,1787738158535000000,0.0
Indexes.stubs.lookupDurationMaxMs,1787738098452000000,1787738158535000000,0.0
IndexesFlusher.totalContentionQuotaSpent,1787738098452000000,1787738158535000000,0
Indexes.entries.lookupDurationAvgMs,1787738098452000000,1787738158535000000,0.0
VFSFlusher.totalContentionQuotaSpent,1787738098452000000,1787738158535000000,0
Indexes.allKeys.lookupDurationAvgMs,1787738098452000000,1787738158535000000,0.0
Indexes.stubs.lookups,1787738098452000000,1787738158535000000,0.0
Indexes.allKeys.lookupDurationMaxMs,1787738098452000000,1787738158535000000,0.0
VFSFlusher.totalFlushingTimeUs,1787738098452000000,1787738158535000000,0
Indexes.entries.lookupDuration90PMs,1787738098452000000,1787738158535000000,0.0
Indexes.stubs.lookupDurationAvgMs,1787738098452000000,1787738158535000000,0.0
VFSFlusher.totalFlushes,1787738098452000000,1787738158535000000,0
Indexes.allKeys.lookupDuration90PMs,1787738098452000000,1787738158535000000,0.0
IndexesFlusher.totalFlushesRetried,1787738098452000000,1787738158535000000,0
IndexesFlusher.totalFlushingTimeUs,1787738098452000000,1787738158535000000,812411
Indexes.entries.lookupDurationMaxMs,1787738098452000000,1787738158535000000,0.0
VFSFlusher.totalFlushesRetried,1787738098452000000,1787738158535000000,0
workspaceModel.pre.handlers.ms,1787738098452000000,1787738158535000000,2
workspaceModel.updates.count,1787738098452000000,1787738158535000000,5
workspaceModel.update.unloaded.entities.ms,1787738098452000000,1787738158535000000,0
workspaceModel.initializing.ms,1787738098452000000,1787738158535000000,1
workspaceModel.loading.total.ms,1787738098452000000,1787738158535000000,338
workspaceModel.check.recursive.update.ms,1787738098452000000,1787738158535000000,2
workspaceModel.init.bridges.ms,1787738098452000000,1787738158535000000,1
workspaceModel.updates.ms,1787738098452000000,1787738158535000000,166
workspaceModel.replace.project.model.ms,1787738098452000000,1787738158535000000,0
workspaceModel.collect.changes.ms,1787738098452000000,1787738158535000000,0
workspaceModel.updates.precise.ms,1787738098452000000,1787738158535000000,72
workspaceModel.to.snapshot.ms,1787738098452000000,1787738158535000000,15
workspaceModel.loading.from.cache.ms,1787738098452000000,1787738158535000000,308
JVM.maxHeapBytes,1787738158535000000,1787738218461000000,2147483648
JVM.usedHeapBytes,1787738158535000000,1787738218461000000,452699648
OS.loadAverage,1787738158535000000,1787738218461000000,2.7353515625
JVM.threadCount,1787738158535000000,1787738218461000000,50
JVM.usedNativeBytes,1787738158535000000,1787738218461000000,389264296
JVM.totalCpuTimeMs,1787738158535000000,1787738218461000000,5370
JVM.maxNativeBytes,1787738158535000000,1787738218461000000,-1
JVM.GC.collectionTimesMs,1787738158535000000,1787738218461000000,0
JVM.GC.collections,1787738158535000000,1787738218461000000,0
StreamlinedBlobStorage.totalLiveRecordsPayloadBytes,1787738158535000000,1787738218461000000,0
DirectByteBufferAllocator.hits,1787738158535000000,1787738218461000000,0
FilePageCache.maxCacheSizeInBytes,1787738158535000000,1787738218461000000,273825792
FilePageCache.totalPageDisposalsUs,1787738158535000000,1787738218461000000,0
FilePageCache.pageFastCacheHits,1787738158535000000,1787738218461000000,8
DirectByteBufferAllocator.reclaimed,1787738158535000000,1787738218461000000,0
DirectByteBufferAllocator.totalSizeOfBuffersCachedInBytes,1787738158535000000,1787738218461000000,0
StreamlinedBlobStorage.recordsDeleted,1787738158535000000,1787738218461000000,0
DirectByteBufferAllocator.disposed,1787738158535000000,1787738218461000000,0
StreamlinedBlobStorage.recordsRelocated,1787738158535000000,1787738218461000000,0
DirectByteBufferAllocator.totalSizeOfBuffersAllocatedInBytes,1787738158535000000,1787738218461000000,273825792
StreamlinedBlobStorage.totalLiveRecordsCapacityBytes,1787738158535000000,1787738218461000000,0
FilePageCache.maxRegisteredFiles,1787738158535000000,1787738218461000000,617
FilePageCache.pageHits,1787738158535000000,1787738218461000000,0
DirectByteBufferAllocator.misses,1787738158535000000,1787738218461000000,0
FilePageCache.totalPageLoadsUs,1787738158535000000,1787738218461000000,0
StorageLockContext.competingThreads.90P,1787738158535000000,1787738218461000000,0
FilePageCache.pageLoadsAboveSizeThreshold,1787738158535000000,1787738218461000000,0
FilePageCache.disposedBuffers,1787738158535000000,1787738218461000000,0
StorageLockContext.competingThreads.avg,1787738158535000000,1787738218461000000,0.0
FilePageCache.pageLoads,1787738158535000000,1787738218461000000,0
StreamlinedBlobStorage.recordsAllocated,1787738158535000000,1787738218461000000,0
FilePageCache.capacityInBytes,1787738158535000000,1787738218461000000,524288000
FilePageCache.uncachedFileAccess,1787738158535000000,1787738218461000000,0
StorageLockContext.competingThreads.max,1787738158535000000,1787738218461000000,0
FileNameCache.fastMisses,1787738158535000000,1787738218461000000,130
FileNameCache.totalMisses,1787738158535000000,1787738218461000000,0
FileNameCache.queries,1787738158535000000,1787738218461000000,2226
FlushQueue.queueSizeMax,1787738158535000000,1787738218461000000,0
NonBlockingReadAction.failedExecutionTimeUs,1787738158535000000,1787738218461000000,0
FlushQueue.waitingTimeAvgNs,1787738158535000000,1787738218461000000,195068.5188284519
FlushQueue.queueSize90P,1787738158535000000,1787738218461000000,0
FlushQueue.tasksExecuted,1787738158535000000,1787738218461000000,239
FlushQueue.executionTimeMaxNs,1787738158535000000,1787738218461000000,7602175
AWTEventQueue.dispatchTimeTotalNS,1787738158535000000,1787738218461000000,412876528
AWTEventQueue.dispatchTimeAvgNs,1787738158535000000,1787738218461000000,113083.979172376
AWTEventQueue.eventsDispatched,1787738158535000000,1787738218461000000,3649
FlushQueue.executionTimeAvgNs,1787738158535000000,1787738218461000000,124246.52719665272
FlushQueue.waitingTime90PNs,1787738158535000000,1787738218461000000,313343
NonBlockingReadAction.finalizedExecutionsCount,1787738158535000000,1787738218461000000,3
FlushQueue.queueSizeAvg,1787738158535000000,1787738218461000000,0.0
NonBlockingReadAction.finalizedExecutionTimeUs,1787738158535000000,1787738218461000000,38519
AWTEventQueue.dispatchTime90PNs,1787738158535000000,1787738218461000000,182271
AWTEventQueue.dispatchTimeMaxNs,1787738158535000000,1787738218461000000,7634943
FlushQueue.waitingTimeMaxNs,1787738158535000000,1787738218461000000,1597439
NonBlockingReadAction.failedExecutionsCount,1787738158535000000,1787738218461000000,0
FlushQueue.executionTime90PNs,1787738158535000000,1787738218461000000,154623
jps.app.storage.content.writer.save.component.ms,1787738158535000000,1787738218461000000,0
workspaceModel.load.cache.from.file.ms,1787738158535000000,1787738218461000000,302
jps.save.changed.project.entities.ms,1787738158535000000,1787738218461000000,14
workspaceModel.orphan.listener.update.ms,1787738158535000000,1787738218461000000,22
jps.artifact.entities.serializer.load.entities.ms,1787738158535000000,1787738218461000000,0
jps.facet.change.listener.init.bridge.ms,1787738158535000000,1787738218461000000,0
workspaceModel.mutableEntityStorage.referrers.ms,1787738158535000000,1787738218461000000,0
workspaceModel.global.apply.state.to.project.builder.ms,1787738158535000000,1787738218461000000,2
workspaceModel.moduleManagerBridge.create.module.instance.ms,1787738158535000000,1787738218461000000,0
workspaceModel.moduleManagerBridge.get.modules.ms,1787738158535000000,1787738218461000000,3
workspaceModel.global.updates.ms,1787738158535000000,1787738218461000000,0
jps.load.project.to.empty.storage.ms,1787738158535000000,1787738218461000000,340
jps.global.handle.changed.events.ms,1787738158535000000,1787738218461000000,0
jps.module.iml.entities.serializer.save.entities.ms,1787738158535000000,1787738218461000000,0
workspaceModel.mutableEntityStorage.modify.entity.ms,1787738158535000000,1787738218461000000,30
workspaceModel.mutableEntityStorage.remove.entity.ms,1787738158535000000,1787738218461000000,0
jps.global.initialize.library.bridges.ms,1787738158535000000,1787738218461000000,0
jps.module.iml.entities.serializer.load.entities.ms,1787738158535000000,1787738218461000000,286
jps.global.handle.before.change.events.ms,1787738158535000000,1787738218461000000,0
workspaceModel.mutableEntityStorage.add.entity.ms,1787738158535000000,1787738218461000000,174
workspaceModel.moduleManagerBridge.newModule.ms,1787738158535000000,1787738218461000000,0
workspaceModel.moduleBridge.before.changed.ms,1787738158535000000,1787738218461000000,0
workspaceModel.moduleManagerBridge.build.module.graph.ms,1787738158535000000,1787738218461000000,5
jps.reload.project.entities.ms,1787738158535000000,1787738218461000000,0
jps.app.storage.content.reader.load.component.ms,1787738158535000000,1787738218461000000,1
workspaceModel.delayed.project.synchronizer.sync.ms,1787738158535000000,1787738218461000000,1166
jps.global.get.library.ms,1787738158535000000,1787738218461000000,0
jps.library.entities.serializer.save.entities.ms,1787738158535000000,1787738218461000000,0
jps.global.get.library.by.name.ms,1787738158535000000,1787738218461000000,0
jps.save.global.entities.ms,1787738158535000000,1787738218461000000,207
workspaceModel.mutableEntityStorage.put.entity.ms,1787738158535000000,1787738218461000000,83
workspaceModel.mutableEntityStorage.has.same.entities.ms,1787738158535000000,1787738218461000000,0
jps.apply.loaded.storage.ms,1787738158535000000,1787738218461000000,784
jps.global.initialize.library.bridges.after.loading.ms,1787738158535000000,1787738218461000000,0
jps.global.get.libraries.ms,1787738158535000000,1787738218461000000,4
jps.load.initial.state.ms,1787738158535000000,1787738218461000000,18
jps.facet.change.listener.process.change.events.ms,1787738158535000000,1787738218461000000,0
workspaceModel.moduleManagerBridge.load.all.modules.ms,1787738158535000000,1787738218461000000,147
workspaceModel.moduleManagerBridge.new.nonPersistent.module.ms,1787738158535000000,1787738218461000000,0
workspaceModel.mutableEntityStorage.to.snapshot.ms,1787738158535000000,1787738218461000000,19
workspaceModel.mutableEntityStorage.collect.changes.ms,1787738158535000000,1787738218461000000,0
workspaceModel.moduleManagerBridge.set.unloadedModules.ms,1787738158535000000,1787738218461000000,0
workspaceModel.mutableEntityStorage.mutable.vfurl.index.ms,1787738158535000000,1787738218461000000,0
jps.library.entities.serializer.load.entities.ms,1787738158535000000,1787738218461000000,345
workspaceModel.sync.entities.ms,1787738158535000000,1787738218461000000,0
jps.facet.change.listener.before.change.events.ms,1787738158535000000,1787738218461000000,1
workspaceModel.save.cache.to.file.ms,1787738158535000000,1787738218461000000,677
workspaceModel.global.updates.count,1787738158535000000,1787738218461000000,0
workspaceModel.mutableEntityStorage.replace.by.source.ms,1787738158535000000,1787738218461000000,54
workspaceModel.moduleBridgeLoader.loading.modules.ms,1787738158535000000,1787738218461000000,1369
jps.artifact.entities.serializer.save.entities.ms,1787738158535000000,1787738218461000000,0
workspaceModel.mutableEntityStorage.add.diff.ms,1787738158535000000,1787738218461000000,98
workspaceModel.mutableEntityStorage.entities.by.source.ms,1787738158535000000,1787738218461000000,3
workspaceModel.mutableEntityStorage.entities.ms,1787738158535000000,1787738218461000000,1
jps.storage.jps.conf.reader.load.component.ms,1787738158535000000,1787738218461000000,340
jps.project.serializers.save.ms,1787738158535000000,1787738218461000000,12
workspaceModel.global.apply.state.to.project.ms,1787738158535000000,1787738218461000000,46
workspaceModel.mutableEntityStorage.mutable.ext.mapping.ms,1787738158535000000,1787738218461000000,1
workspaceModel.mutableEntityStorage.resolve.ms,1787738158535000000,1787738218461000000,2
jps.project.serializers.load.ms,1787738158535000000,1787738218461000000,271
workspaceModel.moduleBridge.facet.initialization.ms,1787738158535000000,1787738218461000000,2
workspaceModel.moduleBridge.update.option.ms,1787738158535000000,1787738218461000000,0
workspaceModel.moduleManagerBridge.load.module.ms,1787738158535000000,1787738218461000000,0
Indexes.allKeys.lookups,1787738158535000000,1787738218461000000,0.0
IndexesFlusher.totalFlushes,1787738158535000000,1787738218461000000,175
Indexes.stubs.lookupDuration90PMs,1787738158535000000,1787738218461000000,0.0
Indexes.entries.lookups,1787738158535000000,1787738218461000000,0.0
Indexes.stubs.lookupDurationMaxMs,1787738158535000000,1787738218461000000,0.0
IndexesFlusher.totalContentionQuotaSpent,1787738158535000000,1787738218461000000,0
Indexes.entries.lookupDurationAvgMs,1787738158535000000,1787738218461000000,0.0
VFSFlusher.totalContentionQuotaSpent,1787738158535000000,1787738218461000000,0
Indexes.allKeys.lookupDurationAvgMs,1787738158535000000,1787738218461000000,0.0
Indexes.stubs.lookups,1787738158535000000,1787738218461000000,0.0
Indexes.allKeys.lookupDurationMaxMs,1787738158535000000,1787738218461000000,0.0
VFSFlusher.totalFlushingTimeUs,1787738158535000000,1787738218461000000,0
Indexes.entries.lookupDuration90PMs,1787738158535000000,1787738218461000000,0.0
Indexes.stubs.lookupDurationAvgMs,1787738158535000000,1787738218461000000,0.0
VFSFlusher.totalFlushes,1787738158535000000,1787738218461000000,0
Indexes.allKeys.lookupDuration90PMs,1787738158535000000,1787738218461000000,0.0
IndexesFlusher.totalFlushesRetried,1787738158535000000,1787738218461000000,0
IndexesFlusher.totalFlushingTimeUs,1787738158535000000,1787738218461000000,664753
Indexes.entries.lookupDurationMaxMs,1787738158535000000,1787738218461000000,0.0
VFSFlusher.totalFlushesRetried,1787738158535000000,1787738218461000000,0
workspaceModel.pre.handlers.ms,1787738158535000000,1787738218461000000,2
workspaceModel.updates.count,1787738158535000000,1787738218461000000,5
workspaceModel.update.unloaded.entities.ms,1787738158535000000,1787738218461000000,0
workspaceModel.initializing.ms,1787738158535000000,1787738218461000000,1
workspaceModel.loading.total.ms,1787738158535000000,1787738218461000000,338
workspaceModel.check.recursive.update.ms,1787738158535000000,1787738218461000000,2
workspaceModel.init.bridges.ms,1787738158535000000,1787738218461000000,1
workspaceModel.updates.ms,1787738158535000000,1787738218461000000,166
workspaceModel.replace.project.model.ms,1787738158535000000,1787738218461000000,0
workspaceModel.collect.changes.ms,1787738158535000000,1787738218461000000,0
workspaceModel.updates.precise.ms,1787738158535000000,1787738218461000000,72
workspaceModel.to.snapshot.ms,1787738158535000000,1787738218461000000,15
workspaceModel.loading.from.cache.ms,1787738158535000000,1787738218461000000,308
JVM.maxHeapBytes,1787738218461000000,1787738278467000000,2147483648
JVM.usedHeapBytes,1787738218461000000,1787738278467000000,498836984
OS.loadAverage,1787738218461000000,1787738278467000000,4.70166015625
JVM.threadCount,1787738218461000000,1787738278467000000,49
JVM.usedNativeBytes,1787738218461000000,1787738278467000000,389433984
JVM.totalCpuTimeMs,1787738218461000000,1787738278467000000,4451
JVM.maxNativeBytes,1787738218461000000,1787738278467000000,-1
JVM.GC.collectionTimesMs,1787738218461000000,1787738278467000000,0
JVM.GC.collections,1787738218461000000,1787738278467000000,0
StreamlinedBlobStorage.totalLiveRecordsPayloadBytes,1787738218461000000,1787738278467000000,0
DirectByteBufferAllocator.hits,1787738218461000000,1787738278467000000,0
FilePageCache.maxCacheSizeInBytes,1787738218461000000,1787738278467000000,273825792
FilePageCache.totalPageDisposalsUs,1787738218461000000,1787738278467000000,0
FilePageCache.pageFastCacheHits,1787738218461000000,1787738278467000000,0
DirectByteBufferAllocator.reclaimed,1787738218461000000,1787738278467000000,0
DirectByteBufferAllocator.totalSizeOfBuffersCachedInBytes,1787738218461000000,1787738278467000000,0
StreamlinedBlobStorage.recordsDeleted,1787738218461000000,1787738278467000000,0
DirectByteBufferAllocator.disposed,1787738218461000000,1787738278467000000,0
StreamlinedBlobStorage.recordsRelocated,1787738218461000000,1787738278467000000,0
DirectByteBufferAllocator.totalSizeOfBuffersAllocatedInBytes,1787738218461000000,1787738278467000000,273825792
StreamlinedBlobStorage.totalLiveRecordsCapacityBytes,1787738218461000000,1787738278467000000,0
FilePageCache.maxRegisteredFiles,1787738218461000000,1787738278467000000,617
FilePageCache.pageHits,1787738218461000000,1787738278467000000,0
DirectByteBufferAllocator.misses,1787738218461000000,1787738278467000000,0
FilePageCache.totalPageLoadsUs,1787738218461000000,1787738278467000000,0
StorageLockContext.competingThreads.90P,1787738218461000000,1787738278467000000,0
FilePageCache.pageLoadsAboveSizeThreshold,1787738218461000000,1787738278467000000,0
FilePageCache.disposedBuffers,1787738218461000000,1787738278467000000,0
StorageLockContext.competingThreads.avg,1787738218461000000,1787738278467000000,0.0
FilePageCache.pageLoads,1787738218461000000,1787738278467000000,0
StreamlinedBlobStorage.recordsAllocated,1787738218461000000,1787738278467000000,0
FilePageCache.capacityInBytes,1787738218461000000,1787738278467000000,524288000
FilePageCache.uncachedFileAccess,1787738218461000000,1787738278467000000,0
StorageLockContext.competingThreads.max,1787738218461000000,1787738278467000000,0
FileNameCache.fastMisses,1787738218461000000,1787738278467000000,0
FileNameCache.totalMisses,1787738218461000000,1787738278467000000,0
FileNameCache.queries,1787738218461000000,1787738278467000000,0
FlushQueue.queueSizeMax,1787738218461000000,1787738278467000000,1
NonBlockingReadAction.failedExecutionTimeUs,1787738218461000000,1787738278467000000,0
FlushQueue.waitingTimeAvgNs,1787738218461000000,1787738278467000000,442523.4666666667
FlushQueue.queueSize90P,1787738218461000000,1787738278467000000,0
FlushQueue.tasksExecuted,1787738218461000000,1787738278467000000,240
FlushQueue.executionTimeMaxNs,1787738218461000000,1787738278467000000,4194303
AWTEventQueue.dispatchTimeTotalNS,1787738218461000000,1787738278467000000,551512123
AWTEventQueue.dispatchTimeAvgNs,1787738218461000000,1787738278467000000,150571.32969432315
AWTEventQueue.eventsDispatched,1787738218461000000,1787738278467000000,3664
FlushQueue.executionTimeAvgNs,1787738218461000000,1787738278467000000,92166.75
FlushQueue.waitingTime90PNs,1787738218461000000,1787738278467000000,331775
NonBlockingReadAction.finalizedExecutionsCount,1787738218461000000,1787738278467000000,0
FlushQueue.queueSizeAvg,1787738218461000000,1787738278467000000,0.008333333333333333
NonBlockingReadAction.finalizedExecutionTimeUs,1787738218461000000,1787738278467000000,0
AWTEventQueue.dispatchTime90PNs,1787738218461000000,1787738278467000000,177151
AWTEventQueue.dispatchTimeMaxNs,1787738218461000000,1787738278467000000,121110527
FlushQueue.waitingTimeMaxNs,1787738218461000000,1787738278467000000,49020927
NonBlockingReadAction.failedExecutionsCount,1787738218461000000,1787738278467000000,0
FlushQueue.executionTime90PNs,1787738218461000000,1787738278467000000,134143
jps.app.storage.content.writer.save.component.ms,1787738218461000000,1787738278467000000,0
workspaceModel.load.cache.from.file.ms,1787738218461000000,1787738278467000000,302
jps.save.changed.project.entities.ms,1787738218461000000,1787738278467000000,14
workspaceModel.orphan.listener.update.ms,1787738218461000000,1787738278467000000,22
jps.artifact.entities.serializer.load.entities.ms,1787738218461000000,1787738278467000000,0
jps.facet.change.listener.init.bridge.ms,1787738218461000000,1787738278467000000,0
workspaceModel.mutableEntityStorage.referrers.ms,1787738218461000000,1787738278467000000,0
workspaceModel.global.apply.state.to.project.builder.ms,1787738218461000000,1787738278467000000,2
workspaceModel.moduleManagerBridge.create.module.instance.ms,1787738218461000000,1787738278467000000,0
workspaceModel.moduleManagerBridge.get.modules.ms,1787738218461000000,1787738278467000000,3
workspaceModel.global.updates.ms,1787738218461000000,1787738278467000000,0
jps.load.project.to.empty.storage.ms,1787738218461000000,1787738278467000000,340
jps.global.handle.changed.events.ms,1787738218461000000,1787738278467000000,0
jps.module.iml.entities.serializer.save.entities.ms,1787738218461000000,1787738278467000000,0
workspaceModel.mutableEntityStorage.modify.entity.ms,1787738218461000000,1787738278467000000,30
workspaceModel.mutableEntityStorage.remove.entity.ms,1787738218461000000,1787738278467000000,0
jps.global.initialize.library.bridges.ms,1787738218461000000,1787738278467000000,0
jps.module.iml.entities.serializer.load.entities.ms,1787738218461000000,1787738278467000000,286
jps.global.handle.before.change.events.ms,1787738218461000000,1787738278467000000,0
workspaceModel.mutableEntityStorage.add.entity.ms,1787738218461000000,1787738278467000000,174
workspaceModel.moduleManagerBridge.newModule.ms,1787738218461000000,1787738278467000000,0
workspaceModel.moduleBridge.before.changed.ms,1787738218461000000,1787738278467000000,0
workspaceModel.moduleManagerBridge.build.module.graph.ms,1787738218461000000,1787738278467000000,5
jps.reload.project.entities.ms,1787738218461000000,1787738278467000000,0
jps.app.storage.content.reader.load.component.ms,1787738218461000000,1787738278467000000,1
workspaceModel.delayed.project.synchronizer.sync.ms,1787738218461000000,1787738278467000000,1166
jps.global.get.library.ms,1787738218461000000,1787738278467000000,0
jps.library.entities.serializer.save.entities.ms,1787738218461000000,1787738278467000000,0
jps.global.get.library.by.name.ms,1787738218461000000,1787738278467000000,0
jps.save.global.entities.ms,1787738218461000000,1787738278467000000,207
workspaceModel.mutableEntityStorage.put.entity.ms,1787738218461000000,1787738278467000000,83
workspaceModel.mutableEntityStorage.has.same.entities.ms,1787738218461000000,1787738278467000000,0
jps.apply.loaded.storage.ms,1787738218461000000,1787738278467000000,784
jps.global.initialize.library.bridges.after.loading.ms,1787738218461000000,1787738278467000000,0
jps.global.get.libraries.ms,1787738218461000000,1787738278467000000,4
jps.load.initial.state.ms,1787738218461000000,1787738278467000000,18
jps.facet.change.listener.process.change.events.ms,1787738218461000000,1787738278467000000,0
workspaceModel.moduleManagerBridge.load.all.modules.ms,1787738218461000000,1787738278467000000,147
workspaceModel.moduleManagerBridge.new.nonPersistent.module.ms,1787738218461000000,1787738278467000000,0
workspaceModel.mutableEntityStorage.to.snapshot.ms,1787738218461000000,1787738278467000000,19
workspaceModel.mutableEntityStorage.collect.changes.ms,1787738218461000000,1787738278467000000,0
workspaceModel.moduleManagerBridge.set.unloadedModules.ms,1787738218461000000,1787738278467000000,0
workspaceModel.mutableEntityStorage.mutable.vfurl.index.ms,1787738218461000000,1787738278467000000,0
jps.library.entities.serializer.load.entities.ms,1787738218461000000,1787738278467000000,345
workspaceModel.sync.entities.ms,1787738218461000000,1787738278467000000,0
jps.facet.change.listener.before.change.events.ms,1787738218461000000,1787738278467000000,1
workspaceModel.save.cache.to.file.ms,1787738218461000000,1787738278467000000,677
workspaceModel.global.updates.count,1787738218461000000,1787738278467000000,0
workspaceModel.mutableEntityStorage.replace.by.source.ms,1787738218461000000,1787738278467000000,54
workspaceModel.moduleBridgeLoader.loading.modules.ms,1787738218461000000,1787738278467000000,1369
jps.artifact.entities.serializer.save.entities.ms,1787738218461000000,1787738278467000000,0
workspaceModel.mutableEntityStorage.add.diff.ms,1787738218461000000,1787738278467000000,98
workspaceModel.mutableEntityStorage.entities.by.source.ms,1787738218461000000,1787738278467000000,3
workspaceModel.mutableEntityStorage.entities.ms,1787738218461000000,1787738278467000000,1
jps.storage.jps.conf.reader.load.component.ms,1787738218461000000,1787738278467000000,340
jps.project.serializers.save.ms,1787738218461000000,1787738278467000000,12
workspaceModel.global.apply.state.to.project.ms,1787738218461000000,1787738278467000000,46
workspaceModel.mutableEntityStorage.mutable.ext.mapping.ms,1787738218461000000,1787738278467000000,1
workspaceModel.mutableEntityStorage.resolve.ms,1787738218461000000,1787738278467000000,2
jps.project.serializers.load.ms,1787738218461000000,1787738278467000000,271
workspaceModel.moduleBridge.facet.initialization.ms,1787738218461000000,1787738278467000000,2
workspaceModel.moduleBridge.update.option.ms,1787738218461000000,1787738278467000000,0
workspaceModel.moduleManagerBridge.load.module.ms,1787738218461000000,1787738278467000000,0
Indexes.allKeys.lookups,1787738218461000000,1787738278467000000,0.0
IndexesFlusher.totalFlushes,1787738218461000000,1787738278467000000,175
Indexes.stubs.lookupDuration90PMs,1787738218461000000,1787738278467000000,0.0
Indexes.entries.lookups,1787738218461000000,1787738278467000000,0.0
Indexes.stubs.lookupDurationMaxMs,1787738218461000000,1787738278467000000,0.0
IndexesFlusher.totalContentionQuotaSpent,1787738218461000000,1787738278467000000,0
Indexes.entries.lookupDurationAvgMs,1787738218461000000,1787738278467000000,0.0
VFSFlusher.totalContentionQuotaSpent,1787738218461000000,1787738278467000000,0
Indexes.allKeys.lookupDurationAvgMs,1787738218461000000,1787738278467000000,0.0
Indexes.stubs.lookups,1787738218461000000,1787738278467000000,0.0
Indexes.allKeys.lookupDurationMaxMs,1787738218461000000,1787738278467000000,0.0
VFSFlusher.totalFlushingTimeUs,1787738218461000000,1787738278467000000,0
Indexes.entries.lookupDuration90PMs,1787738218461000000,1787738278467000000,0.0
Indexes.stubs.lookupDurationAvgMs,1787738218461000000,1787738278467000000,0.0
VFSFlusher.totalFlushes,1787738218461000000,1787738278467000000,0
Indexes.allKeys.lookupDuration90PMs,1787738218461000000,1787738278467000000,0.0
IndexesFlusher.totalFlushesRetried,1787738218461000000,1787738278467000000,0
IndexesFlusher.totalFlushingTimeUs,1787738218461000000,1787738278467000000,699934
Indexes.entries.lookupDurationMaxMs,1787738218461000000,1787738278467000000,0.0
VFSFlusher.totalFlushesRetried,1787738218461000000,1787738278467000000,0
workspaceModel.pre.handlers.ms,1787738218461000000,1787738278467000000,2
workspaceModel.updates.count,1787738218461000000,1787738278467000000,5
workspaceModel.update.unloaded.entities.ms,1787738218461000000,1787738278467000000,0
workspaceModel.initializing.ms,1787738218461000000,1787738278467000000,1
workspaceModel.loading.total.ms,1787738218461000000,1787738278467000000,338
workspaceModel.check.recursive.update.ms,1787738218461000000,1787738278467000000,2
workspaceModel.init.bridges.ms,1787738218461000000,1787738278467000000,1
workspaceModel.updates.ms,1787738218461000000,1787738278467000000,166
workspaceModel.replace.project.model.ms,1787738218461000000,1787738278467000000,0
workspaceModel.collect.changes.ms,1787738218461000000,1787738278467000000,0
workspaceModel.updates.precise.ms,1787738218461000000,1787738278467000000,72
workspaceModel.to.snapshot.ms,1787738218461000000,1787738278467000000,15
workspaceModel.loading.from.cache.ms,1787738218461000000,1787738278467000000,308
JVM.maxHeapBytes,1787738278467000000,1787738338459000000,2147483648
JVM.usedHeapBytes,1787738278467000000,1787738338459000000,242984448
OS.loadAverage,1787738278467000000,1787738338459000000,5.74169921875
JVM.threadCount,1787738278467000000,1787738338459000000,47
JVM.usedNativeBytes,1787738278467000000,1787738338459000000,392129088
JVM.totalCpuTimeMs,1787738278467000000,1787738338459000000,5094
JVM.maxNativeBytes,1787738278467000000,1787738338459000000,-1
JVM.GC.collectionTimesMs,1787738278467000000,1787738338459000000,92
JVM.GC.collections,1787738278467000000,1787738338459000000,1
StreamlinedBlobStorage.totalLiveRecordsPayloadBytes,1787738278467000000,1787738338459000000,0
DirectByteBufferAllocator.hits,1787738278467000000,1787738338459000000,0
FilePageCache.maxCacheSizeInBytes,1787738278467000000,1787738338459000000,273825792
FilePageCache.totalPageDisposalsUs,1787738278467000000,1787738338459000000,0
FilePageCache.pageFastCacheHits,1787738278467000000,1787738338459000000,0
DirectByteBufferAllocator.reclaimed,1787738278467000000,1787738338459000000,0
DirectByteBufferAllocator.totalSizeOfBuffersCachedInBytes,1787738278467000000,1787738338459000000,0
StreamlinedBlobStorage.recordsDeleted,1787738278467000000,1787738338459000000,0
DirectByteBufferAllocator.disposed,1787738278467000000,1787738338459000000,0
StreamlinedBlobStorage.recordsRelocated,1787738278467000000,1787738338459000000,0
DirectByteBufferAllocator.totalSizeOfBuffersAllocatedInBytes,1787738278467000000,1787738338459000000,273825792
StreamlinedBlobStorage.totalLiveRecordsCapacityBytes,1787738278467000000,1787738338459000000,0
FilePageCache.maxRegisteredFiles,1787738278467000000,1787738338459000000,617
FilePageCache.pageHits,1787738278467000000,1787738338459000000,0
DirectByteBufferAllocator.misses,1787738278467000000,1787738338459000000,0
FilePageCache.totalPageLoadsUs,1787738278467000000,1787738338459000000,0
StorageLockContext.competingThreads.90P,1787738278467000000,1787738338459000000,0
FilePageCache.pageLoadsAboveSizeThreshold,1787738278467000000,1787738338459000000,0
FilePageCache.disposedBuffers,1787738278467000000,1787738338459000000,0
StorageLockContext.competingThreads.avg,1787738278467000000,1787738338459000000,0.0
FilePageCache.pageLoads,1787738278467000000,1787738338459000000,0
StreamlinedBlobStorage.recordsAllocated,1787738278467000000,1787738338459000000,0
FilePageCache.capacityInBytes,1787738278467000000,1787738338459000000,524288000
FilePageCache.uncachedFileAccess,1787738278467000000,1787738338459000000,0
StorageLockContext.competingThreads.max,1787738278467000000,1787738338459000000,0
FileNameCache.fastMisses,1787738278467000000,1787738338459000000,0
FileNameCache.totalMisses,1787738278467000000,1787738338459000000,0
FileNameCache.queries,1787738278467000000,1787738338459000000,36
FlushQueue.queueSizeMax,1787738278467000000,1787738338459000000,0
NonBlockingReadAction.failedExecutionTimeUs,1787738278467000000,1787738338459000000,0
FlushQueue.waitingTimeAvgNs,1787738278467000000,1787738338459000000,304102.50622406637
FlushQueue.queueSize90P,1787738278467000000,1787738338459000000,0
FlushQueue.tasksExecuted,1787738278467000000,1787738338459000000,241
FlushQueue.executionTimeMaxNs,1787738278467000000,1787738338459000000,3457023
AWTEventQueue.dispatchTimeTotalNS,1787738278467000000,1787738338459000000,599131086
AWTEventQueue.dispatchTimeAvgNs,1787738278467000000,1787738338459000000,162462.20678426052
AWTEventQueue.eventsDispatched,1787738278467000000,1787738338459000000,3685
FlushQueue.executionTimeAvgNs,1787738278467000000,1787738338459000000,92288.69709543568
FlushQueue.waitingTime90PNs,1787738278467000000,1787738338459000000,405503
NonBlockingReadAction.finalizedExecutionsCount,1787738278467000000,1787738338459000000,0
FlushQueue.queueSizeAvg,1787738278467000000,1787738338459000000,0.0
NonBlockingReadAction.finalizedExecutionTimeUs,1787738278467000000,1787738338459000000,0
AWTEventQueue.dispatchTime90PNs,1787738278467000000,1787738338459000000,183295
AWTEventQueue.dispatchTimeMaxNs,1787738278467000000,1787738338459000000,129499135
FlushQueue.waitingTimeMaxNs,1787738278467000000,1787738338459000000,9502719
NonBlockingReadAction.failedExecutionsCount,1787738278467000000,1787738338459000000,0
FlushQueue.executionTime90PNs,1787738278467000000,1787738338459000000,139263
jps.app.storage.content.writer.save.component.ms,1787738278467000000,1787738338459000000,0
workspaceModel.load.cache.from.file.ms,1787738278467000000,1787738338459000000,302
jps.save.changed.project.entities.ms,1787738278467000000,1787738338459000000,14
workspaceModel.orphan.listener.update.ms,1787738278467000000,1787738338459000000,22
jps.artifact.entities.serializer.load.entities.ms,1787738278467000000,1787738338459000000,0
jps.facet.change.listener.init.bridge.ms,1787738278467000000,1787738338459000000,0
workspaceModel.mutableEntityStorage.referrers.ms,1787738278467000000,1787738338459000000,0
workspaceModel.global.apply.state.to.project.builder.ms,1787738278467000000,1787738338459000000,2
workspaceModel.moduleManagerBridge.create.module.instance.ms,1787738278467000000,1787738338459000000,0
workspaceModel.moduleManagerBridge.get.modules.ms,1787738278467000000,1787738338459000000,3
workspaceModel.global.updates.ms,1787738278467000000,1787738338459000000,0
jps.load.project.to.empty.storage.ms,1787738278467000000,1787738338459000000,340
jps.global.handle.changed.events.ms,1787738278467000000,1787738338459000000,0
jps.module.iml.entities.serializer.save.entities.ms,1787738278467000000,1787738338459000000,0
workspaceModel.mutableEntityStorage.modify.entity.ms,1787738278467000000,1787738338459000000,30
workspaceModel.mutableEntityStorage.remove.entity.ms,1787738278467000000,1787738338459000000,0
jps.global.initialize.library.bridges.ms,1787738278467000000,1787738338459000000,0
jps.module.iml.entities.serializer.load.entities.ms,1787738278467000000,1787738338459000000,286
jps.global.handle.before.change.events.ms,1787738278467000000,1787738338459000000,0
workspaceModel.mutableEntityStorage.add.entity.ms,1787738278467000000,1787738338459000000,174
workspaceModel.moduleManagerBridge.newModule.ms,1787738278467000000,1787738338459000000,0
workspaceModel.moduleBridge.before.changed.ms,1787738278467000000,1787738338459000000,0
workspaceModel.moduleManagerBridge.build.module.graph.ms,1787738278467000000,1787738338459000000,5
jps.reload.project.entities.ms,1787738278467000000,1787738338459000000,0
jps.app.storage.content.reader.load.component.ms,1787738278467000000,1787738338459000000,1
workspaceModel.delayed.project.synchronizer.sync.ms,1787738278467000000,1787738338459000000,1166
jps.global.get.library.ms,1787738278467000000,1787738338459000000,0
jps.library.entities.serializer.save.entities.ms,1787738278467000000,1787738338459000000,0
jps.global.get.library.by.name.ms,1787738278467000000,1787738338459000000,0
jps.save.global.entities.ms,1787738278467000000,1787738338459000000,207
workspaceModel.mutableEntityStorage.put.entity.ms,1787738278467000000,1787738338459000000,83
workspaceModel.mutableEntityStorage.has.same.entities.ms,1787738278467000000,1787738338459000000,0
jps.apply.loaded.storage.ms,1787738278467000000,1787738338459000000,784
jps.global.initialize.library.bridges.after.loading.ms,1787738278467000000,1787738338459000000,0
jps.global.get.libraries.ms,1787738278467000000,1787738338459000000,4
jps.load.initial.state.ms,1787738278467000000,1787738338459000000,18
jps.facet.change.listener.process.change.events.ms,1787738278467000000,1787738338459000000,0
workspaceModel.moduleManagerBridge.load.all.modules.ms,1787738278467000000,1787738338459000000,147
workspaceModel.moduleManagerBridge.new.nonPersistent.module.ms,1787738278467000000,1787738338459000000,0
workspaceModel.mutableEntityStorage.to.snapshot.ms,1787738278467000000,1787738338459000000,19
workspaceModel.mutableEntityStorage.collect.changes.ms,1787738278467000000,1787738338459000000,0
workspaceModel.moduleManagerBridge.set.unloadedModules.ms,1787738278467000000,1787738338459000000,0
workspaceModel.mutableEntityStorage.mutable.vfurl.index.ms,1787738278467000000,1787738338459000000,0
jps.library.entities.serializer.load.entities.ms,1787738278467000000,1787738338459000000,345
workspaceModel.sync.entities.ms,1787738278467000000,1787738338459000000,0
jps.facet.change.listener.before.change.events.ms,1787738278467000000,1787738338459000000,1
workspaceModel.save.cache.to.file.ms,1787738278467000000,1787738338459000000,677
workspaceModel.global.updates.count,1787738278467000000,1787738338459000000,0
workspaceModel.mutableEntityStorage.replace.by.source.ms,1787738278467000000,1787738338459000000,54
workspaceModel.moduleBridgeLoader.loading.modules.ms,1787738278467000000,1787738338459000000,1369
jps.artifact.entities.serializer.save.entities.ms,1787738278467000000,1787738338459000000,0
workspaceModel.mutableEntityStorage.add.diff.ms,1787738278467000000,1787738338459000000,98
workspaceModel.mutableEntityStorage.entities.by.source.ms,1787738278467000000,1787738338459000000,3
workspaceModel.mutableEntityStorage.entities.ms,1787738278467000000,1787738338459000000,1
jps.storage.jps.conf.reader.load.component.ms,1787738278467000000,1787738338459000000,340
jps.project.serializers.save.ms,1787738278467000000,1787738338459000000,12
workspaceModel.global.apply.state.to.project.ms,1787738278467000000,1787738338459000000,46
workspaceModel.mutableEntityStorage.mutable.ext.mapping.ms,1787738278467000000,1787738338459000000,1
workspaceModel.mutableEntityStorage.resolve.ms,1787738278467000000,1787738338459000000,2
jps.project.serializers.load.ms,1787738278467000000,1787738338459000000,271
workspaceModel.moduleBridge.facet.initialization.ms,1787738278467000000,1787738338459000000,2
workspaceModel.moduleBridge.update.option.ms,1787738278467000000,1787738338459000000,0
workspaceModel.moduleManagerBridge.load.module.ms,1787738278467000000,1787738338459000000,0
Indexes.allKeys.lookups,1787738278467000000,1787738338459000000,0.0
IndexesFlusher.totalFlushes,1787738278467000000,1787738338459000000,216
Indexes.stubs.lookupDuration90PMs,1787738278467000000,1787738338459000000,0.0
Indexes.entries.lookups,1787738278467000000,1787738338459000000,0.0
Indexes.stubs.lookupDurationMaxMs,1787738278467000000,1787738338459000000,0.0
IndexesFlusher.totalContentionQuotaSpent,1787738278467000000,1787738338459000000,0
Indexes.entries.lookupDurationAvgMs,1787738278467000000,1787738338459000000,0.0
VFSFlusher.totalContentionQuotaSpent,1787738278467000000,1787738338459000000,0
Indexes.allKeys.lookupDurationAvgMs,1787738278467000000,1787738338459000000,0.0
Indexes.stubs.lookups,1787738278467000000,1787738338459000000,0.0
Indexes.allKeys.lookupDurationMaxMs,1787738278467000000,1787738338459000000,0.0
VFSFlusher.totalFlushingTimeUs,1787738278467000000,1787738338459000000,0
Indexes.entries.lookupDuration90PMs,1787738278467000000,1787738338459000000,0.0
Indexes.stubs.lookupDurationAvgMs,1787738278467000000,1787738338459000000,0.0
VFSFlusher.totalFlushes,1787738278467000000,1787738338459000000,0
Indexes.allKeys.lookupDuration90PMs,1787738278467000000,1787738338459000000,0.0
IndexesFlusher.totalFlushesRetried,1787738278467000000,1787738338459000000,0
IndexesFlusher.totalFlushingTimeUs,1787738278467000000,1787738338459000000,889897
Indexes.entries.lookupDurationMaxMs,1787738278467000000,1787738338459000000,0.0
VFSFlusher.totalFlushesRetried,1787738278467000000,1787738338459000000,0
workspaceModel.pre.handlers.ms,1787738278467000000,1787738338459000000,2
workspaceModel.updates.count,1787738278467000000,1787738338459000000,5
workspaceModel.update.unloaded.entities.ms,1787738278467000000,1787738338459000000,0
workspaceModel.initializing.ms,1787738278467000000,1787738338459000000,1
workspaceModel.loading.total.ms,1787738278467000000,1787738338459000000,338
workspaceModel.check.recursive.update.ms,1787738278467000000,1787738338459000000,2
workspaceModel.init.bridges.ms,1787738278467000000,1787738338459000000,1
workspaceModel.updates.ms,1787738278467000000,1787738338459000000,166
workspaceModel.replace.project.model.ms,1787738278467000000,1787738338459000000,0
workspaceModel.collect.changes.ms,1787738278467000000,1787738338459000000,0
workspaceModel.updates.precise.ms,1787738278467000000,1787738338459000000,72
workspaceModel.to.snapshot.ms,1787738278467000000,1787738338459000000,15
workspaceModel.loading.from.cache.ms,1787738278467000000,1787738338459000000,308
JVM.maxHeapBytes,1787738338459000000,1787738398458000000,2147483648
JVM.usedHeapBytes,1787738338459000000,1787738398458000000,242845080
OS.loadAverage,1787738338459000000,1787738398458000000,3.32861328125
JVM.threadCount,1787738338459000000,1787738398458000000,45
JVM.usedNativeBytes,1787738338459000000,1787738398458000000,392203728
JVM.totalCpuTimeMs,1787738338459000000,1787738398458000000,4644
JVM.maxNativeBytes,1787738338459000000,1787738398458000000,-1
JVM.GC.collectionTimesMs,1787738338459000000,1787738398458000000,185
JVM.GC.collections,1787738338459000000,1787738398458000000,1
StreamlinedBlobStorage.totalLiveRecordsPayloadBytes,1787738338459000000,1787738398458000000,0
DirectByteBufferAllocator.hits,1787738338459000000,1787738398458000000,0
FilePageCache.maxCacheSizeInBytes,1787738338459000000,1787738398458000000,273825792
FilePageCache.totalPageDisposalsUs,1787738338459000000,1787738398458000000,0
FilePageCache.pageFastCacheHits,1787738338459000000,1787738398458000000,0
DirectByteBufferAllocator.reclaimed,1787738338459000000,1787738398458000000,0
DirectByteBufferAllocator.totalSizeOfBuffersCachedInBytes,1787738338459000000,1787738398458000000,0
StreamlinedBlobStorage.recordsDeleted,1787738338459000000,1787738398458000000,0
DirectByteBufferAllocator.disposed,1787738338459000000,1787738398458000000,0
StreamlinedBlobStorage.recordsRelocated,1787738338459000000,1787738398458000000,0
DirectByteBufferAllocator.totalSizeOfBuffersAllocatedInBytes,1787738338459000000,1787738398458000000,273825792
StreamlinedBlobStorage.totalLiveRecordsCapacityBytes,1787738338459000000,1787738398458000000,0
FilePageCache.maxRegisteredFiles,1787738338459000000,1787738398458000000,617
FilePageCache.pageHits,1787738338459000000,1787738398458000000,0
DirectByteBufferAllocator.misses,1787738338459000000,1787738398458000000,0
FilePageCache.totalPageLoadsUs,1787738338459000000,1787738398458000000,0
StorageLockContext.competingThreads.90P,1787738338459000000,1787738398458000000,0
FilePageCache.pageLoadsAboveSizeThreshold,1787738338459000000,1787738398458000000,0
FilePageCache.disposedBuffers,1787738338459000000,1787738398458000000,0
StorageLockContext.competingThreads.avg,1787738338459000000,1787738398458000000,0.0
FilePageCache.pageLoads,1787738338459000000,1787738398458000000,0
StreamlinedBlobStorage.recordsAllocated,1787738338459000000,1787738398458000000,0
FilePageCache.capacityInBytes,1787738338459000000,1787738398458000000,524288000
FilePageCache.uncachedFileAccess,1787738338459000000,1787738398458000000,0
StorageLockContext.competingThreads.max,1787738338459000000,1787738398458000000,0
FileNameCache.fastMisses,1787738338459000000,1787738398458000000,0
FileNameCache.totalMisses,1787738338459000000,1787738398458000000,0
FileNameCache.queries,1787738338459000000,1787738398458000000,0
FlushQueue.queueSizeMax,1787738338459000000,1787738398458000000,1
NonBlockingReadAction.failedExecutionTimeUs,1787738338459000000,1787738398458000000,0
FlushQueue.waitingTimeAvgNs,1787738338459000000,1787738398458000000,200327.46666666667
FlushQueue.queueSize90P,1787738338459000000,1787738398458000000,0
FlushQueue.tasksExecuted,1787738338459000000,1787738398458000000,240
FlushQueue.executionTimeMaxNs,1787738338459000000,1787738398458000000,5046271
AWTEventQueue.dispatchTimeTotalNS,1787738338459000000,1787738398458000000,392742879
AWTEventQueue.dispatchTimeAvgNs,1787738338459000000,1787738398458000000,107143.75334242838
AWTEventQueue.eventsDispatched,1787738338459000000,1787738398458000000,3665
FlushQueue.executionTimeAvgNs,1787738338459000000,1787738398458000000,68129.9
FlushQueue.waitingTime90PNs,1787738338459000000,1787738398458000000,266239
NonBlockingReadAction.finalizedExecutionsCount,1787738338459000000,1787738398458000000,0
FlushQueue.queueSizeAvg,1787738338459000000,1787738398458000000,0.004166666666666667
NonBlockingReadAction.finalizedExecutionTimeUs,1787738338459000000,1787738398458000000,0
AWTEventQueue.dispatchTime90PNs,1787738338459000000,1787738398458000000,175103
AWTEventQueue.dispatchTimeMaxNs,1787738338459000000,1787738398458000000,5177343
FlushQueue.waitingTimeMaxNs,1787738338459000000,1787738398458000000,2359295
NonBlockingReadAction.failedExecutionsCount,1787738338459000000,1787738398458000000,0
FlushQueue.executionTime90PNs,1787738338459000000,1787738398458000000,119807
jps.app.storage.content.writer.save.component.ms,1787738338459000000,1787738398458000000,0
workspaceModel.load.cache.from.file.ms,1787738338459000000,1787738398458000000,302
jps.save.changed.project.entities.ms,1787738338459000000,1787738398458000000,14
workspaceModel.orphan.listener.update.ms,1787738338459000000,1787738398458000000,22
jps.artifact.entities.serializer.load.entities.ms,1787738338459000000,1787738398458000000,0
jps.facet.change.listener.init.bridge.ms,1787738338459000000,1787738398458000000,0
workspaceModel.mutableEntityStorage.referrers.ms,1787738338459000000,1787738398458000000,0
workspaceModel.global.apply.state.to.project.builder.ms,1787738338459000000,1787738398458000000,2
workspaceModel.moduleManagerBridge.create.module.instance.ms,1787738338459000000,1787738398458000000,0
workspaceModel.moduleManagerBridge.get.modules.ms,1787738338459000000,1787738398458000000,3
workspaceModel.global.updates.ms,1787738338459000000,1787738398458000000,0
jps.load.project.to.empty.storage.ms,1787738338459000000,1787738398458000000,340
jps.global.handle.changed.events.ms,1787738338459000000,1787738398458000000,0
jps.module.iml.entities.serializer.save.entities.ms,1787738338459000000,1787738398458000000,0
workspaceModel.mutableEntityStorage.modify.entity.ms,1787738338459000000,1787738398458000000,30
workspaceModel.mutableEntityStorage.remove.entity.ms,1787738338459000000,1787738398458000000,0
jps.global.initialize.library.bridges.ms,1787738338459000000,1787738398458000000,0
jps.module.iml.entities.serializer.load.entities.ms,1787738338459000000,1787738398458000000,286
jps.global.handle.before.change.events.ms,1787738338459000000,1787738398458000000,0
workspaceModel.mutableEntityStorage.add.entity.ms,1787738338459000000,1787738398458000000,174
workspaceModel.moduleManagerBridge.newModule.ms,1787738338459000000,1787738398458000000,0
workspaceModel.moduleBridge.before.changed.ms,1787738338459000000,1787738398458000000,0
workspaceModel.moduleManagerBridge.build.module.graph.ms,1787738338459000000,1787738398458000000,5
jps.reload.project.entities.ms,1787738338459000000,1787738398458000000,0
jps.app.storage.content.reader.load.component.ms,1787738338459000000,1787738398458000000,1
workspaceModel.delayed.project.synchronizer.sync.ms,1787738338459000000,1787738398458000000,1166
jps.global.get.library.ms,1787738338459000000,1787738398458000000,0
jps.library.entities.serializer.save.entities.ms,1787738338459000000,1787738398458000000,0
jps.global.get.library.by.name.ms,1787738338459000000,1787738398458000000,0
jps.save.global.entities.ms,1787738338459000000,1787738398458000000,207
workspaceModel.mutableEntityStorage.put.entity.ms,1787738338459000000,1787738398458000000,83
workspaceModel.mutableEntityStorage.has.same.entities.ms,1787738338459000000,1787738398458000000,0
jps.apply.loaded.storage.ms,1787738338459000000,1787738398458000000,784
jps.global.initialize.library.bridges.after.loading.ms,1787738338459000000,1787738398458000000,0
jps.global.get.libraries.ms,1787738338459000000,1787738398458000000,4
jps.load.initial.state.ms,1787738338459000000,1787738398458000000,18
jps.facet.change.listener.process.change.events.ms,1787738338459000000,1787738398458000000,0
workspaceModel.moduleManagerBridge.load.all.modules.ms,1787738338459000000,1787738398458000000,147
workspaceModel.moduleManagerBridge.new.nonPersistent.module.ms,1787738338459000000,1787738398458000000,0
workspaceModel.mutableEntityStorage.to.snapshot.ms,1787738338459000000,1787738398458000000,19
workspaceModel.mutableEntityStorage.collect.changes.ms,1787738338459000000,1787738398458000000,0
workspaceModel.moduleManagerBridge.set.unloadedModules.ms,1787738338459000000,1787738398458000000,0
workspaceModel.mutableEntityStorage.mutable.vfurl.index.ms,1787738338459000000,1787738398458000000,0
jps.library.entities.serializer.load.entities.ms,1787738338459000000,1787738398458000000,345
workspaceModel.sync.entities.ms,1787738338459000000,1787738398458000000,0
jps.facet.change.listener.before.change.events.ms,1787738338459000000,1787738398458000000,1
workspaceModel.save.cache.to.file.ms,1787738338459000000,1787738398458000000,677
workspaceModel.global.updates.count,1787738338459000000,1787738398458000000,0
workspaceModel.mutableEntityStorage.replace.by.source.ms,1787738338459000000,1787738398458000000,54
workspaceModel.moduleBridgeLoader.loading.modules.ms,1787738338459000000,1787738398458000000,1369
jps.artifact.entities.serializer.save.entities.ms,1787738338459000000,1787738398458000000,0
workspaceModel.mutableEntityStorage.add.diff.ms,1787738338459000000,1787738398458000000,98
workspaceModel.mutableEntityStorage.entities.by.source.ms,1787738338459000000,1787738398458000000,3
workspaceModel.mutableEntityStorage.entities.ms,1787738338459000000,1787738398458000000,1
jps.storage.jps.conf.reader.load.component.ms,1787738338459000000,1787738398458000000,340
jps.project.serializers.save.ms,1787738338459000000,1787738398458000000,12
workspaceModel.global.apply.state.to.project.ms,1787738338459000000,1787738398458000000,46
workspaceModel.mutableEntityStorage.mutable.ext.mapping.ms,1787738338459000000,1787738398458000000,1
workspaceModel.mutableEntityStorage.resolve.ms,1787738338459000000,1787738398458000000,2
jps.project.serializers.load.ms,1787738338459000000,1787738398458000000,271
workspaceModel.moduleBridge.facet.initialization.ms,1787738338459000000,1787738398458000000,2
workspaceModel.moduleBridge.update.option.ms,1787738338459000000,1787738398458000000,0
workspaceModel.moduleManagerBridge.load.module.ms,1787738338459000000,1787738398458000000,0
Indexes.allKeys.lookups,1787738338459000000,1787738398458000000,0.0
IndexesFlusher.totalFlushes,1787738338459000000,1787738398458000000,233
Indexes.stubs.lookupDuration90PMs,1787738338459000000,1787738398458000000,0.0
Indexes.entries.lookups,1787738338459000000,1787738398458000000,0.0
Indexes.stubs.lookupDurationMaxMs,1787738338459000000,1787738398458000000,0.0
IndexesFlusher.totalContentionQuotaSpent,1787738338459000000,1787738398458000000,0
Indexes.entries.lookupDurationAvgMs,1787738338459000000,1787738398458000000,0.0
VFSFlusher.totalContentionQuotaSpent,1787738338459000000,1787738398458000000,0
Indexes.allKeys.lookupDurationAvgMs,1787738338459000000,1787738398458000000,0.0
Indexes.stubs.lookups,1787738338459000000,1787738398458000000,0.0
Indexes.allKeys.lookupDurationMaxMs,1787738338459000000,1787738398458000000,0.0
VFSFlusher.totalFlushingTimeUs,1787738338459000000,1787738398458000000,0
Indexes.entries.lookupDuration90PMs,1787738338459000000,1787738398458000000,0.0
Indexes.stubs.lookupDurationAvgMs,1787738338459000000,1787738398458000000,0.0
VFSFlusher.totalFlushes,1787738338459000000,1787738398458000000,0
Indexes.allKeys.lookupDuration90PMs,1787738338459000000,1787738398458000000,0.0
IndexesFlusher.totalFlushesRetried,1787738338459000000,1787738398458000000,0
IndexesFlusher.totalFlushingTimeUs,1787738338459000000,1787738398458000000,809179
Indexes.entries.lookupDurationMaxMs,1787738338459000000,1787738398458000000,0.0
VFSFlusher.totalFlushesRetried,1787738338459000000,1787738398458000000,0
workspaceModel.pre.handlers.ms,1787738338459000000,1787738398458000000,2
workspaceModel.updates.count,1787738338459000000,1787738398458000000,5
workspaceModel.update.unloaded.entities.ms,1787738338459000000,1787738398458000000,0
workspaceModel.initializing.ms,1787738338459000000,1787738398458000000,1
workspaceModel.loading.total.ms,1787738338459000000,1787738398458000000,338
workspaceModel.check.recursive.update.ms,1787738338459000000,1787738398458000000,2
workspaceModel.init.bridges.ms,1787738338459000000,1787738398458000000,1
workspaceModel.updates.ms,1787738338459000000,1787738398458000000,166
workspaceModel.replace.project.model.ms,1787738338459000000,1787738398458000000,0
workspaceModel.collect.changes.ms,1787738338459000000,1787738398458000000,0
workspaceModel.updates.precise.ms,1787738338459000000,1787738398458000000,72
workspaceModel.to.snapshot.ms,1787738338459000000,1787738398458000000,15
workspaceModel.loading.from.cache.ms,1787738338459000000,1787738398458000000,308
JVM.maxHeapBytes,1787738398458000000,1787738448283000000,2147483648
JVM.usedHeapBytes,1787738398458000000,1787738448283000000,285836696
OS.loadAverage,1787738398458000000,1787738448283000000,2.1357421875
JVM.threadCount,1787738398458000000,1787738448283000000,50
JVM.usedNativeBytes,1787738398458000000,1787738448283000000,392620352
JVM.totalCpuTimeMs,1787738398458000000,1787738448283000000,3777
JVM.maxNativeBytes,1787738398458000000,1787738448283000000,-1
JVM.GC.collectionTimesMs,1787738398458000000,1787738448283000000,0
JVM.GC.collections,1787738398458000000,1787738448283000000,0
DirectByteBufferAllocator.hits,1787738398458000000,1787738448283000000,0
FilePageCache.maxCacheSizeInBytes,1787738398458000000,1787738448283000000,273825792
FilePageCache.totalPageDisposalsUs,1787738398458000000,1787738448283000000,0
FilePageCache.pageFastCacheHits,1787738398458000000,1787738448283000000,87
DirectByteBufferAllocator.reclaimed,1787738398458000000,1787738448283000000,59
DirectByteBufferAllocator.totalSizeOfBuffersCachedInBytes,1787738398458000000,1787738448283000000,52576256
DirectByteBufferAllocator.disposed,1787738398458000000,1787738448283000000,210
DirectByteBufferAllocator.totalSizeOfBuffersAllocatedInBytes,1787738398458000000,1787738448283000000,53624832
FilePageCache.maxRegisteredFiles,1787738398458000000,1787738448283000000,617
FilePageCache.pageHits,1787738398458000000,1787738448283000000,0
DirectByteBufferAllocator.misses,1787738398458000000,1787738448283000000,0
FilePageCache.totalPageLoadsUs,1787738398458000000,1787738448283000000,0
StorageLockContext.competingThreads.90P,1787738398458000000,1787738448283000000,0
FilePageCache.pageLoadsAboveSizeThreshold,1787738398458000000,1787738448283000000,0
FilePageCache.disposedBuffers,1787738398458000000,1787738448283000000,269
StorageLockContext.competingThreads.avg,1787738398458000000,1787738448283000000,0.0
FilePageCache.pageLoads,1787738398458000000,1787738448283000000,0
FilePageCache.capacityInBytes,1787738398458000000,1787738448283000000,524288000
FilePageCache.uncachedFileAccess,1787738398458000000,1787738448283000000,0
StorageLockContext.competingThreads.max,1787738398458000000,1787738448283000000,0
FileNameCache.fastMisses,1787738398458000000,1787738448283000000,31
FileNameCache.totalMisses,1787738398458000000,1787738448283000000,0
FileNameCache.queries,1787738398458000000,1787738448283000000,426
FlushQueue.queueSizeMax,1787738398458000000,1787738448283000000,1
NonBlockingReadAction.failedExecutionTimeUs,1787738398458000000,1787738448283000000,0
FlushQueue.waitingTimeAvgNs,1787738398458000000,1787738448283000000,204936.04020100503
FlushQueue.queueSize90P,1787738398458000000,1787738448283000000,0
FlushQueue.tasksExecuted,1787738398458000000,1787738448283000000,199
FlushQueue.executionTimeMaxNs,1787738398458000000,1787738448283000000,350207
AWTEventQueue.dispatchTimeTotalNS,1787738398458000000,1787738448283000000,330982263
AWTEventQueue.dispatchTimeAvgNs,1787738398458000000,1787738448283000000,108608.1312335958
AWTEventQueue.eventsDispatched,1787738398458000000,1787738448283000000,3048
FlushQueue.executionTimeAvgNs,1787738398458000000,1787738448283000000,40978.61306532663
FlushQueue.waitingTime90PNs,1787738398458000000,1787738448283000000,272383
NonBlockingReadAction.finalizedExecutionsCount,1787738398458000000,1787738448283000000,0
FlushQueue.queueSizeAvg,1787738398458000000,1787738448283000000,0.005025125628140704
NonBlockingReadAction.finalizedExecutionTimeUs,1787738398458000000,1787738448283000000,0
AWTEventQueue.dispatchTime90PNs,1787738398458000000,1787738448283000000,174079
AWTEventQueue.dispatchTimeMaxNs,1787738398458000000,1787738448283000000,23592959
FlushQueue.waitingTimeMaxNs,1787738398458000000,1787738448283000000,3866623
NonBlockingReadAction.failedExecutionsCount,1787738398458000000,1787738448283000000,0
FlushQueue.executionTime90PNs,1787738398458000000,1787738448283000000,113151
jps.app.storage.content.writer.save.component.ms,1787738398458000000,1787738448283000000,0
workspaceModel.load.cache.from.file.ms,1787738398458000000,1787738448283000000,302
jps.save.changed.project.entities.ms,1787738398458000000,1787738448283000000,14
workspaceModel.orphan.listener.update.ms,1787738398458000000,1787738448283000000,22
jps.artifact.entities.serializer.load.entities.ms,1787738398458000000,1787738448283000000,0
jps.facet.change.listener.init.bridge.ms,1787738398458000000,1787738448283000000,0
workspaceModel.mutableEntityStorage.referrers.ms,1787738398458000000,1787738448283000000,0
workspaceModel.global.apply.state.to.project.builder.ms,1787738398458000000,1787738448283000000,2
workspaceModel.moduleManagerBridge.create.module.instance.ms,1787738398458000000,1787738448283000000,0
workspaceModel.moduleManagerBridge.get.modules.ms,1787738398458000000,1787738448283000000,3
workspaceModel.global.updates.ms,1787738398458000000,1787738448283000000,0
jps.load.project.to.empty.storage.ms,1787738398458000000,1787738448283000000,340
jps.global.handle.changed.events.ms,1787738398458000000,1787738448283000000,0
jps.module.iml.entities.serializer.save.entities.ms,1787738398458000000,1787738448283000000,0
workspaceModel.mutableEntityStorage.modify.entity.ms,1787738398458000000,1787738448283000000,30
workspaceModel.mutableEntityStorage.remove.entity.ms,1787738398458000000,1787738448283000000,0
jps.global.initialize.library.bridges.ms,1787738398458000000,1787738448283000000,0
jps.module.iml.entities.serializer.load.entities.ms,1787738398458000000,1787738448283000000,286
jps.global.handle.before.change.events.ms,1787738398458000000,1787738448283000000,0
workspaceModel.mutableEntityStorage.add.entity.ms,1787738398458000000,1787738448283000000,174
workspaceModel.moduleManagerBridge.newModule.ms,1787738398458000000,1787738448283000000,0
workspaceModel.moduleBridge.before.changed.ms,1787738398458000000,1787738448283000000,0
workspaceModel.moduleManagerBridge.build.module.graph.ms,1787738398458000000,1787738448283000000,5
jps.reload.project.entities.ms,1787738398458000000,1787738448283000000,0
jps.app.storage.content.reader.load.component.ms,1787738398458000000,1787738448283000000,1
workspaceModel.delayed.project.synchronizer.sync.ms,1787738398458000000,1787738448283000000,1166
jps.global.get.library.ms,1787738398458000000,1787738448283000000,0
jps.library.entities.serializer.save.entities.ms,1787738398458000000,1787738448283000000,0
jps.global.get.library.by.name.ms,1787738398458000000,1787738448283000000,0
jps.save.global.entities.ms,1787738398458000000,1787738448283000000,207
workspaceModel.mutableEntityStorage.put.entity.ms,1787738398458000000,1787738448283000000,83
workspaceModel.mutableEntityStorage.has.same.entities.ms,1787738398458000000,1787738448283000000,0
jps.apply.loaded.storage.ms,1787738398458000000,1787738448283000000,784
jps.global.initialize.library.bridges.after.loading.ms,1787738398458000000,1787738448283000000,0
jps.global.get.libraries.ms,1787738398458000000,1787738448283000000,4
jps.load.initial.state.ms,1787738398458000000,1787738448283000000,18
jps.facet.change.listener.process.change.events.ms,1787738398458000000,1787738448283000000,0
workspaceModel.moduleManagerBridge.load.all.modules.ms,1787738398458000000,1787738448283000000,147
workspaceModel.moduleManagerBridge.new.nonPersistent.module.ms,1787738398458000000,1787738448283000000,0
workspaceModel.mutableEntityStorage.to.snapshot.ms,1787738398458000000,1787738448283000000,19
workspaceModel.mutableEntityStorage.collect.changes.ms,1787738398458000000,1787738448283000000,0
workspaceModel.moduleManagerBridge.set.unloadedModules.ms,1787738398458000000,1787738448283000000,0
workspaceModel.mutableEntityStorage.mutable.vfurl.index.ms,1787738398458000000,1787738448283000000,0
jps.library.entities.serializer.load.entities.ms,1787738398458000000,1787738448283000000,345
workspaceModel.sync.entities.ms,1787738398458000000,1787738448283000000,0
jps.facet.change.listener.before.change.events.ms,1787738398458000000,1787738448283000000,1
workspaceModel.save.cache.to.file.ms,1787738398458000000,1787738448283000000,677
workspaceModel.global.updates.count,1787738398458000000,1787738448283000000,0
workspaceModel.mutableEntityStorage.replace.by.source.ms,1787738398458000000,1787738448283000000,54
workspaceModel.moduleBridgeLoader.loading.modules.ms,1787738398458000000,1787738448283000000,1369
jps.artifact.entities.serializer.save.entities.ms,1787738398458000000,1787738448283000000,0
workspaceModel.mutableEntityStorage.add.diff.ms,1787738398458000000,1787738448283000000,98
workspaceModel.mutableEntityStorage.entities.by.source.ms,1787738398458000000,1787738448283000000,3
workspaceModel.mutableEntityStorage.entities.ms,1787738398458000000,1787738448283000000,1
jps.storage.jps.conf.reader.load.component.ms,1787738398458000000,1787738448283000000,340
jps.project.serializers.save.ms,1787738398458000000,1787738448283000000,12
workspaceModel.global.apply.state.to.project.ms,1787738398458000000,1787738448283000000,46
workspaceModel.mutableEntityStorage.mutable.ext.mapping.ms,1787738398458000000,1787738448283000000,1
workspaceModel.mutableEntityStorage.resolve.ms,1787738398458000000,1787738448283000000,2
jps.project.serializers.load.ms,1787738398458000000,1787738448283000000,271
workspaceModel.moduleBridge.facet.initialization.ms,1787738398458000000,1787738448283000000,2
workspaceModel.moduleBridge.update.option.ms,1787738398458000000,1787738448283000000,0
workspaceModel.moduleManagerBridge.load.module.ms,1787738398458000000,1787738448283000000,0
Indexes.allKeys.lookups,1787738398458000000,1787738448283000000,0.0
Indexes.stubs.lookupDuration90PMs,1787738398458000000,1787738448283000000,0.0
Indexes.entries.lookups,1787738398458000000,1787738448283000000,0.0
Indexes.stubs.lookupDurationMaxMs,1787738398458000000,1787738448283000000,0.0
Indexes.entries.lookupDurationAvgMs,1787738398458000000,1787738448283000000,0.0
Indexes.allKeys.lookupDurationAvgMs,1787738398458000000,1787738448283000000,0.0
Indexes.stubs.lookups,1787738398458000000,1787738448283000000,0.0
Indexes.allKeys.lookupDurationMaxMs,1787738398458000000,1787738448283000000,0.0
Indexes.entries.lookupDuration90PMs,1787738398458000000,1787738448283000000,0.0
Indexes.stubs.lookupDurationAvgMs,1787738398458000000,1787738448283000000,0.0
Indexes.allKeys.lookupDuration90PMs,1787738398458000000,1787738448283000000,0.0
Indexes.entries.lookupDurationMaxMs,1787738398458000000,1787738448283000000,0.0
workspaceModel.pre.handlers.ms,1787738398458000000,1787738448283000000,2
workspaceModel.updates.count,1787738398458000000,1787738448283000000,5
workspaceModel.update.unloaded.entities.ms,1787738398458000000,1787738448283000000,0
workspaceModel.initializing.ms,1787738398458000000,1787738448283000000,1
workspaceModel.loading.total.ms,1787738398458000000,1787738448283000000,338
workspaceModel.check.recursive.update.ms,1787738398458000000,1787738448283000000,2
workspaceModel.init.bridges.ms,1787738398458000000,1787738448283000000,1
workspaceModel.updates.ms,1787738398458000000,1787738448283000000,166
workspaceModel.replace.project.model.ms,1787738398458000000,1787738448283000000,0
workspaceModel.collect.changes.ms,1787738398458000000,1787738448283000000,0
workspaceModel.updates.precise.ms,1787738398458000000,1787738448283000000,72
workspaceModel.to.snapshot.ms,1787738398458000000,1787738448283000000,15
workspaceModel.loading.from.cache.ms,1787738398458000000,1787738448283000000,308
