# OpenTelemetry Metrics report: .csv, 4 fields: 
# <metric name>, <period start, nanoseconds>, <period end, nanoseconds>, <metric value>
# See CsvMetricsExporter for details.
# 
# NAME, PERIOD_START_NANOS, PERIOD_END_NANOS, VALUE
FileNameCache.queries,1787732768661000000,1787732828681000000,335353
FileNameCache.fastMisses,1787732768661000000,1787732828681000000,19444
FileNameCache.totalMisses,1787732768661000000,1787732828681000000,7632
workspaceModel.mutableEntityStorage.mutable.vfurl.index.ms,1787732768661000000,1787732828681000000,0
jps.facet.change.listener.process.change.events.ms,1787732768661000000,1787732828681000000,0
workspaceModel.moduleManagerBridge.load.module.ms,1787732768661000000,1787732828681000000,0
jps.global.get.libraries.ms,1787732768661000000,1787732828681000000,2
workspaceModel.global.updates.ms,1787732768661000000,1787732828681000000,0
workspaceModel.mutableEntityStorage.add.entity.ms,1787732768661000000,1787732828681000000,218
jps.global.get.library.by.name.ms,1787732768661000000,1787732828681000000,0
workspaceModel.mutableEntityStorage.entities.by.source.ms,1787732768661000000,1787732828681000000,1
jps.project.serializers.load.ms,1787732768661000000,1787732828681000000,274
workspaceModel.mutableEntityStorage.mutable.ext.mapping.ms,1787732768661000000,1787732828681000000,1
workspaceModel.delayed.project.synchronizer.sync.ms,1787732768661000000,1787732828681000000,1934
jps.facet.change.listener.before.change.events.ms,1787732768661000000,1787732828681000000,1
jps.app.storage.content.reader.load.component.ms,1787732768661000000,1787732828681000000,4
jps.artifact.entities.serializer.load.entities.ms,1787732768661000000,1787732828681000000,0
jps.global.initialize.library.bridges.after.loading.ms,1787732768661000000,1787732828681000000,0
jps.library.entities.serializer.save.entities.ms,1787732768661000000,1787732828681000000,0
workspaceModel.mutableEntityStorage.remove.entity.ms,1787732768661000000,1787732828681000000,0
jps.global.get.library.ms,1787732768661000000,1787732828681000000,0
workspaceModel.mutableEntityStorage.entities.ms,1787732768661000000,1787732828681000000,0
jps.reload.project.entities.ms,1787732768661000000,1787732828681000000,0
jps.global.handle.changed.events.ms,1787732768661000000,1787732828681000000,0
jps.save.global.entities.ms,1787732768661000000,1787732828681000000,0
jps.project.serializers.save.ms,1787732768661000000,1787732828681000000,0
jps.save.changed.project.entities.ms,1787732768661000000,1787732828681000000,0
workspaceModel.moduleBridgeLoader.loading.modules.ms,1787732768661000000,1787732828681000000,1383
workspaceModel.sync.entities.ms,1787732768661000000,1787732828681000000,0
workspaceModel.mutableEntityStorage.has.same.entities.ms,1787732768661000000,1787732828681000000,0
jps.global.handle.before.change.events.ms,1787732768661000000,1787732828681000000,0
workspaceModel.orphan.listener.update.ms,1787732768661000000,1787732828681000000,4
workspaceModel.moduleBridge.before.changed.ms,1787732768661000000,1787732828681000000,0
workspaceModel.moduleManagerBridge.newModule.ms,1787732768661000000,1787732828681000000,0
workspaceModel.mutableEntityStorage.referrers.ms,1787732768661000000,1787732828681000000,0
jps.storage.jps.conf.reader.load.component.ms,1787732768661000000,1787732828681000000,284
jps.load.project.to.empty.storage.ms,1787732768661000000,1787732828681000000,436
jps.library.entities.serializer.load.entities.ms,1787732768661000000,1787732828681000000,275
workspaceModel.global.apply.state.to.project.ms,1787732768661000000,1787732828681000000,52
workspaceModel.mutableEntityStorage.add.diff.ms,1787732768661000000,1787732828681000000,92
workspaceModel.moduleManagerBridge.load.all.modules.ms,1787732768661000000,1787732828681000000,185
jps.module.iml.entities.serializer.save.entities.ms,1787732768661000000,1787732828681000000,0
workspaceModel.save.cache.to.file.ms,1787732768661000000,1787732828681000000,1128
jps.module.iml.entities.serializer.load.entities.ms,1787732768661000000,1787732828681000000,263
workspaceModel.mutableEntityStorage.put.entity.ms,1787732768661000000,1787732828681000000,92
workspaceModel.moduleBridge.update.option.ms,1787732768661000000,1787732828681000000,0
workspaceModel.mutableEntityStorage.replace.by.source.ms,1787732768661000000,1787732828681000000,51
workspaceModel.mutableEntityStorage.modify.entity.ms,1787732768661000000,1787732828681000000,36
workspaceModel.mutableEntityStorage.to.snapshot.ms,1787732768661000000,1787732828681000000,5
workspaceModel.moduleBridge.facet.initialization.ms,1787732768661000000,1787732828681000000,2
workspaceModel.moduleManagerBridge.create.module.instance.ms,1787732768661000000,1787732828681000000,0
workspaceModel.moduleManagerBridge.set.unloadedModules.ms,1787732768661000000,1787732828681000000,0
workspaceModel.mutableEntityStorage.collect.changes.ms,1787732768661000000,1787732828681000000,1
jps.load.initial.state.ms,1787732768661000000,1787732828681000000,24
workspaceModel.moduleManagerBridge.new.nonPersistent.module.ms,1787732768661000000,1787732828681000000,0
workspaceModel.moduleManagerBridge.get.modules.ms,1787732768661000000,1787732828681000000,1
jps.apply.loaded.storage.ms,1787732768661000000,1787732828681000000,1480
jps.artifact.entities.serializer.save.entities.ms,1787732768661000000,1787732828681000000,0
workspaceModel.mutableEntityStorage.resolve.ms,1787732768661000000,1787732828681000000,2
jps.global.initialize.library.bridges.ms,1787732768661000000,1787732828681000000,0
workspaceModel.global.updates.count,1787732768661000000,1787732828681000000,0
jps.facet.change.listener.init.bridge.ms,1787732768661000000,1787732828681000000,0
workspaceModel.global.apply.state.to.project.builder.ms,1787732768661000000,1787732828681000000,5
workspaceModel.load.cache.from.file.ms,1787732768661000000,1787732828681000000,221
workspaceModel.moduleManagerBridge.build.module.graph.ms,1787732768661000000,1787732828681000000,1
workspaceModel.updates.precise.ms,1787732768661000000,1787732828681000000,65
workspaceModel.loading.total.ms,1787732768661000000,1787732828681000000,248
workspaceModel.updates.ms,1787732768661000000,1787732828681000000,127
workspaceModel.check.recursive.update.ms,1787732768661000000,1787732828681000000,6
workspaceModel.to.snapshot.ms,1787732768661000000,1787732828681000000,5
workspaceModel.update.unloaded.entities.ms,1787732768661000000,1787732828681000000,0
workspaceModel.pre.handlers.ms,1787732768661000000,1787732828681000000,2
workspaceModel.init.bridges.ms,1787732768661000000,1787732828681000000,1
workspaceModel.replace.project.model.ms,1787732768661000000,1787732828681000000,0
workspaceModel.initializing.ms,1787732768661000000,1787732828681000000,1
workspaceModel.loading.from.cache.ms,1787732768661000000,1787732828681000000,228
workspaceModel.updates.count,1787732768661000000,1787732828681000000,5
workspaceModel.collect.changes.ms,1787732768661000000,1787732828681000000,0
FlushQueue.waitingTimeAvgNs,1787732768661000000,1787732828681000000,5.800403934157557E8
FlushQueue.queueSizeMax,1787732768661000000,1787732828681000000,178
FlushQueue.queueSizeAvg,1787732768661000000,1787732828681000000,26.36336223143611
FlushQueue.tasksExecuted,1787732768661000000,1787732828681000000,2653
AWTEventQueue.dispatchTimeTotalNS,1787732768661000000,1787732828681000000,34191793917
AWTEventQueue.dispatchTimeMaxNs,1787732768661000000,1787732828681000000,2415919103
NonBlockingReadAction.finalizedExecutionTimeUs,1787732768661000000,1787732828681000000,2661417
NonBlockingReadAction.failedExecutionsCount,1787732768661000000,1787732828681000000,5
AWTEventQueue.eventsDispatched,1787732768661000000,1787732828681000000,6078
AWTEventQueue.dispatchTime90PNs,1787732768661000000,1787732828681000000,7208959
NonBlockingReadAction.failedExecutionTimeUs,1787732768661000000,1787732828681000000,128183
AWTEventQueue.dispatchTimeAvgNs,1787732768661000000,1787732828681000000,5626299.427443238
FlushQueue.executionTimeAvgNs,1787732768661000000,1787732828681000000,5382436.9102902375
FlushQueue.waitingTime90PNs,1787732768661000000,1787732828681000000,2332033023
NonBlockingReadAction.finalizedExecutionsCount,1787732768661000000,1787732828681000000,224
FlushQueue.executionTimeMaxNs,1787732768661000000,1787732828681000000,2415919103
FlushQueue.queueSize90P,1787732768661000000,1787732828681000000,81
FlushQueue.executionTime90PNs,1787732768661000000,1787732828681000000,4718591
FlushQueue.waitingTimeMaxNs,1787732768661000000,1787732828681000000,4932501503
StreamlinedBlobStorage.recordsAllocated,1787732768661000000,1787732828681000000,11135
DirectByteBufferAllocator.totalSizeOfBuffersAllocatedInBytes,1787732768661000000,1787732828681000000,266469376
FilePageCache.pageFastCacheHits,1787732768661000000,1787732828681000000,34242
StorageLockContext.competingThreads.avg,1787732768661000000,1787732828681000000,0.0
StreamlinedBlobStorage.totalLiveRecordsCapacityBytes,1787732768661000000,1787732828681000000,802660
StorageLockContext.competingThreads.max,1787732768661000000,1787732828681000000,0
DirectByteBufferAllocator.hits,1787732768661000000,1787732828681000000,3
FilePageCache.totalPageDisposalsUs,1787732768661000000,1787732828681000000,8132
DirectByteBufferAllocator.totalSizeOfBuffersCachedInBytes,1787732768661000000,1787732828681000000,0
StreamlinedBlobStorage.recordsRelocated,1787732768661000000,1787732828681000000,0
FilePageCache.disposedBuffers,1787732768661000000,1787732828681000000,3
FilePageCache.pageHits,1787732768661000000,1787732828681000000,5
FilePageCache.pageLoads,1787732768661000000,1787732828681000000,264
FilePageCache.uncachedFileAccess,1787732768661000000,1787732828681000000,135
StorageLockContext.competingThreads.90P,1787732768661000000,1787732828681000000,0
FilePageCache.maxCacheSizeInBytes,1787732768661000000,1787732828681000000,266469376
StreamlinedBlobStorage.totalLiveRecordsPayloadBytes,1787732768661000000,1787732828681000000,325463
DirectByteBufferAllocator.misses,1787732768661000000,1787732828681000000,261
StreamlinedBlobStorage.recordsDeleted,1787732768661000000,1787732828681000000,31
FilePageCache.maxRegisteredFiles,1787732768661000000,1787732828681000000,617
FilePageCache.capacityInBytes,1787732768661000000,1787732828681000000,524288000
DirectByteBufferAllocator.reclaimed,1787732768661000000,1787732828681000000,3
FilePageCache.totalPageLoadsUs,1787732768661000000,1787732828681000000,458909
DirectByteBufferAllocator.disposed,1787732768661000000,1787732828681000000,0
FilePageCache.pageLoadsAboveSizeThreshold,1787732768661000000,1787732828681000000,0
JVM.usedNativeBytes,1787732768661000000,1787732828681000000,360322928
OS.loadAverage,1787732768661000000,1787732828681000000,7.39892578125
JVM.totalCpuTimeMs,1787732768661000000,1787732828681000000,105141
JVM.usedHeapBytes,1787732768661000000,1787732828681000000,226125344
JVM.GC.collectionTimesMs,1787732768661000000,1787732828681000000,322
JVM.GC.collections,1787732768661000000,1787732828681000000,45
JVM.threadCount,1787732768661000000,1787732828681000000,134
JVM.maxHeapBytes,1787732768661000000,1787732828681000000,2147483648
JVM.maxNativeBytes,1787732768661000000,1787732828681000000,-1
Indexes.stubs.lookupDuration90PMs,1787732768661000000,1787732828681000000,17.0
Indexes.entries.lookupDuration90PMs,1787732768661000000,1787732828681000000,17.0
Indexes.allKeys.lookupDuration90PMs,1787732768661000000,1787732828681000000,0.0
IndexesFlusher.totalFlushingTimeUs,1787732768661000000,1787732828681000000,3085929
Indexes.stubs.lookups,1787732768661000000,1787732828681000000,40.0
Indexes.entries.lookupDurationMaxMs,1787732768661000000,1787732828681000000,45.0
IndexesFlusher.totalFlushes,1787732768661000000,1787732828681000000,103
VFSFlusher.totalContentionQuotaSpent,1787732768661000000,1787732828681000000,0
IndexesFlusher.totalContentionQuotaSpent,1787732768661000000,1787732828681000000,92
Indexes.allKeys.lookupDurationMaxMs,1787732768661000000,1787732828681000000,0.0
Indexes.entries.lookups,1787732768661000000,1787732828681000000,52.0
Indexes.allKeys.lookups,1787732768661000000,1787732828681000000,0.0
VFSFlusher.totalFlushesRetried,1787732768661000000,1787732828681000000,0
VFSFlusher.totalFlushes,1787732768661000000,1787732828681000000,4
Indexes.stubs.lookupDurationAvgMs,1787732768661000000,1787732828681000000,11.325
Indexes.allKeys.lookupDurationAvgMs,1787732768661000000,1787732828681000000,0.0
Indexes.stubs.lookupDurationMaxMs,1787732768661000000,1787732828681000000,135.0
Indexes.entries.lookupDurationAvgMs,1787732768661000000,1787732828681000000,4.269230769230769
IndexesFlusher.totalFlushesRetried,1787732768661000000,1787732828681000000,3
VFSFlusher.totalFlushingTimeUs,1787732768661000000,1787732828681000000,216421
FileNameCache.queries,1787732828681000000,1787732888682000000,1269
FileNameCache.fastMisses,1787732828681000000,1787732888682000000,2
FileNameCache.totalMisses,1787732828681000000,1787732888682000000,0
workspaceModel.mutableEntityStorage.mutable.vfurl.index.ms,1787732828681000000,1787732888682000000,0
jps.facet.change.listener.process.change.events.ms,1787732828681000000,1787732888682000000,0
workspaceModel.moduleManagerBridge.load.module.ms,1787732828681000000,1787732888682000000,0
jps.global.get.libraries.ms,1787732828681000000,1787732888682000000,2
workspaceModel.global.updates.ms,1787732828681000000,1787732888682000000,0
workspaceModel.mutableEntityStorage.add.entity.ms,1787732828681000000,1787732888682000000,218
jps.global.get.library.by.name.ms,1787732828681000000,1787732888682000000,0
workspaceModel.mutableEntityStorage.entities.by.source.ms,1787732828681000000,1787732888682000000,1
jps.project.serializers.load.ms,1787732828681000000,1787732888682000000,274
workspaceModel.mutableEntityStorage.mutable.ext.mapping.ms,1787732828681000000,1787732888682000000,1
workspaceModel.delayed.project.synchronizer.sync.ms,1787732828681000000,1787732888682000000,1934
jps.facet.change.listener.before.change.events.ms,1787732828681000000,1787732888682000000,1
jps.app.storage.content.reader.load.component.ms,1787732828681000000,1787732888682000000,4
jps.artifact.entities.serializer.load.entities.ms,1787732828681000000,1787732888682000000,0
jps.global.initialize.library.bridges.after.loading.ms,1787732828681000000,1787732888682000000,0
jps.library.entities.serializer.save.entities.ms,1787732828681000000,1787732888682000000,0
workspaceModel.mutableEntityStorage.remove.entity.ms,1787732828681000000,1787732888682000000,0
jps.global.get.library.ms,1787732828681000000,1787732888682000000,0
workspaceModel.mutableEntityStorage.entities.ms,1787732828681000000,1787732888682000000,0
jps.reload.project.entities.ms,1787732828681000000,1787732888682000000,0
jps.global.handle.changed.events.ms,1787732828681000000,1787732888682000000,0
jps.save.global.entities.ms,1787732828681000000,1787732888682000000,0
jps.project.serializers.save.ms,1787732828681000000,1787732888682000000,0
jps.save.changed.project.entities.ms,1787732828681000000,1787732888682000000,0
workspaceModel.moduleBridgeLoader.loading.modules.ms,1787732828681000000,1787732888682000000,1383
workspaceModel.sync.entities.ms,1787732828681000000,1787732888682000000,0
workspaceModel.mutableEntityStorage.has.same.entities.ms,1787732828681000000,1787732888682000000,0
jps.global.handle.before.change.events.ms,1787732828681000000,1787732888682000000,0
workspaceModel.orphan.listener.update.ms,1787732828681000000,1787732888682000000,4
workspaceModel.moduleBridge.before.changed.ms,1787732828681000000,1787732888682000000,0
workspaceModel.moduleManagerBridge.newModule.ms,1787732828681000000,1787732888682000000,0
workspaceModel.mutableEntityStorage.referrers.ms,1787732828681000000,1787732888682000000,0
jps.storage.jps.conf.reader.load.component.ms,1787732828681000000,1787732888682000000,284
jps.load.project.to.empty.storage.ms,1787732828681000000,1787732888682000000,436
jps.library.entities.serializer.load.entities.ms,1787732828681000000,1787732888682000000,275
workspaceModel.global.apply.state.to.project.ms,1787732828681000000,1787732888682000000,52
workspaceModel.mutableEntityStorage.add.diff.ms,1787732828681000000,1787732888682000000,92
workspaceModel.moduleManagerBridge.load.all.modules.ms,1787732828681000000,1787732888682000000,185
jps.module.iml.entities.serializer.save.entities.ms,1787732828681000000,1787732888682000000,0
workspaceModel.save.cache.to.file.ms,1787732828681000000,1787732888682000000,1128
jps.module.iml.entities.serializer.load.entities.ms,1787732828681000000,1787732888682000000,263
workspaceModel.mutableEntityStorage.put.entity.ms,1787732828681000000,1787732888682000000,92
workspaceModel.moduleBridge.update.option.ms,1787732828681000000,1787732888682000000,0
workspaceModel.mutableEntityStorage.replace.by.source.ms,1787732828681000000,1787732888682000000,51
workspaceModel.mutableEntityStorage.modify.entity.ms,1787732828681000000,1787732888682000000,36
workspaceModel.mutableEntityStorage.to.snapshot.ms,1787732828681000000,1787732888682000000,5
workspaceModel.moduleBridge.facet.initialization.ms,1787732828681000000,1787732888682000000,2
workspaceModel.moduleManagerBridge.create.module.instance.ms,1787732828681000000,1787732888682000000,0
workspaceModel.moduleManagerBridge.set.unloadedModules.ms,1787732828681000000,1787732888682000000,0
workspaceModel.mutableEntityStorage.collect.changes.ms,1787732828681000000,1787732888682000000,1
jps.load.initial.state.ms,1787732828681000000,1787732888682000000,24
workspaceModel.moduleManagerBridge.new.nonPersistent.module.ms,1787732828681000000,1787732888682000000,0
workspaceModel.moduleManagerBridge.get.modules.ms,1787732828681000000,1787732888682000000,1
jps.apply.loaded.storage.ms,1787732828681000000,1787732888682000000,1480
jps.artifact.entities.serializer.save.entities.ms,1787732828681000000,1787732888682000000,0
workspaceModel.mutableEntityStorage.resolve.ms,1787732828681000000,1787732888682000000,2
jps.global.initialize.library.bridges.ms,1787732828681000000,1787732888682000000,0
workspaceModel.global.updates.count,1787732828681000000,1787732888682000000,0
jps.facet.change.listener.init.bridge.ms,1787732828681000000,1787732888682000000,0
workspaceModel.global.apply.state.to.project.builder.ms,1787732828681000000,1787732888682000000,5
workspaceModel.load.cache.from.file.ms,1787732828681000000,1787732888682000000,221
workspaceModel.moduleManagerBridge.build.module.graph.ms,1787732828681000000,1787732888682000000,1
workspaceModel.updates.precise.ms,1787732828681000000,1787732888682000000,65
workspaceModel.loading.total.ms,1787732828681000000,1787732888682000000,248
workspaceModel.updates.ms,1787732828681000000,1787732888682000000,127
workspaceModel.check.recursive.update.ms,1787732828681000000,1787732888682000000,6
workspaceModel.to.snapshot.ms,1787732828681000000,1787732888682000000,5
workspaceModel.update.unloaded.entities.ms,1787732828681000000,1787732888682000000,0
workspaceModel.pre.handlers.ms,1787732828681000000,1787732888682000000,2
workspaceModel.init.bridges.ms,1787732828681000000,1787732888682000000,1
workspaceModel.replace.project.model.ms,1787732828681000000,1787732888682000000,0
workspaceModel.initializing.ms,1787732828681000000,1787732888682000000,1
workspaceModel.loading.from.cache.ms,1787732828681000000,1787732888682000000,228
workspaceModel.updates.count,1787732828681000000,1787732888682000000,5
workspaceModel.collect.changes.ms,1787732828681000000,1787732888682000000,0
FlushQueue.waitingTimeAvgNs,1787732828681000000,1787732888682000000,2.23298751160221E7
FlushQueue.queueSizeMax,1787732828681000000,1787732888682000000,13
FlushQueue.queueSizeAvg,1787732828681000000,1787732888682000000,1.0055248618784531
FlushQueue.tasksExecuted,1787732828681000000,1787732888682000000,543
AWTEventQueue.dispatchTimeTotalNS,1787732828681000000,1787732888682000000,11630468810
AWTEventQueue.dispatchTimeMaxNs,1787732828681000000,1787732888682000000,905969663
NonBlockingReadAction.finalizedExecutionTimeUs,1787732828681000000,1787732888682000000,233
NonBlockingReadAction.failedExecutionsCount,1787732828681000000,1787732888682000000,0
AWTEventQueue.eventsDispatched,1787732828681000000,1787732888682000000,13538
AWTEventQueue.dispatchTime90PNs,1787732828681000000,1787732888682000000,1736703
NonBlockingReadAction.failedExecutionTimeUs,1787732828681000000,1787732888682000000,0
AWTEventQueue.dispatchTimeAvgNs,1787732828681000000,1787732888682000000,850087.8434037524
FlushQueue.executionTimeAvgNs,1787732828681000000,1787732888682000000,1190637.2504604051
FlushQueue.waitingTime90PNs,1787732828681000000,1787732888682000000,43515903
NonBlockingReadAction.finalizedExecutionsCount,1787732828681000000,1787732888682000000,3
FlushQueue.executionTimeMaxNs,1787732828681000000,1787732888682000000,263192575
FlushQueue.queueSize90P,1787732828681000000,1787732888682000000,4
FlushQueue.executionTime90PNs,1787732828681000000,1787732888682000000,1581055
FlushQueue.waitingTimeMaxNs,1787732828681000000,1787732888682000000,960495615
StreamlinedBlobStorage.recordsAllocated,1787732828681000000,1787732888682000000,0
DirectByteBufferAllocator.totalSizeOfBuffersAllocatedInBytes,1787732828681000000,1787732888682000000,266469376
FilePageCache.pageFastCacheHits,1787732828681000000,1787732888682000000,0
StorageLockContext.competingThreads.avg,1787732828681000000,1787732888682000000,0.0
StreamlinedBlobStorage.totalLiveRecordsCapacityBytes,1787732828681000000,1787732888682000000,0
StorageLockContext.competingThreads.max,1787732828681000000,1787732888682000000,0
DirectByteBufferAllocator.hits,1787732828681000000,1787732888682000000,0
FilePageCache.totalPageDisposalsUs,1787732828681000000,1787732888682000000,0
DirectByteBufferAllocator.totalSizeOfBuffersCachedInBytes,1787732828681000000,1787732888682000000,0
StreamlinedBlobStorage.recordsRelocated,1787732828681000000,1787732888682000000,0
FilePageCache.disposedBuffers,1787732828681000000,1787732888682000000,0
FilePageCache.pageHits,1787732828681000000,1787732888682000000,0
FilePageCache.pageLoads,1787732828681000000,1787732888682000000,0
FilePageCache.uncachedFileAccess,1787732828681000000,1787732888682000000,0
StorageLockContext.competingThreads.90P,1787732828681000000,1787732888682000000,0
FilePageCache.maxCacheSizeInBytes,1787732828681000000,1787732888682000000,266469376
StreamlinedBlobStorage.totalLiveRecordsPayloadBytes,1787732828681000000,1787732888682000000,0
DirectByteBufferAllocator.misses,1787732828681000000,1787732888682000000,0
StreamlinedBlobStorage.recordsDeleted,1787732828681000000,1787732888682000000,0
FilePageCache.maxRegisteredFiles,1787732828681000000,1787732888682000000,617
FilePageCache.capacityInBytes,1787732828681000000,1787732888682000000,524288000
DirectByteBufferAllocator.reclaimed,1787732828681000000,1787732888682000000,0
FilePageCache.totalPageLoadsUs,1787732828681000000,1787732888682000000,0
DirectByteBufferAllocator.disposed,1787732828681000000,1787732888682000000,0
FilePageCache.pageLoadsAboveSizeThreshold,1787732828681000000,1787732888682000000,0
JVM.usedNativeBytes,1787732828681000000,1787732888682000000,371785200
OS.loadAverage,1787732828681000000,1787732888682000000,5.64111328125
JVM.totalCpuTimeMs,1787732828681000000,1787732888682000000,30117
JVM.usedHeapBytes,1787732828681000000,1787732888682000000,350105072
JVM.GC.collectionTimesMs,1787732828681000000,1787732888682000000,49
JVM.GC.collections,1787732828681000000,1787732888682000000,4
JVM.threadCount,1787732828681000000,1787732888682000000,72
JVM.maxHeapBytes,1787732828681000000,1787732888682000000,2147483648
JVM.maxNativeBytes,1787732828681000000,1787732888682000000,-1
Indexes.stubs.lookupDuration90PMs,1787732828681000000,1787732888682000000,0.0
Indexes.entries.lookupDuration90PMs,1787732828681000000,1787732888682000000,0.0
Indexes.allKeys.lookupDuration90PMs,1787732828681000000,1787732888682000000,0.0
IndexesFlusher.totalFlushingTimeUs,1787732828681000000,1787732888682000000,1128667
Indexes.stubs.lookups,1787732828681000000,1787732888682000000,0.0
Indexes.entries.lookupDurationMaxMs,1787732828681000000,1787732888682000000,0.0
IndexesFlusher.totalFlushes,1787732828681000000,1787732888682000000,173
VFSFlusher.totalContentionQuotaSpent,1787732828681000000,1787732888682000000,0
IndexesFlusher.totalContentionQuotaSpent,1787732828681000000,1787732888682000000,0
Indexes.allKeys.lookupDurationMaxMs,1787732828681000000,1787732888682000000,0.0
Indexes.entries.lookups,1787732828681000000,1787732888682000000,0.0
Indexes.allKeys.lookups,1787732828681000000,1787732888682000000,0.0
VFSFlusher.totalFlushesRetried,1787732828681000000,1787732888682000000,0
VFSFlusher.totalFlushes,1787732828681000000,1787732888682000000,0
Indexes.stubs.lookupDurationAvgMs,1787732828681000000,1787732888682000000,0.0
Indexes.allKeys.lookupDurationAvgMs,1787732828681000000,1787732888682000000,0.0
Indexes.stubs.lookupDurationMaxMs,1787732828681000000,1787732888682000000,0.0
Indexes.entries.lookupDurationAvgMs,1787732828681000000,1787732888682000000,0.0
IndexesFlusher.totalFlushesRetried,1787732828681000000,1787732888682000000,0
VFSFlusher.totalFlushingTimeUs,1787732828681000000,1787732888682000000,0
FileNameCache.queries,1787732888682000000,1787732948686000000,3657
FileNameCache.fastMisses,1787732888682000000,1787732948686000000,4
FileNameCache.totalMisses,1787732888682000000,1787732948686000000,0
workspaceModel.mutableEntityStorage.mutable.vfurl.index.ms,1787732888682000000,1787732948686000000,0
jps.facet.change.listener.process.change.events.ms,1787732888682000000,1787732948686000000,0
workspaceModel.moduleManagerBridge.load.module.ms,1787732888682000000,1787732948686000000,0
jps.global.get.libraries.ms,1787732888682000000,1787732948686000000,2
workspaceModel.global.updates.ms,1787732888682000000,1787732948686000000,0
workspaceModel.mutableEntityStorage.add.entity.ms,1787732888682000000,1787732948686000000,218
jps.global.get.library.by.name.ms,1787732888682000000,1787732948686000000,0
workspaceModel.mutableEntityStorage.entities.by.source.ms,1787732888682000000,1787732948686000000,1
jps.project.serializers.load.ms,1787732888682000000,1787732948686000000,274
workspaceModel.mutableEntityStorage.mutable.ext.mapping.ms,1787732888682000000,1787732948686000000,1
workspaceModel.delayed.project.synchronizer.sync.ms,1787732888682000000,1787732948686000000,1934
jps.facet.change.listener.before.change.events.ms,1787732888682000000,1787732948686000000,1
jps.app.storage.content.reader.load.component.ms,1787732888682000000,1787732948686000000,4
jps.artifact.entities.serializer.load.entities.ms,1787732888682000000,1787732948686000000,0
jps.global.initialize.library.bridges.after.loading.ms,1787732888682000000,1787732948686000000,0
jps.library.entities.serializer.save.entities.ms,1787732888682000000,1787732948686000000,0
workspaceModel.mutableEntityStorage.remove.entity.ms,1787732888682000000,1787732948686000000,0
jps.global.get.library.ms,1787732888682000000,1787732948686000000,0
workspaceModel.mutableEntityStorage.entities.ms,1787732888682000000,1787732948686000000,0
jps.reload.project.entities.ms,1787732888682000000,1787732948686000000,0
jps.global.handle.changed.events.ms,1787732888682000000,1787732948686000000,0
jps.save.global.entities.ms,1787732888682000000,1787732948686000000,0
jps.project.serializers.save.ms,1787732888682000000,1787732948686000000,0
jps.save.changed.project.entities.ms,1787732888682000000,1787732948686000000,0
workspaceModel.moduleBridgeLoader.loading.modules.ms,1787732888682000000,1787732948686000000,1383
workspaceModel.sync.entities.ms,1787732888682000000,1787732948686000000,0
workspaceModel.mutableEntityStorage.has.same.entities.ms,1787732888682000000,1787732948686000000,0
jps.global.handle.before.change.events.ms,1787732888682000000,1787732948686000000,0
workspaceModel.orphan.listener.update.ms,1787732888682000000,1787732948686000000,4
workspaceModel.moduleBridge.before.changed.ms,1787732888682000000,1787732948686000000,0
workspaceModel.moduleManagerBridge.newModule.ms,1787732888682000000,1787732948686000000,0
workspaceModel.mutableEntityStorage.referrers.ms,1787732888682000000,1787732948686000000,0
jps.storage.jps.conf.reader.load.component.ms,1787732888682000000,1787732948686000000,284
jps.load.project.to.empty.storage.ms,1787732888682000000,1787732948686000000,436
jps.library.entities.serializer.load.entities.ms,1787732888682000000,1787732948686000000,275
workspaceModel.global.apply.state.to.project.ms,1787732888682000000,1787732948686000000,52
workspaceModel.mutableEntityStorage.add.diff.ms,1787732888682000000,1787732948686000000,92
workspaceModel.moduleManagerBridge.load.all.modules.ms,1787732888682000000,1787732948686000000,185
jps.module.iml.entities.serializer.save.entities.ms,1787732888682000000,1787732948686000000,0
workspaceModel.save.cache.to.file.ms,1787732888682000000,1787732948686000000,1128
jps.module.iml.entities.serializer.load.entities.ms,1787732888682000000,1787732948686000000,263
workspaceModel.mutableEntityStorage.put.entity.ms,1787732888682000000,1787732948686000000,92
workspaceModel.moduleBridge.update.option.ms,1787732888682000000,1787732948686000000,0
workspaceModel.mutableEntityStorage.replace.by.source.ms,1787732888682000000,1787732948686000000,51
workspaceModel.mutableEntityStorage.modify.entity.ms,1787732888682000000,1787732948686000000,36
workspaceModel.mutableEntityStorage.to.snapshot.ms,1787732888682000000,1787732948686000000,5
workspaceModel.moduleBridge.facet.initialization.ms,1787732888682000000,1787732948686000000,2
workspaceModel.moduleManagerBridge.create.module.instance.ms,1787732888682000000,1787732948686000000,0
workspaceModel.moduleManagerBridge.set.unloadedModules.ms,1787732888682000000,1787732948686000000,0
workspaceModel.mutableEntityStorage.collect.changes.ms,1787732888682000000,1787732948686000000,1
jps.load.initial.state.ms,1787732888682000000,1787732948686000000,24
workspaceModel.moduleManagerBridge.new.nonPersistent.module.ms,1787732888682000000,1787732948686000000,0
workspaceModel.moduleManagerBridge.get.modules.ms,1787732888682000000,1787732948686000000,1
jps.apply.loaded.storage.ms,1787732888682000000,1787732948686000000,1480
jps.artifact.entities.serializer.save.entities.ms,1787732888682000000,1787732948686000000,0
workspaceModel.mutableEntityStorage.resolve.ms,1787732888682000000,1787732948686000000,2
jps.global.initialize.library.bridges.ms,1787732888682000000,1787732948686000000,0
workspaceModel.global.updates.count,1787732888682000000,1787732948686000000,0
jps.facet.change.listener.init.bridge.ms,1787732888682000000,1787732948686000000,0
workspaceModel.global.apply.state.to.project.builder.ms,1787732888682000000,1787732948686000000,5
workspaceModel.load.cache.from.file.ms,1787732888682000000,1787732948686000000,221
workspaceModel.moduleManagerBridge.build.module.graph.ms,1787732888682000000,1787732948686000000,1
workspaceModel.updates.precise.ms,1787732888682000000,1787732948686000000,65
workspaceModel.loading.total.ms,1787732888682000000,1787732948686000000,248
workspaceModel.updates.ms,1787732888682000000,1787732948686000000,127
workspaceModel.check.recursive.update.ms,1787732888682000000,1787732948686000000,6
workspaceModel.to.snapshot.ms,1787732888682000000,1787732948686000000,5
workspaceModel.update.unloaded.entities.ms,1787732888682000000,1787732948686000000,0
workspaceModel.pre.handlers.ms,1787732888682000000,1787732948686000000,2
workspaceModel.init.bridges.ms,1787732888682000000,1787732948686000000,1
workspaceModel.replace.project.model.ms,1787732888682000000,1787732948686000000,0
workspaceModel.initializing.ms,1787732888682000000,1787732948686000000,1
workspaceModel.loading.from.cache.ms,1787732888682000000,1787732948686000000,228
workspaceModel.updates.count,1787732888682000000,1787732948686000000,5
workspaceModel.collect.changes.ms,1787732888682000000,1787732948686000000,0
FlushQueue.waitingTimeAvgNs,1787732888682000000,1787732948686000000,5126918.171698113
FlushQueue.queueSizeMax,1787732888682000000,1787732948686000000,11
FlushQueue.queueSizeAvg,1787732888682000000,1787732948686000000,0.5886792452830188
FlushQueue.tasksExecuted,1787732888682000000,1787732948686000000,1060
AWTEventQueue.dispatchTimeTotalNS,1787732888682000000,1787732948686000000,11243545161
AWTEventQueue.dispatchTimeMaxNs,1787732888682000000,1787732948686000000,190840831
NonBlockingReadAction.finalizedExecutionTimeUs,1787732888682000000,1787732948686000000,19266
NonBlockingReadAction.failedExecutionsCount,1787732888682000000,1787732948686000000,0
AWTEventQueue.eventsDispatched,1787732888682000000,1787732948686000000,20125
AWTEventQueue.dispatchTime90PNs,1787732888682000000,1787732948686000000,1572863
NonBlockingReadAction.failedExecutionTimeUs,1787732888682000000,1787732948686000000,0
AWTEventQueue.dispatchTimeAvgNs,1787732888682000000,1787732948686000000,558586.6480496895
FlushQueue.executionTimeAvgNs,1787732888682000000,1787732948686000000,522462.6867924528
FlushQueue.waitingTime90PNs,1787732888682000000,1787732948686000000,7667711
NonBlockingReadAction.finalizedExecutionsCount,1787732888682000000,1787732948686000000,135
FlushQueue.executionTimeMaxNs,1787732888682000000,1787732948686000000,21364735
FlushQueue.queueSize90P,1787732888682000000,1787732948686000000,2
FlushQueue.executionTime90PNs,1787732888682000000,1787732948686000000,1138687
FlushQueue.waitingTimeMaxNs,1787732888682000000,1787732948686000000,221249535
StreamlinedBlobStorage.recordsAllocated,1787732888682000000,1787732948686000000,0
DirectByteBufferAllocator.totalSizeOfBuffersAllocatedInBytes,1787732888682000000,1787732948686000000,266469376
FilePageCache.pageFastCacheHits,1787732888682000000,1787732948686000000,0
StorageLockContext.competingThreads.avg,1787732888682000000,1787732948686000000,0.0
StreamlinedBlobStorage.totalLiveRecordsCapacityBytes,1787732888682000000,1787732948686000000,0
StorageLockContext.competingThreads.max,1787732888682000000,1787732948686000000,0
DirectByteBufferAllocator.hits,1787732888682000000,1787732948686000000,0
FilePageCache.totalPageDisposalsUs,1787732888682000000,1787732948686000000,0
DirectByteBufferAllocator.totalSizeOfBuffersCachedInBytes,1787732888682000000,1787732948686000000,0
StreamlinedBlobStorage.recordsRelocated,1787732888682000000,1787732948686000000,0
FilePageCache.disposedBuffers,1787732888682000000,1787732948686000000,0
FilePageCache.pageHits,1787732888682000000,1787732948686000000,0
FilePageCache.pageLoads,1787732888682000000,1787732948686000000,0
FilePageCache.uncachedFileAccess,1787732888682000000,1787732948686000000,0
StorageLockContext.competingThreads.90P,1787732888682000000,1787732948686000000,0
FilePageCache.maxCacheSizeInBytes,1787732888682000000,1787732948686000000,266469376
StreamlinedBlobStorage.totalLiveRecordsPayloadBytes,1787732888682000000,1787732948686000000,0
DirectByteBufferAllocator.misses,1787732888682000000,1787732948686000000,0
StreamlinedBlobStorage.recordsDeleted,1787732888682000000,1787732948686000000,0
FilePageCache.maxRegisteredFiles,1787732888682000000,1787732948686000000,617
FilePageCache.capacityInBytes,1787732888682000000,1787732948686000000,524288000
DirectByteBufferAllocator.reclaimed,1787732888682000000,1787732948686000000,0
FilePageCache.totalPageLoadsUs,1787732888682000000,1787732948686000000,0
DirectByteBufferAllocator.disposed,1787732888682000000,1787732948686000000,0
FilePageCache.pageLoadsAboveSizeThreshold,1787732888682000000,1787732948686000000,0
JVM.usedNativeBytes,1787732888682000000,1787732948686000000,376531648
OS.loadAverage,1787732888682000000,1787732948686000000,5.962890625
JVM.totalCpuTimeMs,1787732888682000000,1787732948686000000,31781
JVM.usedHeapBytes,1787732888682000000,1787732948686000000,305137096
JVM.GC.collectionTimesMs,1787732888682000000,1787732948686000000,128
JVM.GC.collections,1787732888682000000,1787732948686000000,5
JVM.threadCount,1787732888682000000,1787732948686000000,58
JVM.maxHeapBytes,1787732888682000000,1787732948686000000,2147483648
JVM.maxNativeBytes,1787732888682000000,1787732948686000000,-1
Indexes.stubs.lookupDuration90PMs,1787732888682000000,1787732948686000000,0.0
Indexes.entries.lookupDuration90PMs,1787732888682000000,1787732948686000000,0.0
Indexes.allKeys.lookupDuration90PMs,1787732888682000000,1787732948686000000,0.0
IndexesFlusher.totalFlushingTimeUs,1787732888682000000,1787732948686000000,566846
Indexes.stubs.lookups,1787732888682000000,1787732948686000000,0.0
Indexes.entries.lookupDurationMaxMs,1787732888682000000,1787732948686000000,0.0
IndexesFlusher.totalFlushes,1787732888682000000,1787732948686000000,176
VFSFlusher.totalContentionQuotaSpent,1787732888682000000,1787732948686000000,0
IndexesFlusher.totalContentionQuotaSpent,1787732888682000000,1787732948686000000,0
Indexes.allKeys.lookupDurationMaxMs,1787732888682000000,1787732948686000000,0.0
Indexes.entries.lookups,1787732888682000000,1787732948686000000,0.0
Indexes.allKeys.lookups,1787732888682000000,1787732948686000000,0.0
VFSFlusher.totalFlushesRetried,1787732888682000000,1787732948686000000,0
VFSFlusher.totalFlushes,1787732888682000000,1787732948686000000,0
Indexes.stubs.lookupDurationAvgMs,1787732888682000000,1787732948686000000,0.0
Indexes.allKeys.lookupDurationAvgMs,1787732888682000000,1787732948686000000,0.0
Indexes.stubs.lookupDurationMaxMs,1787732888682000000,1787732948686000000,0.0
Indexes.entries.lookupDurationAvgMs,1787732888682000000,1787732948686000000,0.0
IndexesFlusher.totalFlushesRetried,1787732888682000000,1787732948686000000,0
VFSFlusher.totalFlushingTimeUs,1787732888682000000,1787732948686000000,0
FileNameCache.queries,1787732948686000000,1787733008687000000,9197
FileNameCache.fastMisses,1787732948686000000,1787733008687000000,130
FileNameCache.totalMisses,1787732948686000000,1787733008687000000,0
workspaceModel.mutableEntityStorage.mutable.vfurl.index.ms,1787732948686000000,1787733008687000000,0
jps.facet.change.listener.process.change.events.ms,1787732948686000000,1787733008687000000,0
workspaceModel.moduleManagerBridge.load.module.ms,1787732948686000000,1787733008687000000,0
jps.global.get.libraries.ms,1787732948686000000,1787733008687000000,2
workspaceModel.global.updates.ms,1787732948686000000,1787733008687000000,0
workspaceModel.mutableEntityStorage.add.entity.ms,1787732948686000000,1787733008687000000,218
jps.global.get.library.by.name.ms,1787732948686000000,1787733008687000000,0
workspaceModel.mutableEntityStorage.entities.by.source.ms,1787732948686000000,1787733008687000000,1
jps.project.serializers.load.ms,1787732948686000000,1787733008687000000,274
workspaceModel.mutableEntityStorage.mutable.ext.mapping.ms,1787732948686000000,1787733008687000000,1
workspaceModel.delayed.project.synchronizer.sync.ms,1787732948686000000,1787733008687000000,1934
jps.facet.change.listener.before.change.events.ms,1787732948686000000,1787733008687000000,1
jps.app.storage.content.reader.load.component.ms,1787732948686000000,1787733008687000000,4
jps.artifact.entities.serializer.load.entities.ms,1787732948686000000,1787733008687000000,0
jps.global.initialize.library.bridges.after.loading.ms,1787732948686000000,1787733008687000000,0
jps.library.entities.serializer.save.entities.ms,1787732948686000000,1787733008687000000,0
workspaceModel.mutableEntityStorage.remove.entity.ms,1787732948686000000,1787733008687000000,0
jps.global.get.library.ms,1787732948686000000,1787733008687000000,0
workspaceModel.mutableEntityStorage.entities.ms,1787732948686000000,1787733008687000000,0
jps.reload.project.entities.ms,1787732948686000000,1787733008687000000,0
jps.global.handle.changed.events.ms,1787732948686000000,1787733008687000000,0
jps.save.global.entities.ms,1787732948686000000,1787733008687000000,29
jps.project.serializers.save.ms,1787732948686000000,1787733008687000000,5
jps.save.changed.project.entities.ms,1787732948686000000,1787733008687000000,6
workspaceModel.moduleBridgeLoader.loading.modules.ms,1787732948686000000,1787733008687000000,1383
workspaceModel.sync.entities.ms,1787732948686000000,1787733008687000000,0
workspaceModel.mutableEntityStorage.has.same.entities.ms,1787732948686000000,1787733008687000000,0
jps.global.handle.before.change.events.ms,1787732948686000000,1787733008687000000,0
workspaceModel.orphan.listener.update.ms,1787732948686000000,1787733008687000000,4
workspaceModel.moduleBridge.before.changed.ms,1787732948686000000,1787733008687000000,0
workspaceModel.moduleManagerBridge.newModule.ms,1787732948686000000,1787733008687000000,0
workspaceModel.mutableEntityStorage.referrers.ms,1787732948686000000,1787733008687000000,0
jps.storage.jps.conf.reader.load.component.ms,1787732948686000000,1787733008687000000,284
jps.load.project.to.empty.storage.ms,1787732948686000000,1787733008687000000,436
jps.library.entities.serializer.load.entities.ms,1787732948686000000,1787733008687000000,275
workspaceModel.global.apply.state.to.project.ms,1787732948686000000,1787733008687000000,52
workspaceModel.mutableEntityStorage.add.diff.ms,1787732948686000000,1787733008687000000,92
workspaceModel.moduleManagerBridge.load.all.modules.ms,1787732948686000000,1787733008687000000,185
jps.module.iml.entities.serializer.save.entities.ms,1787732948686000000,1787733008687000000,0
workspaceModel.save.cache.to.file.ms,1787732948686000000,1787733008687000000,1128
jps.module.iml.entities.serializer.load.entities.ms,1787732948686000000,1787733008687000000,263
workspaceModel.mutableEntityStorage.put.entity.ms,1787732948686000000,1787733008687000000,92
workspaceModel.moduleBridge.update.option.ms,1787732948686000000,1787733008687000000,0
workspaceModel.mutableEntityStorage.replace.by.source.ms,1787732948686000000,1787733008687000000,51
workspaceModel.mutableEntityStorage.modify.entity.ms,1787732948686000000,1787733008687000000,36
workspaceModel.mutableEntityStorage.to.snapshot.ms,1787732948686000000,1787733008687000000,5
workspaceModel.moduleBridge.facet.initialization.ms,1787732948686000000,1787733008687000000,2
workspaceModel.moduleManagerBridge.create.module.instance.ms,1787732948686000000,1787733008687000000,0
workspaceModel.moduleManagerBridge.set.unloadedModules.ms,1787732948686000000,1787733008687000000,0
workspaceModel.mutableEntityStorage.collect.changes.ms,1787732948686000000,1787733008687000000,1
jps.load.initial.state.ms,1787732948686000000,1787733008687000000,24
workspaceModel.moduleManagerBridge.new.nonPersistent.module.ms,1787732948686000000,1787733008687000000,0
workspaceModel.moduleManagerBridge.get.modules.ms,1787732948686000000,1787733008687000000,1
jps.apply.loaded.storage.ms,1787732948686000000,1787733008687000000,1480
jps.artifact.entities.serializer.save.entities.ms,1787732948686000000,1787733008687000000,0
workspaceModel.mutableEntityStorage.resolve.ms,1787732948686000000,1787733008687000000,2
jps.global.initialize.library.bridges.ms,1787732948686000000,1787733008687000000,0
workspaceModel.global.updates.count,1787732948686000000,1787733008687000000,0
jps.app.storage.content.writer.save.component.ms,1787732948686000000,1787733008687000000,0
jps.facet.change.listener.init.bridge.ms,1787732948686000000,1787733008687000000,0
workspaceModel.global.apply.state.to.project.builder.ms,1787732948686000000,1787733008687000000,5
workspaceModel.load.cache.from.file.ms,1787732948686000000,1787733008687000000,221
workspaceModel.moduleManagerBridge.build.module.graph.ms,1787732948686000000,1787733008687000000,1
workspaceModel.updates.precise.ms,1787732948686000000,1787733008687000000,65
workspaceModel.loading.total.ms,1787732948686000000,1787733008687000000,248
workspaceModel.updates.ms,1787732948686000000,1787733008687000000,127
workspaceModel.check.recursive.update.ms,1787732948686000000,1787733008687000000,6
workspaceModel.to.snapshot.ms,1787732948686000000,1787733008687000000,5
workspaceModel.update.unloaded.entities.ms,1787732948686000000,1787733008687000000,0
workspaceModel.pre.handlers.ms,1787732948686000000,1787733008687000000,2
workspaceModel.init.bridges.ms,1787732948686000000,1787733008687000000,1
workspaceModel.replace.project.model.ms,1787732948686000000,1787733008687000000,0
workspaceModel.initializing.ms,1787732948686000000,1787733008687000000,1
workspaceModel.loading.from.cache.ms,1787732948686000000,1787733008687000000,228
workspaceModel.updates.count,1787732948686000000,1787733008687000000,5
workspaceModel.collect.changes.ms,1787732948686000000,1787733008687000000,0
FlushQueue.waitingTimeAvgNs,1787732948686000000,1787733008687000000,8238261.939726028
FlushQueue.queueSizeMax,1787732948686000000,1787733008687000000,11
FlushQueue.queueSizeAvg,1787732948686000000,1787733008687000000,0.863013698630137
FlushQueue.tasksExecuted,1787732948686000000,1787733008687000000,1095
AWTEventQueue.dispatchTimeTotalNS,1787732948686000000,1787733008687000000,10087244731
AWTEventQueue.dispatchTimeMaxNs,1787732948686000000,1787733008687000000,1090519039
NonBlockingReadAction.finalizedExecutionTimeUs,1787732948686000000,1787733008687000000,5928
NonBlockingReadAction.failedExecutionsCount,1787732948686000000,1787733008687000000,2
AWTEventQueue.eventsDispatched,1787732948686000000,1787733008687000000,13358
AWTEventQueue.dispatchTime90PNs,1787732948686000000,1787733008687000000,1351679
NonBlockingReadAction.failedExecutionTimeUs,1787732948686000000,1787733008687000000,12414
AWTEventQueue.dispatchTimeAvgNs,1787732948686000000,1787733008687000000,755252.7204671358
FlushQueue.executionTimeAvgNs,1787732948686000000,1787733008687000000,866651.9442922374
FlushQueue.waitingTime90PNs,1787732948686000000,1787733008687000000,11010047
NonBlockingReadAction.finalizedExecutionsCount,1787732948686000000,1787733008687000000,108
FlushQueue.executionTimeMaxNs,1787732948686000000,1787733008687000000,110100479
FlushQueue.queueSize90P,1787732948686000000,1787733008687000000,3
FlushQueue.executionTime90PNs,1787732948686000000,1787733008687000000,1540095
FlushQueue.waitingTimeMaxNs,1787732948686000000,1787733008687000000,1073741823
StreamlinedBlobStorage.recordsAllocated,1787732948686000000,1787733008687000000,0
DirectByteBufferAllocator.totalSizeOfBuffersAllocatedInBytes,1787732948686000000,1787733008687000000,266485760
FilePageCache.pageFastCacheHits,1787732948686000000,1787733008687000000,101
StorageLockContext.competingThreads.avg,1787732948686000000,1787733008687000000,0.0
StreamlinedBlobStorage.totalLiveRecordsCapacityBytes,1787732948686000000,1787733008687000000,0
StorageLockContext.competingThreads.max,1787732948686000000,1787733008687000000,0
DirectByteBufferAllocator.hits,1787732948686000000,1787733008687000000,0
FilePageCache.totalPageDisposalsUs,1787732948686000000,1787733008687000000,356
DirectByteBufferAllocator.totalSizeOfBuffersCachedInBytes,1787732948686000000,1787733008687000000,0
StreamlinedBlobStorage.recordsRelocated,1787732948686000000,1787733008687000000,0
FilePageCache.disposedBuffers,1787732948686000000,1787733008687000000,0
FilePageCache.pageHits,1787732948686000000,1787733008687000000,1
FilePageCache.pageLoads,1787732948686000000,1787733008687000000,2
FilePageCache.uncachedFileAccess,1787732948686000000,1787733008687000000,0
StorageLockContext.competingThreads.90P,1787732948686000000,1787733008687000000,0
FilePageCache.maxCacheSizeInBytes,1787732948686000000,1787733008687000000,266485760
StreamlinedBlobStorage.totalLiveRecordsPayloadBytes,1787732948686000000,1787733008687000000,0
DirectByteBufferAllocator.misses,1787732948686000000,1787733008687000000,2
StreamlinedBlobStorage.recordsDeleted,1787732948686000000,1787733008687000000,0
FilePageCache.maxRegisteredFiles,1787732948686000000,1787733008687000000,617
FilePageCache.capacityInBytes,1787732948686000000,1787733008687000000,524288000
DirectByteBufferAllocator.reclaimed,1787732948686000000,1787733008687000000,0
FilePageCache.totalPageLoadsUs,1787732948686000000,1787733008687000000,3370
DirectByteBufferAllocator.disposed,1787732948686000000,1787733008687000000,0
FilePageCache.pageLoadsAboveSizeThreshold,1787732948686000000,1787733008687000000,0
JVM.usedNativeBytes,1787732948686000000,1787733008687000000,385404176
OS.loadAverage,1787732948686000000,1787733008687000000,4.96533203125
JVM.totalCpuTimeMs,1787732948686000000,1787733008687000000,26992
JVM.usedHeapBytes,1787732948686000000,1787733008687000000,307025648
JVM.GC.collectionTimesMs,1787732948686000000,1787733008687000000,107
JVM.GC.collections,1787732948686000000,1787733008687000000,3
JVM.threadCount,1787732948686000000,1787733008687000000,60
JVM.maxHeapBytes,1787732948686000000,1787733008687000000,2147483648
JVM.maxNativeBytes,1787732948686000000,1787733008687000000,-1
Indexes.stubs.lookupDuration90PMs,1787732948686000000,1787733008687000000,0.0
Indexes.entries.lookupDuration90PMs,1787732948686000000,1787733008687000000,0.0
Indexes.allKeys.lookupDuration90PMs,1787732948686000000,1787733008687000000,0.0
IndexesFlusher.totalFlushingTimeUs,1787732948686000000,1787733008687000000,664310
Indexes.stubs.lookups,1787732948686000000,1787733008687000000,0.0
Indexes.entries.lookupDurationMaxMs,1787732948686000000,1787733008687000000,0.0
IndexesFlusher.totalFlushes,1787732948686000000,1787733008687000000,175
VFSFlusher.totalContentionQuotaSpent,1787732948686000000,1787733008687000000,0
IndexesFlusher.totalContentionQuotaSpent,1787732948686000000,1787733008687000000,0
Indexes.allKeys.lookupDurationMaxMs,1787732948686000000,1787733008687000000,0.0
Indexes.entries.lookups,1787732948686000000,1787733008687000000,0.0
Indexes.allKeys.lookups,1787732948686000000,1787733008687000000,0.0
VFSFlusher.totalFlushesRetried,1787732948686000000,1787733008687000000,0
VFSFlusher.totalFlushes,1787732948686000000,1787733008687000000,1
Indexes.stubs.lookupDurationAvgMs,1787732948686000000,1787733008687000000,0.0
Indexes.allKeys.lookupDurationAvgMs,1787732948686000000,1787733008687000000,0.0
Indexes.stubs.lookupDurationMaxMs,1787732948686000000,1787733008687000000,0.0
Indexes.entries.lookupDurationAvgMs,1787732948686000000,1787733008687000000,0.0
IndexesFlusher.totalFlushesRetried,1787732948686000000,1787733008687000000,0
VFSFlusher.totalFlushingTimeUs,1787732948686000000,1787733008687000000,43992
FileNameCache.queries,1787733008687000000,1787733068687000000,0
FileNameCache.fastMisses,1787733008687000000,1787733068687000000,0
FileNameCache.totalMisses,1787733008687000000,1787733068687000000,0
workspaceModel.mutableEntityStorage.mutable.vfurl.index.ms,1787733008687000000,1787733068687000000,0
jps.facet.change.listener.process.change.events.ms,1787733008687000000,1787733068687000000,0
workspaceModel.moduleManagerBridge.load.module.ms,1787733008687000000,1787733068687000000,0
jps.global.get.libraries.ms,1787733008687000000,1787733068687000000,2
workspaceModel.global.updates.ms,1787733008687000000,1787733068687000000,0
workspaceModel.mutableEntityStorage.add.entity.ms,1787733008687000000,1787733068687000000,218
jps.global.get.library.by.name.ms,1787733008687000000,1787733068687000000,0
workspaceModel.mutableEntityStorage.entities.by.source.ms,1787733008687000000,1787733068687000000,1
jps.project.serializers.load.ms,1787733008687000000,1787733068687000000,274
workspaceModel.mutableEntityStorage.mutable.ext.mapping.ms,1787733008687000000,1787733068687000000,1
workspaceModel.delayed.project.synchronizer.sync.ms,1787733008687000000,1787733068687000000,1934
jps.facet.change.listener.before.change.events.ms,1787733008687000000,1787733068687000000,1
jps.app.storage.content.reader.load.component.ms,1787733008687000000,1787733068687000000,4
jps.artifact.entities.serializer.load.entities.ms,1787733008687000000,1787733068687000000,0
jps.global.initialize.library.bridges.after.loading.ms,1787733008687000000,1787733068687000000,0
jps.library.entities.serializer.save.entities.ms,1787733008687000000,1787733068687000000,0
workspaceModel.mutableEntityStorage.remove.entity.ms,1787733008687000000,1787733068687000000,0
jps.global.get.library.ms,1787733008687000000,1787733068687000000,0
workspaceModel.mutableEntityStorage.entities.ms,1787733008687000000,1787733068687000000,0
jps.reload.project.entities.ms,1787733008687000000,1787733068687000000,0
jps.global.handle.changed.events.ms,1787733008687000000,1787733068687000000,0
jps.save.global.entities.ms,1787733008687000000,1787733068687000000,29
jps.project.serializers.save.ms,1787733008687000000,1787733068687000000,5
jps.save.changed.project.entities.ms,1787733008687000000,1787733068687000000,6
workspaceModel.moduleBridgeLoader.loading.modules.ms,1787733008687000000,1787733068687000000,1383
workspaceModel.sync.entities.ms,1787733008687000000,1787733068687000000,0
workspaceModel.mutableEntityStorage.has.same.entities.ms,1787733008687000000,1787733068687000000,0
jps.global.handle.before.change.events.ms,1787733008687000000,1787733068687000000,0
workspaceModel.orphan.listener.update.ms,1787733008687000000,1787733068687000000,4
workspaceModel.moduleBridge.before.changed.ms,1787733008687000000,1787733068687000000,0
workspaceModel.moduleManagerBridge.newModule.ms,1787733008687000000,1787733068687000000,0
workspaceModel.mutableEntityStorage.referrers.ms,1787733008687000000,1787733068687000000,0
jps.storage.jps.conf.reader.load.component.ms,1787733008687000000,1787733068687000000,284
jps.load.project.to.empty.storage.ms,1787733008687000000,1787733068687000000,436
jps.library.entities.serializer.load.entities.ms,1787733008687000000,1787733068687000000,275
workspaceModel.global.apply.state.to.project.ms,1787733008687000000,1787733068687000000,52
workspaceModel.mutableEntityStorage.add.diff.ms,1787733008687000000,1787733068687000000,92
workspaceModel.moduleManagerBridge.load.all.modules.ms,1787733008687000000,1787733068687000000,185
jps.module.iml.entities.serializer.save.entities.ms,1787733008687000000,1787733068687000000,0
workspaceModel.save.cache.to.file.ms,1787733008687000000,1787733068687000000,1128
jps.module.iml.entities.serializer.load.entities.ms,1787733008687000000,1787733068687000000,263
workspaceModel.mutableEntityStorage.put.entity.ms,1787733008687000000,1787733068687000000,92
workspaceModel.moduleBridge.update.option.ms,1787733008687000000,1787733068687000000,0
workspaceModel.mutableEntityStorage.replace.by.source.ms,1787733008687000000,1787733068687000000,51
workspaceModel.mutableEntityStorage.modify.entity.ms,1787733008687000000,1787733068687000000,36
workspaceModel.mutableEntityStorage.to.snapshot.ms,1787733008687000000,1787733068687000000,5
workspaceModel.moduleBridge.facet.initialization.ms,1787733008687000000,1787733068687000000,2
workspaceModel.moduleManagerBridge.create.module.instance.ms,1787733008687000000,1787733068687000000,0
workspaceModel.moduleManagerBridge.set.unloadedModules.ms,1787733008687000000,1787733068687000000,0
workspaceModel.mutableEntityStorage.collect.changes.ms,1787733008687000000,1787733068687000000,1
jps.load.initial.state.ms,1787733008687000000,1787733068687000000,24
workspaceModel.moduleManagerBridge.new.nonPersistent.module.ms,1787733008687000000,1787733068687000000,0
workspaceModel.moduleManagerBridge.get.modules.ms,1787733008687000000,1787733068687000000,1
jps.apply.loaded.storage.ms,1787733008687000000,1787733068687000000,1480
jps.artifact.entities.serializer.save.entities.ms,1787733008687000000,1787733068687000000,0
workspaceModel.mutableEntityStorage.resolve.ms,1787733008687000000,1787733068687000000,2
jps.global.initialize.library.bridges.ms,1787733008687000000,1787733068687000000,0
workspaceModel.global.updates.count,1787733008687000000,1787733068687000000,0
jps.app.storage.content.writer.save.component.ms,1787733008687000000,1787733068687000000,0
jps.facet.change.listener.init.bridge.ms,1787733008687000000,1787733068687000000,0
workspaceModel.global.apply.state.to.project.builder.ms,1787733008687000000,1787733068687000000,5
workspaceModel.load.cache.from.file.ms,1787733008687000000,1787733068687000000,221
workspaceModel.moduleManagerBridge.build.module.graph.ms,1787733008687000000,1787733068687000000,1
workspaceModel.updates.precise.ms,1787733008687000000,1787733068687000000,65
workspaceModel.loading.total.ms,1787733008687000000,1787733068687000000,248
workspaceModel.updates.ms,1787733008687000000,1787733068687000000,127
workspaceModel.check.recursive.update.ms,1787733008687000000,1787733068687000000,6
workspaceModel.to.snapshot.ms,1787733008687000000,1787733068687000000,5
workspaceModel.update.unloaded.entities.ms,1787733008687000000,1787733068687000000,0
workspaceModel.pre.handlers.ms,1787733008687000000,1787733068687000000,2
workspaceModel.init.bridges.ms,1787733008687000000,1787733068687000000,1
workspaceModel.replace.project.model.ms,1787733008687000000,1787733068687000000,0
workspaceModel.initializing.ms,1787733008687000000,1787733068687000000,1
workspaceModel.loading.from.cache.ms,1787733008687000000,1787733068687000000,228
workspaceModel.updates.count,1787733008687000000,1787733068687000000,5
workspaceModel.collect.changes.ms,1787733008687000000,1787733068687000000,0
FlushQueue.waitingTimeAvgNs,1787733008687000000,1787733068687000000,321205.9504132231
FlushQueue.queueSizeMax,1787733008687000000,1787733068687000000,0
FlushQueue.queueSizeAvg,1787733008687000000,1787733068687000000,0.0
FlushQueue.tasksExecuted,1787733008687000000,1787733068687000000,121
AWTEventQueue.dispatchTimeTotalNS,1787733008687000000,1787733068687000000,768937263
AWTEventQueue.dispatchTimeMaxNs,1787733008687000000,1787733068687000000,51380223
NonBlockingReadAction.finalizedExecutionTimeUs,1787733008687000000,1787733068687000000,0
NonBlockingReadAction.failedExecutionsCount,1787733008687000000,1787733068687000000,0
AWTEventQueue.eventsDispatched,1787733008687000000,1787733068687000000,3544
AWTEventQueue.dispatchTime90PNs,1787733008687000000,1787733068687000000,282623
NonBlockingReadAction.failedExecutionTimeUs,1787733008687000000,1787733068687000000,0
AWTEventQueue.dispatchTimeAvgNs,1787733008687000000,1787733068687000000,216782.68171557563
FlushQueue.executionTimeAvgNs,1787733008687000000,1787733068687000000,228335.0743801653
FlushQueue.waitingTime90PNs,1787733008687000000,1787733068687000000,448511
NonBlockingReadAction.finalizedExecutionsCount,1787733008687000000,1787733068687000000,0
FlushQueue.executionTimeMaxNs,1787733008687000000,1787733068687000000,3670015
FlushQueue.queueSize90P,1787733008687000000,1787733068687000000,0
FlushQueue.executionTime90PNs,1787733008687000000,1787733068687000000,391167
FlushQueue.waitingTimeMaxNs,1787733008687000000,1787733068687000000,5996543
StreamlinedBlobStorage.recordsAllocated,1787733008687000000,1787733068687000000,0
DirectByteBufferAllocator.totalSizeOfBuffersAllocatedInBytes,1787733008687000000,1787733068687000000,266485760
FilePageCache.pageFastCacheHits,1787733008687000000,1787733068687000000,0
StorageLockContext.competingThreads.avg,1787733008687000000,1787733068687000000,0.0
StreamlinedBlobStorage.totalLiveRecordsCapacityBytes,1787733008687000000,1787733068687000000,0
StorageLockContext.competingThreads.max,1787733008687000000,1787733068687000000,0
DirectByteBufferAllocator.hits,1787733008687000000,1787733068687000000,0
FilePageCache.totalPageDisposalsUs,1787733008687000000,1787733068687000000,0
DirectByteBufferAllocator.totalSizeOfBuffersCachedInBytes,1787733008687000000,1787733068687000000,0
StreamlinedBlobStorage.recordsRelocated,1787733008687000000,1787733068687000000,0
FilePageCache.disposedBuffers,1787733008687000000,1787733068687000000,0
FilePageCache.pageHits,1787733008687000000,1787733068687000000,0
FilePageCache.pageLoads,1787733008687000000,1787733068687000000,0
FilePageCache.uncachedFileAccess,1787733008687000000,1787733068687000000,0
StorageLockContext.competingThreads.90P,1787733008687000000,1787733068687000000,0
FilePageCache.maxCacheSizeInBytes,1787733008687000000,1787733068687000000,266485760
StreamlinedBlobStorage.totalLiveRecordsPayloadBytes,1787733008687000000,1787733068687000000,0
DirectByteBufferAllocator.misses,1787733008687000000,1787733068687000000,0
StreamlinedBlobStorage.recordsDeleted,1787733008687000000,1787733068687000000,0
FilePageCache.maxRegisteredFiles,1787733008687000000,1787733068687000000,617
FilePageCache.capacityInBytes,1787733008687000000,1787733068687000000,524288000
DirectByteBufferAllocator.reclaimed,1787733008687000000,1787733068687000000,0
FilePageCache.totalPageLoadsUs,1787733008687000000,1787733068687000000,0
DirectByteBufferAllocator.disposed,1787733008687000000,1787733068687000000,0
FilePageCache.pageLoadsAboveSizeThreshold,1787733008687000000,1787733068687000000,0
JVM.usedNativeBytes,1787733008687000000,1787733068687000000,384852952
OS.loadAverage,1787733008687000000,1787733068687000000,4.65966796875
JVM.totalCpuTimeMs,1787733008687000000,1787733068687000000,6377
JVM.usedHeapBytes,1787733008687000000,1787733068687000000,354211568
JVM.GC.collectionTimesMs,1787733008687000000,1787733068687000000,0
JVM.GC.collections,1787733008687000000,1787733068687000000,0
JVM.threadCount,1787733008687000000,1787733068687000000,52
JVM.maxHeapBytes,1787733008687000000,1787733068687000000,2147483648
JVM.maxNativeBytes,1787733008687000000,1787733068687000000,-1
Indexes.stubs.lookupDuration90PMs,1787733008687000000,1787733068687000000,0.0
Indexes.entries.lookupDuration90PMs,1787733008687000000,1787733068687000000,0.0
Indexes.allKeys.lookupDuration90PMs,1787733008687000000,1787733068687000000,0.0
IndexesFlusher.totalFlushingTimeUs,1787733008687000000,1787733068687000000,680764
Indexes.stubs.lookups,1787733008687000000,1787733068687000000,0.0
Indexes.entries.lookupDurationMaxMs,1787733008687000000,1787733068687000000,0.0
IndexesFlusher.totalFlushes,1787733008687000000,1787733068687000000,175
VFSFlusher.totalContentionQuotaSpent,1787733008687000000,1787733068687000000,0
IndexesFlusher.totalContentionQuotaSpent,1787733008687000000,1787733068687000000,0
Indexes.allKeys.lookupDurationMaxMs,1787733008687000000,1787733068687000000,0.0
Indexes.entries.lookups,1787733008687000000,1787733068687000000,0.0
Indexes.allKeys.lookups,1787733008687000000,1787733068687000000,0.0
VFSFlusher.totalFlushesRetried,1787733008687000000,1787733068687000000,0
VFSFlusher.totalFlushes,1787733008687000000,1787733068687000000,0
Indexes.stubs.lookupDurationAvgMs,1787733008687000000,1787733068687000000,0.0
Indexes.allKeys.lookupDurationAvgMs,1787733008687000000,1787733068687000000,0.0
Indexes.stubs.lookupDurationMaxMs,1787733008687000000,1787733068687000000,0.0
Indexes.entries.lookupDurationAvgMs,1787733008687000000,1787733068687000000,0.0
IndexesFlusher.totalFlushesRetried,1787733008687000000,1787733068687000000,0
VFSFlusher.totalFlushingTimeUs,1787733008687000000,1787733068687000000,0
FileNameCache.queries,1787733068687000000,1787733128693000000,14003
FileNameCache.fastMisses,1787733068687000000,1787733128693000000,1114
FileNameCache.totalMisses,1787733068687000000,1787733128693000000,12
workspaceModel.mutableEntityStorage.mutable.vfurl.index.ms,1787733068687000000,1787733128693000000,0
jps.facet.change.listener.process.change.events.ms,1787733068687000000,1787733128693000000,0
workspaceModel.moduleManagerBridge.load.module.ms,1787733068687000000,1787733128693000000,0
jps.global.get.libraries.ms,1787733068687000000,1787733128693000000,4
workspaceModel.global.updates.ms,1787733068687000000,1787733128693000000,0
workspaceModel.mutableEntityStorage.add.entity.ms,1787733068687000000,1787733128693000000,218
jps.global.get.library.by.name.ms,1787733068687000000,1787733128693000000,0
workspaceModel.mutableEntityStorage.entities.by.source.ms,1787733068687000000,1787733128693000000,1
jps.project.serializers.load.ms,1787733068687000000,1787733128693000000,274
workspaceModel.mutableEntityStorage.mutable.ext.mapping.ms,1787733068687000000,1787733128693000000,1
workspaceModel.delayed.project.synchronizer.sync.ms,1787733068687000000,1787733128693000000,1934
jps.facet.change.listener.before.change.events.ms,1787733068687000000,1787733128693000000,1
jps.app.storage.content.reader.load.component.ms,1787733068687000000,1787733128693000000,4
jps.artifact.entities.serializer.load.entities.ms,1787733068687000000,1787733128693000000,0
jps.global.initialize.library.bridges.after.loading.ms,1787733068687000000,1787733128693000000,0
jps.library.entities.serializer.save.entities.ms,1787733068687000000,1787733128693000000,0
workspaceModel.mutableEntityStorage.remove.entity.ms,1787733068687000000,1787733128693000000,0
jps.global.get.library.ms,1787733068687000000,1787733128693000000,0
workspaceModel.mutableEntityStorage.entities.ms,1787733068687000000,1787733128693000000,0
jps.reload.project.entities.ms,1787733068687000000,1787733128693000000,0
jps.global.handle.changed.events.ms,1787733068687000000,1787733128693000000,0
jps.save.global.entities.ms,1787733068687000000,1787733128693000000,29
jps.project.serializers.save.ms,1787733068687000000,1787733128693000000,5
jps.save.changed.project.entities.ms,1787733068687000000,1787733128693000000,6
workspaceModel.moduleBridgeLoader.loading.modules.ms,1787733068687000000,1787733128693000000,1383
workspaceModel.sync.entities.ms,1787733068687000000,1787733128693000000,0
workspaceModel.mutableEntityStorage.has.same.entities.ms,1787733068687000000,1787733128693000000,0
jps.global.handle.before.change.events.ms,1787733068687000000,1787733128693000000,0
workspaceModel.orphan.listener.update.ms,1787733068687000000,1787733128693000000,4
workspaceModel.moduleBridge.before.changed.ms,1787733068687000000,1787733128693000000,0
workspaceModel.moduleManagerBridge.newModule.ms,1787733068687000000,1787733128693000000,0
workspaceModel.mutableEntityStorage.referrers.ms,1787733068687000000,1787733128693000000,0
jps.storage.jps.conf.reader.load.component.ms,1787733068687000000,1787733128693000000,284
jps.load.project.to.empty.storage.ms,1787733068687000000,1787733128693000000,436
jps.library.entities.serializer.load.entities.ms,1787733068687000000,1787733128693000000,275
workspaceModel.global.apply.state.to.project.ms,1787733068687000000,1787733128693000000,52
workspaceModel.mutableEntityStorage.add.diff.ms,1787733068687000000,1787733128693000000,92
workspaceModel.moduleManagerBridge.load.all.modules.ms,1787733068687000000,1787733128693000000,185
jps.module.iml.entities.serializer.save.entities.ms,1787733068687000000,1787733128693000000,0
workspaceModel.save.cache.to.file.ms,1787733068687000000,1787733128693000000,1128
jps.module.iml.entities.serializer.load.entities.ms,1787733068687000000,1787733128693000000,263
workspaceModel.mutableEntityStorage.put.entity.ms,1787733068687000000,1787733128693000000,92
workspaceModel.moduleBridge.update.option.ms,1787733068687000000,1787733128693000000,0
workspaceModel.mutableEntityStorage.replace.by.source.ms,1787733068687000000,1787733128693000000,51
workspaceModel.mutableEntityStorage.modify.entity.ms,1787733068687000000,1787733128693000000,36
workspaceModel.mutableEntityStorage.to.snapshot.ms,1787733068687000000,1787733128693000000,5
workspaceModel.moduleBridge.facet.initialization.ms,1787733068687000000,1787733128693000000,2
workspaceModel.moduleManagerBridge.create.module.instance.ms,1787733068687000000,1787733128693000000,0
workspaceModel.moduleManagerBridge.set.unloadedModules.ms,1787733068687000000,1787733128693000000,0
workspaceModel.mutableEntityStorage.collect.changes.ms,1787733068687000000,1787733128693000000,1
jps.load.initial.state.ms,1787733068687000000,1787733128693000000,24
workspaceModel.moduleManagerBridge.new.nonPersistent.module.ms,1787733068687000000,1787733128693000000,0
workspaceModel.moduleManagerBridge.get.modules.ms,1787733068687000000,1787733128693000000,1
jps.apply.loaded.storage.ms,1787733068687000000,1787733128693000000,1480
jps.artifact.entities.serializer.save.entities.ms,1787733068687000000,1787733128693000000,0
workspaceModel.mutableEntityStorage.resolve.ms,1787733068687000000,1787733128693000000,2
jps.global.initialize.library.bridges.ms,1787733068687000000,1787733128693000000,0
workspaceModel.global.updates.count,1787733068687000000,1787733128693000000,0
jps.app.storage.content.writer.save.component.ms,1787733068687000000,1787733128693000000,0
jps.facet.change.listener.init.bridge.ms,1787733068687000000,1787733128693000000,0
workspaceModel.global.apply.state.to.project.builder.ms,1787733068687000000,1787733128693000000,5
workspaceModel.load.cache.from.file.ms,1787733068687000000,1787733128693000000,221
workspaceModel.moduleManagerBridge.build.module.graph.ms,1787733068687000000,1787733128693000000,2
workspaceModel.updates.precise.ms,1787733068687000000,1787733128693000000,65
workspaceModel.loading.total.ms,1787733068687000000,1787733128693000000,248
workspaceModel.updates.ms,1787733068687000000,1787733128693000000,127
workspaceModel.check.recursive.update.ms,1787733068687000000,1787733128693000000,6
workspaceModel.to.snapshot.ms,1787733068687000000,1787733128693000000,5
workspaceModel.update.unloaded.entities.ms,1787733068687000000,1787733128693000000,0
workspaceModel.pre.handlers.ms,1787733068687000000,1787733128693000000,2
workspaceModel.init.bridges.ms,1787733068687000000,1787733128693000000,1
workspaceModel.replace.project.model.ms,1787733068687000000,1787733128693000000,0
workspaceModel.initializing.ms,1787733068687000000,1787733128693000000,1
workspaceModel.loading.from.cache.ms,1787733068687000000,1787733128693000000,228
workspaceModel.updates.count,1787733068687000000,1787733128693000000,5
workspaceModel.collect.changes.ms,1787733068687000000,1787733128693000000,0
FlushQueue.waitingTimeAvgNs,1787733068687000000,1787733128693000000,365063.9338842975
FlushQueue.queueSizeMax,1787733068687000000,1787733128693000000,0
FlushQueue.queueSizeAvg,1787733068687000000,1787733128693000000,0.0
FlushQueue.tasksExecuted,1787733068687000000,1787733128693000000,121
AWTEventQueue.dispatchTimeTotalNS,1787733068687000000,1787733128693000000,650716571
AWTEventQueue.dispatchTimeMaxNs,1787733068687000000,1787733128693000000,20840447
NonBlockingReadAction.finalizedExecutionTimeUs,1787733068687000000,1787733128693000000,3150429
NonBlockingReadAction.failedExecutionsCount,1787733068687000000,1787733128693000000,0
AWTEventQueue.eventsDispatched,1787733068687000000,1787733128693000000,3520
AWTEventQueue.dispatchTime90PNs,1787733068687000000,1787733128693000000,255999
NonBlockingReadAction.failedExecutionTimeUs,1787733068687000000,1787733128693000000,0
AWTEventQueue.dispatchTimeAvgNs,1787733068687000000,1787733128693000000,180479.36363636365
FlushQueue.executionTimeAvgNs,1787733068687000000,1787733128693000000,324466.7768595041
FlushQueue.waitingTime90PNs,1787733068687000000,1787733128693000000,475135
NonBlockingReadAction.finalizedExecutionsCount,1787733068687000000,1787733128693000000,257
FlushQueue.executionTimeMaxNs,1787733068687000000,1787733128693000000,5668863
FlushQueue.queueSize90P,1787733068687000000,1787733128693000000,0
FlushQueue.executionTime90PNs,1787733068687000000,1787733128693000000,473087
FlushQueue.waitingTimeMaxNs,1787733068687000000,1787733128693000000,5472255
StreamlinedBlobStorage.recordsAllocated,1787733068687000000,1787733128693000000,0
DirectByteBufferAllocator.totalSizeOfBuffersAllocatedInBytes,1787733068687000000,1787733128693000000,267534336
FilePageCache.pageFastCacheHits,1787733068687000000,1787733128693000000,68
StorageLockContext.competingThreads.avg,1787733068687000000,1787733128693000000,0.0
StreamlinedBlobStorage.totalLiveRecordsCapacityBytes,1787733068687000000,1787733128693000000,0
StorageLockContext.competingThreads.max,1787733068687000000,1787733128693000000,0
DirectByteBufferAllocator.hits,1787733068687000000,1787733128693000000,0
FilePageCache.totalPageDisposalsUs,1787733068687000000,1787733128693000000,116
DirectByteBufferAllocator.totalSizeOfBuffersCachedInBytes,1787733068687000000,1787733128693000000,0
StreamlinedBlobStorage.recordsRelocated,1787733068687000000,1787733128693000000,0
FilePageCache.disposedBuffers,1787733068687000000,1787733128693000000,0
FilePageCache.pageHits,1787733068687000000,1787733128693000000,0
FilePageCache.pageLoads,1787733068687000000,1787733128693000000,1
FilePageCache.uncachedFileAccess,1787733068687000000,1787733128693000000,1
StorageLockContext.competingThreads.90P,1787733068687000000,1787733128693000000,0
FilePageCache.maxCacheSizeInBytes,1787733068687000000,1787733128693000000,267534336
StreamlinedBlobStorage.totalLiveRecordsPayloadBytes,1787733068687000000,1787733128693000000,0
DirectByteBufferAllocator.misses,1787733068687000000,1787733128693000000,1
StreamlinedBlobStorage.recordsDeleted,1787733068687000000,1787733128693000000,0
FilePageCache.maxRegisteredFiles,1787733068687000000,1787733128693000000,617
FilePageCache.capacityInBytes,1787733068687000000,1787733128693000000,524288000
DirectByteBufferAllocator.reclaimed,1787733068687000000,1787733128693000000,0
FilePageCache.totalPageLoadsUs,1787733068687000000,1787733128693000000,3822
DirectByteBufferAllocator.disposed,1787733068687000000,1787733128693000000,0
FilePageCache.pageLoadsAboveSizeThreshold,1787733068687000000,1787733128693000000,0
JVM.usedNativeBytes,1787733068687000000,1787733128693000000,391975688
OS.loadAverage,1787733068687000000,1787733128693000000,4.56298828125
JVM.totalCpuTimeMs,1787733068687000000,1787733128693000000,9431
JVM.usedHeapBytes,1787733068687000000,1787733128693000000,238373128
JVM.GC.collectionTimesMs,1787733068687000000,1787733128693000000,20
JVM.GC.collections,1787733068687000000,1787733128693000000,2
JVM.threadCount,1787733068687000000,1787733128693000000,59
JVM.maxHeapBytes,1787733068687000000,1787733128693000000,2147483648
JVM.maxNativeBytes,1787733068687000000,1787733128693000000,-1
Indexes.stubs.lookupDuration90PMs,1787733068687000000,1787733128693000000,1.0
Indexes.entries.lookupDuration90PMs,1787733068687000000,1787733128693000000,375.0
Indexes.allKeys.lookupDuration90PMs,1787733068687000000,1787733128693000000,0.0
IndexesFlusher.totalFlushingTimeUs,1787733068687000000,1787733128693000000,748700
Indexes.stubs.lookups,1787733068687000000,1787733128693000000,982.0
Indexes.entries.lookupDurationMaxMs,1787733068687000000,1787733128693000000,375.0
IndexesFlusher.totalFlushes,1787733068687000000,1787733128693000000,175
VFSFlusher.totalContentionQuotaSpent,1787733068687000000,1787733128693000000,0
IndexesFlusher.totalContentionQuotaSpent,1787733068687000000,1787733128693000000,0
Indexes.allKeys.lookupDurationMaxMs,1787733068687000000,1787733128693000000,0.0
Indexes.entries.lookups,1787733068687000000,1787733128693000000,1.0
Indexes.allKeys.lookups,1787733068687000000,1787733128693000000,0.0
VFSFlusher.totalFlushesRetried,1787733068687000000,1787733128693000000,0
VFSFlusher.totalFlushes,1787733068687000000,1787733128693000000,1
Indexes.stubs.lookupDurationAvgMs,1787733068687000000,1787733128693000000,0.34317718940936864
Indexes.allKeys.lookupDurationAvgMs,1787733068687000000,1787733128693000000,0.0
Indexes.stubs.lookupDurationMaxMs,1787733068687000000,1787733128693000000,148.0
Indexes.entries.lookupDurationAvgMs,1787733068687000000,1787733128693000000,375.0
IndexesFlusher.totalFlushesRetried,1787733068687000000,1787733128693000000,0
VFSFlusher.totalFlushingTimeUs,1787733068687000000,1787733128693000000,7417
FileNameCache.queries,1787733128693000000,1787733188688000000,0
FileNameCache.fastMisses,1787733128693000000,1787733188688000000,0
FileNameCache.totalMisses,1787733128693000000,1787733188688000000,0
workspaceModel.mutableEntityStorage.mutable.vfurl.index.ms,1787733128693000000,1787733188688000000,0
jps.facet.change.listener.process.change.events.ms,1787733128693000000,1787733188688000000,0
workspaceModel.moduleManagerBridge.load.module.ms,1787733128693000000,1787733188688000000,0
jps.global.get.libraries.ms,1787733128693000000,1787733188688000000,4
workspaceModel.global.updates.ms,1787733128693000000,1787733188688000000,0
workspaceModel.mutableEntityStorage.add.entity.ms,1787733128693000000,1787733188688000000,218
jps.global.get.library.by.name.ms,1787733128693000000,1787733188688000000,0
workspaceModel.mutableEntityStorage.entities.by.source.ms,1787733128693000000,1787733188688000000,1
jps.project.serializers.load.ms,1787733128693000000,1787733188688000000,274
workspaceModel.mutableEntityStorage.mutable.ext.mapping.ms,1787733128693000000,1787733188688000000,1
workspaceModel.delayed.project.synchronizer.sync.ms,1787733128693000000,1787733188688000000,1934
jps.facet.change.listener.before.change.events.ms,1787733128693000000,1787733188688000000,1
jps.app.storage.content.reader.load.component.ms,1787733128693000000,1787733188688000000,4
jps.artifact.entities.serializer.load.entities.ms,1787733128693000000,1787733188688000000,0
jps.global.initialize.library.bridges.after.loading.ms,1787733128693000000,1787733188688000000,0
jps.library.entities.serializer.save.entities.ms,1787733128693000000,1787733188688000000,0
workspaceModel.mutableEntityStorage.remove.entity.ms,1787733128693000000,1787733188688000000,0
jps.global.get.library.ms,1787733128693000000,1787733188688000000,0
workspaceModel.mutableEntityStorage.entities.ms,1787733128693000000,1787733188688000000,0
jps.reload.project.entities.ms,1787733128693000000,1787733188688000000,0
jps.global.handle.changed.events.ms,1787733128693000000,1787733188688000000,0
jps.save.global.entities.ms,1787733128693000000,1787733188688000000,29
jps.project.serializers.save.ms,1787733128693000000,1787733188688000000,5
jps.save.changed.project.entities.ms,1787733128693000000,1787733188688000000,6
workspaceModel.moduleBridgeLoader.loading.modules.ms,1787733128693000000,1787733188688000000,1383
workspaceModel.sync.entities.ms,1787733128693000000,1787733188688000000,0
workspaceModel.mutableEntityStorage.has.same.entities.ms,1787733128693000000,1787733188688000000,0
jps.global.handle.before.change.events.ms,1787733128693000000,1787733188688000000,0
workspaceModel.orphan.listener.update.ms,1787733128693000000,1787733188688000000,4
workspaceModel.moduleBridge.before.changed.ms,1787733128693000000,1787733188688000000,0
workspaceModel.moduleManagerBridge.newModule.ms,1787733128693000000,1787733188688000000,0
workspaceModel.mutableEntityStorage.referrers.ms,1787733128693000000,1787733188688000000,0
jps.storage.jps.conf.reader.load.component.ms,1787733128693000000,1787733188688000000,284
jps.load.project.to.empty.storage.ms,1787733128693000000,1787733188688000000,436
jps.library.entities.serializer.load.entities.ms,1787733128693000000,1787733188688000000,275
workspaceModel.global.apply.state.to.project.ms,1787733128693000000,1787733188688000000,52
workspaceModel.mutableEntityStorage.add.diff.ms,1787733128693000000,1787733188688000000,92
workspaceModel.moduleManagerBridge.load.all.modules.ms,1787733128693000000,1787733188688000000,185
jps.module.iml.entities.serializer.save.entities.ms,1787733128693000000,1787733188688000000,0
workspaceModel.save.cache.to.file.ms,1787733128693000000,1787733188688000000,1128
jps.module.iml.entities.serializer.load.entities.ms,1787733128693000000,1787733188688000000,263
workspaceModel.mutableEntityStorage.put.entity.ms,1787733128693000000,1787733188688000000,92
workspaceModel.moduleBridge.update.option.ms,1787733128693000000,1787733188688000000,0
workspaceModel.mutableEntityStorage.replace.by.source.ms,1787733128693000000,1787733188688000000,51
workspaceModel.mutableEntityStorage.modify.entity.ms,1787733128693000000,1787733188688000000,36
workspaceModel.mutableEntityStorage.to.snapshot.ms,1787733128693000000,1787733188688000000,5
workspaceModel.moduleBridge.facet.initialization.ms,1787733128693000000,1787733188688000000,2
workspaceModel.moduleManagerBridge.create.module.instance.ms,1787733128693000000,1787733188688000000,0
workspaceModel.moduleManagerBridge.set.unloadedModules.ms,1787733128693000000,1787733188688000000,0
workspaceModel.mutableEntityStorage.collect.changes.ms,1787733128693000000,1787733188688000000,1
jps.load.initial.state.ms,1787733128693000000,1787733188688000000,24
workspaceModel.moduleManagerBridge.new.nonPersistent.module.ms,1787733128693000000,1787733188688000000,0
workspaceModel.moduleManagerBridge.get.modules.ms,1787733128693000000,1787733188688000000,1
jps.apply.loaded.storage.ms,1787733128693000000,1787733188688000000,1480
jps.artifact.entities.serializer.save.entities.ms,1787733128693000000,1787733188688000000,0
workspaceModel.mutableEntityStorage.resolve.ms,1787733128693000000,1787733188688000000,2
jps.global.initialize.library.bridges.ms,1787733128693000000,1787733188688000000,0
workspaceModel.global.updates.count,1787733128693000000,1787733188688000000,0
jps.app.storage.content.writer.save.component.ms,1787733128693000000,1787733188688000000,0
jps.facet.change.listener.init.bridge.ms,1787733128693000000,1787733188688000000,0
workspaceModel.global.apply.state.to.project.builder.ms,1787733128693000000,1787733188688000000,5
workspaceModel.load.cache.from.file.ms,1787733128693000000,1787733188688000000,221
workspaceModel.moduleManagerBridge.build.module.graph.ms,1787733128693000000,1787733188688000000,2
workspaceModel.updates.precise.ms,1787733128693000000,1787733188688000000,65
workspaceModel.loading.total.ms,1787733128693000000,1787733188688000000,248
workspaceModel.updates.ms,1787733128693000000,1787733188688000000,127
workspaceModel.check.recursive.update.ms,1787733128693000000,1787733188688000000,6
workspaceModel.to.snapshot.ms,1787733128693000000,1787733188688000000,5
workspaceModel.update.unloaded.entities.ms,1787733128693000000,1787733188688000000,0
workspaceModel.pre.handlers.ms,1787733128693000000,1787733188688000000,2
workspaceModel.init.bridges.ms,1787733128693000000,1787733188688000000,1
workspaceModel.replace.project.model.ms,1787733128693000000,1787733188688000000,0
workspaceModel.initializing.ms,1787733128693000000,1787733188688000000,1
workspaceModel.loading.from.cache.ms,1787733128693000000,1787733188688000000,228
workspaceModel.updates.count,1787733128693000000,1787733188688000000,5
workspaceModel.collect.changes.ms,1787733128693000000,1787733188688000000,0
FlushQueue.waitingTimeAvgNs,1787733128693000000,1787733188688000000,263986.7768595041
FlushQueue.queueSizeMax,1787733128693000000,1787733188688000000,0
FlushQueue.queueSizeAvg,1787733128693000000,1787733188688000000,0.0
FlushQueue.tasksExecuted,1787733128693000000,1787733188688000000,121
AWTEventQueue.dispatchTimeTotalNS,1787733128693000000,1787733188688000000,608619357
AWTEventQueue.dispatchTimeMaxNs,1787733128693000000,1787733188688000000,7536639
NonBlockingReadAction.finalizedExecutionTimeUs,1787733128693000000,1787733188688000000,0
NonBlockingReadAction.failedExecutionsCount,1787733128693000000,1787733188688000000,0
AWTEventQueue.eventsDispatched,1787733128693000000,1787733188688000000,3536
AWTEventQueue.dispatchTime90PNs,1787733128693000000,1787733188688000000,244735
NonBlockingReadAction.failedExecutionTimeUs,1787733128693000000,1787733188688000000,0
AWTEventQueue.dispatchTimeAvgNs,1787733128693000000,1787733188688000000,172044.70135746605
FlushQueue.executionTimeAvgNs,1787733128693000000,1787733188688000000,206874.97520661156
FlushQueue.waitingTime90PNs,1787733128693000000,1787733188688000000,382975
NonBlockingReadAction.finalizedExecutionsCount,1787733128693000000,1787733188688000000,0
FlushQueue.executionTimeMaxNs,1787733128693000000,1787733188688000000,7241727
FlushQueue.queueSize90P,1787733128693000000,1787733188688000000,0
FlushQueue.executionTime90PNs,1787733128693000000,1787733188688000000,219135
FlushQueue.waitingTimeMaxNs,1787733128693000000,1787733188688000000,1679359
StreamlinedBlobStorage.recordsAllocated,1787733128693000000,1787733188688000000,0
DirectByteBufferAllocator.totalSizeOfBuffersAllocatedInBytes,1787733128693000000,1787733188688000000,267534336
FilePageCache.pageFastCacheHits,1787733128693000000,1787733188688000000,0
StorageLockContext.competingThreads.avg,1787733128693000000,1787733188688000000,0.0
StreamlinedBlobStorage.totalLiveRecordsCapacityBytes,1787733128693000000,1787733188688000000,0
StorageLockContext.competingThreads.max,1787733128693000000,1787733188688000000,0
DirectByteBufferAllocator.hits,1787733128693000000,1787733188688000000,0
FilePageCache.totalPageDisposalsUs,1787733128693000000,1787733188688000000,0
DirectByteBufferAllocator.totalSizeOfBuffersCachedInBytes,1787733128693000000,1787733188688000000,0
StreamlinedBlobStorage.recordsRelocated,1787733128693000000,1787733188688000000,0
FilePageCache.disposedBuffers,1787733128693000000,1787733188688000000,0
FilePageCache.pageHits,1787733128693000000,1787733188688000000,0
FilePageCache.pageLoads,1787733128693000000,1787733188688000000,0
FilePageCache.uncachedFileAccess,1787733128693000000,1787733188688000000,0
StorageLockContext.competingThreads.90P,1787733128693000000,1787733188688000000,0
FilePageCache.maxCacheSizeInBytes,1787733128693000000,1787733188688000000,267534336
StreamlinedBlobStorage.totalLiveRecordsPayloadBytes,1787733128693000000,1787733188688000000,0
DirectByteBufferAllocator.misses,1787733128693000000,1787733188688000000,0
StreamlinedBlobStorage.recordsDeleted,1787733128693000000,1787733188688000000,0
FilePageCache.maxRegisteredFiles,1787733128693000000,1787733188688000000,617
FilePageCache.capacityInBytes,1787733128693000000,1787733188688000000,524288000
DirectByteBufferAllocator.reclaimed,1787733128693000000,1787733188688000000,0
FilePageCache.totalPageLoadsUs,1787733128693000000,1787733188688000000,0
DirectByteBufferAllocator.disposed,1787733128693000000,1787733188688000000,0
FilePageCache.pageLoadsAboveSizeThreshold,1787733128693000000,1787733188688000000,0
JVM.usedNativeBytes,1787733128693000000,1787733188688000000,393546944
OS.loadAverage,1787733128693000000,1787733188688000000,3.369140625
JVM.totalCpuTimeMs,1787733128693000000,1787733188688000000,7009
JVM.usedHeapBytes,1787733128693000000,1787733188688000000,320162056
JVM.GC.collectionTimesMs,1787733128693000000,1787733188688000000,0
JVM.GC.collections,1787733128693000000,1787733188688000000,0
JVM.threadCount,1787733128693000000,1787733188688000000,63
JVM.maxHeapBytes,1787733128693000000,1787733188688000000,2147483648
JVM.maxNativeBytes,1787733128693000000,1787733188688000000,-1
Indexes.stubs.lookupDuration90PMs,1787733128693000000,1787733188688000000,0.0
Indexes.entries.lookupDuration90PMs,1787733128693000000,1787733188688000000,0.0
Indexes.allKeys.lookupDuration90PMs,1787733128693000000,1787733188688000000,0.0
IndexesFlusher.totalFlushingTimeUs,1787733128693000000,1787733188688000000,690293
Indexes.stubs.lookups,1787733128693000000,1787733188688000000,0.0
Indexes.entries.lookupDurationMaxMs,1787733128693000000,1787733188688000000,0.0
IndexesFlusher.totalFlushes,1787733128693000000,1787733188688000000,176
VFSFlusher.totalContentionQuotaSpent,1787733128693000000,1787733188688000000,0
IndexesFlusher.totalContentionQuotaSpent,1787733128693000000,1787733188688000000,0
Indexes.allKeys.lookupDurationMaxMs,1787733128693000000,1787733188688000000,0.0
Indexes.entries.lookups,1787733128693000000,1787733188688000000,0.0
Indexes.allKeys.lookups,1787733128693000000,1787733188688000000,0.0
VFSFlusher.totalFlushesRetried,1787733128693000000,1787733188688000000,0
VFSFlusher.totalFlushes,1787733128693000000,1787733188688000000,0
Indexes.stubs.lookupDurationAvgMs,1787733128693000000,1787733188688000000,0.0
Indexes.allKeys.lookupDurationAvgMs,1787733128693000000,1787733188688000000,0.0
Indexes.stubs.lookupDurationMaxMs,1787733128693000000,1787733188688000000,0.0
Indexes.entries.lookupDurationAvgMs,1787733128693000000,1787733188688000000,0.0
IndexesFlusher.totalFlushesRetried,1787733128693000000,1787733188688000000,0
VFSFlusher.totalFlushingTimeUs,1787733128693000000,1787733188688000000,0
FileNameCache.queries,1787733188688000000,1787733248686000000,160096
FileNameCache.fastMisses,1787733188688000000,1787733248686000000,9785
FileNameCache.totalMisses,1787733188688000000,1787733248686000000,0
workspaceModel.mutableEntityStorage.mutable.vfurl.index.ms,1787733188688000000,1787733248686000000,0
jps.facet.change.listener.process.change.events.ms,1787733188688000000,1787733248686000000,0
workspaceModel.moduleManagerBridge.load.module.ms,1787733188688000000,1787733248686000000,0
jps.global.get.libraries.ms,1787733188688000000,1787733248686000000,4
workspaceModel.global.updates.ms,1787733188688000000,1787733248686000000,0
workspaceModel.mutableEntityStorage.add.entity.ms,1787733188688000000,1787733248686000000,218
jps.global.get.library.by.name.ms,1787733188688000000,1787733248686000000,0
workspaceModel.mutableEntityStorage.entities.by.source.ms,1787733188688000000,1787733248686000000,1
jps.project.serializers.load.ms,1787733188688000000,1787733248686000000,274
workspaceModel.mutableEntityStorage.mutable.ext.mapping.ms,1787733188688000000,1787733248686000000,1
workspaceModel.delayed.project.synchronizer.sync.ms,1787733188688000000,1787733248686000000,1934
jps.facet.change.listener.before.change.events.ms,1787733188688000000,1787733248686000000,1
jps.app.storage.content.reader.load.component.ms,1787733188688000000,1787733248686000000,4
jps.artifact.entities.serializer.load.entities.ms,1787733188688000000,1787733248686000000,0
jps.global.initialize.library.bridges.after.loading.ms,1787733188688000000,1787733248686000000,0
jps.library.entities.serializer.save.entities.ms,1787733188688000000,1787733248686000000,0
workspaceModel.mutableEntityStorage.remove.entity.ms,1787733188688000000,1787733248686000000,0
jps.global.get.library.ms,1787733188688000000,1787733248686000000,0
workspaceModel.mutableEntityStorage.entities.ms,1787733188688000000,1787733248686000000,0
jps.reload.project.entities.ms,1787733188688000000,1787733248686000000,0
jps.global.handle.changed.events.ms,1787733188688000000,1787733248686000000,0
jps.save.global.entities.ms,1787733188688000000,1787733248686000000,48
jps.project.serializers.save.ms,1787733188688000000,1787733248686000000,6
jps.save.changed.project.entities.ms,1787733188688000000,1787733248686000000,7
workspaceModel.moduleBridgeLoader.loading.modules.ms,1787733188688000000,1787733248686000000,1383
workspaceModel.sync.entities.ms,1787733188688000000,1787733248686000000,0
workspaceModel.mutableEntityStorage.has.same.entities.ms,1787733188688000000,1787733248686000000,0
jps.global.handle.before.change.events.ms,1787733188688000000,1787733248686000000,0
workspaceModel.orphan.listener.update.ms,1787733188688000000,1787733248686000000,4
workspaceModel.moduleBridge.before.changed.ms,1787733188688000000,1787733248686000000,0
workspaceModel.moduleManagerBridge.newModule.ms,1787733188688000000,1787733248686000000,0
workspaceModel.mutableEntityStorage.referrers.ms,1787733188688000000,1787733248686000000,0
jps.storage.jps.conf.reader.load.component.ms,1787733188688000000,1787733248686000000,284
jps.load.project.to.empty.storage.ms,1787733188688000000,1787733248686000000,436
jps.library.entities.serializer.load.entities.ms,1787733188688000000,1787733248686000000,275
workspaceModel.global.apply.state.to.project.ms,1787733188688000000,1787733248686000000,52
workspaceModel.mutableEntityStorage.add.diff.ms,1787733188688000000,1787733248686000000,92
workspaceModel.moduleManagerBridge.load.all.modules.ms,1787733188688000000,1787733248686000000,185
jps.module.iml.entities.serializer.save.entities.ms,1787733188688000000,1787733248686000000,0
workspaceModel.save.cache.to.file.ms,1787733188688000000,1787733248686000000,1128
jps.module.iml.entities.serializer.load.entities.ms,1787733188688000000,1787733248686000000,263
workspaceModel.mutableEntityStorage.put.entity.ms,1787733188688000000,1787733248686000000,92
workspaceModel.moduleBridge.update.option.ms,1787733188688000000,1787733248686000000,0
workspaceModel.mutableEntityStorage.replace.by.source.ms,1787733188688000000,1787733248686000000,51
workspaceModel.mutableEntityStorage.modify.entity.ms,1787733188688000000,1787733248686000000,36
workspaceModel.mutableEntityStorage.to.snapshot.ms,1787733188688000000,1787733248686000000,5
workspaceModel.moduleBridge.facet.initialization.ms,1787733188688000000,1787733248686000000,2
workspaceModel.moduleManagerBridge.create.module.instance.ms,1787733188688000000,1787733248686000000,0
workspaceModel.moduleManagerBridge.set.unloadedModules.ms,1787733188688000000,1787733248686000000,0
workspaceModel.mutableEntityStorage.collect.changes.ms,1787733188688000000,1787733248686000000,1
jps.load.initial.state.ms,1787733188688000000,1787733248686000000,24
workspaceModel.moduleManagerBridge.new.nonPersistent.module.ms,1787733188688000000,1787733248686000000,0
workspaceModel.moduleManagerBridge.get.modules.ms,1787733188688000000,1787733248686000000,1
jps.apply.loaded.storage.ms,1787733188688000000,1787733248686000000,1480
jps.artifact.entities.serializer.save.entities.ms,1787733188688000000,1787733248686000000,0
workspaceModel.mutableEntityStorage.resolve.ms,1787733188688000000,1787733248686000000,2
jps.global.initialize.library.bridges.ms,1787733188688000000,1787733248686000000,0
workspaceModel.global.updates.count,1787733188688000000,1787733248686000000,0
jps.app.storage.content.writer.save.component.ms,1787733188688000000,1787733248686000000,0
jps.facet.change.listener.init.bridge.ms,1787733188688000000,1787733248686000000,0
workspaceModel.global.apply.state.to.project.builder.ms,1787733188688000000,1787733248686000000,5
workspaceModel.load.cache.from.file.ms,1787733188688000000,1787733248686000000,221
workspaceModel.moduleManagerBridge.build.module.graph.ms,1787733188688000000,1787733248686000000,2
workspaceModel.updates.precise.ms,1787733188688000000,1787733248686000000,65
workspaceModel.loading.total.ms,1787733188688000000,1787733248686000000,248
workspaceModel.updates.ms,1787733188688000000,1787733248686000000,127
workspaceModel.check.recursive.update.ms,1787733188688000000,1787733248686000000,6
workspaceModel.to.snapshot.ms,1787733188688000000,1787733248686000000,5
workspaceModel.update.unloaded.entities.ms,1787733188688000000,1787733248686000000,0
workspaceModel.pre.handlers.ms,1787733188688000000,1787733248686000000,2
workspaceModel.init.bridges.ms,1787733188688000000,1787733248686000000,1
workspaceModel.replace.project.model.ms,1787733188688000000,1787733248686000000,0
workspaceModel.initializing.ms,1787733188688000000,1787733248686000000,1
workspaceModel.loading.from.cache.ms,1787733188688000000,1787733248686000000,228
workspaceModel.updates.count,1787733188688000000,1787733248686000000,5
workspaceModel.collect.changes.ms,1787733188688000000,1787733248686000000,0
FlushQueue.waitingTimeAvgNs,1787733188688000000,1787733248686000000,3.424364339305556E8
FlushQueue.queueSizeMax,1787733188688000000,1787733248686000000,55
FlushQueue.queueSizeAvg,1787733188688000000,1787733248686000000,10.801388888888889
FlushQueue.tasksExecuted,1787733188688000000,1787733248686000000,720
AWTEventQueue.dispatchTimeTotalNS,1787733188688000000,1787733248686000000,14008561248
AWTEventQueue.dispatchTimeMaxNs,1787733188688000000,1787733248686000000,7683964927
NonBlockingReadAction.finalizedExecutionTimeUs,1787733188688000000,1787733248686000000,1259023
NonBlockingReadAction.failedExecutionsCount,1787733188688000000,1787733248686000000,1
AWTEventQueue.eventsDispatched,1787733188688000000,1787733248686000000,3442
AWTEventQueue.dispatchTime90PNs,1787733188688000000,1787733248686000000,415743
NonBlockingReadAction.failedExecutionTimeUs,1787733188688000000,1787733248686000000,167280
AWTEventQueue.dispatchTimeAvgNs,1787733188688000000,1787733248686000000,4065174.557815224
FlushQueue.executionTimeAvgNs,1787733188688000000,1787733248686000000,1.8633385480555557E7
FlushQueue.waitingTime90PNs,1787733188688000000,1787733248686000000,612368383
NonBlockingReadAction.finalizedExecutionsCount,1787733188688000000,1787733248686000000,13
FlushQueue.executionTimeMaxNs,1787733188688000000,1787733248686000000,11542724607
FlushQueue.queueSize90P,1787733188688000000,1787733248686000000,29
FlushQueue.executionTime90PNs,1787733188688000000,1787733248686000000,4423679
FlushQueue.waitingTimeMaxNs,1787733188688000000,1787733248686000000,7751073791
StreamlinedBlobStorage.recordsAllocated,1787733188688000000,1787733248686000000,0
DirectByteBufferAllocator.totalSizeOfBuffersAllocatedInBytes,1787733188688000000,1787733248686000000,292700160
FilePageCache.pageFastCacheHits,1787733188688000000,1787733248686000000,22030
StorageLockContext.competingThreads.avg,1787733188688000000,1787733248686000000,0.08547008547008547
StreamlinedBlobStorage.totalLiveRecordsCapacityBytes,1787733188688000000,1787733248686000000,0
StorageLockContext.competingThreads.max,1787733188688000000,1787733248686000000,10
DirectByteBufferAllocator.hits,1787733188688000000,1787733248686000000,43
FilePageCache.totalPageDisposalsUs,1787733188688000000,1787733248686000000,2604
DirectByteBufferAllocator.totalSizeOfBuffersCachedInBytes,1787733188688000000,1787733248686000000,0
StreamlinedBlobStorage.recordsRelocated,1787733188688000000,1787733248686000000,0
FilePageCache.disposedBuffers,1787733188688000000,1787733248686000000,240
FilePageCache.pageHits,1787733188688000000,1787733248686000000,5
FilePageCache.pageLoads,1787733188688000000,1787733248686000000,264
FilePageCache.uncachedFileAccess,1787733188688000000,1787733248686000000,133
StorageLockContext.competingThreads.90P,1787733188688000000,1787733248686000000,0
FilePageCache.maxCacheSizeInBytes,1787733188688000000,1787733248686000000,292700160
StreamlinedBlobStorage.totalLiveRecordsPayloadBytes,1787733188688000000,1787733248686000000,0
DirectByteBufferAllocator.misses,1787733188688000000,1787733248686000000,221
StreamlinedBlobStorage.recordsDeleted,1787733188688000000,1787733248686000000,0
FilePageCache.maxRegisteredFiles,1787733188688000000,1787733248686000000,620
FilePageCache.capacityInBytes,1787733188688000000,1787733248686000000,524288000
DirectByteBufferAllocator.reclaimed,1787733188688000000,1787733248686000000,43
FilePageCache.totalPageLoadsUs,1787733188688000000,1787733248686000000,383290
DirectByteBufferAllocator.disposed,1787733188688000000,1787733248686000000,197
FilePageCache.pageLoadsAboveSizeThreshold,1787733188688000000,1787733248686000000,0
JVM.usedNativeBytes,1787733188688000000,1787733248686000000,402040360
OS.loadAverage,1787733188688000000,1787733248686000000,3.30322265625
JVM.totalCpuTimeMs,1787733188688000000,1787733248686000000,38115
JVM.usedHeapBytes,1787733188688000000,1787733248686000000,1249861736
JVM.GC.collectionTimesMs,1787733188688000000,1787733248686000000,1920
JVM.GC.collections,1787733188688000000,1787733248686000000,68
JVM.threadCount,1787733188688000000,1787733248686000000,75
JVM.maxHeapBytes,1787733188688000000,1787733248686000000,2147483648
JVM.maxNativeBytes,1787733188688000000,1787733248686000000,-1
Indexes.stubs.lookupDuration90PMs,1787733188688000000,1787733248686000000,19.0
Indexes.entries.lookupDuration90PMs,1787733188688000000,1787733248686000000,25.0
Indexes.allKeys.lookupDuration90PMs,1787733188688000000,1787733248686000000,0.0
IndexesFlusher.totalFlushingTimeUs,1787733188688000000,1787733248686000000,-6956187
Indexes.stubs.lookups,1787733188688000000,1787733248686000000,32.0
Indexes.entries.lookupDurationMaxMs,1787733188688000000,1787733248686000000,25.0
IndexesFlusher.totalFlushes,1787733188688000000,1787733248686000000,-1139
VFSFlusher.totalContentionQuotaSpent,1787733188688000000,1787733248686000000,0
IndexesFlusher.totalContentionQuotaSpent,1787733188688000000,1787733248686000000,-92
Indexes.allKeys.lookupDurationMaxMs,1787733188688000000,1787733248686000000,0.0
Indexes.entries.lookups,1787733188688000000,1787733248686000000,4.0
Indexes.allKeys.lookups,1787733188688000000,1787733248686000000,0.0
VFSFlusher.totalFlushesRetried,1787733188688000000,1787733248686000000,0
VFSFlusher.totalFlushes,1787733188688000000,1787733248686000000,3
Indexes.stubs.lookupDurationAvgMs,1787733188688000000,1787733248686000000,19.34375
Indexes.allKeys.lookupDurationAvgMs,1787733188688000000,1787733248686000000,0.0
Indexes.stubs.lookupDurationMaxMs,1787733188688000000,1787733248686000000,254.0
Indexes.entries.lookupDurationAvgMs,1787733188688000000,1787733248686000000,10.0
IndexesFlusher.totalFlushesRetried,1787733188688000000,1787733248686000000,-3
VFSFlusher.totalFlushingTimeUs,1787733188688000000,1787733248686000000,38440
FileNameCache.queries,1787733248686000000,1787733308689000000,0
FileNameCache.fastMisses,1787733248686000000,1787733308689000000,0
FileNameCache.totalMisses,1787733248686000000,1787733308689000000,0
workspaceModel.mutableEntityStorage.mutable.vfurl.index.ms,1787733248686000000,1787733308689000000,0
jps.facet.change.listener.process.change.events.ms,1787733248686000000,1787733308689000000,0
workspaceModel.moduleManagerBridge.load.module.ms,1787733248686000000,1787733308689000000,0
jps.global.get.libraries.ms,1787733248686000000,1787733308689000000,4
workspaceModel.global.updates.ms,1787733248686000000,1787733308689000000,0
workspaceModel.mutableEntityStorage.add.entity.ms,1787733248686000000,1787733308689000000,218
jps.global.get.library.by.name.ms,1787733248686000000,1787733308689000000,0
workspaceModel.mutableEntityStorage.entities.by.source.ms,1787733248686000000,1787733308689000000,1
jps.project.serializers.load.ms,1787733248686000000,1787733308689000000,274
workspaceModel.mutableEntityStorage.mutable.ext.mapping.ms,1787733248686000000,1787733308689000000,1
workspaceModel.delayed.project.synchronizer.sync.ms,1787733248686000000,1787733308689000000,1934
jps.facet.change.listener.before.change.events.ms,1787733248686000000,1787733308689000000,1
jps.app.storage.content.reader.load.component.ms,1787733248686000000,1787733308689000000,4
jps.artifact.entities.serializer.load.entities.ms,1787733248686000000,1787733308689000000,0
jps.global.initialize.library.bridges.after.loading.ms,1787733248686000000,1787733308689000000,0
jps.library.entities.serializer.save.entities.ms,1787733248686000000,1787733308689000000,0
workspaceModel.mutableEntityStorage.remove.entity.ms,1787733248686000000,1787733308689000000,0
jps.global.get.library.ms,1787733248686000000,1787733308689000000,0
workspaceModel.mutableEntityStorage.entities.ms,1787733248686000000,1787733308689000000,0
jps.reload.project.entities.ms,1787733248686000000,1787733308689000000,0
jps.global.handle.changed.events.ms,1787733248686000000,1787733308689000000,0
jps.save.global.entities.ms,1787733248686000000,1787733308689000000,48
jps.project.serializers.save.ms,1787733248686000000,1787733308689000000,6
jps.save.changed.project.entities.ms,1787733248686000000,1787733308689000000,7
workspaceModel.moduleBridgeLoader.loading.modules.ms,1787733248686000000,1787733308689000000,1383
workspaceModel.sync.entities.ms,1787733248686000000,1787733308689000000,0
workspaceModel.mutableEntityStorage.has.same.entities.ms,1787733248686000000,1787733308689000000,0
jps.global.handle.before.change.events.ms,1787733248686000000,1787733308689000000,0
workspaceModel.orphan.listener.update.ms,1787733248686000000,1787733308689000000,4
workspaceModel.moduleBridge.before.changed.ms,1787733248686000000,1787733308689000000,0
workspaceModel.moduleManagerBridge.newModule.ms,1787733248686000000,1787733308689000000,0
workspaceModel.mutableEntityStorage.referrers.ms,1787733248686000000,1787733308689000000,0
jps.storage.jps.conf.reader.load.component.ms,1787733248686000000,1787733308689000000,284
jps.load.project.to.empty.storage.ms,1787733248686000000,1787733308689000000,436
jps.library.entities.serializer.load.entities.ms,1787733248686000000,1787733308689000000,275
workspaceModel.global.apply.state.to.project.ms,1787733248686000000,1787733308689000000,52
workspaceModel.mutableEntityStorage.add.diff.ms,1787733248686000000,1787733308689000000,92
workspaceModel.moduleManagerBridge.load.all.modules.ms,1787733248686000000,1787733308689000000,185
jps.module.iml.entities.serializer.save.entities.ms,1787733248686000000,1787733308689000000,0
workspaceModel.save.cache.to.file.ms,1787733248686000000,1787733308689000000,1128
jps.module.iml.entities.serializer.load.entities.ms,1787733248686000000,1787733308689000000,263
workspaceModel.mutableEntityStorage.put.entity.ms,1787733248686000000,1787733308689000000,92
workspaceModel.moduleBridge.update.option.ms,1787733248686000000,1787733308689000000,0
workspaceModel.mutableEntityStorage.replace.by.source.ms,1787733248686000000,1787733308689000000,51
workspaceModel.mutableEntityStorage.modify.entity.ms,1787733248686000000,1787733308689000000,36
workspaceModel.mutableEntityStorage.to.snapshot.ms,1787733248686000000,1787733308689000000,5
workspaceModel.moduleBridge.facet.initialization.ms,1787733248686000000,1787733308689000000,2
workspaceModel.moduleManagerBridge.create.module.instance.ms,1787733248686000000,1787733308689000000,0
workspaceModel.moduleManagerBridge.set.unloadedModules.ms,1787733248686000000,1787733308689000000,0
workspaceModel.mutableEntityStorage.collect.changes.ms,1787733248686000000,1787733308689000000,1
jps.load.initial.state.ms,1787733248686000000,1787733308689000000,24
workspaceModel.moduleManagerBridge.new.nonPersistent.module.ms,1787733248686000000,1787733308689000000,0
workspaceModel.moduleManagerBridge.get.modules.ms,1787733248686000000,1787733308689000000,1
jps.apply.loaded.storage.ms,1787733248686000000,1787733308689000000,1480
jps.artifact.entities.serializer.save.entities.ms,1787733248686000000,1787733308689000000,0
workspaceModel.mutableEntityStorage.resolve.ms,1787733248686000000,1787733308689000000,2
jps.global.initialize.library.bridges.ms,1787733248686000000,1787733308689000000,0
workspaceModel.global.updates.count,1787733248686000000,1787733308689000000,0
jps.app.storage.content.writer.save.component.ms,1787733248686000000,1787733308689000000,0
jps.facet.change.listener.init.bridge.ms,1787733248686000000,1787733308689000000,0
workspaceModel.global.apply.state.to.project.builder.ms,1787733248686000000,1787733308689000000,5
workspaceModel.load.cache.from.file.ms,1787733248686000000,1787733308689000000,221
workspaceModel.moduleManagerBridge.build.module.graph.ms,1787733248686000000,1787733308689000000,2
workspaceModel.updates.precise.ms,1787733248686000000,1787733308689000000,65
workspaceModel.loading.total.ms,1787733248686000000,1787733308689000000,248
workspaceModel.updates.ms,1787733248686000000,1787733308689000000,127
workspaceModel.check.recursive.update.ms,1787733248686000000,1787733308689000000,6
workspaceModel.to.snapshot.ms,1787733248686000000,1787733308689000000,5
workspaceModel.update.unloaded.entities.ms,1787733248686000000,1787733308689000000,0
workspaceModel.pre.handlers.ms,1787733248686000000,1787733308689000000,2
workspaceModel.init.bridges.ms,1787733248686000000,1787733308689000000,1
workspaceModel.replace.project.model.ms,1787733248686000000,1787733308689000000,0
workspaceModel.initializing.ms,1787733248686000000,1787733308689000000,1
workspaceModel.loading.from.cache.ms,1787733248686000000,1787733308689000000,228
workspaceModel.updates.count,1787733248686000000,1787733308689000000,5
workspaceModel.collect.changes.ms,1787733248686000000,1787733308689000000,0
FlushQueue.waitingTimeAvgNs,1787733248686000000,1787733308689000000,847720.1860465116
FlushQueue.queueSizeMax,1787733248686000000,1787733308689000000,0
FlushQueue.queueSizeAvg,1787733248686000000,1787733308689000000,0.0
FlushQueue.tasksExecuted,1787733248686000000,1787733308689000000,129
AWTEventQueue.dispatchTimeTotalNS,1787733248686000000,1787733308689000000,836984951
AWTEventQueue.dispatchTimeMaxNs,1787733248686000000,1787733308689000000,104857599
NonBlockingReadAction.finalizedExecutionTimeUs,1787733248686000000,1787733308689000000,0
NonBlockingReadAction.failedExecutionsCount,1787733248686000000,1787733308689000000,0
AWTEventQueue.eventsDispatched,1787733248686000000,1787733308689000000,3558
AWTEventQueue.dispatchTime90PNs,1787733248686000000,1787733308689000000,233471
NonBlockingReadAction.failedExecutionTimeUs,1787733248686000000,1787733308689000000,0
AWTEventQueue.dispatchTimeAvgNs,1787733248686000000,1787733308689000000,235179.23327712197
FlushQueue.executionTimeAvgNs,1787733248686000000,1787733308689000000,145871.37984496125
FlushQueue.waitingTime90PNs,1787733248686000000,1787733308689000000,411647
NonBlockingReadAction.finalizedExecutionsCount,1787733248686000000,1787733308689000000,0
FlushQueue.executionTimeMaxNs,1787733248686000000,1787733308689000000,2883583
FlushQueue.queueSize90P,1787733248686000000,1787733308689000000,0
FlushQueue.executionTime90PNs,1787733248686000000,1787733308689000000,125439
FlushQueue.waitingTimeMaxNs,1787733248686000000,1787733308689000000,76021759
StreamlinedBlobStorage.recordsAllocated,1787733248686000000,1787733308689000000,0
DirectByteBufferAllocator.totalSizeOfBuffersAllocatedInBytes,1787733248686000000,1787733308689000000,292700160
FilePageCache.pageFastCacheHits,1787733248686000000,1787733308689000000,0
StorageLockContext.competingThreads.avg,1787733248686000000,1787733308689000000,0.0
StreamlinedBlobStorage.totalLiveRecordsCapacityBytes,1787733248686000000,1787733308689000000,0
StorageLockContext.competingThreads.max,1787733248686000000,1787733308689000000,0
DirectByteBufferAllocator.hits,1787733248686000000,1787733308689000000,0
FilePageCache.totalPageDisposalsUs,1787733248686000000,1787733308689000000,0
DirectByteBufferAllocator.totalSizeOfBuffersCachedInBytes,1787733248686000000,1787733308689000000,0
StreamlinedBlobStorage.recordsRelocated,1787733248686000000,1787733308689000000,0
FilePageCache.disposedBuffers,1787733248686000000,1787733308689000000,0
FilePageCache.pageHits,1787733248686000000,1787733308689000000,0
FilePageCache.pageLoads,1787733248686000000,1787733308689000000,0
FilePageCache.uncachedFileAccess,1787733248686000000,1787733308689000000,0
StorageLockContext.competingThreads.90P,1787733248686000000,1787733308689000000,0
FilePageCache.maxCacheSizeInBytes,1787733248686000000,1787733308689000000,292700160
StreamlinedBlobStorage.totalLiveRecordsPayloadBytes,1787733248686000000,1787733308689000000,0
DirectByteBufferAllocator.misses,1787733248686000000,1787733308689000000,0
StreamlinedBlobStorage.recordsDeleted,1787733248686000000,1787733308689000000,0
FilePageCache.maxRegisteredFiles,1787733248686000000,1787733308689000000,620
FilePageCache.capacityInBytes,1787733248686000000,1787733308689000000,524288000
DirectByteBufferAllocator.reclaimed,1787733248686000000,1787733308689000000,0
FilePageCache.totalPageLoadsUs,1787733248686000000,1787733308689000000,0
DirectByteBufferAllocator.disposed,1787733248686000000,1787733308689000000,0
FilePageCache.pageLoadsAboveSizeThreshold,1787733248686000000,1787733308689000000,0
JVM.usedNativeBytes,1787733248686000000,1787733308689000000,402377688
OS.loadAverage,1787733248686000000,1787733308689000000,2.919921875
JVM.totalCpuTimeMs,1787733248686000000,1787733308689000000,6306
JVM.usedHeapBytes,1787733248686000000,1787733308689000000,194396064
JVM.GC.collectionTimesMs,1787733248686000000,1787733308689000000,23
JVM.GC.collections,1787733248686000000,1787733308689000000,1
JVM.threadCount,1787733248686000000,1787733308689000000,52
JVM.maxHeapBytes,1787733248686000000,1787733308689000000,2147483648
JVM.maxNativeBytes,1787733248686000000,1787733308689000000,-1
Indexes.stubs.lookupDuration90PMs,1787733248686000000,1787733308689000000,0.0
Indexes.entries.lookupDuration90PMs,1787733248686000000,1787733308689000000,0.0
Indexes.allKeys.lookupDuration90PMs,1787733248686000000,1787733308689000000,0.0
IndexesFlusher.totalFlushingTimeUs,1787733248686000000,1787733308689000000,552324
Indexes.stubs.lookups,1787733248686000000,1787733308689000000,0.0
Indexes.entries.lookupDurationMaxMs,1787733248686000000,1787733308689000000,0.0
IndexesFlusher.totalFlushes,1787733248686000000,1787733308689000000,59
VFSFlusher.totalContentionQuotaSpent,1787733248686000000,1787733308689000000,0
IndexesFlusher.totalContentionQuotaSpent,1787733248686000000,1787733308689000000,0
Indexes.allKeys.lookupDurationMaxMs,1787733248686000000,1787733308689000000,0.0
Indexes.entries.lookups,1787733248686000000,1787733308689000000,0.0
Indexes.allKeys.lookups,1787733248686000000,1787733308689000000,0.0
VFSFlusher.totalFlushesRetried,1787733248686000000,1787733308689000000,0
VFSFlusher.totalFlushes,1787733248686000000,1787733308689000000,0
Indexes.stubs.lookupDurationAvgMs,1787733248686000000,1787733308689000000,0.0
Indexes.allKeys.lookupDurationAvgMs,1787733248686000000,1787733308689000000,0.0
Indexes.stubs.lookupDurationMaxMs,1787733248686000000,1787733308689000000,0.0
Indexes.entries.lookupDurationAvgMs,1787733248686000000,1787733308689000000,0.0
IndexesFlusher.totalFlushesRetried,1787733248686000000,1787733308689000000,0
VFSFlusher.totalFlushingTimeUs,1787733248686000000,1787733308689000000,0
FileNameCache.queries,1787733308689000000,1787733341739000000,3441
FileNameCache.fastMisses,1787733308689000000,1787733341739000000,124
FileNameCache.totalMisses,1787733308689000000,1787733341739000000,0
workspaceModel.mutableEntityStorage.mutable.vfurl.index.ms,1787733308689000000,1787733341739000000,0
jps.facet.change.listener.process.change.events.ms,1787733308689000000,1787733341739000000,0
workspaceModel.moduleManagerBridge.load.module.ms,1787733308689000000,1787733341739000000,0
jps.global.get.libraries.ms,1787733308689000000,1787733341739000000,4
workspaceModel.global.updates.ms,1787733308689000000,1787733341739000000,0
workspaceModel.mutableEntityStorage.add.entity.ms,1787733308689000000,1787733341739000000,218
jps.global.get.library.by.name.ms,1787733308689000000,1787733341739000000,0
workspaceModel.mutableEntityStorage.entities.by.source.ms,1787733308689000000,1787733341739000000,1
jps.project.serializers.load.ms,1787733308689000000,1787733341739000000,274
workspaceModel.mutableEntityStorage.mutable.ext.mapping.ms,1787733308689000000,1787733341739000000,1
workspaceModel.delayed.project.synchronizer.sync.ms,1787733308689000000,1787733341739000000,1934
jps.facet.change.listener.before.change.events.ms,1787733308689000000,1787733341739000000,1
jps.app.storage.content.reader.load.component.ms,1787733308689000000,1787733341739000000,4
jps.artifact.entities.serializer.load.entities.ms,1787733308689000000,1787733341739000000,0
jps.global.initialize.library.bridges.after.loading.ms,1787733308689000000,1787733341739000000,0
jps.library.entities.serializer.save.entities.ms,1787733308689000000,1787733341739000000,0
workspaceModel.mutableEntityStorage.remove.entity.ms,1787733308689000000,1787733341739000000,0
jps.global.get.library.ms,1787733308689000000,1787733341739000000,0
workspaceModel.mutableEntityStorage.entities.ms,1787733308689000000,1787733341739000000,0
jps.reload.project.entities.ms,1787733308689000000,1787733341739000000,0
jps.global.handle.changed.events.ms,1787733308689000000,1787733341739000000,0
jps.save.global.entities.ms,1787733308689000000,1787733341739000000,71
jps.project.serializers.save.ms,1787733308689000000,1787733341739000000,6
jps.save.changed.project.entities.ms,1787733308689000000,1787733341739000000,7
workspaceModel.moduleBridgeLoader.loading.modules.ms,1787733308689000000,1787733341739000000,1383
workspaceModel.sync.entities.ms,1787733308689000000,1787733341739000000,0
workspaceModel.mutableEntityStorage.has.same.entities.ms,1787733308689000000,1787733341739000000,0
jps.global.handle.before.change.events.ms,1787733308689000000,1787733341739000000,0
workspaceModel.orphan.listener.update.ms,1787733308689000000,1787733341739000000,4
workspaceModel.moduleBridge.before.changed.ms,1787733308689000000,1787733341739000000,0
workspaceModel.moduleManagerBridge.newModule.ms,1787733308689000000,1787733341739000000,0
workspaceModel.mutableEntityStorage.referrers.ms,1787733308689000000,1787733341739000000,0
jps.storage.jps.conf.reader.load.component.ms,1787733308689000000,1787733341739000000,284
jps.load.project.to.empty.storage.ms,1787733308689000000,1787733341739000000,436
jps.library.entities.serializer.load.entities.ms,1787733308689000000,1787733341739000000,275
workspaceModel.global.apply.state.to.project.ms,1787733308689000000,1787733341739000000,52
workspaceModel.mutableEntityStorage.add.diff.ms,1787733308689000000,1787733341739000000,92
workspaceModel.moduleManagerBridge.load.all.modules.ms,1787733308689000000,1787733341739000000,185
jps.module.iml.entities.serializer.save.entities.ms,1787733308689000000,1787733341739000000,0
workspaceModel.save.cache.to.file.ms,1787733308689000000,1787733341739000000,1128
jps.module.iml.entities.serializer.load.entities.ms,1787733308689000000,1787733341739000000,263
workspaceModel.mutableEntityStorage.put.entity.ms,1787733308689000000,1787733341739000000,92
workspaceModel.moduleBridge.update.option.ms,1787733308689000000,1787733341739000000,0
workspaceModel.mutableEntityStorage.replace.by.source.ms,1787733308689000000,1787733341739000000,51
workspaceModel.mutableEntityStorage.modify.entity.ms,1787733308689000000,1787733341739000000,36
workspaceModel.mutableEntityStorage.to.snapshot.ms,1787733308689000000,1787733341739000000,5
workspaceModel.moduleBridge.facet.initialization.ms,1787733308689000000,1787733341739000000,2
workspaceModel.moduleManagerBridge.create.module.instance.ms,1787733308689000000,1787733341739000000,0
workspaceModel.moduleManagerBridge.set.unloadedModules.ms,1787733308689000000,1787733341739000000,0
workspaceModel.mutableEntityStorage.collect.changes.ms,1787733308689000000,1787733341739000000,1
jps.load.initial.state.ms,1787733308689000000,1787733341739000000,24
workspaceModel.moduleManagerBridge.new.nonPersistent.module.ms,1787733308689000000,1787733341739000000,0
workspaceModel.moduleManagerBridge.get.modules.ms,1787733308689000000,1787733341739000000,1
jps.apply.loaded.storage.ms,1787733308689000000,1787733341739000000,1480
jps.artifact.entities.serializer.save.entities.ms,1787733308689000000,1787733341739000000,0
workspaceModel.mutableEntityStorage.resolve.ms,1787733308689000000,1787733341739000000,2
jps.global.initialize.library.bridges.ms,1787733308689000000,1787733341739000000,0
workspaceModel.global.updates.count,1787733308689000000,1787733341739000000,0
jps.app.storage.content.writer.save.component.ms,1787733308689000000,1787733341739000000,0
jps.facet.change.listener.init.bridge.ms,1787733308689000000,1787733341739000000,0
workspaceModel.global.apply.state.to.project.builder.ms,1787733308689000000,1787733341739000000,5
workspaceModel.load.cache.from.file.ms,1787733308689000000,1787733341739000000,221
workspaceModel.moduleManagerBridge.build.module.graph.ms,1787733308689000000,1787733341739000000,2
workspaceModel.updates.precise.ms,1787733308689000000,1787733341739000000,65
workspaceModel.loading.total.ms,1787733308689000000,1787733341739000000,248
workspaceModel.updates.ms,1787733308689000000,1787733341739000000,127
workspaceModel.check.recursive.update.ms,1787733308689000000,1787733341739000000,6
workspaceModel.to.snapshot.ms,1787733308689000000,1787733341739000000,5
workspaceModel.update.unloaded.entities.ms,1787733308689000000,1787733341739000000,0
workspaceModel.pre.handlers.ms,1787733308689000000,1787733341739000000,2
workspaceModel.init.bridges.ms,1787733308689000000,1787733341739000000,1
workspaceModel.replace.project.model.ms,1787733308689000000,1787733341739000000,0
workspaceModel.initializing.ms,1787733308689000000,1787733341739000000,1
workspaceModel.loading.from.cache.ms,1787733308689000000,1787733341739000000,228
workspaceModel.updates.count,1787733308689000000,1787733341739000000,5
workspaceModel.collect.changes.ms,1787733308689000000,1787733341739000000,0
FlushQueue.waitingTimeAvgNs,1787733308689000000,1787733341739000000,2585952.188405797
FlushQueue.queueSizeMax,1787733308689000000,1787733341739000000,9
FlushQueue.queueSizeAvg,1787733308689000000,1787733341739000000,0.4891304347826087
FlushQueue.tasksExecuted,1787733308689000000,1787733341739000000,276
AWTEventQueue.dispatchTimeTotalNS,1787733308689000000,1787733341739000000,1863100275
AWTEventQueue.dispatchTimeMaxNs,1787733308689000000,1787733341739000000,181403647
NonBlockingReadAction.finalizedExecutionTimeUs,1787733308689000000,1787733341739000000,163
NonBlockingReadAction.failedExecutionsCount,1787733308689000000,1787733341739000000,0
AWTEventQueue.eventsDispatched,1787733308689000000,1787733341739000000,4801
AWTEventQueue.dispatchTime90PNs,1787733308689000000,1787733341739000000,315391
NonBlockingReadAction.failedExecutionTimeUs,1787733308689000000,1787733341739000000,0
AWTEventQueue.dispatchTimeAvgNs,1787733308689000000,1787733341739000000,387925.92876484065
FlushQueue.executionTimeAvgNs,1787733308689000000,1787733341739000000,1544883.4927536233
FlushQueue.waitingTime90PNs,1787733308689000000,1787733341739000000,2719743
NonBlockingReadAction.finalizedExecutionsCount,1787733308689000000,1787733341739000000,2
FlushQueue.executionTimeMaxNs,1787733308689000000,1787733341739000000,181403647
FlushQueue.queueSize90P,1787733308689000000,1787733341739000000,2
FlushQueue.executionTime90PNs,1787733308689000000,1787733341739000000,1482751
FlushQueue.waitingTimeMaxNs,1787733308689000000,1787733341739000000,81788927
DirectByteBufferAllocator.totalSizeOfBuffersAllocatedInBytes,1787733308689000000,1787733341739000000,54673408
FilePageCache.pageFastCacheHits,1787733308689000000,1787733341739000000,77
StorageLockContext.competingThreads.avg,1787733308689000000,1787733341739000000,0.0
StorageLockContext.competingThreads.max,1787733308689000000,1787733341739000000,0
DirectByteBufferAllocator.hits,1787733308689000000,1787733341739000000,0
FilePageCache.totalPageDisposalsUs,1787733308689000000,1787733341739000000,0
DirectByteBufferAllocator.totalSizeOfBuffersCachedInBytes,1787733308689000000,1787733341739000000,52576256
FilePageCache.disposedBuffers,1787733308689000000,1787733341739000000,286
FilePageCache.pageHits,1787733308689000000,1787733341739000000,0
FilePageCache.pageLoads,1787733308689000000,1787733341739000000,0
FilePageCache.uncachedFileAccess,1787733308689000000,1787733341739000000,0
StorageLockContext.competingThreads.90P,1787733308689000000,1787733341739000000,0
FilePageCache.maxCacheSizeInBytes,1787733308689000000,1787733341739000000,292700160
DirectByteBufferAllocator.misses,1787733308689000000,1787733341739000000,0
FilePageCache.maxRegisteredFiles,1787733308689000000,1787733341739000000,620
FilePageCache.capacityInBytes,1787733308689000000,1787733341739000000,524288000
DirectByteBufferAllocator.reclaimed,1787733308689000000,1787733341739000000,59
FilePageCache.totalPageLoadsUs,1787733308689000000,1787733341739000000,0
DirectByteBufferAllocator.disposed,1787733308689000000,1787733341739000000,227
FilePageCache.pageLoadsAboveSizeThreshold,1787733308689000000,1787733341739000000,0
JVM.usedNativeBytes,1787733308689000000,1787733341739000000,403583544
OS.loadAverage,1787733308689000000,1787733341739000000,5.2958984375
JVM.totalCpuTimeMs,1787733308689000000,1787733341739000000,7127
JVM.usedHeapBytes,1787733308689000000,1787733341739000000,281427872
JVM.GC.collectionTimesMs,1787733308689000000,1787733341739000000,0
JVM.GC.collections,1787733308689000000,1787733341739000000,0
JVM.threadCount,1787733308689000000,1787733341739000000,70
JVM.maxHeapBytes,1787733308689000000,1787733341739000000,2147483648
JVM.maxNativeBytes,1787733308689000000,1787733341739000000,-1
Indexes.stubs.lookupDuration90PMs,1787733308689000000,1787733341739000000,0.0
Indexes.entries.lookupDuration90PMs,1787733308689000000,1787733341739000000,0.0
Indexes.allKeys.lookupDuration90PMs,1787733308689000000,1787733341739000000,0.0
Indexes.stubs.lookups,1787733308689000000,1787733341739000000,0.0
Indexes.entries.lookupDurationMaxMs,1787733308689000000,1787733341739000000,0.0
Indexes.allKeys.lookupDurationMaxMs,1787733308689000000,1787733341739000000,0.0
Indexes.entries.lookups,1787733308689000000,1787733341739000000,0.0
Indexes.allKeys.lookups,1787733308689000000,1787733341739000000,0.0
Indexes.stubs.lookupDurationAvgMs,1787733308689000000,1787733341739000000,0.0
Indexes.allKeys.lookupDurationAvgMs,1787733308689000000,1787733341739000000,0.0
Indexes.stubs.lookupDurationMaxMs,1787733308689000000,1787733341739000000,0.0
Indexes.entries.lookupDurationAvgMs,1787733308689000000,1787733341739000000,0.0
