# OpenTelemetry Metrics report: .csv, 4 fields: 
# <metric name>, <period start, nanoseconds>, <period end, nanoseconds>, <metric value>
# See CsvMetricsExporter for details.
# 
# NAME, PERIOD_START_NANOS, PERIOD_END_NANOS, VALUE
StorageLockContext.competingThreads.avg,1787295215305000000,1787295275328000000,0.008620689655172414
StreamlinedBlobStorage.totalLiveRecordsPayloadBytes,1787295215305000000,1787295275328000000,94
FilePageCache.pageLoads,1787295215305000000,1787295275328000000,231
DirectByteBufferAllocator.totalSizeOfBuffersAllocatedInBytes,1787295215305000000,1787295275328000000,244350976
StreamlinedBlobStorage.recordsDeleted,1787295215305000000,1787295275328000000,0
StorageLockContext.competingThreads.max,1787295215305000000,1787295275328000000,1
StreamlinedBlobStorage.totalLiveRecordsCapacityBytes,1787295215305000000,1787295275328000000,910
DirectByteBufferAllocator.hits,1787295215305000000,1787295275328000000,3
StreamlinedBlobStorage.recordsAllocated,1787295215305000000,1787295275328000000,13
StreamlinedBlobStorage.recordsRelocated,1787295215305000000,1787295275328000000,0
FilePageCache.pageHits,1787295215305000000,1787295275328000000,0
StorageLockContext.competingThreads.90P,1787295215305000000,1787295275328000000,0
FilePageCache.pageFastCacheHits,1787295215305000000,1787295275328000000,4504
FilePageCache.totalPageLoadsUs,1787295215305000000,1787295275328000000,518579
FilePageCache.capacityInBytes,1787295215305000000,1787295275328000000,524288000
FilePageCache.maxRegisteredFiles,1787295215305000000,1787295275328000000,614
FilePageCache.disposedBuffers,1787295215305000000,1787295275328000000,3
FilePageCache.pageLoadsAboveSizeThreshold,1787295215305000000,1787295275328000000,0
FilePageCache.maxCacheSizeInBytes,1787295215305000000,1787295275328000000,244350976
DirectByteBufferAllocator.misses,1787295215305000000,1787295275328000000,228
DirectByteBufferAllocator.reclaimed,1787295215305000000,1787295275328000000,3
FilePageCache.uncachedFileAccess,1787295215305000000,1787295275328000000,122
DirectByteBufferAllocator.totalSizeOfBuffersCachedInBytes,1787295215305000000,1787295275328000000,0
FilePageCache.totalPageDisposalsUs,1787295215305000000,1787295275328000000,9625
DirectByteBufferAllocator.disposed,1787295215305000000,1787295275328000000,0
workspaceModel.global.apply.state.to.project.ms,1787295215305000000,1787295275328000000,0
workspaceModel.mutableEntityStorage.collect.changes.ms,1787295215305000000,1787295275328000000,0
workspaceModel.moduleManagerBridge.load.module.ms,1787295215305000000,1787295275328000000,0
jps.global.handle.before.change.events.ms,1787295215305000000,1787295275328000000,0
workspaceModel.mutableEntityStorage.mutable.vfurl.index.ms,1787295215305000000,1787295275328000000,0
jps.global.initialize.library.bridges.after.loading.ms,1787295215305000000,1787295275328000000,0
workspaceModel.mutableEntityStorage.put.entity.ms,1787295215305000000,1787295275328000000,0
workspaceModel.load.cache.from.file.ms,1787295215305000000,1787295275328000000,0
workspaceModel.global.updates.ms,1787295215305000000,1787295275328000000,0
workspaceModel.mutableEntityStorage.referrers.ms,1787295215305000000,1787295275328000000,0
workspaceModel.mutableEntityStorage.entities.ms,1787295215305000000,1787295275328000000,0
jps.app.storage.content.reader.load.component.ms,1787295215305000000,1787295275328000000,7
workspaceModel.moduleManagerBridge.get.modules.ms,1787295215305000000,1787295275328000000,1
workspaceModel.mutableEntityStorage.resolve.ms,1787295215305000000,1787295275328000000,0
workspaceModel.mutableEntityStorage.has.same.entities.ms,1787295215305000000,1787295275328000000,0
workspaceModel.save.cache.to.file.ms,1787295215305000000,1787295275328000000,0
workspaceModel.mutableEntityStorage.modify.entity.ms,1787295215305000000,1787295275328000000,0
workspaceModel.moduleManagerBridge.load.all.modules.ms,1787295215305000000,1787295275328000000,0
workspaceModel.mutableEntityStorage.to.snapshot.ms,1787295215305000000,1787295275328000000,0
workspaceModel.moduleManagerBridge.set.unloadedModules.ms,1787295215305000000,1787295275328000000,0
jps.library.entities.serializer.save.entities.ms,1787295215305000000,1787295275328000000,0
workspaceModel.mutableEntityStorage.remove.entity.ms,1787295215305000000,1787295275328000000,0
jps.global.initialize.library.bridges.ms,1787295215305000000,1787295275328000000,0
jps.save.global.entities.ms,1787295215305000000,1787295275328000000,58
jps.global.get.library.ms,1787295215305000000,1787295275328000000,0
workspaceModel.moduleManagerBridge.build.module.graph.ms,1787295215305000000,1787295275328000000,0
jps.global.get.library.by.name.ms,1787295215305000000,1787295275328000000,0
jps.app.storage.content.writer.save.component.ms,1787295215305000000,1787295275328000000,0
workspaceModel.moduleManagerBridge.new.nonPersistent.module.ms,1787295215305000000,1787295275328000000,0
jps.load.initial.state.ms,1787295215305000000,1787295275328000000,30
jps.global.handle.changed.events.ms,1787295215305000000,1787295275328000000,0
workspaceModel.global.apply.state.to.project.builder.ms,1787295215305000000,1787295275328000000,0
workspaceModel.moduleManagerBridge.create.module.instance.ms,1787295215305000000,1787295275328000000,0
workspaceModel.sync.entities.ms,1787295215305000000,1787295275328000000,0
workspaceModel.moduleManagerBridge.newModule.ms,1787295215305000000,1787295275328000000,0
workspaceModel.mutableEntityStorage.replace.by.source.ms,1787295215305000000,1787295275328000000,0
jps.library.entities.serializer.load.entities.ms,1787295215305000000,1787295275328000000,0
workspaceModel.mutableEntityStorage.entities.by.source.ms,1787295215305000000,1787295275328000000,0
jps.global.get.libraries.ms,1787295215305000000,1787295275328000000,0
workspaceModel.mutableEntityStorage.add.diff.ms,1787295215305000000,1787295275328000000,0
workspaceModel.global.updates.count,1787295215305000000,1787295275328000000,0
workspaceModel.mutableEntityStorage.mutable.ext.mapping.ms,1787295215305000000,1787295275328000000,0
workspaceModel.mutableEntityStorage.add.entity.ms,1787295215305000000,1787295275328000000,0
workspaceModel.init.bridges.ms,1787295215305000000,1787295275328000000,0
workspaceModel.pre.handlers.ms,1787295215305000000,1787295275328000000,0
workspaceModel.to.snapshot.ms,1787295215305000000,1787295275328000000,0
workspaceModel.replace.project.model.ms,1787295215305000000,1787295275328000000,0
workspaceModel.update.unloaded.entities.ms,1787295215305000000,1787295275328000000,0
workspaceModel.loading.from.cache.ms,1787295215305000000,1787295275328000000,39
workspaceModel.loading.total.ms,1787295215305000000,1787295275328000000,48
workspaceModel.check.recursive.update.ms,1787295215305000000,1787295275328000000,0
workspaceModel.collect.changes.ms,1787295215305000000,1787295275328000000,0
workspaceModel.updates.count,1787295215305000000,1787295275328000000,0
workspaceModel.initializing.ms,1787295215305000000,1787295275328000000,0
workspaceModel.updates.ms,1787295215305000000,1787295275328000000,0
workspaceModel.updates.precise.ms,1787295215305000000,1787295275328000000,0
FileNameCache.fastMisses,1787295215305000000,1787295275328000000,15
FileNameCache.queries,1787295215305000000,1787295275328000000,221
FileNameCache.totalMisses,1787295215305000000,1787295275328000000,14
VFSFlusher.totalFlushesRetried,1787295215305000000,1787295275328000000,0
IndexesFlusher.totalFlushingTimeUs,1787295215305000000,1787295275328000000,1124688
VFSFlusher.totalContentionQuotaSpent,1787295215305000000,1787295275328000000,0
IndexesFlusher.totalFlushesRetried,1787295215305000000,1787295275328000000,4
VFSFlusher.totalFlushes,1787295215305000000,1787295275328000000,0
IndexesFlusher.totalContentionQuotaSpent,1787295215305000000,1787295275328000000,185
VFSFlusher.totalFlushingTimeUs,1787295215305000000,1787295275328000000,0
IndexesFlusher.totalFlushes,1787295215305000000,1787295275328000000,111
AWTEventQueue.eventsDispatched,1787295215305000000,1787295275328000000,1810
FlushQueue.waitingTimeAvgNs,1787295215305000000,1787295275328000000,3.6948856819512194E8
FlushQueue.executionTimeMaxNs,1787295215305000000,1787295275328000000,2399141887
AWTEventQueue.dispatchTime90PNs,1787295215305000000,1787295275328000000,3473407
FlushQueue.queueSizeMax,1787295215305000000,1787295275328000000,32
FlushQueue.queueSize90P,1787295215305000000,1787295275328000000,22
FlushQueue.executionTimeAvgNs,1787295215305000000,1787295275328000000,2.279622650406504E7
FlushQueue.waitingTimeMaxNs,1787295215305000000,1787295275328000000,2466250751
FlushQueue.queueSizeAvg,1787295215305000000,1787295275328000000,6.085365853658536
FlushQueue.waitingTime90PNs,1787295215305000000,1787295275328000000,1501560831
FlushQueue.tasksExecuted,1787295215305000000,1787295275328000000,246
AWTEventQueue.dispatchTimeMaxNs,1787295215305000000,1787295275328000000,2399141887
AWTEventQueue.dispatchTimeTotalNS,1787295215305000000,1787295275328000000,11451260960
FlushQueue.executionTime90PNs,1787295215305000000,1787295275328000000,6815743
AWTEventQueue.dispatchTimeAvgNs,1787295215305000000,1787295275328000000,6329737.829834254
StorageLockContext.competingThreads.avg,1787295275328000000,1787295335329000000,0.0
StreamlinedBlobStorage.totalLiveRecordsPayloadBytes,1787295275328000000,1787295335329000000,0
FilePageCache.pageLoads,1787295275328000000,1787295335329000000,0
DirectByteBufferAllocator.totalSizeOfBuffersAllocatedInBytes,1787295275328000000,1787295335329000000,244350976
StreamlinedBlobStorage.recordsDeleted,1787295275328000000,1787295335329000000,0
StorageLockContext.competingThreads.max,1787295275328000000,1787295335329000000,0
StreamlinedBlobStorage.totalLiveRecordsCapacityBytes,1787295275328000000,1787295335329000000,0
DirectByteBufferAllocator.hits,1787295275328000000,1787295335329000000,0
StreamlinedBlobStorage.recordsAllocated,1787295275328000000,1787295335329000000,0
StreamlinedBlobStorage.recordsRelocated,1787295275328000000,1787295335329000000,0
FilePageCache.pageHits,1787295275328000000,1787295335329000000,0
StorageLockContext.competingThreads.90P,1787295275328000000,1787295335329000000,0
FilePageCache.pageFastCacheHits,1787295275328000000,1787295335329000000,0
FilePageCache.totalPageLoadsUs,1787295275328000000,1787295335329000000,0
FilePageCache.capacityInBytes,1787295275328000000,1787295335329000000,524288000
FilePageCache.maxRegisteredFiles,1787295275328000000,1787295335329000000,614
FilePageCache.disposedBuffers,1787295275328000000,1787295335329000000,0
FilePageCache.pageLoadsAboveSizeThreshold,1787295275328000000,1787295335329000000,0
FilePageCache.maxCacheSizeInBytes,1787295275328000000,1787295335329000000,244350976
DirectByteBufferAllocator.misses,1787295275328000000,1787295335329000000,0
DirectByteBufferAllocator.reclaimed,1787295275328000000,1787295335329000000,0
FilePageCache.uncachedFileAccess,1787295275328000000,1787295335329000000,0
DirectByteBufferAllocator.totalSizeOfBuffersCachedInBytes,1787295275328000000,1787295335329000000,0
FilePageCache.totalPageDisposalsUs,1787295275328000000,1787295335329000000,0
DirectByteBufferAllocator.disposed,1787295275328000000,1787295335329000000,0
workspaceModel.global.apply.state.to.project.ms,1787295275328000000,1787295335329000000,0
workspaceModel.mutableEntityStorage.collect.changes.ms,1787295275328000000,1787295335329000000,0
workspaceModel.moduleManagerBridge.load.module.ms,1787295275328000000,1787295335329000000,0
jps.global.handle.before.change.events.ms,1787295275328000000,1787295335329000000,0
workspaceModel.mutableEntityStorage.mutable.vfurl.index.ms,1787295275328000000,1787295335329000000,0
jps.global.initialize.library.bridges.after.loading.ms,1787295275328000000,1787295335329000000,0
workspaceModel.mutableEntityStorage.put.entity.ms,1787295275328000000,1787295335329000000,0
workspaceModel.load.cache.from.file.ms,1787295275328000000,1787295335329000000,0
workspaceModel.global.updates.ms,1787295275328000000,1787295335329000000,0
workspaceModel.mutableEntityStorage.referrers.ms,1787295275328000000,1787295335329000000,0
workspaceModel.mutableEntityStorage.entities.ms,1787295275328000000,1787295335329000000,0
jps.app.storage.content.reader.load.component.ms,1787295275328000000,1787295335329000000,7
workspaceModel.moduleManagerBridge.get.modules.ms,1787295275328000000,1787295335329000000,1
workspaceModel.mutableEntityStorage.resolve.ms,1787295275328000000,1787295335329000000,0
workspaceModel.mutableEntityStorage.has.same.entities.ms,1787295275328000000,1787295335329000000,0
workspaceModel.save.cache.to.file.ms,1787295275328000000,1787295335329000000,0
workspaceModel.mutableEntityStorage.modify.entity.ms,1787295275328000000,1787295335329000000,0
workspaceModel.moduleManagerBridge.load.all.modules.ms,1787295275328000000,1787295335329000000,0
workspaceModel.mutableEntityStorage.to.snapshot.ms,1787295275328000000,1787295335329000000,0
workspaceModel.moduleManagerBridge.set.unloadedModules.ms,1787295275328000000,1787295335329000000,0
jps.library.entities.serializer.save.entities.ms,1787295275328000000,1787295335329000000,0
workspaceModel.mutableEntityStorage.remove.entity.ms,1787295275328000000,1787295335329000000,0
jps.global.initialize.library.bridges.ms,1787295275328000000,1787295335329000000,0
jps.save.global.entities.ms,1787295275328000000,1787295335329000000,78
jps.global.get.library.ms,1787295275328000000,1787295335329000000,0
workspaceModel.moduleManagerBridge.build.module.graph.ms,1787295275328000000,1787295335329000000,0
jps.global.get.library.by.name.ms,1787295275328000000,1787295335329000000,0
jps.app.storage.content.writer.save.component.ms,1787295275328000000,1787295335329000000,0
workspaceModel.moduleManagerBridge.new.nonPersistent.module.ms,1787295275328000000,1787295335329000000,0
jps.load.initial.state.ms,1787295275328000000,1787295335329000000,30
jps.global.handle.changed.events.ms,1787295275328000000,1787295335329000000,0
workspaceModel.global.apply.state.to.project.builder.ms,1787295275328000000,1787295335329000000,0
workspaceModel.moduleManagerBridge.create.module.instance.ms,1787295275328000000,1787295335329000000,0
workspaceModel.sync.entities.ms,1787295275328000000,1787295335329000000,0
workspaceModel.moduleManagerBridge.newModule.ms,1787295275328000000,1787295335329000000,0
workspaceModel.mutableEntityStorage.replace.by.source.ms,1787295275328000000,1787295335329000000,0
jps.library.entities.serializer.load.entities.ms,1787295275328000000,1787295335329000000,0
workspaceModel.mutableEntityStorage.entities.by.source.ms,1787295275328000000,1787295335329000000,0
jps.global.get.libraries.ms,1787295275328000000,1787295335329000000,0
workspaceModel.mutableEntityStorage.add.diff.ms,1787295275328000000,1787295335329000000,0
workspaceModel.global.updates.count,1787295275328000000,1787295335329000000,0
workspaceModel.mutableEntityStorage.mutable.ext.mapping.ms,1787295275328000000,1787295335329000000,0
workspaceModel.mutableEntityStorage.add.entity.ms,1787295275328000000,1787295335329000000,0
workspaceModel.init.bridges.ms,1787295275328000000,1787295335329000000,0
workspaceModel.pre.handlers.ms,1787295275328000000,1787295335329000000,0
workspaceModel.to.snapshot.ms,1787295275328000000,1787295335329000000,0
workspaceModel.replace.project.model.ms,1787295275328000000,1787295335329000000,0
workspaceModel.update.unloaded.entities.ms,1787295275328000000,1787295335329000000,0
workspaceModel.loading.from.cache.ms,1787295275328000000,1787295335329000000,39
workspaceModel.loading.total.ms,1787295275328000000,1787295335329000000,48
workspaceModel.check.recursive.update.ms,1787295275328000000,1787295335329000000,0
workspaceModel.collect.changes.ms,1787295275328000000,1787295335329000000,0
workspaceModel.updates.count,1787295275328000000,1787295335329000000,0
workspaceModel.initializing.ms,1787295275328000000,1787295335329000000,0
workspaceModel.updates.ms,1787295275328000000,1787295335329000000,0
workspaceModel.updates.precise.ms,1787295275328000000,1787295335329000000,0
FileNameCache.fastMisses,1787295275328000000,1787295335329000000,0
FileNameCache.queries,1787295275328000000,1787295335329000000,108
FileNameCache.totalMisses,1787295275328000000,1787295335329000000,0
VFSFlusher.totalFlushesRetried,1787295275328000000,1787295335329000000,0
IndexesFlusher.totalFlushingTimeUs,1787295275328000000,1787295335329000000,666622
VFSFlusher.totalContentionQuotaSpent,1787295275328000000,1787295335329000000,0
IndexesFlusher.totalFlushesRetried,1787295275328000000,1787295335329000000,0
VFSFlusher.totalFlushes,1787295275328000000,1787295335329000000,0
IndexesFlusher.totalContentionQuotaSpent,1787295275328000000,1787295335329000000,0
VFSFlusher.totalFlushingTimeUs,1787295275328000000,1787295335329000000,0
IndexesFlusher.totalFlushes,1787295275328000000,1787295335329000000,116
AWTEventQueue.eventsDispatched,1787295275328000000,1787295335329000000,98
FlushQueue.waitingTimeAvgNs,1787295275328000000,1787295335329000000,3131725.2266666666
FlushQueue.executionTimeMaxNs,1787295275328000000,1787295335329000000,8585215
AWTEventQueue.dispatchTime90PNs,1787295275328000000,1787295335329000000,8650751
FlushQueue.queueSizeMax,1787295275328000000,1787295335329000000,3
FlushQueue.queueSize90P,1787295275328000000,1787295335329000000,0
FlushQueue.executionTimeAvgNs,1787295275328000000,1787295335329000000,698999.2533333333
FlushQueue.waitingTimeMaxNs,1787295275328000000,1787295335329000000,46137343
FlushQueue.queueSizeAvg,1787295275328000000,1787295335329000000,0.12
FlushQueue.waitingTime90PNs,1787295275328000000,1787295335329000000,14876671
FlushQueue.tasksExecuted,1787295275328000000,1787295335329000000,75
AWTEventQueue.dispatchTimeMaxNs,1787295275328000000,1787295335329000000,56360959
AWTEventQueue.dispatchTimeTotalNS,1787295275328000000,1787295335329000000,278836788
FlushQueue.executionTime90PNs,1787295275328000000,1787295335329000000,1392639
AWTEventQueue.dispatchTimeAvgNs,1787295275328000000,1787295335329000000,2845640.163265306
StorageLockContext.competingThreads.avg,1787295335329000000,1787295395329000000,0.0
StreamlinedBlobStorage.totalLiveRecordsPayloadBytes,1787295335329000000,1787295395329000000,0
FilePageCache.pageLoads,1787295335329000000,1787295395329000000,0
DirectByteBufferAllocator.totalSizeOfBuffersAllocatedInBytes,1787295335329000000,1787295395329000000,244350976
StreamlinedBlobStorage.recordsDeleted,1787295335329000000,1787295395329000000,0
StorageLockContext.competingThreads.max,1787295335329000000,1787295395329000000,0
StreamlinedBlobStorage.totalLiveRecordsCapacityBytes,1787295335329000000,1787295395329000000,0
DirectByteBufferAllocator.hits,1787295335329000000,1787295395329000000,0
StreamlinedBlobStorage.recordsAllocated,1787295335329000000,1787295395329000000,0
StreamlinedBlobStorage.recordsRelocated,1787295335329000000,1787295395329000000,0
FilePageCache.pageHits,1787295335329000000,1787295395329000000,0
StorageLockContext.competingThreads.90P,1787295335329000000,1787295395329000000,0
FilePageCache.pageFastCacheHits,1787295335329000000,1787295395329000000,0
FilePageCache.totalPageLoadsUs,1787295335329000000,1787295395329000000,0
FilePageCache.capacityInBytes,1787295335329000000,1787295395329000000,524288000
FilePageCache.maxRegisteredFiles,1787295335329000000,1787295395329000000,614
FilePageCache.disposedBuffers,1787295335329000000,1787295395329000000,0
FilePageCache.pageLoadsAboveSizeThreshold,1787295335329000000,1787295395329000000,0
FilePageCache.maxCacheSizeInBytes,1787295335329000000,1787295395329000000,244350976
DirectByteBufferAllocator.misses,1787295335329000000,1787295395329000000,0
DirectByteBufferAllocator.reclaimed,1787295335329000000,1787295395329000000,0
FilePageCache.uncachedFileAccess,1787295335329000000,1787295395329000000,0
DirectByteBufferAllocator.totalSizeOfBuffersCachedInBytes,1787295335329000000,1787295395329000000,0
FilePageCache.totalPageDisposalsUs,1787295335329000000,1787295395329000000,0
DirectByteBufferAllocator.disposed,1787295335329000000,1787295395329000000,0
workspaceModel.global.apply.state.to.project.ms,1787295335329000000,1787295395329000000,0
workspaceModel.mutableEntityStorage.collect.changes.ms,1787295335329000000,1787295395329000000,0
workspaceModel.moduleManagerBridge.load.module.ms,1787295335329000000,1787295395329000000,0
jps.global.handle.before.change.events.ms,1787295335329000000,1787295395329000000,0
workspaceModel.mutableEntityStorage.mutable.vfurl.index.ms,1787295335329000000,1787295395329000000,0
jps.global.initialize.library.bridges.after.loading.ms,1787295335329000000,1787295395329000000,0
workspaceModel.mutableEntityStorage.put.entity.ms,1787295335329000000,1787295395329000000,0
workspaceModel.load.cache.from.file.ms,1787295335329000000,1787295395329000000,0
workspaceModel.global.updates.ms,1787295335329000000,1787295395329000000,0
workspaceModel.mutableEntityStorage.referrers.ms,1787295335329000000,1787295395329000000,0
workspaceModel.mutableEntityStorage.entities.ms,1787295335329000000,1787295395329000000,0
jps.app.storage.content.reader.load.component.ms,1787295335329000000,1787295395329000000,7
workspaceModel.moduleManagerBridge.get.modules.ms,1787295335329000000,1787295395329000000,1
workspaceModel.mutableEntityStorage.resolve.ms,1787295335329000000,1787295395329000000,0
workspaceModel.mutableEntityStorage.has.same.entities.ms,1787295335329000000,1787295395329000000,0
workspaceModel.save.cache.to.file.ms,1787295335329000000,1787295395329000000,0
workspaceModel.mutableEntityStorage.modify.entity.ms,1787295335329000000,1787295395329000000,0
workspaceModel.moduleManagerBridge.load.all.modules.ms,1787295335329000000,1787295395329000000,0
workspaceModel.mutableEntityStorage.to.snapshot.ms,1787295335329000000,1787295395329000000,0
workspaceModel.moduleManagerBridge.set.unloadedModules.ms,1787295335329000000,1787295395329000000,0
jps.library.entities.serializer.save.entities.ms,1787295335329000000,1787295395329000000,0
workspaceModel.mutableEntityStorage.remove.entity.ms,1787295335329000000,1787295395329000000,0
jps.global.initialize.library.bridges.ms,1787295335329000000,1787295395329000000,0
jps.save.global.entities.ms,1787295335329000000,1787295395329000000,78
jps.global.get.library.ms,1787295335329000000,1787295395329000000,0
workspaceModel.moduleManagerBridge.build.module.graph.ms,1787295335329000000,1787295395329000000,0
jps.global.get.library.by.name.ms,1787295335329000000,1787295395329000000,0
jps.app.storage.content.writer.save.component.ms,1787295335329000000,1787295395329000000,0
workspaceModel.moduleManagerBridge.new.nonPersistent.module.ms,1787295335329000000,1787295395329000000,0
jps.load.initial.state.ms,1787295335329000000,1787295395329000000,30
jps.global.handle.changed.events.ms,1787295335329000000,1787295395329000000,0
workspaceModel.global.apply.state.to.project.builder.ms,1787295335329000000,1787295395329000000,0
workspaceModel.moduleManagerBridge.create.module.instance.ms,1787295335329000000,1787295395329000000,0
workspaceModel.sync.entities.ms,1787295335329000000,1787295395329000000,0
workspaceModel.moduleManagerBridge.newModule.ms,1787295335329000000,1787295395329000000,0
workspaceModel.mutableEntityStorage.replace.by.source.ms,1787295335329000000,1787295395329000000,0
jps.library.entities.serializer.load.entities.ms,1787295335329000000,1787295395329000000,0
workspaceModel.mutableEntityStorage.entities.by.source.ms,1787295335329000000,1787295395329000000,0
jps.global.get.libraries.ms,1787295335329000000,1787295395329000000,0
workspaceModel.mutableEntityStorage.add.diff.ms,1787295335329000000,1787295395329000000,0
workspaceModel.global.updates.count,1787295335329000000,1787295395329000000,0
workspaceModel.mutableEntityStorage.mutable.ext.mapping.ms,1787295335329000000,1787295395329000000,0
workspaceModel.mutableEntityStorage.add.entity.ms,1787295335329000000,1787295395329000000,0
workspaceModel.init.bridges.ms,1787295335329000000,1787295395329000000,0
workspaceModel.pre.handlers.ms,1787295335329000000,1787295395329000000,0
workspaceModel.to.snapshot.ms,1787295335329000000,1787295395329000000,0
workspaceModel.replace.project.model.ms,1787295335329000000,1787295395329000000,0
workspaceModel.update.unloaded.entities.ms,1787295335329000000,1787295395329000000,0
workspaceModel.loading.from.cache.ms,1787295335329000000,1787295395329000000,39
workspaceModel.loading.total.ms,1787295335329000000,1787295395329000000,48
workspaceModel.check.recursive.update.ms,1787295335329000000,1787295395329000000,0
workspaceModel.collect.changes.ms,1787295335329000000,1787295395329000000,0
workspaceModel.updates.count,1787295335329000000,1787295395329000000,0
workspaceModel.initializing.ms,1787295335329000000,1787295395329000000,0
workspaceModel.updates.ms,1787295335329000000,1787295395329000000,0
workspaceModel.updates.precise.ms,1787295335329000000,1787295395329000000,0
FileNameCache.fastMisses,1787295335329000000,1787295395329000000,0
FileNameCache.queries,1787295335329000000,1787295395329000000,22
FileNameCache.totalMisses,1787295335329000000,1787295395329000000,0
VFSFlusher.totalFlushesRetried,1787295335329000000,1787295395329000000,0
IndexesFlusher.totalFlushingTimeUs,1787295335329000000,1787295395329000000,650566
VFSFlusher.totalContentionQuotaSpent,1787295335329000000,1787295395329000000,0
IndexesFlusher.totalFlushesRetried,1787295335329000000,1787295395329000000,0
VFSFlusher.totalFlushes,1787295335329000000,1787295395329000000,0
IndexesFlusher.totalContentionQuotaSpent,1787295335329000000,1787295395329000000,0
VFSFlusher.totalFlushingTimeUs,1787295335329000000,1787295395329000000,0
IndexesFlusher.totalFlushes,1787295335329000000,1787295395329000000,117
AWTEventQueue.eventsDispatched,1787295335329000000,1787295395329000000,1525
FlushQueue.waitingTimeAvgNs,1787295335329000000,1787295395329000000,5994771.698924731
FlushQueue.executionTimeMaxNs,1787295335329000000,1787295395329000000,21889023
AWTEventQueue.dispatchTime90PNs,1787295335329000000,1787295395329000000,917503
FlushQueue.queueSizeMax,1787295335329000000,1787295395329000000,6
FlushQueue.queueSize90P,1787295335329000000,1787295395329000000,1
FlushQueue.executionTimeAvgNs,1787295335329000000,1787295395329000000,735125.1612903225
FlushQueue.waitingTimeMaxNs,1787295335329000000,1787295395329000000,114819071
FlushQueue.queueSizeAvg,1787295335329000000,1787295395329000000,0.3225806451612903
FlushQueue.waitingTime90PNs,1787295335329000000,1787295395329000000,21889023
FlushQueue.tasksExecuted,1787295335329000000,1787295395329000000,93
AWTEventQueue.dispatchTimeMaxNs,1787295335329000000,1787295395329000000,93847551
AWTEventQueue.dispatchTimeTotalNS,1787295335329000000,1787295395329000000,1111088366
FlushQueue.executionTime90PNs,1787295335329000000,1787295395329000000,1433599
AWTEventQueue.dispatchTimeAvgNs,1787295335329000000,1787295395329000000,728667.9291803279
StorageLockContext.competingThreads.avg,1787295395329000000,1787295455339000000,0.0
StreamlinedBlobStorage.totalLiveRecordsPayloadBytes,1787295395329000000,1787295455339000000,147569
FilePageCache.pageLoads,1787295395329000000,1787295455339000000,147
DirectByteBufferAllocator.totalSizeOfBuffersAllocatedInBytes,1787295395329000000,1787295455339000000,398491648
StreamlinedBlobStorage.recordsDeleted,1787295395329000000,1787295455339000000,17
StorageLockContext.competingThreads.max,1787295395329000000,1787295455339000000,0
StreamlinedBlobStorage.totalLiveRecordsCapacityBytes,1787295395329000000,1787295455339000000,525992
DirectByteBufferAllocator.hits,1787295395329000000,1787295455339000000,0
StreamlinedBlobStorage.recordsAllocated,1787295395329000000,1787295455339000000,7179
StreamlinedBlobStorage.recordsRelocated,1787295395329000000,1787295455339000000,0
FilePageCache.pageHits,1787295395329000000,1787295455339000000,0
StorageLockContext.competingThreads.90P,1787295395329000000,1787295455339000000,0
FilePageCache.pageFastCacheHits,1787295395329000000,1787295455339000000,239099
FilePageCache.totalPageLoadsUs,1787295395329000000,1787295455339000000,277190
FilePageCache.capacityInBytes,1787295395329000000,1787295455339000000,524288000
FilePageCache.maxRegisteredFiles,1787295395329000000,1787295455339000000,618
FilePageCache.disposedBuffers,1787295395329000000,1787295455339000000,0
FilePageCache.pageLoadsAboveSizeThreshold,1787295395329000000,1787295455339000000,0
FilePageCache.maxCacheSizeInBytes,1787295395329000000,1787295455339000000,398491648
DirectByteBufferAllocator.misses,1787295395329000000,1787295455339000000,147
DirectByteBufferAllocator.reclaimed,1787295395329000000,1787295455339000000,0
FilePageCache.uncachedFileAccess,1787295395329000000,1787295455339000000,547
DirectByteBufferAllocator.totalSizeOfBuffersCachedInBytes,1787295395329000000,1787295455339000000,0
FilePageCache.totalPageDisposalsUs,1787295395329000000,1787295455339000000,17363
DirectByteBufferAllocator.disposed,1787295395329000000,1787295455339000000,0
jps.facet.change.listener.init.bridge.ms,1787295395329000000,1787295455339000000,0
workspaceModel.global.apply.state.to.project.ms,1787295395329000000,1787295455339000000,0
jps.global.handle.before.change.events.ms,1787295395329000000,1787295455339000000,0
workspaceModel.mutableEntityStorage.mutable.vfurl.index.ms,1787295395329000000,1787295455339000000,0
workspaceModel.delayed.project.synchronizer.sync.ms,1787295395329000000,1787295455339000000,0
jps.global.initialize.library.bridges.after.loading.ms,1787295395329000000,1787295455339000000,0
workspaceModel.mutableEntityStorage.put.entity.ms,1787295395329000000,1787295455339000000,42
workspaceModel.load.cache.from.file.ms,1787295395329000000,1787295455339000000,0
workspaceModel.mutableEntityStorage.referrers.ms,1787295395329000000,1787295455339000000,0
jps.app.storage.content.reader.load.component.ms,1787295395329000000,1787295455339000000,7
workspaceModel.moduleManagerBridge.get.modules.ms,1787295395329000000,1787295455339000000,42
workspaceModel.mutableEntityStorage.resolve.ms,1787295395329000000,1787295455339000000,0
workspaceModel.mutableEntityStorage.has.same.entities.ms,1787295395329000000,1787295455339000000,0
workspaceModel.save.cache.to.file.ms,1787295395329000000,1787295455339000000,253
workspaceModel.mutableEntityStorage.modify.entity.ms,1787295395329000000,1787295455339000000,0
workspaceModel.mutableEntityStorage.to.snapshot.ms,1787295395329000000,1787295455339000000,10
jps.library.entities.serializer.save.entities.ms,1787295395329000000,1787295455339000000,0
workspaceModel.moduleManagerBridge.build.module.graph.ms,1787295395329000000,1787295455339000000,2
jps.global.get.library.by.name.ms,1787295395329000000,1787295455339000000,0
jps.load.initial.state.ms,1787295395329000000,1787295455339000000,30
workspaceModel.moduleBridge.update.option.ms,1787295395329000000,1787295455339000000,0
jps.reload.project.entities.ms,1787295395329000000,1787295455339000000,0
jps.facet.change.listener.before.change.events.ms,1787295395329000000,1787295455339000000,3
workspaceModel.mutableEntityStorage.replace.by.source.ms,1787295395329000000,1787295455339000000,25
jps.library.entities.serializer.load.entities.ms,1787295395329000000,1787295455339000000,62
workspaceModel.mutableEntityStorage.entities.by.source.ms,1787295395329000000,1787295455339000000,2
workspaceModel.mutableEntityStorage.add.diff.ms,1787295395329000000,1787295455339000000,26
workspaceModel.global.updates.count,1787295395329000000,1787295455339000000,0
jps.module.iml.entities.serializer.save.entities.ms,1787295395329000000,1787295455339000000,0
jps.apply.loaded.storage.ms,1787295395329000000,1787295455339000000,1068
workspaceModel.mutableEntityStorage.add.entity.ms,1787295395329000000,1787295455339000000,141
workspaceModel.orphan.listener.update.ms,1787295395329000000,1787295455339000000,2
workspaceModel.mutableEntityStorage.collect.changes.ms,1787295395329000000,1787295455339000000,2
workspaceModel.moduleManagerBridge.load.module.ms,1787295395329000000,1787295455339000000,0
workspaceModel.moduleBridgeLoader.loading.modules.ms,1787295395329000000,1787295455339000000,2723
workspaceModel.moduleBridge.facet.initialization.ms,1787295395329000000,1787295455339000000,0
jps.storage.jps.conf.reader.load.component.ms,1787295395329000000,1787295455339000000,78
workspaceModel.global.updates.ms,1787295395329000000,1787295455339000000,0
workspaceModel.mutableEntityStorage.entities.ms,1787295395329000000,1787295455339000000,1
jps.facet.change.listener.process.change.events.ms,1787295395329000000,1787295455339000000,1
workspaceModel.moduleManagerBridge.load.all.modules.ms,1787295395329000000,1787295455339000000,54
workspaceModel.moduleManagerBridge.set.unloadedModules.ms,1787295395329000000,1787295455339000000,0
jps.module.iml.entities.serializer.load.entities.ms,1787295395329000000,1787295455339000000,439
workspaceModel.mutableEntityStorage.remove.entity.ms,1787295395329000000,1787295455339000000,0
jps.save.changed.project.entities.ms,1787295395329000000,1787295455339000000,1
jps.global.initialize.library.bridges.ms,1787295395329000000,1787295455339000000,0
jps.save.global.entities.ms,1787295395329000000,1787295455339000000,108
jps.load.project.to.empty.storage.ms,1787295395329000000,1787295455339000000,318
jps.global.get.library.ms,1787295395329000000,1787295455339000000,0
jps.project.serializers.load.ms,1787295395329000000,1787295455339000000,267
jps.app.storage.content.writer.save.component.ms,1787295395329000000,1787295455339000000,0
workspaceModel.moduleManagerBridge.new.nonPersistent.module.ms,1787295395329000000,1787295455339000000,0
jps.artifact.entities.serializer.load.entities.ms,1787295395329000000,1787295455339000000,0
jps.global.handle.changed.events.ms,1787295395329000000,1787295455339000000,0
jps.project.serializers.save.ms,1787295395329000000,1787295455339000000,1
workspaceModel.global.apply.state.to.project.builder.ms,1787295395329000000,1787295455339000000,6
workspaceModel.moduleManagerBridge.create.module.instance.ms,1787295395329000000,1787295455339000000,0
workspaceModel.sync.entities.ms,1787295395329000000,1787295455339000000,0
workspaceModel.moduleManagerBridge.newModule.ms,1787295395329000000,1787295455339000000,0
jps.artifact.entities.serializer.save.entities.ms,1787295395329000000,1787295455339000000,0
jps.global.get.libraries.ms,1787295395329000000,1787295455339000000,1
workspaceModel.moduleBridge.before.changed.ms,1787295395329000000,1787295455339000000,0
workspaceModel.mutableEntityStorage.mutable.ext.mapping.ms,1787295395329000000,1787295455339000000,1
workspaceModel.init.bridges.ms,1787295395329000000,1787295455339000000,2
workspaceModel.pre.handlers.ms,1787295395329000000,1787295455339000000,3
workspaceModel.to.snapshot.ms,1787295395329000000,1787295455339000000,9
workspaceModel.replace.project.model.ms,1787295395329000000,1787295455339000000,0
workspaceModel.update.unloaded.entities.ms,1787295395329000000,1787295455339000000,0
workspaceModel.loading.from.cache.ms,1787295395329000000,1787295455339000000,39
workspaceModel.loading.total.ms,1787295395329000000,1787295455339000000,50
workspaceModel.check.recursive.update.ms,1787295395329000000,1787295455339000000,0
workspaceModel.collect.changes.ms,1787295395329000000,1787295455339000000,0
workspaceModel.updates.count,1787295395329000000,1787295455339000000,1
workspaceModel.initializing.ms,1787295395329000000,1787295455339000000,2
workspaceModel.updates.ms,1787295395329000000,1787295455339000000,141
workspaceModel.updates.precise.ms,1787295395329000000,1787295455339000000,20
FileNameCache.fastMisses,1787295395329000000,1787295455339000000,144138
FileNameCache.queries,1787295395329000000,1787295455339000000,1459855
FileNameCache.totalMisses,1787295395329000000,1787295455339000000,53014
Indexes.stubs.lookupDuration90PMs,1787295395329000000,1787295455339000000,0.0
Indexes.stubs.lookupDurationMaxMs,1787295395329000000,1787295455339000000,0.0
Indexes.entries.lookupDurationAvgMs,1787295395329000000,1787295455339000000,24.0
Indexes.allKeys.lookupDurationMaxMs,1787295395329000000,1787295455339000000,0.0
IndexesFlusher.totalFlushingTimeUs,1787295395329000000,1787295455339000000,7463193
IndexesFlusher.totalFlushesRetried,1787295395329000000,1787295455339000000,6
IndexesFlusher.totalContentionQuotaSpent,1787295395329000000,1787295455339000000,207
Indexes.entries.lookups,1787295395329000000,1787295455339000000,1.0
Indexes.allKeys.lookupDuration90PMs,1787295395329000000,1787295455339000000,0.0
Indexes.stubs.lookupDurationAvgMs,1787295395329000000,1787295455339000000,0.0
Indexes.entries.lookupDurationMaxMs,1787295395329000000,1787295455339000000,24.0
Indexes.entries.lookupDuration90PMs,1787295395329000000,1787295455339000000,24.0
VFSFlusher.totalFlushesRetried,1787295395329000000,1787295455339000000,0
Indexes.allKeys.lookups,1787295395329000000,1787295455339000000,0.0
VFSFlusher.totalContentionQuotaSpent,1787295395329000000,1787295455339000000,12
Indexes.stubs.lookups,1787295395329000000,1787295455339000000,0.0
VFSFlusher.totalFlushes,1787295395329000000,1787295455339000000,32
Indexes.allKeys.lookupDurationAvgMs,1787295395329000000,1787295455339000000,0.0
VFSFlusher.totalFlushingTimeUs,1787295395329000000,1787295455339000000,1409378
IndexesFlusher.totalFlushes,1787295395329000000,1787295455339000000,111
JVM.GC.collectionTimesMs,1787295395329000000,1787295455339000000,456
JVM.maxNativeBytes,1787295395329000000,1787295455339000000,-1
JVM.GC.collections,1787295395329000000,1787295455339000000,54
JVM.threadCount,1787295395329000000,1787295455339000000,190
JVM.usedHeapBytes,1787295395329000000,1787295455339000000,373198352
OS.loadAverage,1787295395329000000,1787295455339000000,4.93212890625
JVM.totalCpuTimeMs,1787295395329000000,1787295455339000000,149497
JVM.maxHeapBytes,1787295395329000000,1787295455339000000,2147483648
JVM.usedNativeBytes,1787295395329000000,1787295455339000000,372644536
NonBlockingReadAction.finalizedExecutionsCount,1787295395329000000,1787295455339000000,949
AWTEventQueue.eventsDispatched,1787295395329000000,1787295455339000000,2253
FlushQueue.waitingTimeAvgNs,1787295395329000000,1787295455339000000,9.37092823727949E8
FlushQueue.executionTimeMaxNs,1787295395329000000,1787295455339000000,1795162111
AWTEventQueue.dispatchTime90PNs,1787295395329000000,1787295455339000000,25165823
FlushQueue.queueSizeMax,1787295395329000000,1787295455339000000,118
FlushQueue.queueSize90P,1787295395329000000,1787295455339000000,87
FlushQueue.executionTimeAvgNs,1787295395329000000,1787295455339000000,1.221634679808714E7
FlushQueue.waitingTimeMaxNs,1787295395329000000,1787295455339000000,8153726975
NonBlockingReadAction.failedExecutionTimeUs,1787295395329000000,1787295455339000000,44648
NonBlockingReadAction.finalizedExecutionTimeUs,1787295395329000000,1787295455339000000,80638344
FlushQueue.queueSizeAvg,1787295395329000000,1787295455339000000,35.852284803400636
FlushQueue.waitingTime90PNs,1787295395329000000,1787295455339000000,1920991231
FlushQueue.tasksExecuted,1787295395329000000,1787295455339000000,941
AWTEventQueue.dispatchTimeMaxNs,1787295395329000000,1787295455339000000,4244635647
AWTEventQueue.dispatchTimeTotalNS,1787295395329000000,1787295455339000000,38305118735
FlushQueue.executionTime90PNs,1787295395329000000,1787295455339000000,13697023
AWTEventQueue.dispatchTimeAvgNs,1787295395329000000,1787295455339000000,1.700341488859299E7
NonBlockingReadAction.failedExecutionsCount,1787295395329000000,1787295455339000000,1
StorageLockContext.competingThreads.avg,1787295455339000000,1787295515336000000,0.00847457627118644
StreamlinedBlobStorage.totalLiveRecordsPayloadBytes,1787295455339000000,1787295515336000000,109488
FilePageCache.pageLoads,1787295455339000000,1787295515336000000,26
DirectByteBufferAllocator.totalSizeOfBuffersAllocatedInBytes,1787295455339000000,1787295515336000000,425754624
StreamlinedBlobStorage.recordsDeleted,1787295455339000000,1787295515336000000,2
StorageLockContext.competingThreads.max,1787295455339000000,1787295515336000000,1
StreamlinedBlobStorage.totalLiveRecordsCapacityBytes,1787295455339000000,1787295515336000000,1626
DirectByteBufferAllocator.hits,1787295455339000000,1787295515336000000,0
StreamlinedBlobStorage.recordsAllocated,1787295455339000000,1787295515336000000,25
StreamlinedBlobStorage.recordsRelocated,1787295455339000000,1787295515336000000,0
FilePageCache.pageHits,1787295455339000000,1787295515336000000,0
StorageLockContext.competingThreads.90P,1787295455339000000,1787295515336000000,0
FilePageCache.pageFastCacheHits,1787295455339000000,1787295515336000000,552927
FilePageCache.totalPageLoadsUs,1787295455339000000,1787295515336000000,61606
FilePageCache.capacityInBytes,1787295455339000000,1787295515336000000,524288000
FilePageCache.maxRegisteredFiles,1787295455339000000,1787295515336000000,618
FilePageCache.disposedBuffers,1787295455339000000,1787295515336000000,0
FilePageCache.pageLoadsAboveSizeThreshold,1787295455339000000,1787295515336000000,0
FilePageCache.maxCacheSizeInBytes,1787295455339000000,1787295515336000000,425754624
DirectByteBufferAllocator.misses,1787295455339000000,1787295515336000000,26
DirectByteBufferAllocator.reclaimed,1787295455339000000,1787295515336000000,0
FilePageCache.uncachedFileAccess,1787295455339000000,1787295515336000000,723
DirectByteBufferAllocator.totalSizeOfBuffersCachedInBytes,1787295455339000000,1787295515336000000,0
FilePageCache.totalPageDisposalsUs,1787295455339000000,1787295515336000000,7482
DirectByteBufferAllocator.disposed,1787295455339000000,1787295515336000000,0
jps.facet.change.listener.init.bridge.ms,1787295455339000000,1787295515336000000,0
workspaceModel.global.apply.state.to.project.ms,1787295455339000000,1787295515336000000,0
jps.global.handle.before.change.events.ms,1787295455339000000,1787295515336000000,0
workspaceModel.mutableEntityStorage.mutable.vfurl.index.ms,1787295455339000000,1787295515336000000,0
workspaceModel.delayed.project.synchronizer.sync.ms,1787295455339000000,1787295515336000000,0
jps.global.initialize.library.bridges.after.loading.ms,1787295455339000000,1787295515336000000,0
workspaceModel.mutableEntityStorage.put.entity.ms,1787295455339000000,1787295515336000000,42
workspaceModel.load.cache.from.file.ms,1787295455339000000,1787295515336000000,0
workspaceModel.mutableEntityStorage.referrers.ms,1787295455339000000,1787295515336000000,0
jps.app.storage.content.reader.load.component.ms,1787295455339000000,1787295515336000000,7
workspaceModel.moduleManagerBridge.get.modules.ms,1787295455339000000,1787295515336000000,42
workspaceModel.mutableEntityStorage.resolve.ms,1787295455339000000,1787295515336000000,0
workspaceModel.mutableEntityStorage.has.same.entities.ms,1787295455339000000,1787295515336000000,0
workspaceModel.save.cache.to.file.ms,1787295455339000000,1787295515336000000,253
workspaceModel.mutableEntityStorage.modify.entity.ms,1787295455339000000,1787295515336000000,0
workspaceModel.mutableEntityStorage.to.snapshot.ms,1787295455339000000,1787295515336000000,10
jps.library.entities.serializer.save.entities.ms,1787295455339000000,1787295515336000000,0
workspaceModel.moduleManagerBridge.build.module.graph.ms,1787295455339000000,1787295515336000000,2
jps.global.get.library.by.name.ms,1787295455339000000,1787295515336000000,0
jps.load.initial.state.ms,1787295455339000000,1787295515336000000,30
workspaceModel.moduleBridge.update.option.ms,1787295455339000000,1787295515336000000,0
jps.reload.project.entities.ms,1787295455339000000,1787295515336000000,0
jps.facet.change.listener.before.change.events.ms,1787295455339000000,1787295515336000000,3
workspaceModel.mutableEntityStorage.replace.by.source.ms,1787295455339000000,1787295515336000000,25
jps.library.entities.serializer.load.entities.ms,1787295455339000000,1787295515336000000,62
workspaceModel.mutableEntityStorage.entities.by.source.ms,1787295455339000000,1787295515336000000,2
workspaceModel.mutableEntityStorage.add.diff.ms,1787295455339000000,1787295515336000000,26
workspaceModel.global.updates.count,1787295455339000000,1787295515336000000,0
jps.module.iml.entities.serializer.save.entities.ms,1787295455339000000,1787295515336000000,0
jps.apply.loaded.storage.ms,1787295455339000000,1787295515336000000,1068
workspaceModel.mutableEntityStorage.add.entity.ms,1787295455339000000,1787295515336000000,141
workspaceModel.orphan.listener.update.ms,1787295455339000000,1787295515336000000,2
workspaceModel.mutableEntityStorage.collect.changes.ms,1787295455339000000,1787295515336000000,2
workspaceModel.moduleManagerBridge.load.module.ms,1787295455339000000,1787295515336000000,0
workspaceModel.moduleBridgeLoader.loading.modules.ms,1787295455339000000,1787295515336000000,2723
workspaceModel.moduleBridge.facet.initialization.ms,1787295455339000000,1787295515336000000,0
jps.storage.jps.conf.reader.load.component.ms,1787295455339000000,1787295515336000000,78
workspaceModel.global.updates.ms,1787295455339000000,1787295515336000000,0
workspaceModel.mutableEntityStorage.entities.ms,1787295455339000000,1787295515336000000,1
jps.facet.change.listener.process.change.events.ms,1787295455339000000,1787295515336000000,1
workspaceModel.moduleManagerBridge.load.all.modules.ms,1787295455339000000,1787295515336000000,54
workspaceModel.moduleManagerBridge.set.unloadedModules.ms,1787295455339000000,1787295515336000000,0
jps.module.iml.entities.serializer.load.entities.ms,1787295455339000000,1787295515336000000,439
workspaceModel.mutableEntityStorage.remove.entity.ms,1787295455339000000,1787295515336000000,0
jps.save.changed.project.entities.ms,1787295455339000000,1787295515336000000,1
jps.global.initialize.library.bridges.ms,1787295455339000000,1787295515336000000,0
jps.save.global.entities.ms,1787295455339000000,1787295515336000000,108
jps.load.project.to.empty.storage.ms,1787295455339000000,1787295515336000000,318
jps.global.get.library.ms,1787295455339000000,1787295515336000000,0
jps.project.serializers.load.ms,1787295455339000000,1787295515336000000,267
jps.app.storage.content.writer.save.component.ms,1787295455339000000,1787295515336000000,0
workspaceModel.moduleManagerBridge.new.nonPersistent.module.ms,1787295455339000000,1787295515336000000,0
jps.artifact.entities.serializer.load.entities.ms,1787295455339000000,1787295515336000000,0
jps.global.handle.changed.events.ms,1787295455339000000,1787295515336000000,0
jps.project.serializers.save.ms,1787295455339000000,1787295515336000000,1
workspaceModel.global.apply.state.to.project.builder.ms,1787295455339000000,1787295515336000000,6
workspaceModel.moduleManagerBridge.create.module.instance.ms,1787295455339000000,1787295515336000000,0
workspaceModel.sync.entities.ms,1787295455339000000,1787295515336000000,0
workspaceModel.moduleManagerBridge.newModule.ms,1787295455339000000,1787295515336000000,0
jps.artifact.entities.serializer.save.entities.ms,1787295455339000000,1787295515336000000,0
jps.global.get.libraries.ms,1787295455339000000,1787295515336000000,1
workspaceModel.moduleBridge.before.changed.ms,1787295455339000000,1787295515336000000,0
workspaceModel.mutableEntityStorage.mutable.ext.mapping.ms,1787295455339000000,1787295515336000000,1
workspaceModel.init.bridges.ms,1787295455339000000,1787295515336000000,2
workspaceModel.pre.handlers.ms,1787295455339000000,1787295515336000000,3
workspaceModel.to.snapshot.ms,1787295455339000000,1787295515336000000,9
workspaceModel.replace.project.model.ms,1787295455339000000,1787295515336000000,0
workspaceModel.update.unloaded.entities.ms,1787295455339000000,1787295515336000000,0
workspaceModel.loading.from.cache.ms,1787295455339000000,1787295515336000000,39
workspaceModel.loading.total.ms,1787295455339000000,1787295515336000000,50
workspaceModel.check.recursive.update.ms,1787295455339000000,1787295515336000000,0
workspaceModel.collect.changes.ms,1787295455339000000,1787295515336000000,0
workspaceModel.updates.count,1787295455339000000,1787295515336000000,1
workspaceModel.initializing.ms,1787295455339000000,1787295515336000000,2
workspaceModel.updates.ms,1787295455339000000,1787295515336000000,141
workspaceModel.updates.precise.ms,1787295455339000000,1787295515336000000,20
FileNameCache.fastMisses,1787295455339000000,1787295515336000000,5004
FileNameCache.queries,1787295455339000000,1787295515336000000,309378
FileNameCache.totalMisses,1787295455339000000,1787295515336000000,20
Indexes.stubs.lookupDuration90PMs,1787295455339000000,1787295515336000000,12.0
Indexes.stubs.lookupDurationMaxMs,1787295455339000000,1787295515336000000,70.0
Indexes.entries.lookupDurationAvgMs,1787295455339000000,1787295515336000000,9.0
Indexes.allKeys.lookupDurationMaxMs,1787295455339000000,1787295515336000000,0.0
IndexesFlusher.totalFlushingTimeUs,1787295455339000000,1787295515336000000,4013639
IndexesFlusher.totalFlushesRetried,1787295455339000000,1787295515336000000,3
IndexesFlusher.totalContentionQuotaSpent,1787295455339000000,1787295515336000000,165
Indexes.entries.lookups,1787295455339000000,1787295515336000000,4.0
Indexes.allKeys.lookupDuration90PMs,1787295455339000000,1787295515336000000,0.0
Indexes.stubs.lookupDurationAvgMs,1787295455339000000,1787295515336000000,8.666666666666666
Indexes.entries.lookupDurationMaxMs,1787295455339000000,1787295515336000000,14.0
Indexes.entries.lookupDuration90PMs,1787295455339000000,1787295515336000000,14.0
VFSFlusher.totalFlushesRetried,1787295455339000000,1787295515336000000,0
Indexes.allKeys.lookups,1787295455339000000,1787295515336000000,0.0
VFSFlusher.totalContentionQuotaSpent,1787295455339000000,1787295515336000000,4
Indexes.stubs.lookups,1787295455339000000,1787295515336000000,24.0
VFSFlusher.totalFlushes,1787295455339000000,1787295515336000000,20
Indexes.allKeys.lookupDurationAvgMs,1787295455339000000,1787295515336000000,0.0
VFSFlusher.totalFlushingTimeUs,1787295455339000000,1787295515336000000,175915
IndexesFlusher.totalFlushes,1787295455339000000,1787295515336000000,108
JVM.GC.collectionTimesMs,1787295455339000000,1787295515336000000,390
JVM.maxNativeBytes,1787295455339000000,1787295515336000000,-1
JVM.GC.collections,1787295455339000000,1787295515336000000,39
JVM.threadCount,1787295455339000000,1787295515336000000,78
JVM.usedHeapBytes,1787295455339000000,1787295515336000000,547026120
OS.loadAverage,1787295455339000000,1787295515336000000,4.5791015625
JVM.totalCpuTimeMs,1787295455339000000,1787295515336000000,84911
JVM.maxHeapBytes,1787295455339000000,1787295515336000000,2147483648
JVM.usedNativeBytes,1787295455339000000,1787295515336000000,422179736
NonBlockingReadAction.finalizedExecutionsCount,1787295455339000000,1787295515336000000,3576
AWTEventQueue.eventsDispatched,1787295455339000000,1787295515336000000,9823
FlushQueue.waitingTimeAvgNs,1787295455339000000,1787295515336000000,3.606418696774194E7
FlushQueue.executionTimeMaxNs,1787295455339000000,1787295515336000000,250609663
AWTEventQueue.dispatchTime90PNs,1787295455339000000,1787295515336000000,4095999
FlushQueue.queueSizeMax,1787295455339000000,1787295515336000000,38
FlushQueue.queueSize90P,1787295455339000000,1787295515336000000,13
FlushQueue.executionTimeAvgNs,1787295455339000000,1787295515336000000,2801989.0724284844
FlushQueue.waitingTimeMaxNs,1787295455339000000,1787295515336000000,492830719
NonBlockingReadAction.failedExecutionTimeUs,1787295455339000000,1787295515336000000,0
NonBlockingReadAction.finalizedExecutionTimeUs,1787295455339000000,1787295515336000000,144069334
FlushQueue.queueSizeAvg,1787295455339000000,1787295515336000000,3.2239805234327448
FlushQueue.waitingTime90PNs,1787295455339000000,1787295515336000000,121634815
FlushQueue.tasksExecuted,1787295455339000000,1787295515336000000,1643
AWTEventQueue.dispatchTimeMaxNs,1787295455339000000,1787295515336000000,252706815
AWTEventQueue.dispatchTimeTotalNS,1787295455339000000,1787295515336000000,19646347059
FlushQueue.executionTime90PNs,1787295455339000000,1787295515336000000,6422527
AWTEventQueue.dispatchTimeAvgNs,1787295455339000000,1787295515336000000,1984126.4086328007
NonBlockingReadAction.failedExecutionsCount,1787295455339000000,1787295515336000000,0
StorageLockContext.competingThreads.avg,1787295515336000000,1787295575337000000,0.0
StreamlinedBlobStorage.totalLiveRecordsPayloadBytes,1787295515336000000,1787295575337000000,11
FilePageCache.pageLoads,1787295515336000000,1787295575337000000,0
DirectByteBufferAllocator.totalSizeOfBuffersAllocatedInBytes,1787295515336000000,1787295575337000000,425754624
StreamlinedBlobStorage.recordsDeleted,1787295515336000000,1787295575337000000,0
StorageLockContext.competingThreads.max,1787295515336000000,1787295575337000000,0
StreamlinedBlobStorage.totalLiveRecordsCapacityBytes,1787295515336000000,1787295575337000000,70
DirectByteBufferAllocator.hits,1787295515336000000,1787295575337000000,0
StreamlinedBlobStorage.recordsAllocated,1787295515336000000,1787295575337000000,1
StreamlinedBlobStorage.recordsRelocated,1787295515336000000,1787295575337000000,0
FilePageCache.pageHits,1787295515336000000,1787295575337000000,0
StorageLockContext.competingThreads.90P,1787295515336000000,1787295575337000000,0
FilePageCache.pageFastCacheHits,1787295515336000000,1787295575337000000,158
FilePageCache.totalPageLoadsUs,1787295515336000000,1787295575337000000,0
FilePageCache.capacityInBytes,1787295515336000000,1787295575337000000,524288000
FilePageCache.maxRegisteredFiles,1787295515336000000,1787295575337000000,618
FilePageCache.disposedBuffers,1787295515336000000,1787295575337000000,0
FilePageCache.pageLoadsAboveSizeThreshold,1787295515336000000,1787295575337000000,0
FilePageCache.maxCacheSizeInBytes,1787295515336000000,1787295575337000000,425754624
DirectByteBufferAllocator.misses,1787295515336000000,1787295575337000000,0
DirectByteBufferAllocator.reclaimed,1787295515336000000,1787295575337000000,0
FilePageCache.uncachedFileAccess,1787295515336000000,1787295575337000000,0
DirectByteBufferAllocator.totalSizeOfBuffersCachedInBytes,1787295515336000000,1787295575337000000,0
FilePageCache.totalPageDisposalsUs,1787295515336000000,1787295575337000000,0
DirectByteBufferAllocator.disposed,1787295515336000000,1787295575337000000,0
jps.facet.change.listener.init.bridge.ms,1787295515336000000,1787295575337000000,0
workspaceModel.global.apply.state.to.project.ms,1787295515336000000,1787295575337000000,0
jps.global.handle.before.change.events.ms,1787295515336000000,1787295575337000000,0
workspaceModel.mutableEntityStorage.mutable.vfurl.index.ms,1787295515336000000,1787295575337000000,0
workspaceModel.delayed.project.synchronizer.sync.ms,1787295515336000000,1787295575337000000,0
jps.global.initialize.library.bridges.after.loading.ms,1787295515336000000,1787295575337000000,0
workspaceModel.mutableEntityStorage.put.entity.ms,1787295515336000000,1787295575337000000,42
workspaceModel.load.cache.from.file.ms,1787295515336000000,1787295575337000000,0
workspaceModel.mutableEntityStorage.referrers.ms,1787295515336000000,1787295575337000000,0
jps.app.storage.content.reader.load.component.ms,1787295515336000000,1787295575337000000,7
workspaceModel.moduleManagerBridge.get.modules.ms,1787295515336000000,1787295575337000000,42
workspaceModel.mutableEntityStorage.resolve.ms,1787295515336000000,1787295575337000000,0
workspaceModel.mutableEntityStorage.has.same.entities.ms,1787295515336000000,1787295575337000000,0
workspaceModel.save.cache.to.file.ms,1787295515336000000,1787295575337000000,253
workspaceModel.mutableEntityStorage.modify.entity.ms,1787295515336000000,1787295575337000000,0
workspaceModel.mutableEntityStorage.to.snapshot.ms,1787295515336000000,1787295575337000000,10
jps.library.entities.serializer.save.entities.ms,1787295515336000000,1787295575337000000,0
workspaceModel.moduleManagerBridge.build.module.graph.ms,1787295515336000000,1787295575337000000,2
jps.global.get.library.by.name.ms,1787295515336000000,1787295575337000000,0
jps.load.initial.state.ms,1787295515336000000,1787295575337000000,30
workspaceModel.moduleBridge.update.option.ms,1787295515336000000,1787295575337000000,0
jps.reload.project.entities.ms,1787295515336000000,1787295575337000000,0
jps.facet.change.listener.before.change.events.ms,1787295515336000000,1787295575337000000,3
workspaceModel.mutableEntityStorage.replace.by.source.ms,1787295515336000000,1787295575337000000,25
jps.library.entities.serializer.load.entities.ms,1787295515336000000,1787295575337000000,62
workspaceModel.mutableEntityStorage.entities.by.source.ms,1787295515336000000,1787295575337000000,2
workspaceModel.mutableEntityStorage.add.diff.ms,1787295515336000000,1787295575337000000,26
workspaceModel.global.updates.count,1787295515336000000,1787295575337000000,0
jps.module.iml.entities.serializer.save.entities.ms,1787295515336000000,1787295575337000000,0
jps.apply.loaded.storage.ms,1787295515336000000,1787295575337000000,1068
workspaceModel.mutableEntityStorage.add.entity.ms,1787295515336000000,1787295575337000000,141
workspaceModel.orphan.listener.update.ms,1787295515336000000,1787295575337000000,2
workspaceModel.mutableEntityStorage.collect.changes.ms,1787295515336000000,1787295575337000000,2
workspaceModel.moduleManagerBridge.load.module.ms,1787295515336000000,1787295575337000000,0
workspaceModel.moduleBridgeLoader.loading.modules.ms,1787295515336000000,1787295575337000000,2723
workspaceModel.moduleBridge.facet.initialization.ms,1787295515336000000,1787295575337000000,0
jps.storage.jps.conf.reader.load.component.ms,1787295515336000000,1787295575337000000,78
workspaceModel.global.updates.ms,1787295515336000000,1787295575337000000,0
workspaceModel.mutableEntityStorage.entities.ms,1787295515336000000,1787295575337000000,1
jps.facet.change.listener.process.change.events.ms,1787295515336000000,1787295575337000000,1
workspaceModel.moduleManagerBridge.load.all.modules.ms,1787295515336000000,1787295575337000000,54
workspaceModel.moduleManagerBridge.set.unloadedModules.ms,1787295515336000000,1787295575337000000,0
jps.module.iml.entities.serializer.load.entities.ms,1787295515336000000,1787295575337000000,439
workspaceModel.mutableEntityStorage.remove.entity.ms,1787295515336000000,1787295575337000000,0
jps.save.changed.project.entities.ms,1787295515336000000,1787295575337000000,2
jps.global.initialize.library.bridges.ms,1787295515336000000,1787295575337000000,0
jps.save.global.entities.ms,1787295515336000000,1787295575337000000,127
jps.load.project.to.empty.storage.ms,1787295515336000000,1787295575337000000,318
jps.global.get.library.ms,1787295515336000000,1787295575337000000,0
jps.project.serializers.load.ms,1787295515336000000,1787295575337000000,267
jps.app.storage.content.writer.save.component.ms,1787295515336000000,1787295575337000000,0
workspaceModel.moduleManagerBridge.new.nonPersistent.module.ms,1787295515336000000,1787295575337000000,0
jps.artifact.entities.serializer.load.entities.ms,1787295515336000000,1787295575337000000,0
jps.global.handle.changed.events.ms,1787295515336000000,1787295575337000000,0
jps.project.serializers.save.ms,1787295515336000000,1787295575337000000,1
workspaceModel.global.apply.state.to.project.builder.ms,1787295515336000000,1787295575337000000,6
workspaceModel.moduleManagerBridge.create.module.instance.ms,1787295515336000000,1787295575337000000,0
workspaceModel.sync.entities.ms,1787295515336000000,1787295575337000000,0
workspaceModel.moduleManagerBridge.newModule.ms,1787295515336000000,1787295575337000000,0
jps.artifact.entities.serializer.save.entities.ms,1787295515336000000,1787295575337000000,0
jps.global.get.libraries.ms,1787295515336000000,1787295575337000000,1
workspaceModel.moduleBridge.before.changed.ms,1787295515336000000,1787295575337000000,0
workspaceModel.mutableEntityStorage.mutable.ext.mapping.ms,1787295515336000000,1787295575337000000,1
workspaceModel.init.bridges.ms,1787295515336000000,1787295575337000000,2
workspaceModel.pre.handlers.ms,1787295515336000000,1787295575337000000,3
workspaceModel.to.snapshot.ms,1787295515336000000,1787295575337000000,9
workspaceModel.replace.project.model.ms,1787295515336000000,1787295575337000000,0
workspaceModel.update.unloaded.entities.ms,1787295515336000000,1787295575337000000,0
workspaceModel.loading.from.cache.ms,1787295515336000000,1787295575337000000,39
workspaceModel.loading.total.ms,1787295515336000000,1787295575337000000,50
workspaceModel.check.recursive.update.ms,1787295515336000000,1787295575337000000,0
workspaceModel.collect.changes.ms,1787295515336000000,1787295575337000000,0
workspaceModel.updates.count,1787295515336000000,1787295575337000000,1
workspaceModel.initializing.ms,1787295515336000000,1787295575337000000,2
workspaceModel.updates.ms,1787295515336000000,1787295575337000000,141
workspaceModel.updates.precise.ms,1787295515336000000,1787295575337000000,20
FileNameCache.fastMisses,1787295515336000000,1787295575337000000,37
FileNameCache.queries,1787295515336000000,1787295575337000000,5617
FileNameCache.totalMisses,1787295515336000000,1787295575337000000,0
Indexes.stubs.lookupDuration90PMs,1787295515336000000,1787295575337000000,1.0
Indexes.stubs.lookupDurationMaxMs,1787295515336000000,1787295575337000000,1.0
Indexes.entries.lookupDurationAvgMs,1787295515336000000,1787295575337000000,10.0
Indexes.allKeys.lookupDurationMaxMs,1787295515336000000,1787295575337000000,0.0
IndexesFlusher.totalFlushingTimeUs,1787295515336000000,1787295575337000000,676816
IndexesFlusher.totalFlushesRetried,1787295515336000000,1787295575337000000,0
IndexesFlusher.totalContentionQuotaSpent,1787295515336000000,1787295575337000000,0
Indexes.entries.lookups,1787295515336000000,1787295575337000000,1.0
Indexes.allKeys.lookupDuration90PMs,1787295515336000000,1787295575337000000,0.0
Indexes.stubs.lookupDurationAvgMs,1787295515336000000,1787295575337000000,0.5
Indexes.entries.lookupDurationMaxMs,1787295515336000000,1787295575337000000,10.0
Indexes.entries.lookupDuration90PMs,1787295515336000000,1787295575337000000,10.0
VFSFlusher.totalFlushesRetried,1787295515336000000,1787295575337000000,0
Indexes.allKeys.lookups,1787295515336000000,1787295575337000000,0.0
VFSFlusher.totalContentionQuotaSpent,1787295515336000000,1787295575337000000,0
Indexes.stubs.lookups,1787295515336000000,1787295575337000000,4.0
VFSFlusher.totalFlushes,1787295515336000000,1787295575337000000,2
Indexes.allKeys.lookupDurationAvgMs,1787295515336000000,1787295575337000000,0.0
VFSFlusher.totalFlushingTimeUs,1787295515336000000,1787295575337000000,49485
IndexesFlusher.totalFlushes,1787295515336000000,1787295575337000000,116
JVM.GC.collectionTimesMs,1787295515336000000,1787295575337000000,32
JVM.maxNativeBytes,1787295515336000000,1787295575337000000,-1
JVM.GC.collections,1787295515336000000,1787295575337000000,2
JVM.threadCount,1787295515336000000,1787295575337000000,57
JVM.usedHeapBytes,1787295515336000000,1787295575337000000,567950512
OS.loadAverage,1787295515336000000,1787295575337000000,3.89892578125
JVM.totalCpuTimeMs,1787295515336000000,1787295575337000000,15477
JVM.maxHeapBytes,1787295515336000000,1787295575337000000,2147483648
JVM.usedNativeBytes,1787295515336000000,1787295575337000000,426873792
NonBlockingReadAction.finalizedExecutionsCount,1787295515336000000,1787295575337000000,12
AWTEventQueue.eventsDispatched,1787295515336000000,1787295575337000000,6471
FlushQueue.waitingTimeAvgNs,1787295515336000000,1787295575337000000,2031793.9341657208
FlushQueue.executionTimeMaxNs,1787295515336000000,1787295575337000000,239075327
AWTEventQueue.dispatchTime90PNs,1787295515336000000,1787295575337000000,823295
FlushQueue.queueSizeMax,1787295515336000000,1787295575337000000,8
FlushQueue.queueSize90P,1787295515336000000,1787295575337000000,2
FlushQueue.executionTimeAvgNs,1787295515336000000,1787295575337000000,1085175.6276958003
FlushQueue.waitingTimeMaxNs,1787295515336000000,1787295575337000000,115867647
NonBlockingReadAction.failedExecutionTimeUs,1787295515336000000,1787295575337000000,0
NonBlockingReadAction.finalizedExecutionTimeUs,1787295515336000000,1787295575337000000,31578
FlushQueue.queueSizeAvg,1787295515336000000,1787295575337000000,0.5539160045402951
FlushQueue.waitingTime90PNs,1787295515336000000,1787295575337000000,5832703
FlushQueue.tasksExecuted,1787295515336000000,1787295575337000000,881
AWTEventQueue.dispatchTimeMaxNs,1787295515336000000,1787295575337000000,241172479
AWTEventQueue.dispatchTimeTotalNS,1787295515336000000,1787295575337000000,4059201010
FlushQueue.executionTime90PNs,1787295515336000000,1787295575337000000,1712127
AWTEventQueue.dispatchTimeAvgNs,1787295515336000000,1787295575337000000,627279.967856591
NonBlockingReadAction.failedExecutionsCount,1787295515336000000,1787295575337000000,0
StorageLockContext.competingThreads.avg,1787295575337000000,1787295635333000000,0.0
StreamlinedBlobStorage.totalLiveRecordsPayloadBytes,1787295575337000000,1787295635333000000,0
FilePageCache.pageLoads,1787295575337000000,1787295635333000000,0
DirectByteBufferAllocator.totalSizeOfBuffersAllocatedInBytes,1787295575337000000,1787295635333000000,425754624
StreamlinedBlobStorage.recordsDeleted,1787295575337000000,1787295635333000000,0
StorageLockContext.competingThreads.max,1787295575337000000,1787295635333000000,0
StreamlinedBlobStorage.totalLiveRecordsCapacityBytes,1787295575337000000,1787295635333000000,0
DirectByteBufferAllocator.hits,1787295575337000000,1787295635333000000,0
StreamlinedBlobStorage.recordsAllocated,1787295575337000000,1787295635333000000,0
StreamlinedBlobStorage.recordsRelocated,1787295575337000000,1787295635333000000,0
FilePageCache.pageHits,1787295575337000000,1787295635333000000,0
StorageLockContext.competingThreads.90P,1787295575337000000,1787295635333000000,0
FilePageCache.pageFastCacheHits,1787295575337000000,1787295635333000000,0
FilePageCache.totalPageLoadsUs,1787295575337000000,1787295635333000000,0
FilePageCache.capacityInBytes,1787295575337000000,1787295635333000000,524288000
FilePageCache.maxRegisteredFiles,1787295575337000000,1787295635333000000,618
FilePageCache.disposedBuffers,1787295575337000000,1787295635333000000,0
FilePageCache.pageLoadsAboveSizeThreshold,1787295575337000000,1787295635333000000,0
FilePageCache.maxCacheSizeInBytes,1787295575337000000,1787295635333000000,425754624
DirectByteBufferAllocator.misses,1787295575337000000,1787295635333000000,0
DirectByteBufferAllocator.reclaimed,1787295575337000000,1787295635333000000,0
FilePageCache.uncachedFileAccess,1787295575337000000,1787295635333000000,0
DirectByteBufferAllocator.totalSizeOfBuffersCachedInBytes,1787295575337000000,1787295635333000000,0
FilePageCache.totalPageDisposalsUs,1787295575337000000,1787295635333000000,0
DirectByteBufferAllocator.disposed,1787295575337000000,1787295635333000000,0
jps.facet.change.listener.init.bridge.ms,1787295575337000000,1787295635333000000,0
workspaceModel.global.apply.state.to.project.ms,1787295575337000000,1787295635333000000,0
jps.global.handle.before.change.events.ms,1787295575337000000,1787295635333000000,0
workspaceModel.mutableEntityStorage.mutable.vfurl.index.ms,1787295575337000000,1787295635333000000,0
workspaceModel.delayed.project.synchronizer.sync.ms,1787295575337000000,1787295635333000000,0
jps.global.initialize.library.bridges.after.loading.ms,1787295575337000000,1787295635333000000,0
workspaceModel.mutableEntityStorage.put.entity.ms,1787295575337000000,1787295635333000000,42
workspaceModel.load.cache.from.file.ms,1787295575337000000,1787295635333000000,0
workspaceModel.mutableEntityStorage.referrers.ms,1787295575337000000,1787295635333000000,0
jps.app.storage.content.reader.load.component.ms,1787295575337000000,1787295635333000000,7
workspaceModel.moduleManagerBridge.get.modules.ms,1787295575337000000,1787295635333000000,42
workspaceModel.mutableEntityStorage.resolve.ms,1787295575337000000,1787295635333000000,0
workspaceModel.mutableEntityStorage.has.same.entities.ms,1787295575337000000,1787295635333000000,0
workspaceModel.save.cache.to.file.ms,1787295575337000000,1787295635333000000,253
workspaceModel.mutableEntityStorage.modify.entity.ms,1787295575337000000,1787295635333000000,0
workspaceModel.mutableEntityStorage.to.snapshot.ms,1787295575337000000,1787295635333000000,10
jps.library.entities.serializer.save.entities.ms,1787295575337000000,1787295635333000000,0
workspaceModel.moduleManagerBridge.build.module.graph.ms,1787295575337000000,1787295635333000000,2
jps.global.get.library.by.name.ms,1787295575337000000,1787295635333000000,0
jps.load.initial.state.ms,1787295575337000000,1787295635333000000,30
workspaceModel.moduleBridge.update.option.ms,1787295575337000000,1787295635333000000,0
jps.reload.project.entities.ms,1787295575337000000,1787295635333000000,0
jps.facet.change.listener.before.change.events.ms,1787295575337000000,1787295635333000000,3
workspaceModel.mutableEntityStorage.replace.by.source.ms,1787295575337000000,1787295635333000000,25
jps.library.entities.serializer.load.entities.ms,1787295575337000000,1787295635333000000,62
workspaceModel.mutableEntityStorage.entities.by.source.ms,1787295575337000000,1787295635333000000,2
workspaceModel.mutableEntityStorage.add.diff.ms,1787295575337000000,1787295635333000000,26
workspaceModel.global.updates.count,1787295575337000000,1787295635333000000,0
jps.module.iml.entities.serializer.save.entities.ms,1787295575337000000,1787295635333000000,0
jps.apply.loaded.storage.ms,1787295575337000000,1787295635333000000,1068
workspaceModel.mutableEntityStorage.add.entity.ms,1787295575337000000,1787295635333000000,141
workspaceModel.orphan.listener.update.ms,1787295575337000000,1787295635333000000,2
workspaceModel.mutableEntityStorage.collect.changes.ms,1787295575337000000,1787295635333000000,2
workspaceModel.moduleManagerBridge.load.module.ms,1787295575337000000,1787295635333000000,0
workspaceModel.moduleBridgeLoader.loading.modules.ms,1787295575337000000,1787295635333000000,2723
workspaceModel.moduleBridge.facet.initialization.ms,1787295575337000000,1787295635333000000,0
jps.storage.jps.conf.reader.load.component.ms,1787295575337000000,1787295635333000000,78
workspaceModel.global.updates.ms,1787295575337000000,1787295635333000000,0
workspaceModel.mutableEntityStorage.entities.ms,1787295575337000000,1787295635333000000,1
jps.facet.change.listener.process.change.events.ms,1787295575337000000,1787295635333000000,1
workspaceModel.moduleManagerBridge.load.all.modules.ms,1787295575337000000,1787295635333000000,54
workspaceModel.moduleManagerBridge.set.unloadedModules.ms,1787295575337000000,1787295635333000000,0
jps.module.iml.entities.serializer.load.entities.ms,1787295575337000000,1787295635333000000,439
workspaceModel.mutableEntityStorage.remove.entity.ms,1787295575337000000,1787295635333000000,0
jps.save.changed.project.entities.ms,1787295575337000000,1787295635333000000,2
jps.global.initialize.library.bridges.ms,1787295575337000000,1787295635333000000,0
jps.save.global.entities.ms,1787295575337000000,1787295635333000000,127
jps.load.project.to.empty.storage.ms,1787295575337000000,1787295635333000000,318
jps.global.get.library.ms,1787295575337000000,1787295635333000000,0
jps.project.serializers.load.ms,1787295575337000000,1787295635333000000,267
jps.app.storage.content.writer.save.component.ms,1787295575337000000,1787295635333000000,0
workspaceModel.moduleManagerBridge.new.nonPersistent.module.ms,1787295575337000000,1787295635333000000,0
jps.artifact.entities.serializer.load.entities.ms,1787295575337000000,1787295635333000000,0
jps.global.handle.changed.events.ms,1787295575337000000,1787295635333000000,0
jps.project.serializers.save.ms,1787295575337000000,1787295635333000000,1
workspaceModel.global.apply.state.to.project.builder.ms,1787295575337000000,1787295635333000000,6
workspaceModel.moduleManagerBridge.create.module.instance.ms,1787295575337000000,1787295635333000000,0
workspaceModel.sync.entities.ms,1787295575337000000,1787295635333000000,0
workspaceModel.moduleManagerBridge.newModule.ms,1787295575337000000,1787295635333000000,0
jps.artifact.entities.serializer.save.entities.ms,1787295575337000000,1787295635333000000,0
jps.global.get.libraries.ms,1787295575337000000,1787295635333000000,1
workspaceModel.moduleBridge.before.changed.ms,1787295575337000000,1787295635333000000,0
workspaceModel.mutableEntityStorage.mutable.ext.mapping.ms,1787295575337000000,1787295635333000000,1
workspaceModel.init.bridges.ms,1787295575337000000,1787295635333000000,2
workspaceModel.pre.handlers.ms,1787295575337000000,1787295635333000000,3
workspaceModel.to.snapshot.ms,1787295575337000000,1787295635333000000,9
workspaceModel.replace.project.model.ms,1787295575337000000,1787295635333000000,0
workspaceModel.update.unloaded.entities.ms,1787295575337000000,1787295635333000000,0
workspaceModel.loading.from.cache.ms,1787295575337000000,1787295635333000000,39
workspaceModel.loading.total.ms,1787295575337000000,1787295635333000000,50
workspaceModel.check.recursive.update.ms,1787295575337000000,1787295635333000000,0
workspaceModel.collect.changes.ms,1787295575337000000,1787295635333000000,0
workspaceModel.updates.count,1787295575337000000,1787295635333000000,1
workspaceModel.initializing.ms,1787295575337000000,1787295635333000000,2
workspaceModel.updates.ms,1787295575337000000,1787295635333000000,141
workspaceModel.updates.precise.ms,1787295575337000000,1787295635333000000,20
FileNameCache.fastMisses,1787295575337000000,1787295635333000000,0
FileNameCache.queries,1787295575337000000,1787295635333000000,0
FileNameCache.totalMisses,1787295575337000000,1787295635333000000,0
Indexes.stubs.lookupDuration90PMs,1787295575337000000,1787295635333000000,0.0
Indexes.stubs.lookupDurationMaxMs,1787295575337000000,1787295635333000000,0.0
Indexes.entries.lookupDurationAvgMs,1787295575337000000,1787295635333000000,0.0
Indexes.allKeys.lookupDurationMaxMs,1787295575337000000,1787295635333000000,0.0
IndexesFlusher.totalFlushingTimeUs,1787295575337000000,1787295635333000000,855919
IndexesFlusher.totalFlushesRetried,1787295575337000000,1787295635333000000,0
IndexesFlusher.totalContentionQuotaSpent,1787295575337000000,1787295635333000000,0
Indexes.entries.lookups,1787295575337000000,1787295635333000000,0.0
Indexes.allKeys.lookupDuration90PMs,1787295575337000000,1787295635333000000,0.0
Indexes.stubs.lookupDurationAvgMs,1787295575337000000,1787295635333000000,0.0
Indexes.entries.lookupDurationMaxMs,1787295575337000000,1787295635333000000,0.0
Indexes.entries.lookupDuration90PMs,1787295575337000000,1787295635333000000,0.0
VFSFlusher.totalFlushesRetried,1787295575337000000,1787295635333000000,0
Indexes.allKeys.lookups,1787295575337000000,1787295635333000000,0.0
VFSFlusher.totalContentionQuotaSpent,1787295575337000000,1787295635333000000,0
Indexes.stubs.lookups,1787295575337000000,1787295635333000000,0.0
VFSFlusher.totalFlushes,1787295575337000000,1787295635333000000,0
Indexes.allKeys.lookupDurationAvgMs,1787295575337000000,1787295635333000000,0.0
VFSFlusher.totalFlushingTimeUs,1787295575337000000,1787295635333000000,0
IndexesFlusher.totalFlushes,1787295575337000000,1787295635333000000,117
JVM.GC.collectionTimesMs,1787295575337000000,1787295635333000000,35
JVM.maxNativeBytes,1787295575337000000,1787295635333000000,-1
JVM.GC.collections,1787295575337000000,1787295635333000000,1
JVM.threadCount,1787295575337000000,1787295635333000000,52
JVM.usedHeapBytes,1787295575337000000,1787295635333000000,539584680
OS.loadAverage,1787295575337000000,1787295635333000000,2.98681640625
JVM.totalCpuTimeMs,1787295575337000000,1787295635333000000,5038
JVM.maxHeapBytes,1787295575337000000,1787295635333000000,2147483648
JVM.usedNativeBytes,1787295575337000000,1787295635333000000,427194568
NonBlockingReadAction.finalizedExecutionsCount,1787295575337000000,1787295635333000000,0
AWTEventQueue.eventsDispatched,1787295575337000000,1787295635333000000,3341
FlushQueue.waitingTimeAvgNs,1787295575337000000,1787295635333000000,282698.0495867769
FlushQueue.executionTimeMaxNs,1787295575337000000,1787295635333000000,2490367
AWTEventQueue.dispatchTime90PNs,1787295575337000000,1787295635333000000,397311
FlushQueue.queueSizeMax,1787295575337000000,1787295635333000000,0
FlushQueue.queueSize90P,1787295575337000000,1787295635333000000,0
FlushQueue.executionTimeAvgNs,1787295575337000000,1787295635333000000,141727.73553719008
FlushQueue.waitingTimeMaxNs,1787295575337000000,1787295635333000000,495615
NonBlockingReadAction.failedExecutionTimeUs,1787295575337000000,1787295635333000000,0
NonBlockingReadAction.finalizedExecutionTimeUs,1787295575337000000,1787295635333000000,0
FlushQueue.queueSizeAvg,1787295575337000000,1787295635333000000,0.0
FlushQueue.waitingTime90PNs,1787295575337000000,1787295635333000000,405503
FlushQueue.tasksExecuted,1787295575337000000,1787295635333000000,121
AWTEventQueue.dispatchTimeMaxNs,1787295575337000000,1787295635333000000,2605055
AWTEventQueue.dispatchTimeTotalNS,1787295575337000000,1787295635333000000,690037504
FlushQueue.executionTime90PNs,1787295575337000000,1787295635333000000,161791
AWTEventQueue.dispatchTimeAvgNs,1787295575337000000,1787295635333000000,206535.920981742
NonBlockingReadAction.failedExecutionsCount,1787295575337000000,1787295635333000000,0
StorageLockContext.competingThreads.avg,1787295635333000000,1787295695334000000,0.0
StreamlinedBlobStorage.totalLiveRecordsPayloadBytes,1787295635333000000,1787295695334000000,0
FilePageCache.pageLoads,1787295635333000000,1787295695334000000,0
DirectByteBufferAllocator.totalSizeOfBuffersAllocatedInBytes,1787295635333000000,1787295695334000000,425754624
StreamlinedBlobStorage.recordsDeleted,1787295635333000000,1787295695334000000,0
StorageLockContext.competingThreads.max,1787295635333000000,1787295695334000000,0
StreamlinedBlobStorage.totalLiveRecordsCapacityBytes,1787295635333000000,1787295695334000000,0
DirectByteBufferAllocator.hits,1787295635333000000,1787295695334000000,0
StreamlinedBlobStorage.recordsAllocated,1787295635333000000,1787295695334000000,0
StreamlinedBlobStorage.recordsRelocated,1787295635333000000,1787295695334000000,0
FilePageCache.pageHits,1787295635333000000,1787295695334000000,0
StorageLockContext.competingThreads.90P,1787295635333000000,1787295695334000000,0
FilePageCache.pageFastCacheHits,1787295635333000000,1787295695334000000,0
FilePageCache.totalPageLoadsUs,1787295635333000000,1787295695334000000,0
FilePageCache.capacityInBytes,1787295635333000000,1787295695334000000,524288000
FilePageCache.maxRegisteredFiles,1787295635333000000,1787295695334000000,618
FilePageCache.disposedBuffers,1787295635333000000,1787295695334000000,0
FilePageCache.pageLoadsAboveSizeThreshold,1787295635333000000,1787295695334000000,0
FilePageCache.maxCacheSizeInBytes,1787295635333000000,1787295695334000000,425754624
DirectByteBufferAllocator.misses,1787295635333000000,1787295695334000000,0
DirectByteBufferAllocator.reclaimed,1787295635333000000,1787295695334000000,0
FilePageCache.uncachedFileAccess,1787295635333000000,1787295695334000000,0
DirectByteBufferAllocator.totalSizeOfBuffersCachedInBytes,1787295635333000000,1787295695334000000,0
FilePageCache.totalPageDisposalsUs,1787295635333000000,1787295695334000000,0
DirectByteBufferAllocator.disposed,1787295635333000000,1787295695334000000,0
jps.facet.change.listener.init.bridge.ms,1787295635333000000,1787295695334000000,0
workspaceModel.global.apply.state.to.project.ms,1787295635333000000,1787295695334000000,0
jps.global.handle.before.change.events.ms,1787295635333000000,1787295695334000000,0
workspaceModel.mutableEntityStorage.mutable.vfurl.index.ms,1787295635333000000,1787295695334000000,0
workspaceModel.delayed.project.synchronizer.sync.ms,1787295635333000000,1787295695334000000,0
jps.global.initialize.library.bridges.after.loading.ms,1787295635333000000,1787295695334000000,0
workspaceModel.mutableEntityStorage.put.entity.ms,1787295635333000000,1787295695334000000,42
workspaceModel.load.cache.from.file.ms,1787295635333000000,1787295695334000000,0
workspaceModel.mutableEntityStorage.referrers.ms,1787295635333000000,1787295695334000000,0
jps.app.storage.content.reader.load.component.ms,1787295635333000000,1787295695334000000,7
workspaceModel.moduleManagerBridge.get.modules.ms,1787295635333000000,1787295695334000000,42
workspaceModel.mutableEntityStorage.resolve.ms,1787295635333000000,1787295695334000000,0
workspaceModel.mutableEntityStorage.has.same.entities.ms,1787295635333000000,1787295695334000000,0
workspaceModel.save.cache.to.file.ms,1787295635333000000,1787295695334000000,253
workspaceModel.mutableEntityStorage.modify.entity.ms,1787295635333000000,1787295695334000000,0
workspaceModel.mutableEntityStorage.to.snapshot.ms,1787295635333000000,1787295695334000000,10
jps.library.entities.serializer.save.entities.ms,1787295635333000000,1787295695334000000,0
workspaceModel.moduleManagerBridge.build.module.graph.ms,1787295635333000000,1787295695334000000,2
jps.global.get.library.by.name.ms,1787295635333000000,1787295695334000000,0
jps.load.initial.state.ms,1787295635333000000,1787295695334000000,30
workspaceModel.moduleBridge.update.option.ms,1787295635333000000,1787295695334000000,0
jps.reload.project.entities.ms,1787295635333000000,1787295695334000000,0
jps.facet.change.listener.before.change.events.ms,1787295635333000000,1787295695334000000,3
workspaceModel.mutableEntityStorage.replace.by.source.ms,1787295635333000000,1787295695334000000,25
jps.library.entities.serializer.load.entities.ms,1787295635333000000,1787295695334000000,62
workspaceModel.mutableEntityStorage.entities.by.source.ms,1787295635333000000,1787295695334000000,2
workspaceModel.mutableEntityStorage.add.diff.ms,1787295635333000000,1787295695334000000,26
workspaceModel.global.updates.count,1787295635333000000,1787295695334000000,0
jps.module.iml.entities.serializer.save.entities.ms,1787295635333000000,1787295695334000000,0
jps.apply.loaded.storage.ms,1787295635333000000,1787295695334000000,1068
workspaceModel.mutableEntityStorage.add.entity.ms,1787295635333000000,1787295695334000000,141
workspaceModel.orphan.listener.update.ms,1787295635333000000,1787295695334000000,2
workspaceModel.mutableEntityStorage.collect.changes.ms,1787295635333000000,1787295695334000000,2
workspaceModel.moduleManagerBridge.load.module.ms,1787295635333000000,1787295695334000000,0
workspaceModel.moduleBridgeLoader.loading.modules.ms,1787295635333000000,1787295695334000000,2723
workspaceModel.moduleBridge.facet.initialization.ms,1787295635333000000,1787295695334000000,0
jps.storage.jps.conf.reader.load.component.ms,1787295635333000000,1787295695334000000,78
workspaceModel.global.updates.ms,1787295635333000000,1787295695334000000,0
workspaceModel.mutableEntityStorage.entities.ms,1787295635333000000,1787295695334000000,1
jps.facet.change.listener.process.change.events.ms,1787295635333000000,1787295695334000000,1
workspaceModel.moduleManagerBridge.load.all.modules.ms,1787295635333000000,1787295695334000000,54
workspaceModel.moduleManagerBridge.set.unloadedModules.ms,1787295635333000000,1787295695334000000,0
jps.module.iml.entities.serializer.load.entities.ms,1787295635333000000,1787295695334000000,439
workspaceModel.mutableEntityStorage.remove.entity.ms,1787295635333000000,1787295695334000000,0
jps.save.changed.project.entities.ms,1787295635333000000,1787295695334000000,4
jps.global.initialize.library.bridges.ms,1787295635333000000,1787295695334000000,0
jps.save.global.entities.ms,1787295635333000000,1787295695334000000,139
jps.load.project.to.empty.storage.ms,1787295635333000000,1787295695334000000,318
jps.global.get.library.ms,1787295635333000000,1787295695334000000,0
jps.project.serializers.load.ms,1787295635333000000,1787295695334000000,267
jps.app.storage.content.writer.save.component.ms,1787295635333000000,1787295695334000000,0
workspaceModel.moduleManagerBridge.new.nonPersistent.module.ms,1787295635333000000,1787295695334000000,0
jps.artifact.entities.serializer.load.entities.ms,1787295635333000000,1787295695334000000,0
jps.global.handle.changed.events.ms,1787295635333000000,1787295695334000000,0
jps.project.serializers.save.ms,1787295635333000000,1787295695334000000,2
workspaceModel.global.apply.state.to.project.builder.ms,1787295635333000000,1787295695334000000,6
workspaceModel.moduleManagerBridge.create.module.instance.ms,1787295635333000000,1787295695334000000,0
workspaceModel.sync.entities.ms,1787295635333000000,1787295695334000000,0
workspaceModel.moduleManagerBridge.newModule.ms,1787295635333000000,1787295695334000000,0
jps.artifact.entities.serializer.save.entities.ms,1787295635333000000,1787295695334000000,0
jps.global.get.libraries.ms,1787295635333000000,1787295695334000000,1
workspaceModel.moduleBridge.before.changed.ms,1787295635333000000,1787295695334000000,0
workspaceModel.mutableEntityStorage.mutable.ext.mapping.ms,1787295635333000000,1787295695334000000,1
workspaceModel.init.bridges.ms,1787295635333000000,1787295695334000000,2
workspaceModel.pre.handlers.ms,1787295635333000000,1787295695334000000,3
workspaceModel.to.snapshot.ms,1787295635333000000,1787295695334000000,9
workspaceModel.replace.project.model.ms,1787295635333000000,1787295695334000000,0
workspaceModel.update.unloaded.entities.ms,1787295635333000000,1787295695334000000,0
workspaceModel.loading.from.cache.ms,1787295635333000000,1787295695334000000,39
workspaceModel.loading.total.ms,1787295635333000000,1787295695334000000,50
workspaceModel.check.recursive.update.ms,1787295635333000000,1787295695334000000,0
workspaceModel.collect.changes.ms,1787295635333000000,1787295695334000000,0
workspaceModel.updates.count,1787295635333000000,1787295695334000000,1
workspaceModel.initializing.ms,1787295635333000000,1787295695334000000,2
workspaceModel.updates.ms,1787295635333000000,1787295695334000000,141
workspaceModel.updates.precise.ms,1787295635333000000,1787295695334000000,20
FileNameCache.fastMisses,1787295635333000000,1787295695334000000,13
FileNameCache.queries,1787295635333000000,1787295695334000000,1522
FileNameCache.totalMisses,1787295635333000000,1787295695334000000,0
Indexes.stubs.lookupDuration90PMs,1787295635333000000,1787295695334000000,0.0
Indexes.stubs.lookupDurationMaxMs,1787295635333000000,1787295695334000000,0.0
Indexes.entries.lookupDurationAvgMs,1787295635333000000,1787295695334000000,0.0
Indexes.allKeys.lookupDurationMaxMs,1787295635333000000,1787295695334000000,0.0
IndexesFlusher.totalFlushingTimeUs,1787295635333000000,1787295695334000000,650312
IndexesFlusher.totalFlushesRetried,1787295635333000000,1787295695334000000,0
IndexesFlusher.totalContentionQuotaSpent,1787295635333000000,1787295695334000000,0
Indexes.entries.lookups,1787295635333000000,1787295695334000000,0.0
Indexes.allKeys.lookupDuration90PMs,1787295635333000000,1787295695334000000,0.0
Indexes.stubs.lookupDurationAvgMs,1787295635333000000,1787295695334000000,0.0
Indexes.entries.lookupDurationMaxMs,1787295635333000000,1787295695334000000,0.0
Indexes.entries.lookupDuration90PMs,1787295635333000000,1787295695334000000,0.0
VFSFlusher.totalFlushesRetried,1787295635333000000,1787295695334000000,0
Indexes.allKeys.lookups,1787295635333000000,1787295695334000000,0.0
VFSFlusher.totalContentionQuotaSpent,1787295635333000000,1787295695334000000,0
Indexes.stubs.lookups,1787295635333000000,1787295695334000000,0.0
VFSFlusher.totalFlushes,1787295635333000000,1787295695334000000,0
Indexes.allKeys.lookupDurationAvgMs,1787295635333000000,1787295695334000000,0.0
VFSFlusher.totalFlushingTimeUs,1787295635333000000,1787295695334000000,0
IndexesFlusher.totalFlushes,1787295635333000000,1787295695334000000,117
JVM.GC.collectionTimesMs,1787295635333000000,1787295695334000000,0
JVM.maxNativeBytes,1787295635333000000,1787295695334000000,-1
JVM.GC.collections,1787295635333000000,1787295695334000000,0
JVM.threadCount,1787295635333000000,1787295695334000000,55
JVM.usedHeapBytes,1787295635333000000,1787295695334000000,604596392
OS.loadAverage,1787295635333000000,1787295695334000000,2.46435546875
JVM.totalCpuTimeMs,1787295635333000000,1787295695334000000,7455
JVM.maxHeapBytes,1787295635333000000,1787295695334000000,2147483648
JVM.usedNativeBytes,1787295635333000000,1787295695334000000,428363408
NonBlockingReadAction.finalizedExecutionsCount,1787295635333000000,1787295695334000000,1
AWTEventQueue.eventsDispatched,1787295635333000000,1787295695334000000,4205
FlushQueue.waitingTimeAvgNs,1787295635333000000,1787295695334000000,7476401.535545024
FlushQueue.executionTimeMaxNs,1787295635333000000,1787295695334000000,26345471
AWTEventQueue.dispatchTime90PNs,1787295635333000000,1787295695334000000,481279
FlushQueue.queueSizeMax,1787295635333000000,1787295695334000000,4
FlushQueue.queueSize90P,1787295635333000000,1787295695334000000,1
FlushQueue.executionTimeAvgNs,1787295635333000000,1787295695334000000,835655.317535545
FlushQueue.waitingTimeMaxNs,1787295635333000000,1787295695334000000,507510783
NonBlockingReadAction.failedExecutionTimeUs,1787295635333000000,1787295695334000000,0
NonBlockingReadAction.finalizedExecutionTimeUs,1787295635333000000,1787295695334000000,135
FlushQueue.queueSizeAvg,1787295635333000000,1787295695334000000,0.26066350710900477
FlushQueue.waitingTime90PNs,1787295635333000000,1787295695334000000,7012351
FlushQueue.tasksExecuted,1787295635333000000,1787295695334000000,211
AWTEventQueue.dispatchTimeMaxNs,1787295635333000000,1787295695334000000,530579455
AWTEventQueue.dispatchTimeTotalNS,1787295635333000000,1787295695334000000,2571443386
FlushQueue.executionTime90PNs,1787295635333000000,1787295695334000000,1376255
AWTEventQueue.dispatchTimeAvgNs,1787295635333000000,1787295695334000000,611597.4887039239
NonBlockingReadAction.failedExecutionsCount,1787295635333000000,1787295695334000000,0
StorageLockContext.competingThreads.avg,1787295695334000000,1787295755339000000,0.0
StreamlinedBlobStorage.totalLiveRecordsPayloadBytes,1787295695334000000,1787295755339000000,0
FilePageCache.pageLoads,1787295695334000000,1787295755339000000,0
DirectByteBufferAllocator.totalSizeOfBuffersAllocatedInBytes,1787295695334000000,1787295755339000000,425754624
StreamlinedBlobStorage.recordsDeleted,1787295695334000000,1787295755339000000,0
StorageLockContext.competingThreads.max,1787295695334000000,1787295755339000000,0
StreamlinedBlobStorage.totalLiveRecordsCapacityBytes,1787295695334000000,1787295755339000000,0
DirectByteBufferAllocator.hits,1787295695334000000,1787295755339000000,0
StreamlinedBlobStorage.recordsAllocated,1787295695334000000,1787295755339000000,0
StreamlinedBlobStorage.recordsRelocated,1787295695334000000,1787295755339000000,0
FilePageCache.pageHits,1787295695334000000,1787295755339000000,0
StorageLockContext.competingThreads.90P,1787295695334000000,1787295755339000000,0
FilePageCache.pageFastCacheHits,1787295695334000000,1787295755339000000,0
FilePageCache.totalPageLoadsUs,1787295695334000000,1787295755339000000,0
FilePageCache.capacityInBytes,1787295695334000000,1787295755339000000,524288000
FilePageCache.maxRegisteredFiles,1787295695334000000,1787295755339000000,618
FilePageCache.disposedBuffers,1787295695334000000,1787295755339000000,0
FilePageCache.pageLoadsAboveSizeThreshold,1787295695334000000,1787295755339000000,0
FilePageCache.maxCacheSizeInBytes,1787295695334000000,1787295755339000000,425754624
DirectByteBufferAllocator.misses,1787295695334000000,1787295755339000000,0
DirectByteBufferAllocator.reclaimed,1787295695334000000,1787295755339000000,0
FilePageCache.uncachedFileAccess,1787295695334000000,1787295755339000000,0
DirectByteBufferAllocator.totalSizeOfBuffersCachedInBytes,1787295695334000000,1787295755339000000,0
FilePageCache.totalPageDisposalsUs,1787295695334000000,1787295755339000000,0
DirectByteBufferAllocator.disposed,1787295695334000000,1787295755339000000,0
jps.facet.change.listener.init.bridge.ms,1787295695334000000,1787295755339000000,0
workspaceModel.global.apply.state.to.project.ms,1787295695334000000,1787295755339000000,0
jps.global.handle.before.change.events.ms,1787295695334000000,1787295755339000000,0
workspaceModel.mutableEntityStorage.mutable.vfurl.index.ms,1787295695334000000,1787295755339000000,0
workspaceModel.delayed.project.synchronizer.sync.ms,1787295695334000000,1787295755339000000,0
jps.global.initialize.library.bridges.after.loading.ms,1787295695334000000,1787295755339000000,0
workspaceModel.mutableEntityStorage.put.entity.ms,1787295695334000000,1787295755339000000,42
workspaceModel.load.cache.from.file.ms,1787295695334000000,1787295755339000000,0
workspaceModel.mutableEntityStorage.referrers.ms,1787295695334000000,1787295755339000000,0
jps.app.storage.content.reader.load.component.ms,1787295695334000000,1787295755339000000,7
workspaceModel.moduleManagerBridge.get.modules.ms,1787295695334000000,1787295755339000000,42
workspaceModel.mutableEntityStorage.resolve.ms,1787295695334000000,1787295755339000000,0
workspaceModel.mutableEntityStorage.has.same.entities.ms,1787295695334000000,1787295755339000000,0
workspaceModel.save.cache.to.file.ms,1787295695334000000,1787295755339000000,253
workspaceModel.mutableEntityStorage.modify.entity.ms,1787295695334000000,1787295755339000000,0
workspaceModel.mutableEntityStorage.to.snapshot.ms,1787295695334000000,1787295755339000000,10
jps.library.entities.serializer.save.entities.ms,1787295695334000000,1787295755339000000,0
workspaceModel.moduleManagerBridge.build.module.graph.ms,1787295695334000000,1787295755339000000,2
jps.global.get.library.by.name.ms,1787295695334000000,1787295755339000000,0
jps.load.initial.state.ms,1787295695334000000,1787295755339000000,30
workspaceModel.moduleBridge.update.option.ms,1787295695334000000,1787295755339000000,0
jps.reload.project.entities.ms,1787295695334000000,1787295755339000000,0
jps.facet.change.listener.before.change.events.ms,1787295695334000000,1787295755339000000,3
workspaceModel.mutableEntityStorage.replace.by.source.ms,1787295695334000000,1787295755339000000,25
jps.library.entities.serializer.load.entities.ms,1787295695334000000,1787295755339000000,62
workspaceModel.mutableEntityStorage.entities.by.source.ms,1787295695334000000,1787295755339000000,2
workspaceModel.mutableEntityStorage.add.diff.ms,1787295695334000000,1787295755339000000,26
workspaceModel.global.updates.count,1787295695334000000,1787295755339000000,0
jps.module.iml.entities.serializer.save.entities.ms,1787295695334000000,1787295755339000000,0
jps.apply.loaded.storage.ms,1787295695334000000,1787295755339000000,1068
workspaceModel.mutableEntityStorage.add.entity.ms,1787295695334000000,1787295755339000000,141
workspaceModel.orphan.listener.update.ms,1787295695334000000,1787295755339000000,2
workspaceModel.mutableEntityStorage.collect.changes.ms,1787295695334000000,1787295755339000000,2
workspaceModel.moduleManagerBridge.load.module.ms,1787295695334000000,1787295755339000000,0
workspaceModel.moduleBridgeLoader.loading.modules.ms,1787295695334000000,1787295755339000000,2723
workspaceModel.moduleBridge.facet.initialization.ms,1787295695334000000,1787295755339000000,0
jps.storage.jps.conf.reader.load.component.ms,1787295695334000000,1787295755339000000,78
workspaceModel.global.updates.ms,1787295695334000000,1787295755339000000,0
workspaceModel.mutableEntityStorage.entities.ms,1787295695334000000,1787295755339000000,1
jps.facet.change.listener.process.change.events.ms,1787295695334000000,1787295755339000000,1
workspaceModel.moduleManagerBridge.load.all.modules.ms,1787295695334000000,1787295755339000000,54
workspaceModel.moduleManagerBridge.set.unloadedModules.ms,1787295695334000000,1787295755339000000,0
jps.module.iml.entities.serializer.load.entities.ms,1787295695334000000,1787295755339000000,439
workspaceModel.mutableEntityStorage.remove.entity.ms,1787295695334000000,1787295755339000000,0
jps.save.changed.project.entities.ms,1787295695334000000,1787295755339000000,4
jps.global.initialize.library.bridges.ms,1787295695334000000,1787295755339000000,0
jps.save.global.entities.ms,1787295695334000000,1787295755339000000,139
jps.load.project.to.empty.storage.ms,1787295695334000000,1787295755339000000,318
jps.global.get.library.ms,1787295695334000000,1787295755339000000,0
jps.project.serializers.load.ms,1787295695334000000,1787295755339000000,267
jps.app.storage.content.writer.save.component.ms,1787295695334000000,1787295755339000000,0
workspaceModel.moduleManagerBridge.new.nonPersistent.module.ms,1787295695334000000,1787295755339000000,0
jps.artifact.entities.serializer.load.entities.ms,1787295695334000000,1787295755339000000,0
jps.global.handle.changed.events.ms,1787295695334000000,1787295755339000000,0
jps.project.serializers.save.ms,1787295695334000000,1787295755339000000,2
workspaceModel.global.apply.state.to.project.builder.ms,1787295695334000000,1787295755339000000,6
workspaceModel.moduleManagerBridge.create.module.instance.ms,1787295695334000000,1787295755339000000,0
workspaceModel.sync.entities.ms,1787295695334000000,1787295755339000000,0
workspaceModel.moduleManagerBridge.newModule.ms,1787295695334000000,1787295755339000000,0
jps.artifact.entities.serializer.save.entities.ms,1787295695334000000,1787295755339000000,0
jps.global.get.libraries.ms,1787295695334000000,1787295755339000000,1
workspaceModel.moduleBridge.before.changed.ms,1787295695334000000,1787295755339000000,0
workspaceModel.mutableEntityStorage.mutable.ext.mapping.ms,1787295695334000000,1787295755339000000,1
workspaceModel.init.bridges.ms,1787295695334000000,1787295755339000000,2
workspaceModel.pre.handlers.ms,1787295695334000000,1787295755339000000,3
workspaceModel.to.snapshot.ms,1787295695334000000,1787295755339000000,9
workspaceModel.replace.project.model.ms,1787295695334000000,1787295755339000000,0
workspaceModel.update.unloaded.entities.ms,1787295695334000000,1787295755339000000,0
workspaceModel.loading.from.cache.ms,1787295695334000000,1787295755339000000,39
workspaceModel.loading.total.ms,1787295695334000000,1787295755339000000,50
workspaceModel.check.recursive.update.ms,1787295695334000000,1787295755339000000,0
workspaceModel.collect.changes.ms,1787295695334000000,1787295755339000000,0
workspaceModel.updates.count,1787295695334000000,1787295755339000000,1
workspaceModel.initializing.ms,1787295695334000000,1787295755339000000,2
workspaceModel.updates.ms,1787295695334000000,1787295755339000000,141
workspaceModel.updates.precise.ms,1787295695334000000,1787295755339000000,20
FileNameCache.fastMisses,1787295695334000000,1787295755339000000,0
FileNameCache.queries,1787295695334000000,1787295755339000000,0
FileNameCache.totalMisses,1787295695334000000,1787295755339000000,0
Indexes.stubs.lookupDuration90PMs,1787295695334000000,1787295755339000000,0.0
Indexes.stubs.lookupDurationMaxMs,1787295695334000000,1787295755339000000,0.0
Indexes.entries.lookupDurationAvgMs,1787295695334000000,1787295755339000000,0.0
Indexes.allKeys.lookupDurationMaxMs,1787295695334000000,1787295755339000000,0.0
IndexesFlusher.totalFlushingTimeUs,1787295695334000000,1787295755339000000,701262
IndexesFlusher.totalFlushesRetried,1787295695334000000,1787295755339000000,0
IndexesFlusher.totalContentionQuotaSpent,1787295695334000000,1787295755339000000,0
Indexes.entries.lookups,1787295695334000000,1787295755339000000,0.0
Indexes.allKeys.lookupDuration90PMs,1787295695334000000,1787295755339000000,0.0
Indexes.stubs.lookupDurationAvgMs,1787295695334000000,1787295755339000000,0.0
Indexes.entries.lookupDurationMaxMs,1787295695334000000,1787295755339000000,0.0
Indexes.entries.lookupDuration90PMs,1787295695334000000,1787295755339000000,0.0
VFSFlusher.totalFlushesRetried,1787295695334000000,1787295755339000000,0
Indexes.allKeys.lookups,1787295695334000000,1787295755339000000,0.0
VFSFlusher.totalContentionQuotaSpent,1787295695334000000,1787295755339000000,0
Indexes.stubs.lookups,1787295695334000000,1787295755339000000,0.0
VFSFlusher.totalFlushes,1787295695334000000,1787295755339000000,0
Indexes.allKeys.lookupDurationAvgMs,1787295695334000000,1787295755339000000,0.0
VFSFlusher.totalFlushingTimeUs,1787295695334000000,1787295755339000000,0
IndexesFlusher.totalFlushes,1787295695334000000,1787295755339000000,117
JVM.GC.collectionTimesMs,1787295695334000000,1787295755339000000,33
JVM.maxNativeBytes,1787295695334000000,1787295755339000000,-1
JVM.GC.collections,1787295695334000000,1787295755339000000,1
JVM.threadCount,1787295695334000000,1787295755339000000,50
JVM.usedHeapBytes,1787295695334000000,1787295755339000000,574458960
OS.loadAverage,1787295695334000000,1787295755339000000,2.5537109375
JVM.totalCpuTimeMs,1787295695334000000,1787295755339000000,4421
JVM.maxHeapBytes,1787295695334000000,1787295755339000000,2147483648
JVM.usedNativeBytes,1787295695334000000,1787295755339000000,428447800
NonBlockingReadAction.finalizedExecutionsCount,1787295695334000000,1787295755339000000,0
AWTEventQueue.eventsDispatched,1787295695334000000,1787295755339000000,3367
FlushQueue.waitingTimeAvgNs,1787295695334000000,1787295755339000000,249621.15702479339
FlushQueue.executionTimeMaxNs,1787295695334000000,1787295755339000000,3866623
AWTEventQueue.dispatchTime90PNs,1787295695334000000,1787295755339000000,364543
FlushQueue.queueSizeMax,1787295695334000000,1787295755339000000,0
FlushQueue.queueSize90P,1787295695334000000,1787295755339000000,0
FlushQueue.executionTimeAvgNs,1787295695334000000,1787295755339000000,164661.4214876033
FlushQueue.waitingTimeMaxNs,1787295695334000000,1787295755339000000,667647
NonBlockingReadAction.failedExecutionTimeUs,1787295695334000000,1787295755339000000,0
NonBlockingReadAction.finalizedExecutionTimeUs,1787295695334000000,1787295755339000000,0
FlushQueue.queueSizeAvg,1787295695334000000,1787295755339000000,0.0
FlushQueue.waitingTime90PNs,1787295695334000000,1787295755339000000,370687
FlushQueue.tasksExecuted,1787295695334000000,1787295755339000000,121
AWTEventQueue.dispatchTimeMaxNs,1787295695334000000,1787295755339000000,4046847
AWTEventQueue.dispatchTimeTotalNS,1787295695334000000,1787295755339000000,624315772
FlushQueue.executionTime90PNs,1787295695334000000,1787295755339000000,152575
AWTEventQueue.dispatchTimeAvgNs,1787295695334000000,1787295755339000000,185413.3982773983
NonBlockingReadAction.failedExecutionsCount,1787295695334000000,1787295755339000000,0
StorageLockContext.competingThreads.avg,1787295755339000000,1787295815344000000,0.0
StreamlinedBlobStorage.totalLiveRecordsPayloadBytes,1787295755339000000,1787295815344000000,29
FilePageCache.pageLoads,1787295755339000000,1787295815344000000,0
DirectByteBufferAllocator.totalSizeOfBuffersAllocatedInBytes,1787295755339000000,1787295815344000000,425754624
StreamlinedBlobStorage.recordsDeleted,1787295755339000000,1787295815344000000,0
StorageLockContext.competingThreads.max,1787295755339000000,1787295815344000000,0
StreamlinedBlobStorage.totalLiveRecordsCapacityBytes,1787295755339000000,1787295815344000000,140
DirectByteBufferAllocator.hits,1787295755339000000,1787295815344000000,0
StreamlinedBlobStorage.recordsAllocated,1787295755339000000,1787295815344000000,2
StreamlinedBlobStorage.recordsRelocated,1787295755339000000,1787295815344000000,0
FilePageCache.pageHits,1787295755339000000,1787295815344000000,0
StorageLockContext.competingThreads.90P,1787295755339000000,1787295815344000000,0
FilePageCache.pageFastCacheHits,1787295755339000000,1787295815344000000,110
FilePageCache.totalPageLoadsUs,1787295755339000000,1787295815344000000,0
FilePageCache.capacityInBytes,1787295755339000000,1787295815344000000,524288000
FilePageCache.maxRegisteredFiles,1787295755339000000,1787295815344000000,618
FilePageCache.disposedBuffers,1787295755339000000,1787295815344000000,0
FilePageCache.pageLoadsAboveSizeThreshold,1787295755339000000,1787295815344000000,0
FilePageCache.maxCacheSizeInBytes,1787295755339000000,1787295815344000000,425754624
DirectByteBufferAllocator.misses,1787295755339000000,1787295815344000000,0
DirectByteBufferAllocator.reclaimed,1787295755339000000,1787295815344000000,0
FilePageCache.uncachedFileAccess,1787295755339000000,1787295815344000000,1
DirectByteBufferAllocator.totalSizeOfBuffersCachedInBytes,1787295755339000000,1787295815344000000,0
FilePageCache.totalPageDisposalsUs,1787295755339000000,1787295815344000000,0
DirectByteBufferAllocator.disposed,1787295755339000000,1787295815344000000,0
jps.facet.change.listener.init.bridge.ms,1787295755339000000,1787295815344000000,0
workspaceModel.global.apply.state.to.project.ms,1787295755339000000,1787295815344000000,0
jps.global.handle.before.change.events.ms,1787295755339000000,1787295815344000000,0
workspaceModel.mutableEntityStorage.mutable.vfurl.index.ms,1787295755339000000,1787295815344000000,0
workspaceModel.delayed.project.synchronizer.sync.ms,1787295755339000000,1787295815344000000,0
jps.global.initialize.library.bridges.after.loading.ms,1787295755339000000,1787295815344000000,0
workspaceModel.mutableEntityStorage.put.entity.ms,1787295755339000000,1787295815344000000,42
workspaceModel.load.cache.from.file.ms,1787295755339000000,1787295815344000000,0
workspaceModel.mutableEntityStorage.referrers.ms,1787295755339000000,1787295815344000000,0
jps.app.storage.content.reader.load.component.ms,1787295755339000000,1787295815344000000,7
workspaceModel.moduleManagerBridge.get.modules.ms,1787295755339000000,1787295815344000000,42
workspaceModel.mutableEntityStorage.resolve.ms,1787295755339000000,1787295815344000000,0
workspaceModel.mutableEntityStorage.has.same.entities.ms,1787295755339000000,1787295815344000000,0
workspaceModel.save.cache.to.file.ms,1787295755339000000,1787295815344000000,253
workspaceModel.mutableEntityStorage.modify.entity.ms,1787295755339000000,1787295815344000000,0
workspaceModel.mutableEntityStorage.to.snapshot.ms,1787295755339000000,1787295815344000000,10
jps.library.entities.serializer.save.entities.ms,1787295755339000000,1787295815344000000,0
workspaceModel.moduleManagerBridge.build.module.graph.ms,1787295755339000000,1787295815344000000,2
jps.global.get.library.by.name.ms,1787295755339000000,1787295815344000000,0
jps.load.initial.state.ms,1787295755339000000,1787295815344000000,30
workspaceModel.moduleBridge.update.option.ms,1787295755339000000,1787295815344000000,0
jps.reload.project.entities.ms,1787295755339000000,1787295815344000000,0
jps.facet.change.listener.before.change.events.ms,1787295755339000000,1787295815344000000,3
workspaceModel.mutableEntityStorage.replace.by.source.ms,1787295755339000000,1787295815344000000,25
jps.library.entities.serializer.load.entities.ms,1787295755339000000,1787295815344000000,62
workspaceModel.mutableEntityStorage.entities.by.source.ms,1787295755339000000,1787295815344000000,2
workspaceModel.mutableEntityStorage.add.diff.ms,1787295755339000000,1787295815344000000,26
workspaceModel.global.updates.count,1787295755339000000,1787295815344000000,0
jps.module.iml.entities.serializer.save.entities.ms,1787295755339000000,1787295815344000000,0
jps.apply.loaded.storage.ms,1787295755339000000,1787295815344000000,1068
workspaceModel.mutableEntityStorage.add.entity.ms,1787295755339000000,1787295815344000000,141
workspaceModel.orphan.listener.update.ms,1787295755339000000,1787295815344000000,2
workspaceModel.mutableEntityStorage.collect.changes.ms,1787295755339000000,1787295815344000000,2
workspaceModel.moduleManagerBridge.load.module.ms,1787295755339000000,1787295815344000000,0
workspaceModel.moduleBridgeLoader.loading.modules.ms,1787295755339000000,1787295815344000000,2723
workspaceModel.moduleBridge.facet.initialization.ms,1787295755339000000,1787295815344000000,0
jps.storage.jps.conf.reader.load.component.ms,1787295755339000000,1787295815344000000,78
workspaceModel.global.updates.ms,1787295755339000000,1787295815344000000,0
workspaceModel.mutableEntityStorage.entities.ms,1787295755339000000,1787295815344000000,1
jps.facet.change.listener.process.change.events.ms,1787295755339000000,1787295815344000000,1
workspaceModel.moduleManagerBridge.load.all.modules.ms,1787295755339000000,1787295815344000000,54
workspaceModel.moduleManagerBridge.set.unloadedModules.ms,1787295755339000000,1787295815344000000,0
jps.module.iml.entities.serializer.load.entities.ms,1787295755339000000,1787295815344000000,439
workspaceModel.mutableEntityStorage.remove.entity.ms,1787295755339000000,1787295815344000000,0
jps.save.changed.project.entities.ms,1787295755339000000,1787295815344000000,4
jps.global.initialize.library.bridges.ms,1787295755339000000,1787295815344000000,0
jps.save.global.entities.ms,1787295755339000000,1787295815344000000,139
jps.load.project.to.empty.storage.ms,1787295755339000000,1787295815344000000,318
jps.global.get.library.ms,1787295755339000000,1787295815344000000,0
jps.project.serializers.load.ms,1787295755339000000,1787295815344000000,267
jps.app.storage.content.writer.save.component.ms,1787295755339000000,1787295815344000000,0
workspaceModel.moduleManagerBridge.new.nonPersistent.module.ms,1787295755339000000,1787295815344000000,0
jps.artifact.entities.serializer.load.entities.ms,1787295755339000000,1787295815344000000,0
jps.global.handle.changed.events.ms,1787295755339000000,1787295815344000000,0
jps.project.serializers.save.ms,1787295755339000000,1787295815344000000,2
workspaceModel.global.apply.state.to.project.builder.ms,1787295755339000000,1787295815344000000,6
workspaceModel.moduleManagerBridge.create.module.instance.ms,1787295755339000000,1787295815344000000,0
workspaceModel.sync.entities.ms,1787295755339000000,1787295815344000000,0
workspaceModel.moduleManagerBridge.newModule.ms,1787295755339000000,1787295815344000000,0
jps.artifact.entities.serializer.save.entities.ms,1787295755339000000,1787295815344000000,0
jps.global.get.libraries.ms,1787295755339000000,1787295815344000000,1
workspaceModel.moduleBridge.before.changed.ms,1787295755339000000,1787295815344000000,0
workspaceModel.mutableEntityStorage.mutable.ext.mapping.ms,1787295755339000000,1787295815344000000,1
workspaceModel.init.bridges.ms,1787295755339000000,1787295815344000000,2
workspaceModel.pre.handlers.ms,1787295755339000000,1787295815344000000,3
workspaceModel.to.snapshot.ms,1787295755339000000,1787295815344000000,9
workspaceModel.replace.project.model.ms,1787295755339000000,1787295815344000000,0
workspaceModel.update.unloaded.entities.ms,1787295755339000000,1787295815344000000,0
workspaceModel.loading.from.cache.ms,1787295755339000000,1787295815344000000,39
workspaceModel.loading.total.ms,1787295755339000000,1787295815344000000,50
workspaceModel.check.recursive.update.ms,1787295755339000000,1787295815344000000,0
workspaceModel.collect.changes.ms,1787295755339000000,1787295815344000000,0
workspaceModel.updates.count,1787295755339000000,1787295815344000000,1
workspaceModel.initializing.ms,1787295755339000000,1787295815344000000,2
workspaceModel.updates.ms,1787295755339000000,1787295815344000000,141
workspaceModel.updates.precise.ms,1787295755339000000,1787295815344000000,20
FileNameCache.fastMisses,1787295755339000000,1787295815344000000,878
FileNameCache.queries,1787295755339000000,1787295815344000000,11154
FileNameCache.totalMisses,1787295755339000000,1787295815344000000,3
Indexes.stubs.lookupDuration90PMs,1787295755339000000,1787295815344000000,0.0
Indexes.stubs.lookupDurationMaxMs,1787295755339000000,1787295815344000000,64.0
Indexes.entries.lookupDurationAvgMs,1787295755339000000,1787295815344000000,12.0
Indexes.allKeys.lookupDurationMaxMs,1787295755339000000,1787295815344000000,0.0
IndexesFlusher.totalFlushingTimeUs,1787295755339000000,1787295815344000000,705238
IndexesFlusher.totalFlushesRetried,1787295755339000000,1787295815344000000,0
IndexesFlusher.totalContentionQuotaSpent,1787295755339000000,1787295815344000000,0
Indexes.entries.lookups,1787295755339000000,1787295815344000000,1.0
Indexes.allKeys.lookupDuration90PMs,1787295755339000000,1787295815344000000,0.0
Indexes.stubs.lookupDurationAvgMs,1787295755339000000,1787295815344000000,0.1710794297352342
Indexes.entries.lookupDurationMaxMs,1787295755339000000,1787295815344000000,12.0
Indexes.entries.lookupDuration90PMs,1787295755339000000,1787295815344000000,12.0
VFSFlusher.totalFlushesRetried,1787295755339000000,1787295815344000000,0
Indexes.allKeys.lookups,1787295755339000000,1787295815344000000,0.0
VFSFlusher.totalContentionQuotaSpent,1787295755339000000,1787295815344000000,0
Indexes.stubs.lookups,1787295755339000000,1787295815344000000,982.0
VFSFlusher.totalFlushes,1787295755339000000,1787295815344000000,1
Indexes.allKeys.lookupDurationAvgMs,1787295755339000000,1787295815344000000,0.0
VFSFlusher.totalFlushingTimeUs,1787295755339000000,1787295815344000000,20342
IndexesFlusher.totalFlushes,1787295755339000000,1787295815344000000,117
JVM.GC.collectionTimesMs,1787295755339000000,1787295815344000000,16
JVM.maxNativeBytes,1787295755339000000,1787295815344000000,-1
JVM.GC.collections,1787295755339000000,1787295815344000000,1
JVM.threadCount,1787295755339000000,1787295815344000000,55
JVM.usedHeapBytes,1787295755339000000,1787295815344000000,572171672
OS.loadAverage,1787295755339000000,1787295815344000000,2.8759765625
JVM.totalCpuTimeMs,1787295755339000000,1787295815344000000,6686
JVM.maxHeapBytes,1787295755339000000,1787295815344000000,2147483648
JVM.usedNativeBytes,1787295755339000000,1787295815344000000,432660600
NonBlockingReadAction.finalizedExecutionsCount,1787295755339000000,1787295815344000000,254
AWTEventQueue.eventsDispatched,1787295755339000000,1787295815344000000,3371
FlushQueue.waitingTimeAvgNs,1787295755339000000,1787295815344000000,239924.89256198346
FlushQueue.executionTimeMaxNs,1787295755339000000,1787295815344000000,3440639
AWTEventQueue.dispatchTime90PNs,1787295755339000000,1787295815344000000,354303
FlushQueue.queueSizeMax,1787295755339000000,1787295815344000000,0
FlushQueue.queueSize90P,1787295755339000000,1787295815344000000,0
FlushQueue.executionTimeAvgNs,1787295755339000000,1787295815344000000,180486.87603305784
FlushQueue.waitingTimeMaxNs,1787295755339000000,1787295815344000000,1687551
NonBlockingReadAction.failedExecutionTimeUs,1787295755339000000,1787295815344000000,0
NonBlockingReadAction.finalizedExecutionTimeUs,1787295755339000000,1787295815344000000,1030686
FlushQueue.queueSizeAvg,1787295755339000000,1787295815344000000,0.0
FlushQueue.waitingTime90PNs,1787295755339000000,1787295815344000000,356351
FlushQueue.tasksExecuted,1787295755339000000,1787295815344000000,121
AWTEventQueue.dispatchTimeMaxNs,1787295755339000000,1787295815344000000,4554751
AWTEventQueue.dispatchTimeTotalNS,1787295755339000000,1787295815344000000,612539687
FlushQueue.executionTime90PNs,1787295755339000000,1787295815344000000,173055
AWTEventQueue.dispatchTimeAvgNs,1787295755339000000,1787295815344000000,181706.81696825867
NonBlockingReadAction.failedExecutionsCount,1787295755339000000,1787295815344000000,0
StorageLockContext.competingThreads.avg,1787295815344000000,1787295875339000000,0.0
StreamlinedBlobStorage.totalLiveRecordsPayloadBytes,1787295815344000000,1787295875339000000,0
FilePageCache.pageLoads,1787295815344000000,1787295875339000000,0
DirectByteBufferAllocator.totalSizeOfBuffersAllocatedInBytes,1787295815344000000,1787295875339000000,425754624
StreamlinedBlobStorage.recordsDeleted,1787295815344000000,1787295875339000000,0
StorageLockContext.competingThreads.max,1787295815344000000,1787295875339000000,0
StreamlinedBlobStorage.totalLiveRecordsCapacityBytes,1787295815344000000,1787295875339000000,0
DirectByteBufferAllocator.hits,1787295815344000000,1787295875339000000,0
StreamlinedBlobStorage.recordsAllocated,1787295815344000000,1787295875339000000,0
StreamlinedBlobStorage.recordsRelocated,1787295815344000000,1787295875339000000,0
FilePageCache.pageHits,1787295815344000000,1787295875339000000,0
StorageLockContext.competingThreads.90P,1787295815344000000,1787295875339000000,0
FilePageCache.pageFastCacheHits,1787295815344000000,1787295875339000000,4
FilePageCache.totalPageLoadsUs,1787295815344000000,1787295875339000000,0
FilePageCache.capacityInBytes,1787295815344000000,1787295875339000000,524288000
FilePageCache.maxRegisteredFiles,1787295815344000000,1787295875339000000,618
FilePageCache.disposedBuffers,1787295815344000000,1787295875339000000,0
FilePageCache.pageLoadsAboveSizeThreshold,1787295815344000000,1787295875339000000,0
FilePageCache.maxCacheSizeInBytes,1787295815344000000,1787295875339000000,425754624
DirectByteBufferAllocator.misses,1787295815344000000,1787295875339000000,0
DirectByteBufferAllocator.reclaimed,1787295815344000000,1787295875339000000,0
FilePageCache.uncachedFileAccess,1787295815344000000,1787295875339000000,0
DirectByteBufferAllocator.totalSizeOfBuffersCachedInBytes,1787295815344000000,1787295875339000000,0
FilePageCache.totalPageDisposalsUs,1787295815344000000,1787295875339000000,0
DirectByteBufferAllocator.disposed,1787295815344000000,1787295875339000000,0
jps.facet.change.listener.init.bridge.ms,1787295815344000000,1787295875339000000,0
workspaceModel.global.apply.state.to.project.ms,1787295815344000000,1787295875339000000,0
jps.global.handle.before.change.events.ms,1787295815344000000,1787295875339000000,0
workspaceModel.mutableEntityStorage.mutable.vfurl.index.ms,1787295815344000000,1787295875339000000,0
workspaceModel.delayed.project.synchronizer.sync.ms,1787295815344000000,1787295875339000000,0
jps.global.initialize.library.bridges.after.loading.ms,1787295815344000000,1787295875339000000,0
workspaceModel.mutableEntityStorage.put.entity.ms,1787295815344000000,1787295875339000000,42
workspaceModel.load.cache.from.file.ms,1787295815344000000,1787295875339000000,0
workspaceModel.mutableEntityStorage.referrers.ms,1787295815344000000,1787295875339000000,0
jps.app.storage.content.reader.load.component.ms,1787295815344000000,1787295875339000000,7
workspaceModel.moduleManagerBridge.get.modules.ms,1787295815344000000,1787295875339000000,42
workspaceModel.mutableEntityStorage.resolve.ms,1787295815344000000,1787295875339000000,0
workspaceModel.mutableEntityStorage.has.same.entities.ms,1787295815344000000,1787295875339000000,0
workspaceModel.save.cache.to.file.ms,1787295815344000000,1787295875339000000,253
workspaceModel.mutableEntityStorage.modify.entity.ms,1787295815344000000,1787295875339000000,0
workspaceModel.mutableEntityStorage.to.snapshot.ms,1787295815344000000,1787295875339000000,10
jps.library.entities.serializer.save.entities.ms,1787295815344000000,1787295875339000000,0
workspaceModel.moduleManagerBridge.build.module.graph.ms,1787295815344000000,1787295875339000000,2
jps.global.get.library.by.name.ms,1787295815344000000,1787295875339000000,0
jps.load.initial.state.ms,1787295815344000000,1787295875339000000,30
workspaceModel.moduleBridge.update.option.ms,1787295815344000000,1787295875339000000,0
jps.reload.project.entities.ms,1787295815344000000,1787295875339000000,0
jps.facet.change.listener.before.change.events.ms,1787295815344000000,1787295875339000000,3
workspaceModel.mutableEntityStorage.replace.by.source.ms,1787295815344000000,1787295875339000000,25
jps.library.entities.serializer.load.entities.ms,1787295815344000000,1787295875339000000,62
workspaceModel.mutableEntityStorage.entities.by.source.ms,1787295815344000000,1787295875339000000,2
workspaceModel.mutableEntityStorage.add.diff.ms,1787295815344000000,1787295875339000000,26
workspaceModel.global.updates.count,1787295815344000000,1787295875339000000,0
jps.module.iml.entities.serializer.save.entities.ms,1787295815344000000,1787295875339000000,0
jps.apply.loaded.storage.ms,1787295815344000000,1787295875339000000,1068
workspaceModel.mutableEntityStorage.add.entity.ms,1787295815344000000,1787295875339000000,141
workspaceModel.orphan.listener.update.ms,1787295815344000000,1787295875339000000,2
workspaceModel.mutableEntityStorage.collect.changes.ms,1787295815344000000,1787295875339000000,2
workspaceModel.moduleManagerBridge.load.module.ms,1787295815344000000,1787295875339000000,0
workspaceModel.moduleBridgeLoader.loading.modules.ms,1787295815344000000,1787295875339000000,2723
workspaceModel.moduleBridge.facet.initialization.ms,1787295815344000000,1787295875339000000,0
jps.storage.jps.conf.reader.load.component.ms,1787295815344000000,1787295875339000000,78
workspaceModel.global.updates.ms,1787295815344000000,1787295875339000000,0
workspaceModel.mutableEntityStorage.entities.ms,1787295815344000000,1787295875339000000,1
jps.facet.change.listener.process.change.events.ms,1787295815344000000,1787295875339000000,1
workspaceModel.moduleManagerBridge.load.all.modules.ms,1787295815344000000,1787295875339000000,54
workspaceModel.moduleManagerBridge.set.unloadedModules.ms,1787295815344000000,1787295875339000000,0
jps.module.iml.entities.serializer.load.entities.ms,1787295815344000000,1787295875339000000,439
workspaceModel.mutableEntityStorage.remove.entity.ms,1787295815344000000,1787295875339000000,0
jps.save.changed.project.entities.ms,1787295815344000000,1787295875339000000,4
jps.global.initialize.library.bridges.ms,1787295815344000000,1787295875339000000,0
jps.save.global.entities.ms,1787295815344000000,1787295875339000000,139
jps.load.project.to.empty.storage.ms,1787295815344000000,1787295875339000000,318
jps.global.get.library.ms,1787295815344000000,1787295875339000000,0
jps.project.serializers.load.ms,1787295815344000000,1787295875339000000,267
jps.app.storage.content.writer.save.component.ms,1787295815344000000,1787295875339000000,0
workspaceModel.moduleManagerBridge.new.nonPersistent.module.ms,1787295815344000000,1787295875339000000,0
jps.artifact.entities.serializer.load.entities.ms,1787295815344000000,1787295875339000000,0
jps.global.handle.changed.events.ms,1787295815344000000,1787295875339000000,0
jps.project.serializers.save.ms,1787295815344000000,1787295875339000000,2
workspaceModel.global.apply.state.to.project.builder.ms,1787295815344000000,1787295875339000000,6
workspaceModel.moduleManagerBridge.create.module.instance.ms,1787295815344000000,1787295875339000000,0
workspaceModel.sync.entities.ms,1787295815344000000,1787295875339000000,0
workspaceModel.moduleManagerBridge.newModule.ms,1787295815344000000,1787295875339000000,0
jps.artifact.entities.serializer.save.entities.ms,1787295815344000000,1787295875339000000,0
jps.global.get.libraries.ms,1787295815344000000,1787295875339000000,2
workspaceModel.moduleBridge.before.changed.ms,1787295815344000000,1787295875339000000,0
workspaceModel.mutableEntityStorage.mutable.ext.mapping.ms,1787295815344000000,1787295875339000000,1
workspaceModel.init.bridges.ms,1787295815344000000,1787295875339000000,2
workspaceModel.pre.handlers.ms,1787295815344000000,1787295875339000000,3
workspaceModel.to.snapshot.ms,1787295815344000000,1787295875339000000,9
workspaceModel.replace.project.model.ms,1787295815344000000,1787295875339000000,0
workspaceModel.update.unloaded.entities.ms,1787295815344000000,1787295875339000000,0
workspaceModel.loading.from.cache.ms,1787295815344000000,1787295875339000000,39
workspaceModel.loading.total.ms,1787295815344000000,1787295875339000000,50
workspaceModel.check.recursive.update.ms,1787295815344000000,1787295875339000000,0
workspaceModel.collect.changes.ms,1787295815344000000,1787295875339000000,0
workspaceModel.updates.count,1787295815344000000,1787295875339000000,1
workspaceModel.initializing.ms,1787295815344000000,1787295875339000000,2
workspaceModel.updates.ms,1787295815344000000,1787295875339000000,141
workspaceModel.updates.precise.ms,1787295815344000000,1787295875339000000,20
FileNameCache.fastMisses,1787295815344000000,1787295875339000000,7
FileNameCache.queries,1787295815344000000,1787295875339000000,408
FileNameCache.totalMisses,1787295815344000000,1787295875339000000,0
Indexes.stubs.lookupDuration90PMs,1787295815344000000,1787295875339000000,0.0
Indexes.stubs.lookupDurationMaxMs,1787295815344000000,1787295875339000000,0.0
Indexes.entries.lookupDurationAvgMs,1787295815344000000,1787295875339000000,0.0
Indexes.allKeys.lookupDurationMaxMs,1787295815344000000,1787295875339000000,0.0
IndexesFlusher.totalFlushingTimeUs,1787295815344000000,1787295875339000000,715940
IndexesFlusher.totalFlushesRetried,1787295815344000000,1787295875339000000,0
IndexesFlusher.totalContentionQuotaSpent,1787295815344000000,1787295875339000000,0
Indexes.entries.lookups,1787295815344000000,1787295875339000000,0.0
Indexes.allKeys.lookupDuration90PMs,1787295815344000000,1787295875339000000,0.0
Indexes.stubs.lookupDurationAvgMs,1787295815344000000,1787295875339000000,0.0
Indexes.entries.lookupDurationMaxMs,1787295815344000000,1787295875339000000,0.0
Indexes.entries.lookupDuration90PMs,1787295815344000000,1787295875339000000,0.0
VFSFlusher.totalFlushesRetried,1787295815344000000,1787295875339000000,0
Indexes.allKeys.lookups,1787295815344000000,1787295875339000000,0.0
VFSFlusher.totalContentionQuotaSpent,1787295815344000000,1787295875339000000,0
Indexes.stubs.lookups,1787295815344000000,1787295875339000000,0.0
VFSFlusher.totalFlushes,1787295815344000000,1787295875339000000,0
Indexes.allKeys.lookupDurationAvgMs,1787295815344000000,1787295875339000000,0.0
VFSFlusher.totalFlushingTimeUs,1787295815344000000,1787295875339000000,0
IndexesFlusher.totalFlushes,1787295815344000000,1787295875339000000,117
JVM.GC.collectionTimesMs,1787295815344000000,1787295875339000000,15
JVM.maxNativeBytes,1787295815344000000,1787295875339000000,-1
JVM.GC.collections,1787295815344000000,1787295875339000000,1
JVM.threadCount,1787295815344000000,1787295875339000000,50
JVM.usedHeapBytes,1787295815344000000,1787295875339000000,565651480
OS.loadAverage,1787295815344000000,1787295875339000000,2.47314453125
JVM.totalCpuTimeMs,1787295815344000000,1787295875339000000,5819
JVM.maxHeapBytes,1787295815344000000,1787295875339000000,2147483648
JVM.usedNativeBytes,1787295815344000000,1787295875339000000,433662920
NonBlockingReadAction.finalizedExecutionsCount,1787295815344000000,1787295875339000000,3
AWTEventQueue.eventsDispatched,1787295815344000000,1787295875339000000,3356
FlushQueue.waitingTimeAvgNs,1787295815344000000,1787295875339000000,245072.26229508198
FlushQueue.executionTimeMaxNs,1787295815344000000,1787295875339000000,9306111
AWTEventQueue.dispatchTime90PNs,1787295815344000000,1787295875339000000,296959
FlushQueue.queueSizeMax,1787295815344000000,1787295875339000000,0
FlushQueue.queueSize90P,1787295815344000000,1787295875339000000,0
FlushQueue.executionTimeAvgNs,1787295815344000000,1787295875339000000,263572.1967213115
FlushQueue.waitingTimeMaxNs,1787295815344000000,1787295875339000000,1933311
NonBlockingReadAction.failedExecutionTimeUs,1787295815344000000,1787295875339000000,0
NonBlockingReadAction.finalizedExecutionTimeUs,1787295815344000000,1787295875339000000,20128
FlushQueue.queueSizeAvg,1787295815344000000,1787295875339000000,0.0
FlushQueue.waitingTime90PNs,1787295815344000000,1787295875339000000,329727
FlushQueue.tasksExecuted,1787295815344000000,1787295875339000000,122
AWTEventQueue.dispatchTimeMaxNs,1787295815344000000,1787295875339000000,9371647
AWTEventQueue.dispatchTimeTotalNS,1787295815344000000,1787295875339000000,567896086
FlushQueue.executionTime90PNs,1787295815344000000,1787295875339000000,144383
AWTEventQueue.dispatchTimeAvgNs,1787295815344000000,1787295875339000000,169095.52800953516
NonBlockingReadAction.failedExecutionsCount,1787295815344000000,1787295875339000000,0
StorageLockContext.competingThreads.avg,1787295875339000000,1787295935342000000,0.0
StreamlinedBlobStorage.totalLiveRecordsPayloadBytes,1787295875339000000,1787295935342000000,0
FilePageCache.pageLoads,1787295875339000000,1787295935342000000,0
DirectByteBufferAllocator.totalSizeOfBuffersAllocatedInBytes,1787295875339000000,1787295935342000000,425754624
StreamlinedBlobStorage.recordsDeleted,1787295875339000000,1787295935342000000,0
StorageLockContext.competingThreads.max,1787295875339000000,1787295935342000000,0
StreamlinedBlobStorage.totalLiveRecordsCapacityBytes,1787295875339000000,1787295935342000000,0
DirectByteBufferAllocator.hits,1787295875339000000,1787295935342000000,0
StreamlinedBlobStorage.recordsAllocated,1787295875339000000,1787295935342000000,0
StreamlinedBlobStorage.recordsRelocated,1787295875339000000,1787295935342000000,0
FilePageCache.pageHits,1787295875339000000,1787295935342000000,0
StorageLockContext.competingThreads.90P,1787295875339000000,1787295935342000000,0
FilePageCache.pageFastCacheHits,1787295875339000000,1787295935342000000,0
FilePageCache.totalPageLoadsUs,1787295875339000000,1787295935342000000,0
FilePageCache.capacityInBytes,1787295875339000000,1787295935342000000,524288000
FilePageCache.maxRegisteredFiles,1787295875339000000,1787295935342000000,618
FilePageCache.disposedBuffers,1787295875339000000,1787295935342000000,0
FilePageCache.pageLoadsAboveSizeThreshold,1787295875339000000,1787295935342000000,0
FilePageCache.maxCacheSizeInBytes,1787295875339000000,1787295935342000000,425754624
DirectByteBufferAllocator.misses,1787295875339000000,1787295935342000000,0
DirectByteBufferAllocator.reclaimed,1787295875339000000,1787295935342000000,0
FilePageCache.uncachedFileAccess,1787295875339000000,1787295935342000000,0
DirectByteBufferAllocator.totalSizeOfBuffersCachedInBytes,1787295875339000000,1787295935342000000,0
FilePageCache.totalPageDisposalsUs,1787295875339000000,1787295935342000000,0
DirectByteBufferAllocator.disposed,1787295875339000000,1787295935342000000,0
jps.facet.change.listener.init.bridge.ms,1787295875339000000,1787295935342000000,0
workspaceModel.global.apply.state.to.project.ms,1787295875339000000,1787295935342000000,0
jps.global.handle.before.change.events.ms,1787295875339000000,1787295935342000000,0
workspaceModel.mutableEntityStorage.mutable.vfurl.index.ms,1787295875339000000,1787295935342000000,0
workspaceModel.delayed.project.synchronizer.sync.ms,1787295875339000000,1787295935342000000,0
jps.global.initialize.library.bridges.after.loading.ms,1787295875339000000,1787295935342000000,0
workspaceModel.mutableEntityStorage.put.entity.ms,1787295875339000000,1787295935342000000,42
workspaceModel.load.cache.from.file.ms,1787295875339000000,1787295935342000000,0
workspaceModel.mutableEntityStorage.referrers.ms,1787295875339000000,1787295935342000000,0
jps.app.storage.content.reader.load.component.ms,1787295875339000000,1787295935342000000,7
workspaceModel.moduleManagerBridge.get.modules.ms,1787295875339000000,1787295935342000000,42
workspaceModel.mutableEntityStorage.resolve.ms,1787295875339000000,1787295935342000000,0
workspaceModel.mutableEntityStorage.has.same.entities.ms,1787295875339000000,1787295935342000000,0
workspaceModel.save.cache.to.file.ms,1787295875339000000,1787295935342000000,253
workspaceModel.mutableEntityStorage.modify.entity.ms,1787295875339000000,1787295935342000000,0
workspaceModel.mutableEntityStorage.to.snapshot.ms,1787295875339000000,1787295935342000000,10
jps.library.entities.serializer.save.entities.ms,1787295875339000000,1787295935342000000,0
workspaceModel.moduleManagerBridge.build.module.graph.ms,1787295875339000000,1787295935342000000,2
jps.global.get.library.by.name.ms,1787295875339000000,1787295935342000000,0
jps.load.initial.state.ms,1787295875339000000,1787295935342000000,30
workspaceModel.moduleBridge.update.option.ms,1787295875339000000,1787295935342000000,0
jps.reload.project.entities.ms,1787295875339000000,1787295935342000000,0
jps.facet.change.listener.before.change.events.ms,1787295875339000000,1787295935342000000,3
workspaceModel.mutableEntityStorage.replace.by.source.ms,1787295875339000000,1787295935342000000,25
jps.library.entities.serializer.load.entities.ms,1787295875339000000,1787295935342000000,62
workspaceModel.mutableEntityStorage.entities.by.source.ms,1787295875339000000,1787295935342000000,2
workspaceModel.mutableEntityStorage.add.diff.ms,1787295875339000000,1787295935342000000,26
workspaceModel.global.updates.count,1787295875339000000,1787295935342000000,0
jps.module.iml.entities.serializer.save.entities.ms,1787295875339000000,1787295935342000000,0
jps.apply.loaded.storage.ms,1787295875339000000,1787295935342000000,1068
workspaceModel.mutableEntityStorage.add.entity.ms,1787295875339000000,1787295935342000000,141
workspaceModel.orphan.listener.update.ms,1787295875339000000,1787295935342000000,2
workspaceModel.mutableEntityStorage.collect.changes.ms,1787295875339000000,1787295935342000000,2
workspaceModel.moduleManagerBridge.load.module.ms,1787295875339000000,1787295935342000000,0
workspaceModel.moduleBridgeLoader.loading.modules.ms,1787295875339000000,1787295935342000000,2723
workspaceModel.moduleBridge.facet.initialization.ms,1787295875339000000,1787295935342000000,0
jps.storage.jps.conf.reader.load.component.ms,1787295875339000000,1787295935342000000,78
workspaceModel.global.updates.ms,1787295875339000000,1787295935342000000,0
workspaceModel.mutableEntityStorage.entities.ms,1787295875339000000,1787295935342000000,1
jps.facet.change.listener.process.change.events.ms,1787295875339000000,1787295935342000000,1
workspaceModel.moduleManagerBridge.load.all.modules.ms,1787295875339000000,1787295935342000000,54
workspaceModel.moduleManagerBridge.set.unloadedModules.ms,1787295875339000000,1787295935342000000,0
jps.module.iml.entities.serializer.load.entities.ms,1787295875339000000,1787295935342000000,439
workspaceModel.mutableEntityStorage.remove.entity.ms,1787295875339000000,1787295935342000000,0
jps.save.changed.project.entities.ms,1787295875339000000,1787295935342000000,4
jps.global.initialize.library.bridges.ms,1787295875339000000,1787295935342000000,0
jps.save.global.entities.ms,1787295875339000000,1787295935342000000,139
jps.load.project.to.empty.storage.ms,1787295875339000000,1787295935342000000,318
jps.global.get.library.ms,1787295875339000000,1787295935342000000,0
jps.project.serializers.load.ms,1787295875339000000,1787295935342000000,267
jps.app.storage.content.writer.save.component.ms,1787295875339000000,1787295935342000000,0
workspaceModel.moduleManagerBridge.new.nonPersistent.module.ms,1787295875339000000,1787295935342000000,0
jps.artifact.entities.serializer.load.entities.ms,1787295875339000000,1787295935342000000,0
jps.global.handle.changed.events.ms,1787295875339000000,1787295935342000000,0
jps.project.serializers.save.ms,1787295875339000000,1787295935342000000,2
workspaceModel.global.apply.state.to.project.builder.ms,1787295875339000000,1787295935342000000,6
workspaceModel.moduleManagerBridge.create.module.instance.ms,1787295875339000000,1787295935342000000,0
workspaceModel.sync.entities.ms,1787295875339000000,1787295935342000000,0
workspaceModel.moduleManagerBridge.newModule.ms,1787295875339000000,1787295935342000000,0
jps.artifact.entities.serializer.save.entities.ms,1787295875339000000,1787295935342000000,0
jps.global.get.libraries.ms,1787295875339000000,1787295935342000000,2
workspaceModel.moduleBridge.before.changed.ms,1787295875339000000,1787295935342000000,0
workspaceModel.mutableEntityStorage.mutable.ext.mapping.ms,1787295875339000000,1787295935342000000,1
workspaceModel.init.bridges.ms,1787295875339000000,1787295935342000000,2
workspaceModel.pre.handlers.ms,1787295875339000000,1787295935342000000,3
workspaceModel.to.snapshot.ms,1787295875339000000,1787295935342000000,9
workspaceModel.replace.project.model.ms,1787295875339000000,1787295935342000000,0
workspaceModel.update.unloaded.entities.ms,1787295875339000000,1787295935342000000,0
workspaceModel.loading.from.cache.ms,1787295875339000000,1787295935342000000,39
workspaceModel.loading.total.ms,1787295875339000000,1787295935342000000,50
workspaceModel.check.recursive.update.ms,1787295875339000000,1787295935342000000,0
workspaceModel.collect.changes.ms,1787295875339000000,1787295935342000000,0
workspaceModel.updates.count,1787295875339000000,1787295935342000000,1
workspaceModel.initializing.ms,1787295875339000000,1787295935342000000,2
workspaceModel.updates.ms,1787295875339000000,1787295935342000000,141
workspaceModel.updates.precise.ms,1787295875339000000,1787295935342000000,20
FileNameCache.fastMisses,1787295875339000000,1787295935342000000,0
FileNameCache.queries,1787295875339000000,1787295935342000000,0
FileNameCache.totalMisses,1787295875339000000,1787295935342000000,0
Indexes.stubs.lookupDuration90PMs,1787295875339000000,1787295935342000000,0.0
Indexes.stubs.lookupDurationMaxMs,1787295875339000000,1787295935342000000,0.0
Indexes.entries.lookupDurationAvgMs,1787295875339000000,1787295935342000000,0.0
Indexes.allKeys.lookupDurationMaxMs,1787295875339000000,1787295935342000000,0.0
IndexesFlusher.totalFlushingTimeUs,1787295875339000000,1787295935342000000,585123
IndexesFlusher.totalFlushesRetried,1787295875339000000,1787295935342000000,0
IndexesFlusher.totalContentionQuotaSpent,1787295875339000000,1787295935342000000,0
Indexes.entries.lookups,1787295875339000000,1787295935342000000,0.0
Indexes.allKeys.lookupDuration90PMs,1787295875339000000,1787295935342000000,0.0
Indexes.stubs.lookupDurationAvgMs,1787295875339000000,1787295935342000000,0.0
Indexes.entries.lookupDurationMaxMs,1787295875339000000,1787295935342000000,0.0
Indexes.entries.lookupDuration90PMs,1787295875339000000,1787295935342000000,0.0
VFSFlusher.totalFlushesRetried,1787295875339000000,1787295935342000000,0
Indexes.allKeys.lookups,1787295875339000000,1787295935342000000,0.0
VFSFlusher.totalContentionQuotaSpent,1787295875339000000,1787295935342000000,0
Indexes.stubs.lookups,1787295875339000000,1787295935342000000,0.0
VFSFlusher.totalFlushes,1787295875339000000,1787295935342000000,0
Indexes.allKeys.lookupDurationAvgMs,1787295875339000000,1787295935342000000,0.0
VFSFlusher.totalFlushingTimeUs,1787295875339000000,1787295935342000000,0
IndexesFlusher.totalFlushes,1787295875339000000,1787295935342000000,117
JVM.GC.collectionTimesMs,1787295875339000000,1787295935342000000,0
JVM.maxNativeBytes,1787295875339000000,1787295935342000000,-1
JVM.GC.collections,1787295875339000000,1787295935342000000,0
JVM.threadCount,1787295875339000000,1787295935342000000,47
JVM.usedHeapBytes,1787295875339000000,1787295935342000000,605497368
OS.loadAverage,1787295875339000000,1787295935342000000,3.83642578125
JVM.totalCpuTimeMs,1787295875339000000,1787295935342000000,3786
JVM.maxHeapBytes,1787295875339000000,1787295935342000000,2147483648
JVM.usedNativeBytes,1787295875339000000,1787295935342000000,433800728
NonBlockingReadAction.finalizedExecutionsCount,1787295875339000000,1787295935342000000,0
AWTEventQueue.eventsDispatched,1787295875339000000,1787295935342000000,3359
FlushQueue.waitingTimeAvgNs,1787295875339000000,1787295935342000000,215616.52892561984
FlushQueue.executionTimeMaxNs,1787295875339000000,1787295935342000000,1630207
AWTEventQueue.dispatchTime90PNs,1787295875339000000,1787295935342000000,284671
FlushQueue.queueSizeMax,1787295875339000000,1787295935342000000,0
FlushQueue.queueSize90P,1787295875339000000,1787295935342000000,0
FlushQueue.executionTimeAvgNs,1787295875339000000,1787295935342000000,78784.52892561983
FlushQueue.waitingTimeMaxNs,1787295875339000000,1787295935342000000,483327
NonBlockingReadAction.failedExecutionTimeUs,1787295875339000000,1787295935342000000,0
NonBlockingReadAction.finalizedExecutionTimeUs,1787295875339000000,1787295935342000000,0
FlushQueue.queueSizeAvg,1787295875339000000,1787295935342000000,0.0
FlushQueue.waitingTime90PNs,1787295875339000000,1787295935342000000,303103
FlushQueue.tasksExecuted,1787295875339000000,1787295935342000000,121
AWTEventQueue.dispatchTimeMaxNs,1787295875339000000,1787295935342000000,1744895
AWTEventQueue.dispatchTimeTotalNS,1787295875339000000,1787295935342000000,492693679
FlushQueue.executionTime90PNs,1787295875339000000,1787295935342000000,121343
AWTEventQueue.dispatchTimeAvgNs,1787295875339000000,1787295935342000000,146680.25483774932
NonBlockingReadAction.failedExecutionsCount,1787295875339000000,1787295935342000000,0
StorageLockContext.competingThreads.avg,1787295935342000000,1787295995339000000,0.0
StreamlinedBlobStorage.totalLiveRecordsPayloadBytes,1787295935342000000,1787295995339000000,0
FilePageCache.pageLoads,1787295935342000000,1787295995339000000,0
DirectByteBufferAllocator.totalSizeOfBuffersAllocatedInBytes,1787295935342000000,1787295995339000000,425754624
StreamlinedBlobStorage.recordsDeleted,1787295935342000000,1787295995339000000,0
StorageLockContext.competingThreads.max,1787295935342000000,1787295995339000000,0
StreamlinedBlobStorage.totalLiveRecordsCapacityBytes,1787295935342000000,1787295995339000000,0
DirectByteBufferAllocator.hits,1787295935342000000,1787295995339000000,0
StreamlinedBlobStorage.recordsAllocated,1787295935342000000,1787295995339000000,0
StreamlinedBlobStorage.recordsRelocated,1787295935342000000,1787295995339000000,0
FilePageCache.pageHits,1787295935342000000,1787295995339000000,0
StorageLockContext.competingThreads.90P,1787295935342000000,1787295995339000000,0
FilePageCache.pageFastCacheHits,1787295935342000000,1787295995339000000,47
FilePageCache.totalPageLoadsUs,1787295935342000000,1787295995339000000,0
FilePageCache.capacityInBytes,1787295935342000000,1787295995339000000,524288000
FilePageCache.maxRegisteredFiles,1787295935342000000,1787295995339000000,618
FilePageCache.disposedBuffers,1787295935342000000,1787295995339000000,0
FilePageCache.pageLoadsAboveSizeThreshold,1787295935342000000,1787295995339000000,0
FilePageCache.maxCacheSizeInBytes,1787295935342000000,1787295995339000000,425754624
DirectByteBufferAllocator.misses,1787295935342000000,1787295995339000000,0
DirectByteBufferAllocator.reclaimed,1787295935342000000,1787295995339000000,0
FilePageCache.uncachedFileAccess,1787295935342000000,1787295995339000000,0
DirectByteBufferAllocator.totalSizeOfBuffersCachedInBytes,1787295935342000000,1787295995339000000,0
FilePageCache.totalPageDisposalsUs,1787295935342000000,1787295995339000000,0
DirectByteBufferAllocator.disposed,1787295935342000000,1787295995339000000,0
jps.facet.change.listener.init.bridge.ms,1787295935342000000,1787295995339000000,0
workspaceModel.global.apply.state.to.project.ms,1787295935342000000,1787295995339000000,0
jps.global.handle.before.change.events.ms,1787295935342000000,1787295995339000000,0
workspaceModel.mutableEntityStorage.mutable.vfurl.index.ms,1787295935342000000,1787295995339000000,0
workspaceModel.delayed.project.synchronizer.sync.ms,1787295935342000000,1787295995339000000,0
jps.global.initialize.library.bridges.after.loading.ms,1787295935342000000,1787295995339000000,0
workspaceModel.mutableEntityStorage.put.entity.ms,1787295935342000000,1787295995339000000,42
workspaceModel.load.cache.from.file.ms,1787295935342000000,1787295995339000000,0
workspaceModel.mutableEntityStorage.referrers.ms,1787295935342000000,1787295995339000000,0
jps.app.storage.content.reader.load.component.ms,1787295935342000000,1787295995339000000,7
workspaceModel.moduleManagerBridge.get.modules.ms,1787295935342000000,1787295995339000000,42
workspaceModel.mutableEntityStorage.resolve.ms,1787295935342000000,1787295995339000000,0
workspaceModel.mutableEntityStorage.has.same.entities.ms,1787295935342000000,1787295995339000000,0
workspaceModel.save.cache.to.file.ms,1787295935342000000,1787295995339000000,253
workspaceModel.mutableEntityStorage.modify.entity.ms,1787295935342000000,1787295995339000000,0
workspaceModel.mutableEntityStorage.to.snapshot.ms,1787295935342000000,1787295995339000000,10
jps.library.entities.serializer.save.entities.ms,1787295935342000000,1787295995339000000,0
workspaceModel.moduleManagerBridge.build.module.graph.ms,1787295935342000000,1787295995339000000,2
jps.global.get.library.by.name.ms,1787295935342000000,1787295995339000000,0
jps.load.initial.state.ms,1787295935342000000,1787295995339000000,30
workspaceModel.moduleBridge.update.option.ms,1787295935342000000,1787295995339000000,0
jps.reload.project.entities.ms,1787295935342000000,1787295995339000000,0
jps.facet.change.listener.before.change.events.ms,1787295935342000000,1787295995339000000,3
workspaceModel.mutableEntityStorage.replace.by.source.ms,1787295935342000000,1787295995339000000,25
jps.library.entities.serializer.load.entities.ms,1787295935342000000,1787295995339000000,62
workspaceModel.mutableEntityStorage.entities.by.source.ms,1787295935342000000,1787295995339000000,2
workspaceModel.mutableEntityStorage.add.diff.ms,1787295935342000000,1787295995339000000,26
workspaceModel.global.updates.count,1787295935342000000,1787295995339000000,0
jps.module.iml.entities.serializer.save.entities.ms,1787295935342000000,1787295995339000000,0
jps.apply.loaded.storage.ms,1787295935342000000,1787295995339000000,1068
workspaceModel.mutableEntityStorage.add.entity.ms,1787295935342000000,1787295995339000000,141
workspaceModel.orphan.listener.update.ms,1787295935342000000,1787295995339000000,2
workspaceModel.mutableEntityStorage.collect.changes.ms,1787295935342000000,1787295995339000000,2
workspaceModel.moduleManagerBridge.load.module.ms,1787295935342000000,1787295995339000000,0
workspaceModel.moduleBridgeLoader.loading.modules.ms,1787295935342000000,1787295995339000000,2723
workspaceModel.moduleBridge.facet.initialization.ms,1787295935342000000,1787295995339000000,0
jps.storage.jps.conf.reader.load.component.ms,1787295935342000000,1787295995339000000,78
workspaceModel.global.updates.ms,1787295935342000000,1787295995339000000,0
workspaceModel.mutableEntityStorage.entities.ms,1787295935342000000,1787295995339000000,1
jps.facet.change.listener.process.change.events.ms,1787295935342000000,1787295995339000000,1
workspaceModel.moduleManagerBridge.load.all.modules.ms,1787295935342000000,1787295995339000000,54
workspaceModel.moduleManagerBridge.set.unloadedModules.ms,1787295935342000000,1787295995339000000,0
jps.module.iml.entities.serializer.load.entities.ms,1787295935342000000,1787295995339000000,439
workspaceModel.mutableEntityStorage.remove.entity.ms,1787295935342000000,1787295995339000000,0
jps.save.changed.project.entities.ms,1787295935342000000,1787295995339000000,4
jps.global.initialize.library.bridges.ms,1787295935342000000,1787295995339000000,0
jps.save.global.entities.ms,1787295935342000000,1787295995339000000,154
jps.load.project.to.empty.storage.ms,1787295935342000000,1787295995339000000,318
jps.global.get.library.ms,1787295935342000000,1787295995339000000,0
jps.project.serializers.load.ms,1787295935342000000,1787295995339000000,267
jps.app.storage.content.writer.save.component.ms,1787295935342000000,1787295995339000000,0
workspaceModel.moduleManagerBridge.new.nonPersistent.module.ms,1787295935342000000,1787295995339000000,0
jps.artifact.entities.serializer.load.entities.ms,1787295935342000000,1787295995339000000,0
jps.global.handle.changed.events.ms,1787295935342000000,1787295995339000000,0
jps.project.serializers.save.ms,1787295935342000000,1787295995339000000,2
workspaceModel.global.apply.state.to.project.builder.ms,1787295935342000000,1787295995339000000,6
workspaceModel.moduleManagerBridge.create.module.instance.ms,1787295935342000000,1787295995339000000,0
workspaceModel.sync.entities.ms,1787295935342000000,1787295995339000000,0
workspaceModel.moduleManagerBridge.newModule.ms,1787295935342000000,1787295995339000000,0
jps.artifact.entities.serializer.save.entities.ms,1787295935342000000,1787295995339000000,0
jps.global.get.libraries.ms,1787295935342000000,1787295995339000000,2
workspaceModel.moduleBridge.before.changed.ms,1787295935342000000,1787295995339000000,0
workspaceModel.mutableEntityStorage.mutable.ext.mapping.ms,1787295935342000000,1787295995339000000,1
workspaceModel.init.bridges.ms,1787295935342000000,1787295995339000000,2
workspaceModel.pre.handlers.ms,1787295935342000000,1787295995339000000,3
workspaceModel.to.snapshot.ms,1787295935342000000,1787295995339000000,9
workspaceModel.replace.project.model.ms,1787295935342000000,1787295995339000000,0
workspaceModel.update.unloaded.entities.ms,1787295935342000000,1787295995339000000,0
workspaceModel.loading.from.cache.ms,1787295935342000000,1787295995339000000,39
workspaceModel.loading.total.ms,1787295935342000000,1787295995339000000,50
workspaceModel.check.recursive.update.ms,1787295935342000000,1787295995339000000,0
workspaceModel.collect.changes.ms,1787295935342000000,1787295995339000000,0
workspaceModel.updates.count,1787295935342000000,1787295995339000000,1
workspaceModel.initializing.ms,1787295935342000000,1787295995339000000,2
workspaceModel.updates.ms,1787295935342000000,1787295995339000000,141
workspaceModel.updates.precise.ms,1787295935342000000,1787295995339000000,20
FileNameCache.fastMisses,1787295935342000000,1787295995339000000,28
FileNameCache.queries,1787295935342000000,1787295995339000000,2106
FileNameCache.totalMisses,1787295935342000000,1787295995339000000,1
Indexes.stubs.lookupDuration90PMs,1787295935342000000,1787295995339000000,0.0
Indexes.stubs.lookupDurationMaxMs,1787295935342000000,1787295995339000000,0.0
Indexes.entries.lookupDurationAvgMs,1787295935342000000,1787295995339000000,0.0
Indexes.allKeys.lookupDurationMaxMs,1787295935342000000,1787295995339000000,0.0
IndexesFlusher.totalFlushingTimeUs,1787295935342000000,1787295995339000000,634882
IndexesFlusher.totalFlushesRetried,1787295935342000000,1787295995339000000,0
IndexesFlusher.totalContentionQuotaSpent,1787295935342000000,1787295995339000000,0
Indexes.entries.lookups,1787295935342000000,1787295995339000000,0.0
Indexes.allKeys.lookupDuration90PMs,1787295935342000000,1787295995339000000,0.0
Indexes.stubs.lookupDurationAvgMs,1787295935342000000,1787295995339000000,0.0
Indexes.entries.lookupDurationMaxMs,1787295935342000000,1787295995339000000,0.0
Indexes.entries.lookupDuration90PMs,1787295935342000000,1787295995339000000,0.0
VFSFlusher.totalFlushesRetried,1787295935342000000,1787295995339000000,0
Indexes.allKeys.lookups,1787295935342000000,1787295995339000000,0.0
VFSFlusher.totalContentionQuotaSpent,1787295935342000000,1787295995339000000,0
Indexes.stubs.lookups,1787295935342000000,1787295995339000000,0.0
VFSFlusher.totalFlushes,1787295935342000000,1787295995339000000,1
Indexes.allKeys.lookupDurationAvgMs,1787295935342000000,1787295995339000000,0.0
VFSFlusher.totalFlushingTimeUs,1787295935342000000,1787295995339000000,18157
IndexesFlusher.totalFlushes,1787295935342000000,1787295995339000000,118
JVM.GC.collectionTimesMs,1787295935342000000,1787295995339000000,22
JVM.maxNativeBytes,1787295935342000000,1787295995339000000,-1
JVM.GC.collections,1787295935342000000,1787295995339000000,1
JVM.threadCount,1787295935342000000,1787295995339000000,56
JVM.usedHeapBytes,1787295935342000000,1787295995339000000,601830912
OS.loadAverage,1787295935342000000,1787295995339000000,3.455078125
JVM.totalCpuTimeMs,1787295935342000000,1787295995339000000,6831
JVM.maxHeapBytes,1787295935342000000,1787295995339000000,2147483648
JVM.usedNativeBytes,1787295935342000000,1787295995339000000,435763824
NonBlockingReadAction.finalizedExecutionsCount,1787295935342000000,1787295995339000000,2
AWTEventQueue.eventsDispatched,1787295935342000000,1787295995339000000,3772
FlushQueue.waitingTimeAvgNs,1787295935342000000,1787295995339000000,5258168.043321299
FlushQueue.executionTimeMaxNs,1787295935342000000,1787295995339000000,58982399
AWTEventQueue.dispatchTime90PNs,1787295935342000000,1787295995339000000,329727
FlushQueue.queueSizeMax,1787295935342000000,1787295995339000000,8
FlushQueue.queueSize90P,1787295935342000000,1787295995339000000,2
FlushQueue.executionTimeAvgNs,1787295935342000000,1787295995339000000,875558.1516245487
FlushQueue.waitingTimeMaxNs,1787295935342000000,1787295995339000000,228589567
NonBlockingReadAction.failedExecutionTimeUs,1787295935342000000,1787295995339000000,0
NonBlockingReadAction.finalizedExecutionTimeUs,1787295935342000000,1787295995339000000,57
FlushQueue.queueSizeAvg,1787295935342000000,1787295995339000000,0.44404332129963897
FlushQueue.waitingTime90PNs,1787295935342000000,1787295995339000000,6717439
FlushQueue.tasksExecuted,1787295935342000000,1787295995339000000,277
AWTEventQueue.dispatchTimeMaxNs,1787295935342000000,1787295995339000000,234881023
AWTEventQueue.dispatchTimeTotalNS,1787295935342000000,1787295995339000000,1784069791
FlushQueue.executionTime90PNs,1787295935342000000,1787295995339000000,1482751
AWTEventQueue.dispatchTimeAvgNs,1787295935342000000,1787295995339000000,473037.96394485683
NonBlockingReadAction.failedExecutionsCount,1787295935342000000,1787295995339000000,0
StorageLockContext.competingThreads.avg,1787295995339000000,1787296055342000000,0.0
StreamlinedBlobStorage.totalLiveRecordsPayloadBytes,1787295995339000000,1787296055342000000,0
FilePageCache.pageLoads,1787295995339000000,1787296055342000000,0
DirectByteBufferAllocator.totalSizeOfBuffersAllocatedInBytes,1787295995339000000,1787296055342000000,425754624
StreamlinedBlobStorage.recordsDeleted,1787295995339000000,1787296055342000000,0
StorageLockContext.competingThreads.max,1787295995339000000,1787296055342000000,0
StreamlinedBlobStorage.totalLiveRecordsCapacityBytes,1787295995339000000,1787296055342000000,0
DirectByteBufferAllocator.hits,1787295995339000000,1787296055342000000,0
StreamlinedBlobStorage.recordsAllocated,1787295995339000000,1787296055342000000,0
StreamlinedBlobStorage.recordsRelocated,1787295995339000000,1787296055342000000,0
FilePageCache.pageHits,1787295995339000000,1787296055342000000,0
StorageLockContext.competingThreads.90P,1787295995339000000,1787296055342000000,0
FilePageCache.pageFastCacheHits,1787295995339000000,1787296055342000000,0
FilePageCache.totalPageLoadsUs,1787295995339000000,1787296055342000000,0
FilePageCache.capacityInBytes,1787295995339000000,1787296055342000000,524288000
FilePageCache.maxRegisteredFiles,1787295995339000000,1787296055342000000,618
FilePageCache.disposedBuffers,1787295995339000000,1787296055342000000,0
FilePageCache.pageLoadsAboveSizeThreshold,1787295995339000000,1787296055342000000,0
FilePageCache.maxCacheSizeInBytes,1787295995339000000,1787296055342000000,425754624
DirectByteBufferAllocator.misses,1787295995339000000,1787296055342000000,0
DirectByteBufferAllocator.reclaimed,1787295995339000000,1787296055342000000,0
FilePageCache.uncachedFileAccess,1787295995339000000,1787296055342000000,0
DirectByteBufferAllocator.totalSizeOfBuffersCachedInBytes,1787295995339000000,1787296055342000000,0
FilePageCache.totalPageDisposalsUs,1787295995339000000,1787296055342000000,0
DirectByteBufferAllocator.disposed,1787295995339000000,1787296055342000000,0
jps.facet.change.listener.init.bridge.ms,1787295995339000000,1787296055342000000,0
workspaceModel.global.apply.state.to.project.ms,1787295995339000000,1787296055342000000,0
jps.global.handle.before.change.events.ms,1787295995339000000,1787296055342000000,0
workspaceModel.mutableEntityStorage.mutable.vfurl.index.ms,1787295995339000000,1787296055342000000,0
workspaceModel.delayed.project.synchronizer.sync.ms,1787295995339000000,1787296055342000000,0
jps.global.initialize.library.bridges.after.loading.ms,1787295995339000000,1787296055342000000,0
workspaceModel.mutableEntityStorage.put.entity.ms,1787295995339000000,1787296055342000000,42
workspaceModel.load.cache.from.file.ms,1787295995339000000,1787296055342000000,0
workspaceModel.mutableEntityStorage.referrers.ms,1787295995339000000,1787296055342000000,0
jps.app.storage.content.reader.load.component.ms,1787295995339000000,1787296055342000000,7
workspaceModel.moduleManagerBridge.get.modules.ms,1787295995339000000,1787296055342000000,42
workspaceModel.mutableEntityStorage.resolve.ms,1787295995339000000,1787296055342000000,0
workspaceModel.mutableEntityStorage.has.same.entities.ms,1787295995339000000,1787296055342000000,0
workspaceModel.save.cache.to.file.ms,1787295995339000000,1787296055342000000,253
workspaceModel.mutableEntityStorage.modify.entity.ms,1787295995339000000,1787296055342000000,0
workspaceModel.mutableEntityStorage.to.snapshot.ms,1787295995339000000,1787296055342000000,10
jps.library.entities.serializer.save.entities.ms,1787295995339000000,1787296055342000000,0
workspaceModel.moduleManagerBridge.build.module.graph.ms,1787295995339000000,1787296055342000000,2
jps.global.get.library.by.name.ms,1787295995339000000,1787296055342000000,0
jps.load.initial.state.ms,1787295995339000000,1787296055342000000,30
workspaceModel.moduleBridge.update.option.ms,1787295995339000000,1787296055342000000,0
jps.reload.project.entities.ms,1787295995339000000,1787296055342000000,0
jps.facet.change.listener.before.change.events.ms,1787295995339000000,1787296055342000000,3
workspaceModel.mutableEntityStorage.replace.by.source.ms,1787295995339000000,1787296055342000000,25
jps.library.entities.serializer.load.entities.ms,1787295995339000000,1787296055342000000,62
workspaceModel.mutableEntityStorage.entities.by.source.ms,1787295995339000000,1787296055342000000,2
workspaceModel.mutableEntityStorage.add.diff.ms,1787295995339000000,1787296055342000000,26
workspaceModel.global.updates.count,1787295995339000000,1787296055342000000,0
jps.module.iml.entities.serializer.save.entities.ms,1787295995339000000,1787296055342000000,0
jps.apply.loaded.storage.ms,1787295995339000000,1787296055342000000,1068
workspaceModel.mutableEntityStorage.add.entity.ms,1787295995339000000,1787296055342000000,141
workspaceModel.orphan.listener.update.ms,1787295995339000000,1787296055342000000,2
workspaceModel.mutableEntityStorage.collect.changes.ms,1787295995339000000,1787296055342000000,2
workspaceModel.moduleManagerBridge.load.module.ms,1787295995339000000,1787296055342000000,0
workspaceModel.moduleBridgeLoader.loading.modules.ms,1787295995339000000,1787296055342000000,2723
workspaceModel.moduleBridge.facet.initialization.ms,1787295995339000000,1787296055342000000,0
jps.storage.jps.conf.reader.load.component.ms,1787295995339000000,1787296055342000000,78
workspaceModel.global.updates.ms,1787295995339000000,1787296055342000000,0
workspaceModel.mutableEntityStorage.entities.ms,1787295995339000000,1787296055342000000,1
jps.facet.change.listener.process.change.events.ms,1787295995339000000,1787296055342000000,1
workspaceModel.moduleManagerBridge.load.all.modules.ms,1787295995339000000,1787296055342000000,54
workspaceModel.moduleManagerBridge.set.unloadedModules.ms,1787295995339000000,1787296055342000000,0
jps.module.iml.entities.serializer.load.entities.ms,1787295995339000000,1787296055342000000,439
workspaceModel.mutableEntityStorage.remove.entity.ms,1787295995339000000,1787296055342000000,0
jps.save.changed.project.entities.ms,1787295995339000000,1787296055342000000,4
jps.global.initialize.library.bridges.ms,1787295995339000000,1787296055342000000,0
jps.save.global.entities.ms,1787295995339000000,1787296055342000000,154
jps.load.project.to.empty.storage.ms,1787295995339000000,1787296055342000000,318
jps.global.get.library.ms,1787295995339000000,1787296055342000000,0
jps.project.serializers.load.ms,1787295995339000000,1787296055342000000,267
jps.app.storage.content.writer.save.component.ms,1787295995339000000,1787296055342000000,0
workspaceModel.moduleManagerBridge.new.nonPersistent.module.ms,1787295995339000000,1787296055342000000,0
jps.artifact.entities.serializer.load.entities.ms,1787295995339000000,1787296055342000000,0
jps.global.handle.changed.events.ms,1787295995339000000,1787296055342000000,0
jps.project.serializers.save.ms,1787295995339000000,1787296055342000000,2
workspaceModel.global.apply.state.to.project.builder.ms,1787295995339000000,1787296055342000000,6
workspaceModel.moduleManagerBridge.create.module.instance.ms,1787295995339000000,1787296055342000000,0
workspaceModel.sync.entities.ms,1787295995339000000,1787296055342000000,0
workspaceModel.moduleManagerBridge.newModule.ms,1787295995339000000,1787296055342000000,0
jps.artifact.entities.serializer.save.entities.ms,1787295995339000000,1787296055342000000,0
jps.global.get.libraries.ms,1787295995339000000,1787296055342000000,2
workspaceModel.moduleBridge.before.changed.ms,1787295995339000000,1787296055342000000,0
workspaceModel.mutableEntityStorage.mutable.ext.mapping.ms,1787295995339000000,1787296055342000000,1
workspaceModel.init.bridges.ms,1787295995339000000,1787296055342000000,2
workspaceModel.pre.handlers.ms,1787295995339000000,1787296055342000000,3
workspaceModel.to.snapshot.ms,1787295995339000000,1787296055342000000,9
workspaceModel.replace.project.model.ms,1787295995339000000,1787296055342000000,0
workspaceModel.update.unloaded.entities.ms,1787295995339000000,1787296055342000000,0
workspaceModel.loading.from.cache.ms,1787295995339000000,1787296055342000000,39
workspaceModel.loading.total.ms,1787295995339000000,1787296055342000000,50
workspaceModel.check.recursive.update.ms,1787295995339000000,1787296055342000000,0
workspaceModel.collect.changes.ms,1787295995339000000,1787296055342000000,0
workspaceModel.updates.count,1787295995339000000,1787296055342000000,1
workspaceModel.initializing.ms,1787295995339000000,1787296055342000000,2
workspaceModel.updates.ms,1787295995339000000,1787296055342000000,141
workspaceModel.updates.precise.ms,1787295995339000000,1787296055342000000,20
FileNameCache.fastMisses,1787295995339000000,1787296055342000000,0
FileNameCache.queries,1787295995339000000,1787296055342000000,0
FileNameCache.totalMisses,1787295995339000000,1787296055342000000,0
Indexes.stubs.lookupDuration90PMs,1787295995339000000,1787296055342000000,0.0
Indexes.stubs.lookupDurationMaxMs,1787295995339000000,1787296055342000000,0.0
Indexes.entries.lookupDurationAvgMs,1787295995339000000,1787296055342000000,0.0
Indexes.allKeys.lookupDurationMaxMs,1787295995339000000,1787296055342000000,0.0
IndexesFlusher.totalFlushingTimeUs,1787295995339000000,1787296055342000000,593314
IndexesFlusher.totalFlushesRetried,1787295995339000000,1787296055342000000,0
IndexesFlusher.totalContentionQuotaSpent,1787295995339000000,1787296055342000000,0
Indexes.entries.lookups,1787295995339000000,1787296055342000000,0.0
Indexes.allKeys.lookupDuration90PMs,1787295995339000000,1787296055342000000,0.0
Indexes.stubs.lookupDurationAvgMs,1787295995339000000,1787296055342000000,0.0
Indexes.entries.lookupDurationMaxMs,1787295995339000000,1787296055342000000,0.0
Indexes.entries.lookupDuration90PMs,1787295995339000000,1787296055342000000,0.0
VFSFlusher.totalFlushesRetried,1787295995339000000,1787296055342000000,0
Indexes.allKeys.lookups,1787295995339000000,1787296055342000000,0.0
VFSFlusher.totalContentionQuotaSpent,1787295995339000000,1787296055342000000,0
Indexes.stubs.lookups,1787295995339000000,1787296055342000000,0.0
VFSFlusher.totalFlushes,1787295995339000000,1787296055342000000,0
Indexes.allKeys.lookupDurationAvgMs,1787295995339000000,1787296055342000000,0.0
VFSFlusher.totalFlushingTimeUs,1787295995339000000,1787296055342000000,0
IndexesFlusher.totalFlushes,1787295995339000000,1787296055342000000,116
JVM.GC.collectionTimesMs,1787295995339000000,1787296055342000000,34
JVM.maxNativeBytes,1787295995339000000,1787296055342000000,-1
JVM.GC.collections,1787295995339000000,1787296055342000000,1
JVM.threadCount,1787295995339000000,1787296055342000000,49
JVM.usedHeapBytes,1787295995339000000,1787296055342000000,566668688
OS.loadAverage,1787295995339000000,1787296055342000000,2.9267578125
JVM.totalCpuTimeMs,1787295995339000000,1787296055342000000,3727
JVM.maxHeapBytes,1787295995339000000,1787296055342000000,2147483648
JVM.usedNativeBytes,1787295995339000000,1787296055342000000,435810824
NonBlockingReadAction.finalizedExecutionsCount,1787295995339000000,1787296055342000000,0
AWTEventQueue.eventsDispatched,1787295995339000000,1787296055342000000,3373
FlushQueue.waitingTimeAvgNs,1787295995339000000,1787296055342000000,219394.081300813
FlushQueue.executionTimeMaxNs,1787295995339000000,1787296055342000000,12779519
AWTEventQueue.dispatchTime90PNs,1787295995339000000,1787296055342000000,288767
FlushQueue.queueSizeMax,1787295995339000000,1787296055342000000,0
FlushQueue.queueSize90P,1787295995339000000,1787296055342000000,0
FlushQueue.executionTimeAvgNs,1787295995339000000,1787296055342000000,175533.26829268291
FlushQueue.waitingTimeMaxNs,1787295995339000000,1787296055342000000,495615
NonBlockingReadAction.failedExecutionTimeUs,1787295995339000000,1787296055342000000,0
NonBlockingReadAction.finalizedExecutionTimeUs,1787295995339000000,1787296055342000000,0
FlushQueue.queueSizeAvg,1787295995339000000,1787296055342000000,0.0
FlushQueue.waitingTime90PNs,1787295995339000000,1787296055342000000,339967
FlushQueue.tasksExecuted,1787295995339000000,1787296055342000000,123
AWTEventQueue.dispatchTimeMaxNs,1787295995339000000,1787296055342000000,12845055
AWTEventQueue.dispatchTimeTotalNS,1787295995339000000,1787296055342000000,515306870
FlushQueue.executionTime90PNs,1787295995339000000,1787296055342000000,120831
AWTEventQueue.dispatchTimeAvgNs,1787295995339000000,1787296055342000000,152770.5804921435
NonBlockingReadAction.failedExecutionsCount,1787295995339000000,1787296055342000000,0
StorageLockContext.competingThreads.avg,1787296055342000000,1787296115342000000,0.0
StreamlinedBlobStorage.totalLiveRecordsPayloadBytes,1787296055342000000,1787296115342000000,0
FilePageCache.pageLoads,1787296055342000000,1787296115342000000,0
DirectByteBufferAllocator.totalSizeOfBuffersAllocatedInBytes,1787296055342000000,1787296115342000000,425754624
StreamlinedBlobStorage.recordsDeleted,1787296055342000000,1787296115342000000,0
StorageLockContext.competingThreads.max,1787296055342000000,1787296115342000000,0
StreamlinedBlobStorage.totalLiveRecordsCapacityBytes,1787296055342000000,1787296115342000000,0
DirectByteBufferAllocator.hits,1787296055342000000,1787296115342000000,0
StreamlinedBlobStorage.recordsAllocated,1787296055342000000,1787296115342000000,0
StreamlinedBlobStorage.recordsRelocated,1787296055342000000,1787296115342000000,0
FilePageCache.pageHits,1787296055342000000,1787296115342000000,0
StorageLockContext.competingThreads.90P,1787296055342000000,1787296115342000000,0
FilePageCache.pageFastCacheHits,1787296055342000000,1787296115342000000,46
FilePageCache.totalPageLoadsUs,1787296055342000000,1787296115342000000,0
FilePageCache.capacityInBytes,1787296055342000000,1787296115342000000,524288000
FilePageCache.maxRegisteredFiles,1787296055342000000,1787296115342000000,618
FilePageCache.disposedBuffers,1787296055342000000,1787296115342000000,0
FilePageCache.pageLoadsAboveSizeThreshold,1787296055342000000,1787296115342000000,0
FilePageCache.maxCacheSizeInBytes,1787296055342000000,1787296115342000000,425754624
DirectByteBufferAllocator.misses,1787296055342000000,1787296115342000000,0
DirectByteBufferAllocator.reclaimed,1787296055342000000,1787296115342000000,0
FilePageCache.uncachedFileAccess,1787296055342000000,1787296115342000000,0
DirectByteBufferAllocator.totalSizeOfBuffersCachedInBytes,1787296055342000000,1787296115342000000,0
FilePageCache.totalPageDisposalsUs,1787296055342000000,1787296115342000000,0
DirectByteBufferAllocator.disposed,1787296055342000000,1787296115342000000,0
jps.facet.change.listener.init.bridge.ms,1787296055342000000,1787296115342000000,0
workspaceModel.global.apply.state.to.project.ms,1787296055342000000,1787296115342000000,0
jps.global.handle.before.change.events.ms,1787296055342000000,1787296115342000000,0
workspaceModel.mutableEntityStorage.mutable.vfurl.index.ms,1787296055342000000,1787296115342000000,0
workspaceModel.delayed.project.synchronizer.sync.ms,1787296055342000000,1787296115342000000,0
jps.global.initialize.library.bridges.after.loading.ms,1787296055342000000,1787296115342000000,0
workspaceModel.mutableEntityStorage.put.entity.ms,1787296055342000000,1787296115342000000,42
workspaceModel.load.cache.from.file.ms,1787296055342000000,1787296115342000000,0
workspaceModel.mutableEntityStorage.referrers.ms,1787296055342000000,1787296115342000000,0
jps.app.storage.content.reader.load.component.ms,1787296055342000000,1787296115342000000,7
workspaceModel.moduleManagerBridge.get.modules.ms,1787296055342000000,1787296115342000000,42
workspaceModel.mutableEntityStorage.resolve.ms,1787296055342000000,1787296115342000000,0
workspaceModel.mutableEntityStorage.has.same.entities.ms,1787296055342000000,1787296115342000000,0
workspaceModel.save.cache.to.file.ms,1787296055342000000,1787296115342000000,253
workspaceModel.mutableEntityStorage.modify.entity.ms,1787296055342000000,1787296115342000000,0
workspaceModel.mutableEntityStorage.to.snapshot.ms,1787296055342000000,1787296115342000000,10
jps.library.entities.serializer.save.entities.ms,1787296055342000000,1787296115342000000,0
workspaceModel.moduleManagerBridge.build.module.graph.ms,1787296055342000000,1787296115342000000,2
jps.global.get.library.by.name.ms,1787296055342000000,1787296115342000000,0
jps.load.initial.state.ms,1787296055342000000,1787296115342000000,30
workspaceModel.moduleBridge.update.option.ms,1787296055342000000,1787296115342000000,0
jps.reload.project.entities.ms,1787296055342000000,1787296115342000000,0
jps.facet.change.listener.before.change.events.ms,1787296055342000000,1787296115342000000,3
workspaceModel.mutableEntityStorage.replace.by.source.ms,1787296055342000000,1787296115342000000,25
jps.library.entities.serializer.load.entities.ms,1787296055342000000,1787296115342000000,62
workspaceModel.mutableEntityStorage.entities.by.source.ms,1787296055342000000,1787296115342000000,2
workspaceModel.mutableEntityStorage.add.diff.ms,1787296055342000000,1787296115342000000,26
workspaceModel.global.updates.count,1787296055342000000,1787296115342000000,0
jps.module.iml.entities.serializer.save.entities.ms,1787296055342000000,1787296115342000000,0
jps.apply.loaded.storage.ms,1787296055342000000,1787296115342000000,1068
workspaceModel.mutableEntityStorage.add.entity.ms,1787296055342000000,1787296115342000000,141
workspaceModel.orphan.listener.update.ms,1787296055342000000,1787296115342000000,2
workspaceModel.mutableEntityStorage.collect.changes.ms,1787296055342000000,1787296115342000000,2
workspaceModel.moduleManagerBridge.load.module.ms,1787296055342000000,1787296115342000000,0
workspaceModel.moduleBridgeLoader.loading.modules.ms,1787296055342000000,1787296115342000000,2723
workspaceModel.moduleBridge.facet.initialization.ms,1787296055342000000,1787296115342000000,0
jps.storage.jps.conf.reader.load.component.ms,1787296055342000000,1787296115342000000,78
workspaceModel.global.updates.ms,1787296055342000000,1787296115342000000,0
workspaceModel.mutableEntityStorage.entities.ms,1787296055342000000,1787296115342000000,1
jps.facet.change.listener.process.change.events.ms,1787296055342000000,1787296115342000000,1
workspaceModel.moduleManagerBridge.load.all.modules.ms,1787296055342000000,1787296115342000000,54
workspaceModel.moduleManagerBridge.set.unloadedModules.ms,1787296055342000000,1787296115342000000,0
jps.module.iml.entities.serializer.load.entities.ms,1787296055342000000,1787296115342000000,439
workspaceModel.mutableEntityStorage.remove.entity.ms,1787296055342000000,1787296115342000000,0
jps.save.changed.project.entities.ms,1787296055342000000,1787296115342000000,4
jps.global.initialize.library.bridges.ms,1787296055342000000,1787296115342000000,0
jps.save.global.entities.ms,1787296055342000000,1787296115342000000,158
jps.load.project.to.empty.storage.ms,1787296055342000000,1787296115342000000,318
jps.global.get.library.ms,1787296055342000000,1787296115342000000,0
jps.project.serializers.load.ms,1787296055342000000,1787296115342000000,267
jps.app.storage.content.writer.save.component.ms,1787296055342000000,1787296115342000000,0
workspaceModel.moduleManagerBridge.new.nonPersistent.module.ms,1787296055342000000,1787296115342000000,0
jps.artifact.entities.serializer.load.entities.ms,1787296055342000000,1787296115342000000,0
jps.global.handle.changed.events.ms,1787296055342000000,1787296115342000000,0
jps.project.serializers.save.ms,1787296055342000000,1787296115342000000,2
workspaceModel.global.apply.state.to.project.builder.ms,1787296055342000000,1787296115342000000,6
workspaceModel.moduleManagerBridge.create.module.instance.ms,1787296055342000000,1787296115342000000,0
workspaceModel.sync.entities.ms,1787296055342000000,1787296115342000000,0
workspaceModel.moduleManagerBridge.newModule.ms,1787296055342000000,1787296115342000000,0
jps.artifact.entities.serializer.save.entities.ms,1787296055342000000,1787296115342000000,0
jps.global.get.libraries.ms,1787296055342000000,1787296115342000000,2
workspaceModel.moduleBridge.before.changed.ms,1787296055342000000,1787296115342000000,0
workspaceModel.mutableEntityStorage.mutable.ext.mapping.ms,1787296055342000000,1787296115342000000,1
workspaceModel.init.bridges.ms,1787296055342000000,1787296115342000000,2
workspaceModel.pre.handlers.ms,1787296055342000000,1787296115342000000,3
workspaceModel.to.snapshot.ms,1787296055342000000,1787296115342000000,9
workspaceModel.replace.project.model.ms,1787296055342000000,1787296115342000000,0
workspaceModel.update.unloaded.entities.ms,1787296055342000000,1787296115342000000,0
workspaceModel.loading.from.cache.ms,1787296055342000000,1787296115342000000,39
workspaceModel.loading.total.ms,1787296055342000000,1787296115342000000,50
workspaceModel.check.recursive.update.ms,1787296055342000000,1787296115342000000,0
workspaceModel.collect.changes.ms,1787296055342000000,1787296115342000000,0
workspaceModel.updates.count,1787296055342000000,1787296115342000000,1
workspaceModel.initializing.ms,1787296055342000000,1787296115342000000,2
workspaceModel.updates.ms,1787296055342000000,1787296115342000000,141
workspaceModel.updates.precise.ms,1787296055342000000,1787296115342000000,20
FileNameCache.fastMisses,1787296055342000000,1787296115342000000,3
FileNameCache.queries,1787296055342000000,1787296115342000000,1300
FileNameCache.totalMisses,1787296055342000000,1787296115342000000,0
Indexes.stubs.lookupDuration90PMs,1787296055342000000,1787296115342000000,0.0
Indexes.stubs.lookupDurationMaxMs,1787296055342000000,1787296115342000000,0.0
Indexes.entries.lookupDurationAvgMs,1787296055342000000,1787296115342000000,0.0
Indexes.allKeys.lookupDurationMaxMs,1787296055342000000,1787296115342000000,0.0
IndexesFlusher.totalFlushingTimeUs,1787296055342000000,1787296115342000000,657150
IndexesFlusher.totalFlushesRetried,1787296055342000000,1787296115342000000,0
IndexesFlusher.totalContentionQuotaSpent,1787296055342000000,1787296115342000000,0
Indexes.entries.lookups,1787296055342000000,1787296115342000000,0.0
Indexes.allKeys.lookupDuration90PMs,1787296055342000000,1787296115342000000,0.0
Indexes.stubs.lookupDurationAvgMs,1787296055342000000,1787296115342000000,0.0
Indexes.entries.lookupDurationMaxMs,1787296055342000000,1787296115342000000,0.0
Indexes.entries.lookupDuration90PMs,1787296055342000000,1787296115342000000,0.0
VFSFlusher.totalFlushesRetried,1787296055342000000,1787296115342000000,0
Indexes.allKeys.lookups,1787296055342000000,1787296115342000000,0.0
VFSFlusher.totalContentionQuotaSpent,1787296055342000000,1787296115342000000,0
Indexes.stubs.lookups,1787296055342000000,1787296115342000000,0.0
VFSFlusher.totalFlushes,1787296055342000000,1787296115342000000,1
Indexes.allKeys.lookupDurationAvgMs,1787296055342000000,1787296115342000000,0.0
VFSFlusher.totalFlushingTimeUs,1787296055342000000,1787296115342000000,9545
IndexesFlusher.totalFlushes,1787296055342000000,1787296115342000000,118
JVM.GC.collectionTimesMs,1787296055342000000,1787296115342000000,45
JVM.maxNativeBytes,1787296055342000000,1787296115342000000,-1
JVM.GC.collections,1787296055342000000,1787296115342000000,1
JVM.threadCount,1787296055342000000,1787296115342000000,54
JVM.usedHeapBytes,1787296055342000000,1787296115342000000,553134664
OS.loadAverage,1787296055342000000,1787296115342000000,2.61279296875
JVM.totalCpuTimeMs,1787296055342000000,1787296115342000000,5882
JVM.maxHeapBytes,1787296055342000000,1787296115342000000,2147483648
JVM.usedNativeBytes,1787296055342000000,1787296115342000000,436699024
NonBlockingReadAction.finalizedExecutionsCount,1787296055342000000,1787296115342000000,2
AWTEventQueue.eventsDispatched,1787296055342000000,1787296115342000000,3693
FlushQueue.waitingTimeAvgNs,1787296055342000000,1787296115342000000,2304873.675471698
FlushQueue.executionTimeMaxNs,1787296055342000000,1787296115342000000,26738687
AWTEventQueue.dispatchTime90PNs,1787296055342000000,1787296115342000000,385023
FlushQueue.queueSizeMax,1787296055342000000,1787296115342000000,9
FlushQueue.queueSize90P,1787296055342000000,1787296115342000000,1
FlushQueue.executionTimeAvgNs,1787296055342000000,1787296115342000000,526832.4830188679
FlushQueue.waitingTimeMaxNs,1787296055342000000,1787296115342000000,90177535
NonBlockingReadAction.failedExecutionTimeUs,1787296055342000000,1787296115342000000,0
NonBlockingReadAction.finalizedExecutionTimeUs,1787296055342000000,1787296115342000000,38
FlushQueue.queueSizeAvg,1787296055342000000,1787296115342000000,0.4679245283018868
FlushQueue.waitingTime90PNs,1787296055342000000,1787296115342000000,3719167
FlushQueue.tasksExecuted,1787296055342000000,1787296115342000000,265
AWTEventQueue.dispatchTimeMaxNs,1787296055342000000,1787296115342000000,89128959
AWTEventQueue.dispatchTimeTotalNS,1787296055342000000,1787296115342000000,1403011402
FlushQueue.executionTime90PNs,1787296055342000000,1787296115342000000,815103
AWTEventQueue.dispatchTimeAvgNs,1787296055342000000,1787296115342000000,379857.88897914975
NonBlockingReadAction.failedExecutionsCount,1787296055342000000,1787296115342000000,0
StorageLockContext.competingThreads.avg,1787296115342000000,1787296175343000000,0.0
StreamlinedBlobStorage.totalLiveRecordsPayloadBytes,1787296115342000000,1787296175343000000,0
FilePageCache.pageLoads,1787296115342000000,1787296175343000000,0
DirectByteBufferAllocator.totalSizeOfBuffersAllocatedInBytes,1787296115342000000,1787296175343000000,425754624
StreamlinedBlobStorage.recordsDeleted,1787296115342000000,1787296175343000000,0
StorageLockContext.competingThreads.max,1787296115342000000,1787296175343000000,0
StreamlinedBlobStorage.totalLiveRecordsCapacityBytes,1787296115342000000,1787296175343000000,0
DirectByteBufferAllocator.hits,1787296115342000000,1787296175343000000,0
StreamlinedBlobStorage.recordsAllocated,1787296115342000000,1787296175343000000,0
StreamlinedBlobStorage.recordsRelocated,1787296115342000000,1787296175343000000,0
FilePageCache.pageHits,1787296115342000000,1787296175343000000,0
StorageLockContext.competingThreads.90P,1787296115342000000,1787296175343000000,0
FilePageCache.pageFastCacheHits,1787296115342000000,1787296175343000000,4
FilePageCache.totalPageLoadsUs,1787296115342000000,1787296175343000000,0
FilePageCache.capacityInBytes,1787296115342000000,1787296175343000000,524288000
FilePageCache.maxRegisteredFiles,1787296115342000000,1787296175343000000,618
FilePageCache.disposedBuffers,1787296115342000000,1787296175343000000,0
FilePageCache.pageLoadsAboveSizeThreshold,1787296115342000000,1787296175343000000,0
FilePageCache.maxCacheSizeInBytes,1787296115342000000,1787296175343000000,425754624
DirectByteBufferAllocator.misses,1787296115342000000,1787296175343000000,0
DirectByteBufferAllocator.reclaimed,1787296115342000000,1787296175343000000,0
FilePageCache.uncachedFileAccess,1787296115342000000,1787296175343000000,0
DirectByteBufferAllocator.totalSizeOfBuffersCachedInBytes,1787296115342000000,1787296175343000000,0
FilePageCache.totalPageDisposalsUs,1787296115342000000,1787296175343000000,0
DirectByteBufferAllocator.disposed,1787296115342000000,1787296175343000000,0
jps.facet.change.listener.init.bridge.ms,1787296115342000000,1787296175343000000,0
workspaceModel.global.apply.state.to.project.ms,1787296115342000000,1787296175343000000,0
jps.global.handle.before.change.events.ms,1787296115342000000,1787296175343000000,0
workspaceModel.mutableEntityStorage.mutable.vfurl.index.ms,1787296115342000000,1787296175343000000,0
workspaceModel.delayed.project.synchronizer.sync.ms,1787296115342000000,1787296175343000000,0
jps.global.initialize.library.bridges.after.loading.ms,1787296115342000000,1787296175343000000,0
workspaceModel.mutableEntityStorage.put.entity.ms,1787296115342000000,1787296175343000000,42
workspaceModel.load.cache.from.file.ms,1787296115342000000,1787296175343000000,0
workspaceModel.mutableEntityStorage.referrers.ms,1787296115342000000,1787296175343000000,0
jps.app.storage.content.reader.load.component.ms,1787296115342000000,1787296175343000000,7
workspaceModel.moduleManagerBridge.get.modules.ms,1787296115342000000,1787296175343000000,42
workspaceModel.mutableEntityStorage.resolve.ms,1787296115342000000,1787296175343000000,0
workspaceModel.mutableEntityStorage.has.same.entities.ms,1787296115342000000,1787296175343000000,0
workspaceModel.save.cache.to.file.ms,1787296115342000000,1787296175343000000,253
workspaceModel.mutableEntityStorage.modify.entity.ms,1787296115342000000,1787296175343000000,0
workspaceModel.mutableEntityStorage.to.snapshot.ms,1787296115342000000,1787296175343000000,10
jps.library.entities.serializer.save.entities.ms,1787296115342000000,1787296175343000000,0
workspaceModel.moduleManagerBridge.build.module.graph.ms,1787296115342000000,1787296175343000000,2
jps.global.get.library.by.name.ms,1787296115342000000,1787296175343000000,0
jps.load.initial.state.ms,1787296115342000000,1787296175343000000,30
workspaceModel.moduleBridge.update.option.ms,1787296115342000000,1787296175343000000,0
jps.reload.project.entities.ms,1787296115342000000,1787296175343000000,0
jps.facet.change.listener.before.change.events.ms,1787296115342000000,1787296175343000000,3
workspaceModel.mutableEntityStorage.replace.by.source.ms,1787296115342000000,1787296175343000000,25
jps.library.entities.serializer.load.entities.ms,1787296115342000000,1787296175343000000,62
workspaceModel.mutableEntityStorage.entities.by.source.ms,1787296115342000000,1787296175343000000,2
workspaceModel.mutableEntityStorage.add.diff.ms,1787296115342000000,1787296175343000000,26
workspaceModel.global.updates.count,1787296115342000000,1787296175343000000,0
jps.module.iml.entities.serializer.save.entities.ms,1787296115342000000,1787296175343000000,0
jps.apply.loaded.storage.ms,1787296115342000000,1787296175343000000,1068
workspaceModel.mutableEntityStorage.add.entity.ms,1787296115342000000,1787296175343000000,141
workspaceModel.orphan.listener.update.ms,1787296115342000000,1787296175343000000,2
workspaceModel.mutableEntityStorage.collect.changes.ms,1787296115342000000,1787296175343000000,2
workspaceModel.moduleManagerBridge.load.module.ms,1787296115342000000,1787296175343000000,0
workspaceModel.moduleBridgeLoader.loading.modules.ms,1787296115342000000,1787296175343000000,2723
workspaceModel.moduleBridge.facet.initialization.ms,1787296115342000000,1787296175343000000,0
jps.storage.jps.conf.reader.load.component.ms,1787296115342000000,1787296175343000000,78
workspaceModel.global.updates.ms,1787296115342000000,1787296175343000000,0
workspaceModel.mutableEntityStorage.entities.ms,1787296115342000000,1787296175343000000,1
jps.facet.change.listener.process.change.events.ms,1787296115342000000,1787296175343000000,1
workspaceModel.moduleManagerBridge.load.all.modules.ms,1787296115342000000,1787296175343000000,54
workspaceModel.moduleManagerBridge.set.unloadedModules.ms,1787296115342000000,1787296175343000000,0
jps.module.iml.entities.serializer.load.entities.ms,1787296115342000000,1787296175343000000,439
workspaceModel.mutableEntityStorage.remove.entity.ms,1787296115342000000,1787296175343000000,0
jps.save.changed.project.entities.ms,1787296115342000000,1787296175343000000,4
jps.global.initialize.library.bridges.ms,1787296115342000000,1787296175343000000,0
jps.save.global.entities.ms,1787296115342000000,1787296175343000000,162
jps.load.project.to.empty.storage.ms,1787296115342000000,1787296175343000000,318
jps.global.get.library.ms,1787296115342000000,1787296175343000000,0
jps.project.serializers.load.ms,1787296115342000000,1787296175343000000,267
jps.app.storage.content.writer.save.component.ms,1787296115342000000,1787296175343000000,0
workspaceModel.moduleManagerBridge.new.nonPersistent.module.ms,1787296115342000000,1787296175343000000,0
jps.artifact.entities.serializer.load.entities.ms,1787296115342000000,1787296175343000000,0
jps.global.handle.changed.events.ms,1787296115342000000,1787296175343000000,0
jps.project.serializers.save.ms,1787296115342000000,1787296175343000000,2
workspaceModel.global.apply.state.to.project.builder.ms,1787296115342000000,1787296175343000000,6
workspaceModel.moduleManagerBridge.create.module.instance.ms,1787296115342000000,1787296175343000000,0
workspaceModel.sync.entities.ms,1787296115342000000,1787296175343000000,0
workspaceModel.moduleManagerBridge.newModule.ms,1787296115342000000,1787296175343000000,0
jps.artifact.entities.serializer.save.entities.ms,1787296115342000000,1787296175343000000,0
jps.global.get.libraries.ms,1787296115342000000,1787296175343000000,2
workspaceModel.moduleBridge.before.changed.ms,1787296115342000000,1787296175343000000,0
workspaceModel.mutableEntityStorage.mutable.ext.mapping.ms,1787296115342000000,1787296175343000000,1
workspaceModel.init.bridges.ms,1787296115342000000,1787296175343000000,2
workspaceModel.pre.handlers.ms,1787296115342000000,1787296175343000000,3
workspaceModel.to.snapshot.ms,1787296115342000000,1787296175343000000,9
workspaceModel.replace.project.model.ms,1787296115342000000,1787296175343000000,0
workspaceModel.update.unloaded.entities.ms,1787296115342000000,1787296175343000000,0
workspaceModel.loading.from.cache.ms,1787296115342000000,1787296175343000000,39
workspaceModel.loading.total.ms,1787296115342000000,1787296175343000000,50
workspaceModel.check.recursive.update.ms,1787296115342000000,1787296175343000000,0
workspaceModel.collect.changes.ms,1787296115342000000,1787296175343000000,0
workspaceModel.updates.count,1787296115342000000,1787296175343000000,1
workspaceModel.initializing.ms,1787296115342000000,1787296175343000000,2
workspaceModel.updates.ms,1787296115342000000,1787296175343000000,141
workspaceModel.updates.precise.ms,1787296115342000000,1787296175343000000,20
FileNameCache.fastMisses,1787296115342000000,1787296175343000000,19
FileNameCache.queries,1787296115342000000,1787296175343000000,1254
FileNameCache.totalMisses,1787296115342000000,1787296175343000000,0
Indexes.stubs.lookupDuration90PMs,1787296115342000000,1787296175343000000,0.0
Indexes.stubs.lookupDurationMaxMs,1787296115342000000,1787296175343000000,0.0
Indexes.entries.lookupDurationAvgMs,1787296115342000000,1787296175343000000,0.0
Indexes.allKeys.lookupDurationMaxMs,1787296115342000000,1787296175343000000,0.0
IndexesFlusher.totalFlushingTimeUs,1787296115342000000,1787296175343000000,674118
IndexesFlusher.totalFlushesRetried,1787296115342000000,1787296175343000000,0
IndexesFlusher.totalContentionQuotaSpent,1787296115342000000,1787296175343000000,0
Indexes.entries.lookups,1787296115342000000,1787296175343000000,0.0
Indexes.allKeys.lookupDuration90PMs,1787296115342000000,1787296175343000000,0.0
Indexes.stubs.lookupDurationAvgMs,1787296115342000000,1787296175343000000,0.0
Indexes.entries.lookupDurationMaxMs,1787296115342000000,1787296175343000000,0.0
Indexes.entries.lookupDuration90PMs,1787296115342000000,1787296175343000000,0.0
VFSFlusher.totalFlushesRetried,1787296115342000000,1787296175343000000,0
Indexes.allKeys.lookups,1787296115342000000,1787296175343000000,0.0
VFSFlusher.totalContentionQuotaSpent,1787296115342000000,1787296175343000000,0
Indexes.stubs.lookups,1787296115342000000,1787296175343000000,0.0
VFSFlusher.totalFlushes,1787296115342000000,1787296175343000000,0
Indexes.allKeys.lookupDurationAvgMs,1787296115342000000,1787296175343000000,0.0
VFSFlusher.totalFlushingTimeUs,1787296115342000000,1787296175343000000,0
IndexesFlusher.totalFlushes,1787296115342000000,1787296175343000000,116
JVM.GC.collectionTimesMs,1787296115342000000,1787296175343000000,0
JVM.maxNativeBytes,1787296115342000000,1787296175343000000,-1
JVM.GC.collections,1787296115342000000,1787296175343000000,0
JVM.threadCount,1787296115342000000,1787296175343000000,55
JVM.usedHeapBytes,1787296115342000000,1787296175343000000,604514888
OS.loadAverage,1787296115342000000,1787296175343000000,2.79541015625
JVM.totalCpuTimeMs,1787296115342000000,1787296175343000000,4585
JVM.maxHeapBytes,1787296115342000000,1787296175343000000,2147483648
JVM.usedNativeBytes,1787296115342000000,1787296175343000000,437183512
NonBlockingReadAction.finalizedExecutionsCount,1787296115342000000,1787296175343000000,4
AWTEventQueue.eventsDispatched,1787296115342000000,1787296175343000000,3467
FlushQueue.waitingTimeAvgNs,1787296115342000000,1787296175343000000,1770460.4465116279
FlushQueue.executionTimeMaxNs,1787296115342000000,1787296175343000000,35389439
AWTEventQueue.dispatchTime90PNs,1787296115342000000,1787296175343000000,299007
FlushQueue.queueSizeMax,1787296115342000000,1787296175343000000,7
FlushQueue.queueSize90P,1787296115342000000,1787296175343000000,1
FlushQueue.executionTimeAvgNs,1787296115342000000,1787296175343000000,533621.7674418605
FlushQueue.waitingTimeMaxNs,1787296115342000000,1787296175343000000,60555263
NonBlockingReadAction.failedExecutionTimeUs,1787296115342000000,1787296175343000000,0
NonBlockingReadAction.finalizedExecutionTimeUs,1787296115342000000,1787296175343000000,31416
FlushQueue.queueSizeAvg,1787296115342000000,1787296175343000000,0.29767441860465116
FlushQueue.waitingTime90PNs,1787296115342000000,1787296175343000000,1220607
FlushQueue.tasksExecuted,1787296115342000000,1787296175343000000,215
AWTEventQueue.dispatchTimeMaxNs,1787296115342000000,1787296175343000000,64749567
AWTEventQueue.dispatchTimeTotalNS,1787296115342000000,1787296175343000000,890472109
FlushQueue.executionTime90PNs,1787296115342000000,1787296175343000000,411647
AWTEventQueue.dispatchTimeAvgNs,1787296115342000000,1787296175343000000,256789.7732910297
NonBlockingReadAction.failedExecutionsCount,1787296115342000000,1787296175343000000,0
StorageLockContext.competingThreads.avg,1787296175343000000,1787296235343000000,0.0
StreamlinedBlobStorage.totalLiveRecordsPayloadBytes,1787296175343000000,1787296235343000000,0
FilePageCache.pageLoads,1787296175343000000,1787296235343000000,0
DirectByteBufferAllocator.totalSizeOfBuffersAllocatedInBytes,1787296175343000000,1787296235343000000,425754624
StreamlinedBlobStorage.recordsDeleted,1787296175343000000,1787296235343000000,0
StorageLockContext.competingThreads.max,1787296175343000000,1787296235343000000,0
StreamlinedBlobStorage.totalLiveRecordsCapacityBytes,1787296175343000000,1787296235343000000,0
DirectByteBufferAllocator.hits,1787296175343000000,1787296235343000000,0
StreamlinedBlobStorage.recordsAllocated,1787296175343000000,1787296235343000000,0
StreamlinedBlobStorage.recordsRelocated,1787296175343000000,1787296235343000000,0
FilePageCache.pageHits,1787296175343000000,1787296235343000000,0
StorageLockContext.competingThreads.90P,1787296175343000000,1787296235343000000,0
FilePageCache.pageFastCacheHits,1787296175343000000,1787296235343000000,0
FilePageCache.totalPageLoadsUs,1787296175343000000,1787296235343000000,0
FilePageCache.capacityInBytes,1787296175343000000,1787296235343000000,524288000
FilePageCache.maxRegisteredFiles,1787296175343000000,1787296235343000000,618
FilePageCache.disposedBuffers,1787296175343000000,1787296235343000000,0
FilePageCache.pageLoadsAboveSizeThreshold,1787296175343000000,1787296235343000000,0
FilePageCache.maxCacheSizeInBytes,1787296175343000000,1787296235343000000,425754624
DirectByteBufferAllocator.misses,1787296175343000000,1787296235343000000,0
DirectByteBufferAllocator.reclaimed,1787296175343000000,1787296235343000000,0
FilePageCache.uncachedFileAccess,1787296175343000000,1787296235343000000,0
DirectByteBufferAllocator.totalSizeOfBuffersCachedInBytes,1787296175343000000,1787296235343000000,0
FilePageCache.totalPageDisposalsUs,1787296175343000000,1787296235343000000,0
DirectByteBufferAllocator.disposed,1787296175343000000,1787296235343000000,0
jps.facet.change.listener.init.bridge.ms,1787296175343000000,1787296235343000000,0
workspaceModel.global.apply.state.to.project.ms,1787296175343000000,1787296235343000000,0
jps.global.handle.before.change.events.ms,1787296175343000000,1787296235343000000,0
workspaceModel.mutableEntityStorage.mutable.vfurl.index.ms,1787296175343000000,1787296235343000000,0
workspaceModel.delayed.project.synchronizer.sync.ms,1787296175343000000,1787296235343000000,0
jps.global.initialize.library.bridges.after.loading.ms,1787296175343000000,1787296235343000000,0
workspaceModel.mutableEntityStorage.put.entity.ms,1787296175343000000,1787296235343000000,42
workspaceModel.load.cache.from.file.ms,1787296175343000000,1787296235343000000,0
workspaceModel.mutableEntityStorage.referrers.ms,1787296175343000000,1787296235343000000,0
jps.app.storage.content.reader.load.component.ms,1787296175343000000,1787296235343000000,7
workspaceModel.moduleManagerBridge.get.modules.ms,1787296175343000000,1787296235343000000,42
workspaceModel.mutableEntityStorage.resolve.ms,1787296175343000000,1787296235343000000,0
workspaceModel.mutableEntityStorage.has.same.entities.ms,1787296175343000000,1787296235343000000,0
workspaceModel.save.cache.to.file.ms,1787296175343000000,1787296235343000000,253
workspaceModel.mutableEntityStorage.modify.entity.ms,1787296175343000000,1787296235343000000,0
workspaceModel.mutableEntityStorage.to.snapshot.ms,1787296175343000000,1787296235343000000,10
jps.library.entities.serializer.save.entities.ms,1787296175343000000,1787296235343000000,0
workspaceModel.moduleManagerBridge.build.module.graph.ms,1787296175343000000,1787296235343000000,2
jps.global.get.library.by.name.ms,1787296175343000000,1787296235343000000,0
jps.load.initial.state.ms,1787296175343000000,1787296235343000000,30
workspaceModel.moduleBridge.update.option.ms,1787296175343000000,1787296235343000000,0
jps.reload.project.entities.ms,1787296175343000000,1787296235343000000,0
jps.facet.change.listener.before.change.events.ms,1787296175343000000,1787296235343000000,3
workspaceModel.mutableEntityStorage.replace.by.source.ms,1787296175343000000,1787296235343000000,25
jps.library.entities.serializer.load.entities.ms,1787296175343000000,1787296235343000000,62
workspaceModel.mutableEntityStorage.entities.by.source.ms,1787296175343000000,1787296235343000000,2
workspaceModel.mutableEntityStorage.add.diff.ms,1787296175343000000,1787296235343000000,26
workspaceModel.global.updates.count,1787296175343000000,1787296235343000000,0
jps.module.iml.entities.serializer.save.entities.ms,1787296175343000000,1787296235343000000,0
jps.apply.loaded.storage.ms,1787296175343000000,1787296235343000000,1068
workspaceModel.mutableEntityStorage.add.entity.ms,1787296175343000000,1787296235343000000,141
workspaceModel.orphan.listener.update.ms,1787296175343000000,1787296235343000000,2
workspaceModel.mutableEntityStorage.collect.changes.ms,1787296175343000000,1787296235343000000,2
workspaceModel.moduleManagerBridge.load.module.ms,1787296175343000000,1787296235343000000,0
workspaceModel.moduleBridgeLoader.loading.modules.ms,1787296175343000000,1787296235343000000,2723
workspaceModel.moduleBridge.facet.initialization.ms,1787296175343000000,1787296235343000000,0
jps.storage.jps.conf.reader.load.component.ms,1787296175343000000,1787296235343000000,78
workspaceModel.global.updates.ms,1787296175343000000,1787296235343000000,0
workspaceModel.mutableEntityStorage.entities.ms,1787296175343000000,1787296235343000000,1
jps.facet.change.listener.process.change.events.ms,1787296175343000000,1787296235343000000,1
workspaceModel.moduleManagerBridge.load.all.modules.ms,1787296175343000000,1787296235343000000,54
workspaceModel.moduleManagerBridge.set.unloadedModules.ms,1787296175343000000,1787296235343000000,0
jps.module.iml.entities.serializer.load.entities.ms,1787296175343000000,1787296235343000000,439
workspaceModel.mutableEntityStorage.remove.entity.ms,1787296175343000000,1787296235343000000,0
jps.save.changed.project.entities.ms,1787296175343000000,1787296235343000000,4
jps.global.initialize.library.bridges.ms,1787296175343000000,1787296235343000000,0
jps.save.global.entities.ms,1787296175343000000,1787296235343000000,162
jps.load.project.to.empty.storage.ms,1787296175343000000,1787296235343000000,318
jps.global.get.library.ms,1787296175343000000,1787296235343000000,0
jps.project.serializers.load.ms,1787296175343000000,1787296235343000000,267
jps.app.storage.content.writer.save.component.ms,1787296175343000000,1787296235343000000,0
workspaceModel.moduleManagerBridge.new.nonPersistent.module.ms,1787296175343000000,1787296235343000000,0
jps.artifact.entities.serializer.load.entities.ms,1787296175343000000,1787296235343000000,0
jps.global.handle.changed.events.ms,1787296175343000000,1787296235343000000,0
jps.project.serializers.save.ms,1787296175343000000,1787296235343000000,2
workspaceModel.global.apply.state.to.project.builder.ms,1787296175343000000,1787296235343000000,6
workspaceModel.moduleManagerBridge.create.module.instance.ms,1787296175343000000,1787296235343000000,0
workspaceModel.sync.entities.ms,1787296175343000000,1787296235343000000,0
workspaceModel.moduleManagerBridge.newModule.ms,1787296175343000000,1787296235343000000,0
jps.artifact.entities.serializer.save.entities.ms,1787296175343000000,1787296235343000000,0
jps.global.get.libraries.ms,1787296175343000000,1787296235343000000,2
workspaceModel.moduleBridge.before.changed.ms,1787296175343000000,1787296235343000000,0
workspaceModel.mutableEntityStorage.mutable.ext.mapping.ms,1787296175343000000,1787296235343000000,1
workspaceModel.init.bridges.ms,1787296175343000000,1787296235343000000,2
workspaceModel.pre.handlers.ms,1787296175343000000,1787296235343000000,3
workspaceModel.to.snapshot.ms,1787296175343000000,1787296235343000000,9
workspaceModel.replace.project.model.ms,1787296175343000000,1787296235343000000,0
workspaceModel.update.unloaded.entities.ms,1787296175343000000,1787296235343000000,0
workspaceModel.loading.from.cache.ms,1787296175343000000,1787296235343000000,39
workspaceModel.loading.total.ms,1787296175343000000,1787296235343000000,50
workspaceModel.check.recursive.update.ms,1787296175343000000,1787296235343000000,0
workspaceModel.collect.changes.ms,1787296175343000000,1787296235343000000,0
workspaceModel.updates.count,1787296175343000000,1787296235343000000,1
workspaceModel.initializing.ms,1787296175343000000,1787296235343000000,2
workspaceModel.updates.ms,1787296175343000000,1787296235343000000,141
workspaceModel.updates.precise.ms,1787296175343000000,1787296235343000000,20
FileNameCache.fastMisses,1787296175343000000,1787296235343000000,0
FileNameCache.queries,1787296175343000000,1787296235343000000,0
FileNameCache.totalMisses,1787296175343000000,1787296235343000000,0
Indexes.stubs.lookupDuration90PMs,1787296175343000000,1787296235343000000,0.0
Indexes.stubs.lookupDurationMaxMs,1787296175343000000,1787296235343000000,0.0
Indexes.entries.lookupDurationAvgMs,1787296175343000000,1787296235343000000,0.0
Indexes.allKeys.lookupDurationMaxMs,1787296175343000000,1787296235343000000,0.0
IndexesFlusher.totalFlushingTimeUs,1787296175343000000,1787296235343000000,647201
IndexesFlusher.totalFlushesRetried,1787296175343000000,1787296235343000000,0
IndexesFlusher.totalContentionQuotaSpent,1787296175343000000,1787296235343000000,0
Indexes.entries.lookups,1787296175343000000,1787296235343000000,0.0
Indexes.allKeys.lookupDuration90PMs,1787296175343000000,1787296235343000000,0.0
Indexes.stubs.lookupDurationAvgMs,1787296175343000000,1787296235343000000,0.0
Indexes.entries.lookupDurationMaxMs,1787296175343000000,1787296235343000000,0.0
Indexes.entries.lookupDuration90PMs,1787296175343000000,1787296235343000000,0.0
VFSFlusher.totalFlushesRetried,1787296175343000000,1787296235343000000,0
Indexes.allKeys.lookups,1787296175343000000,1787296235343000000,0.0
VFSFlusher.totalContentionQuotaSpent,1787296175343000000,1787296235343000000,0
Indexes.stubs.lookups,1787296175343000000,1787296235343000000,0.0
VFSFlusher.totalFlushes,1787296175343000000,1787296235343000000,0
Indexes.allKeys.lookupDurationAvgMs,1787296175343000000,1787296235343000000,0.0
VFSFlusher.totalFlushingTimeUs,1787296175343000000,1787296235343000000,0
IndexesFlusher.totalFlushes,1787296175343000000,1787296235343000000,118
JVM.GC.collectionTimesMs,1787296175343000000,1787296235343000000,28
JVM.maxNativeBytes,1787296175343000000,1787296235343000000,-1
JVM.GC.collections,1787296175343000000,1787296235343000000,1
JVM.threadCount,1787296175343000000,1787296235343000000,50
JVM.usedHeapBytes,1787296175343000000,1787296235343000000,572020624
OS.loadAverage,1787296175343000000,1787296235343000000,2.77783203125
JVM.totalCpuTimeMs,1787296175343000000,1787296235343000000,3869
JVM.maxHeapBytes,1787296175343000000,1787296235343000000,2147483648
JVM.usedNativeBytes,1787296175343000000,1787296235343000000,437292288
NonBlockingReadAction.finalizedExecutionsCount,1787296175343000000,1787296235343000000,0
AWTEventQueue.eventsDispatched,1787296175343000000,1787296235343000000,3368
FlushQueue.waitingTimeAvgNs,1787296175343000000,1787296235343000000,256577.06666666668
FlushQueue.executionTimeMaxNs,1787296175343000000,1787296235343000000,4554751
AWTEventQueue.dispatchTime90PNs,1787296175343000000,1787296235343000000,333823
FlushQueue.queueSizeMax,1787296175343000000,1787296235343000000,0
FlushQueue.queueSize90P,1787296175343000000,1787296235343000000,0
FlushQueue.executionTimeAvgNs,1787296175343000000,1787296235343000000,133054.93333333332
FlushQueue.waitingTimeMaxNs,1787296175343000000,1787296235343000000,839679
NonBlockingReadAction.failedExecutionTimeUs,1787296175343000000,1787296235343000000,0
NonBlockingReadAction.finalizedExecutionTimeUs,1787296175343000000,1787296235343000000,0
FlushQueue.queueSizeAvg,1787296175343000000,1787296235343000000,0.0
FlushQueue.waitingTime90PNs,1787296175343000000,1787296235343000000,372735
FlushQueue.tasksExecuted,1787296175343000000,1787296235343000000,120
AWTEventQueue.dispatchTimeMaxNs,1787296175343000000,1787296235343000000,4620287
AWTEventQueue.dispatchTimeTotalNS,1787296175343000000,1787296235343000000,572551405
FlushQueue.executionTime90PNs,1787296175343000000,1787296235343000000,123391
AWTEventQueue.dispatchTimeAvgNs,1787296175343000000,1787296235343000000,169922.7648456057
NonBlockingReadAction.failedExecutionsCount,1787296175343000000,1787296235343000000,0
StorageLockContext.competingThreads.avg,1787296235343000000,1787296295342000000,0.0
StreamlinedBlobStorage.totalLiveRecordsPayloadBytes,1787296235343000000,1787296295342000000,0
FilePageCache.pageLoads,1787296235343000000,1787296295342000000,0
DirectByteBufferAllocator.totalSizeOfBuffersAllocatedInBytes,1787296235343000000,1787296295342000000,425754624
StreamlinedBlobStorage.recordsDeleted,1787296235343000000,1787296295342000000,0
StorageLockContext.competingThreads.max,1787296235343000000,1787296295342000000,0
StreamlinedBlobStorage.totalLiveRecordsCapacityBytes,1787296235343000000,1787296295342000000,0
DirectByteBufferAllocator.hits,1787296235343000000,1787296295342000000,0
StreamlinedBlobStorage.recordsAllocated,1787296235343000000,1787296295342000000,0
StreamlinedBlobStorage.recordsRelocated,1787296235343000000,1787296295342000000,0
FilePageCache.pageHits,1787296235343000000,1787296295342000000,0
StorageLockContext.competingThreads.90P,1787296235343000000,1787296295342000000,0
FilePageCache.pageFastCacheHits,1787296235343000000,1787296295342000000,0
FilePageCache.totalPageLoadsUs,1787296235343000000,1787296295342000000,0
FilePageCache.capacityInBytes,1787296235343000000,1787296295342000000,524288000
FilePageCache.maxRegisteredFiles,1787296235343000000,1787296295342000000,618
FilePageCache.disposedBuffers,1787296235343000000,1787296295342000000,0
FilePageCache.pageLoadsAboveSizeThreshold,1787296235343000000,1787296295342000000,0
FilePageCache.maxCacheSizeInBytes,1787296235343000000,1787296295342000000,425754624
DirectByteBufferAllocator.misses,1787296235343000000,1787296295342000000,0
DirectByteBufferAllocator.reclaimed,1787296235343000000,1787296295342000000,0
FilePageCache.uncachedFileAccess,1787296235343000000,1787296295342000000,0
DirectByteBufferAllocator.totalSizeOfBuffersCachedInBytes,1787296235343000000,1787296295342000000,0
FilePageCache.totalPageDisposalsUs,1787296235343000000,1787296295342000000,0
DirectByteBufferAllocator.disposed,1787296235343000000,1787296295342000000,0
jps.facet.change.listener.init.bridge.ms,1787296235343000000,1787296295342000000,0
workspaceModel.global.apply.state.to.project.ms,1787296235343000000,1787296295342000000,0
jps.global.handle.before.change.events.ms,1787296235343000000,1787296295342000000,0
workspaceModel.mutableEntityStorage.mutable.vfurl.index.ms,1787296235343000000,1787296295342000000,0
workspaceModel.delayed.project.synchronizer.sync.ms,1787296235343000000,1787296295342000000,0
jps.global.initialize.library.bridges.after.loading.ms,1787296235343000000,1787296295342000000,0
workspaceModel.mutableEntityStorage.put.entity.ms,1787296235343000000,1787296295342000000,42
workspaceModel.load.cache.from.file.ms,1787296235343000000,1787296295342000000,0
workspaceModel.mutableEntityStorage.referrers.ms,1787296235343000000,1787296295342000000,0
jps.app.storage.content.reader.load.component.ms,1787296235343000000,1787296295342000000,7
workspaceModel.moduleManagerBridge.get.modules.ms,1787296235343000000,1787296295342000000,42
workspaceModel.mutableEntityStorage.resolve.ms,1787296235343000000,1787296295342000000,0
workspaceModel.mutableEntityStorage.has.same.entities.ms,1787296235343000000,1787296295342000000,0
workspaceModel.save.cache.to.file.ms,1787296235343000000,1787296295342000000,253
workspaceModel.mutableEntityStorage.modify.entity.ms,1787296235343000000,1787296295342000000,0
workspaceModel.mutableEntityStorage.to.snapshot.ms,1787296235343000000,1787296295342000000,10
jps.library.entities.serializer.save.entities.ms,1787296235343000000,1787296295342000000,0
workspaceModel.moduleManagerBridge.build.module.graph.ms,1787296235343000000,1787296295342000000,2
jps.global.get.library.by.name.ms,1787296235343000000,1787296295342000000,0
jps.load.initial.state.ms,1787296235343000000,1787296295342000000,30
workspaceModel.moduleBridge.update.option.ms,1787296235343000000,1787296295342000000,0
jps.reload.project.entities.ms,1787296235343000000,1787296295342000000,0
jps.facet.change.listener.before.change.events.ms,1787296235343000000,1787296295342000000,3
workspaceModel.mutableEntityStorage.replace.by.source.ms,1787296235343000000,1787296295342000000,25
jps.library.entities.serializer.load.entities.ms,1787296235343000000,1787296295342000000,62
workspaceModel.mutableEntityStorage.entities.by.source.ms,1787296235343000000,1787296295342000000,2
workspaceModel.mutableEntityStorage.add.diff.ms,1787296235343000000,1787296295342000000,26
workspaceModel.global.updates.count,1787296235343000000,1787296295342000000,0
jps.module.iml.entities.serializer.save.entities.ms,1787296235343000000,1787296295342000000,0
jps.apply.loaded.storage.ms,1787296235343000000,1787296295342000000,1068
workspaceModel.mutableEntityStorage.add.entity.ms,1787296235343000000,1787296295342000000,141
workspaceModel.orphan.listener.update.ms,1787296235343000000,1787296295342000000,2
workspaceModel.mutableEntityStorage.collect.changes.ms,1787296235343000000,1787296295342000000,2
workspaceModel.moduleManagerBridge.load.module.ms,1787296235343000000,1787296295342000000,0
workspaceModel.moduleBridgeLoader.loading.modules.ms,1787296235343000000,1787296295342000000,2723
workspaceModel.moduleBridge.facet.initialization.ms,1787296235343000000,1787296295342000000,0
jps.storage.jps.conf.reader.load.component.ms,1787296235343000000,1787296295342000000,78
workspaceModel.global.updates.ms,1787296235343000000,1787296295342000000,0
workspaceModel.mutableEntityStorage.entities.ms,1787296235343000000,1787296295342000000,1
jps.facet.change.listener.process.change.events.ms,1787296235343000000,1787296295342000000,1
workspaceModel.moduleManagerBridge.load.all.modules.ms,1787296235343000000,1787296295342000000,54
workspaceModel.moduleManagerBridge.set.unloadedModules.ms,1787296235343000000,1787296295342000000,0
jps.module.iml.entities.serializer.load.entities.ms,1787296235343000000,1787296295342000000,439
workspaceModel.mutableEntityStorage.remove.entity.ms,1787296235343000000,1787296295342000000,0
jps.save.changed.project.entities.ms,1787296235343000000,1787296295342000000,4
jps.global.initialize.library.bridges.ms,1787296235343000000,1787296295342000000,0
jps.save.global.entities.ms,1787296235343000000,1787296295342000000,162
jps.load.project.to.empty.storage.ms,1787296235343000000,1787296295342000000,318
jps.global.get.library.ms,1787296235343000000,1787296295342000000,0
jps.project.serializers.load.ms,1787296235343000000,1787296295342000000,267
jps.app.storage.content.writer.save.component.ms,1787296235343000000,1787296295342000000,0
workspaceModel.moduleManagerBridge.new.nonPersistent.module.ms,1787296235343000000,1787296295342000000,0
jps.artifact.entities.serializer.load.entities.ms,1787296235343000000,1787296295342000000,0
jps.global.handle.changed.events.ms,1787296235343000000,1787296295342000000,0
jps.project.serializers.save.ms,1787296235343000000,1787296295342000000,2
workspaceModel.global.apply.state.to.project.builder.ms,1787296235343000000,1787296295342000000,6
workspaceModel.moduleManagerBridge.create.module.instance.ms,1787296235343000000,1787296295342000000,0
workspaceModel.sync.entities.ms,1787296235343000000,1787296295342000000,0
workspaceModel.moduleManagerBridge.newModule.ms,1787296235343000000,1787296295342000000,0
jps.artifact.entities.serializer.save.entities.ms,1787296235343000000,1787296295342000000,0
jps.global.get.libraries.ms,1787296235343000000,1787296295342000000,2
workspaceModel.moduleBridge.before.changed.ms,1787296235343000000,1787296295342000000,0
workspaceModel.mutableEntityStorage.mutable.ext.mapping.ms,1787296235343000000,1787296295342000000,1
workspaceModel.init.bridges.ms,1787296235343000000,1787296295342000000,2
workspaceModel.pre.handlers.ms,1787296235343000000,1787296295342000000,3
workspaceModel.to.snapshot.ms,1787296235343000000,1787296295342000000,9
workspaceModel.replace.project.model.ms,1787296235343000000,1787296295342000000,0
workspaceModel.update.unloaded.entities.ms,1787296235343000000,1787296295342000000,0
workspaceModel.loading.from.cache.ms,1787296235343000000,1787296295342000000,39
workspaceModel.loading.total.ms,1787296235343000000,1787296295342000000,50
workspaceModel.check.recursive.update.ms,1787296235343000000,1787296295342000000,0
workspaceModel.collect.changes.ms,1787296235343000000,1787296295342000000,0
workspaceModel.updates.count,1787296235343000000,1787296295342000000,1
workspaceModel.initializing.ms,1787296235343000000,1787296295342000000,2
workspaceModel.updates.ms,1787296235343000000,1787296295342000000,141
workspaceModel.updates.precise.ms,1787296235343000000,1787296295342000000,20
FileNameCache.fastMisses,1787296235343000000,1787296295342000000,0
FileNameCache.queries,1787296235343000000,1787296295342000000,0
FileNameCache.totalMisses,1787296235343000000,1787296295342000000,0
Indexes.stubs.lookupDuration90PMs,1787296235343000000,1787296295342000000,0.0
Indexes.stubs.lookupDurationMaxMs,1787296235343000000,1787296295342000000,0.0
Indexes.entries.lookupDurationAvgMs,1787296235343000000,1787296295342000000,0.0
Indexes.allKeys.lookupDurationMaxMs,1787296235343000000,1787296295342000000,0.0
IndexesFlusher.totalFlushingTimeUs,1787296235343000000,1787296295342000000,663506
IndexesFlusher.totalFlushesRetried,1787296235343000000,1787296295342000000,0
IndexesFlusher.totalContentionQuotaSpent,1787296235343000000,1787296295342000000,0
Indexes.entries.lookups,1787296235343000000,1787296295342000000,0.0
Indexes.allKeys.lookupDuration90PMs,1787296235343000000,1787296295342000000,0.0
Indexes.stubs.lookupDurationAvgMs,1787296235343000000,1787296295342000000,0.0
Indexes.entries.lookupDurationMaxMs,1787296235343000000,1787296295342000000,0.0
Indexes.entries.lookupDuration90PMs,1787296235343000000,1787296295342000000,0.0
VFSFlusher.totalFlushesRetried,1787296235343000000,1787296295342000000,0
Indexes.allKeys.lookups,1787296235343000000,1787296295342000000,0.0
VFSFlusher.totalContentionQuotaSpent,1787296235343000000,1787296295342000000,0
Indexes.stubs.lookups,1787296235343000000,1787296295342000000,0.0
VFSFlusher.totalFlushes,1787296235343000000,1787296295342000000,0
Indexes.allKeys.lookupDurationAvgMs,1787296235343000000,1787296295342000000,0.0
VFSFlusher.totalFlushingTimeUs,1787296235343000000,1787296295342000000,0
IndexesFlusher.totalFlushes,1787296235343000000,1787296295342000000,117
JVM.GC.collectionTimesMs,1787296235343000000,1787296295342000000,33
JVM.maxNativeBytes,1787296235343000000,1787296295342000000,-1
JVM.GC.collections,1787296235343000000,1787296295342000000,1
JVM.threadCount,1787296235343000000,1787296295342000000,49
JVM.usedHeapBytes,1787296235343000000,1787296295342000000,539616832
OS.loadAverage,1787296235343000000,1787296295342000000,2.8994140625
JVM.totalCpuTimeMs,1787296235343000000,1787296295342000000,3862
JVM.maxHeapBytes,1787296235343000000,1787296295342000000,2147483648
JVM.usedNativeBytes,1787296235343000000,1787296295342000000,437341984
NonBlockingReadAction.finalizedExecutionsCount,1787296235343000000,1787296295342000000,0
AWTEventQueue.eventsDispatched,1787296235343000000,1787296295342000000,3361
FlushQueue.waitingTimeAvgNs,1787296235343000000,1787296295342000000,236842.31404958677
FlushQueue.executionTimeMaxNs,1787296235343000000,1787296295342000000,667647
AWTEventQueue.dispatchTime90PNs,1787296235343000000,1787296295342000000,305151
FlushQueue.queueSizeMax,1787296235343000000,1787296295342000000,0
FlushQueue.queueSize90P,1787296235343000000,1787296295342000000,0
FlushQueue.executionTimeAvgNs,1787296235343000000,1787296295342000000,70699.37190082645
FlushQueue.waitingTimeMaxNs,1787296235343000000,1787296295342000000,806911
NonBlockingReadAction.failedExecutionTimeUs,1787296235343000000,1787296295342000000,0
NonBlockingReadAction.finalizedExecutionTimeUs,1787296235343000000,1787296295342000000,0
FlushQueue.queueSizeAvg,1787296235343000000,1787296295342000000,0.0
FlushQueue.waitingTime90PNs,1787296235343000000,1787296295342000000,317439
FlushQueue.tasksExecuted,1787296235343000000,1787296295342000000,121
AWTEventQueue.dispatchTimeMaxNs,1787296235343000000,1787296295342000000,1220607
AWTEventQueue.dispatchTimeTotalNS,1787296235343000000,1787296295342000000,537805752
FlushQueue.executionTime90PNs,1787296235343000000,1787296295342000000,118783
AWTEventQueue.dispatchTimeAvgNs,1787296235343000000,1787296295342000000,160021.80303481108
NonBlockingReadAction.failedExecutionsCount,1787296235343000000,1787296295342000000,0
StorageLockContext.competingThreads.avg,1787296295342000000,1787296355343000000,0.0
StreamlinedBlobStorage.totalLiveRecordsPayloadBytes,1787296295342000000,1787296355343000000,0
FilePageCache.pageLoads,1787296295342000000,1787296355343000000,0
DirectByteBufferAllocator.totalSizeOfBuffersAllocatedInBytes,1787296295342000000,1787296355343000000,425754624
StreamlinedBlobStorage.recordsDeleted,1787296295342000000,1787296355343000000,0
StorageLockContext.competingThreads.max,1787296295342000000,1787296355343000000,0
StreamlinedBlobStorage.totalLiveRecordsCapacityBytes,1787296295342000000,1787296355343000000,0
DirectByteBufferAllocator.hits,1787296295342000000,1787296355343000000,0
StreamlinedBlobStorage.recordsAllocated,1787296295342000000,1787296355343000000,0
StreamlinedBlobStorage.recordsRelocated,1787296295342000000,1787296355343000000,0
FilePageCache.pageHits,1787296295342000000,1787296355343000000,0
StorageLockContext.competingThreads.90P,1787296295342000000,1787296355343000000,0
FilePageCache.pageFastCacheHits,1787296295342000000,1787296355343000000,0
FilePageCache.totalPageLoadsUs,1787296295342000000,1787296355343000000,0
FilePageCache.capacityInBytes,1787296295342000000,1787296355343000000,524288000
FilePageCache.maxRegisteredFiles,1787296295342000000,1787296355343000000,618
FilePageCache.disposedBuffers,1787296295342000000,1787296355343000000,0
FilePageCache.pageLoadsAboveSizeThreshold,1787296295342000000,1787296355343000000,0
FilePageCache.maxCacheSizeInBytes,1787296295342000000,1787296355343000000,425754624
DirectByteBufferAllocator.misses,1787296295342000000,1787296355343000000,0
DirectByteBufferAllocator.reclaimed,1787296295342000000,1787296355343000000,0
FilePageCache.uncachedFileAccess,1787296295342000000,1787296355343000000,0
DirectByteBufferAllocator.totalSizeOfBuffersCachedInBytes,1787296295342000000,1787296355343000000,0
FilePageCache.totalPageDisposalsUs,1787296295342000000,1787296355343000000,0
DirectByteBufferAllocator.disposed,1787296295342000000,1787296355343000000,0
jps.facet.change.listener.init.bridge.ms,1787296295342000000,1787296355343000000,0
workspaceModel.global.apply.state.to.project.ms,1787296295342000000,1787296355343000000,0
jps.global.handle.before.change.events.ms,1787296295342000000,1787296355343000000,0
workspaceModel.mutableEntityStorage.mutable.vfurl.index.ms,1787296295342000000,1787296355343000000,0
workspaceModel.delayed.project.synchronizer.sync.ms,1787296295342000000,1787296355343000000,0
jps.global.initialize.library.bridges.after.loading.ms,1787296295342000000,1787296355343000000,0
workspaceModel.mutableEntityStorage.put.entity.ms,1787296295342000000,1787296355343000000,42
workspaceModel.load.cache.from.file.ms,1787296295342000000,1787296355343000000,0
workspaceModel.mutableEntityStorage.referrers.ms,1787296295342000000,1787296355343000000,0
jps.app.storage.content.reader.load.component.ms,1787296295342000000,1787296355343000000,7
workspaceModel.moduleManagerBridge.get.modules.ms,1787296295342000000,1787296355343000000,42
workspaceModel.mutableEntityStorage.resolve.ms,1787296295342000000,1787296355343000000,0
workspaceModel.mutableEntityStorage.has.same.entities.ms,1787296295342000000,1787296355343000000,0
workspaceModel.save.cache.to.file.ms,1787296295342000000,1787296355343000000,253
workspaceModel.mutableEntityStorage.modify.entity.ms,1787296295342000000,1787296355343000000,0
workspaceModel.mutableEntityStorage.to.snapshot.ms,1787296295342000000,1787296355343000000,10
jps.library.entities.serializer.save.entities.ms,1787296295342000000,1787296355343000000,0
workspaceModel.moduleManagerBridge.build.module.graph.ms,1787296295342000000,1787296355343000000,2
jps.global.get.library.by.name.ms,1787296295342000000,1787296355343000000,0
jps.load.initial.state.ms,1787296295342000000,1787296355343000000,30
workspaceModel.moduleBridge.update.option.ms,1787296295342000000,1787296355343000000,0
jps.reload.project.entities.ms,1787296295342000000,1787296355343000000,0
jps.facet.change.listener.before.change.events.ms,1787296295342000000,1787296355343000000,3
workspaceModel.mutableEntityStorage.replace.by.source.ms,1787296295342000000,1787296355343000000,25
jps.library.entities.serializer.load.entities.ms,1787296295342000000,1787296355343000000,62
workspaceModel.mutableEntityStorage.entities.by.source.ms,1787296295342000000,1787296355343000000,2
workspaceModel.mutableEntityStorage.add.diff.ms,1787296295342000000,1787296355343000000,26
workspaceModel.global.updates.count,1787296295342000000,1787296355343000000,0
jps.module.iml.entities.serializer.save.entities.ms,1787296295342000000,1787296355343000000,0
jps.apply.loaded.storage.ms,1787296295342000000,1787296355343000000,1068
workspaceModel.mutableEntityStorage.add.entity.ms,1787296295342000000,1787296355343000000,141
workspaceModel.orphan.listener.update.ms,1787296295342000000,1787296355343000000,2
workspaceModel.mutableEntityStorage.collect.changes.ms,1787296295342000000,1787296355343000000,2
workspaceModel.moduleManagerBridge.load.module.ms,1787296295342000000,1787296355343000000,0
workspaceModel.moduleBridgeLoader.loading.modules.ms,1787296295342000000,1787296355343000000,2723
workspaceModel.moduleBridge.facet.initialization.ms,1787296295342000000,1787296355343000000,0
jps.storage.jps.conf.reader.load.component.ms,1787296295342000000,1787296355343000000,78
workspaceModel.global.updates.ms,1787296295342000000,1787296355343000000,0
workspaceModel.mutableEntityStorage.entities.ms,1787296295342000000,1787296355343000000,1
jps.facet.change.listener.process.change.events.ms,1787296295342000000,1787296355343000000,1
workspaceModel.moduleManagerBridge.load.all.modules.ms,1787296295342000000,1787296355343000000,54
workspaceModel.moduleManagerBridge.set.unloadedModules.ms,1787296295342000000,1787296355343000000,0
jps.module.iml.entities.serializer.load.entities.ms,1787296295342000000,1787296355343000000,439
workspaceModel.mutableEntityStorage.remove.entity.ms,1787296295342000000,1787296355343000000,0
jps.save.changed.project.entities.ms,1787296295342000000,1787296355343000000,4
jps.global.initialize.library.bridges.ms,1787296295342000000,1787296355343000000,0
jps.save.global.entities.ms,1787296295342000000,1787296355343000000,162
jps.load.project.to.empty.storage.ms,1787296295342000000,1787296355343000000,318
jps.global.get.library.ms,1787296295342000000,1787296355343000000,0
jps.project.serializers.load.ms,1787296295342000000,1787296355343000000,267
jps.app.storage.content.writer.save.component.ms,1787296295342000000,1787296355343000000,0
workspaceModel.moduleManagerBridge.new.nonPersistent.module.ms,1787296295342000000,1787296355343000000,0
jps.artifact.entities.serializer.load.entities.ms,1787296295342000000,1787296355343000000,0
jps.global.handle.changed.events.ms,1787296295342000000,1787296355343000000,0
jps.project.serializers.save.ms,1787296295342000000,1787296355343000000,2
workspaceModel.global.apply.state.to.project.builder.ms,1787296295342000000,1787296355343000000,6
workspaceModel.moduleManagerBridge.create.module.instance.ms,1787296295342000000,1787296355343000000,0
workspaceModel.sync.entities.ms,1787296295342000000,1787296355343000000,0
workspaceModel.moduleManagerBridge.newModule.ms,1787296295342000000,1787296355343000000,0
jps.artifact.entities.serializer.save.entities.ms,1787296295342000000,1787296355343000000,0
jps.global.get.libraries.ms,1787296295342000000,1787296355343000000,2
workspaceModel.moduleBridge.before.changed.ms,1787296295342000000,1787296355343000000,0
workspaceModel.mutableEntityStorage.mutable.ext.mapping.ms,1787296295342000000,1787296355343000000,1
workspaceModel.init.bridges.ms,1787296295342000000,1787296355343000000,2
workspaceModel.pre.handlers.ms,1787296295342000000,1787296355343000000,3
workspaceModel.to.snapshot.ms,1787296295342000000,1787296355343000000,9
workspaceModel.replace.project.model.ms,1787296295342000000,1787296355343000000,0
workspaceModel.update.unloaded.entities.ms,1787296295342000000,1787296355343000000,0
workspaceModel.loading.from.cache.ms,1787296295342000000,1787296355343000000,39
workspaceModel.loading.total.ms,1787296295342000000,1787296355343000000,50
workspaceModel.check.recursive.update.ms,1787296295342000000,1787296355343000000,0
workspaceModel.collect.changes.ms,1787296295342000000,1787296355343000000,0
workspaceModel.updates.count,1787296295342000000,1787296355343000000,1
workspaceModel.initializing.ms,1787296295342000000,1787296355343000000,2
workspaceModel.updates.ms,1787296295342000000,1787296355343000000,141
workspaceModel.updates.precise.ms,1787296295342000000,1787296355343000000,20
FileNameCache.fastMisses,1787296295342000000,1787296355343000000,0
FileNameCache.queries,1787296295342000000,1787296355343000000,0
FileNameCache.totalMisses,1787296295342000000,1787296355343000000,0
Indexes.stubs.lookupDuration90PMs,1787296295342000000,1787296355343000000,0.0
Indexes.stubs.lookupDurationMaxMs,1787296295342000000,1787296355343000000,0.0
Indexes.entries.lookupDurationAvgMs,1787296295342000000,1787296355343000000,0.0
Indexes.allKeys.lookupDurationMaxMs,1787296295342000000,1787296355343000000,0.0
IndexesFlusher.totalFlushingTimeUs,1787296295342000000,1787296355343000000,625338
IndexesFlusher.totalFlushesRetried,1787296295342000000,1787296355343000000,0
IndexesFlusher.totalContentionQuotaSpent,1787296295342000000,1787296355343000000,0
Indexes.entries.lookups,1787296295342000000,1787296355343000000,0.0
Indexes.allKeys.lookupDuration90PMs,1787296295342000000,1787296355343000000,0.0
Indexes.stubs.lookupDurationAvgMs,1787296295342000000,1787296355343000000,0.0
Indexes.entries.lookupDurationMaxMs,1787296295342000000,1787296355343000000,0.0
Indexes.entries.lookupDuration90PMs,1787296295342000000,1787296355343000000,0.0
VFSFlusher.totalFlushesRetried,1787296295342000000,1787296355343000000,0
Indexes.allKeys.lookups,1787296295342000000,1787296355343000000,0.0
VFSFlusher.totalContentionQuotaSpent,1787296295342000000,1787296355343000000,0
Indexes.stubs.lookups,1787296295342000000,1787296355343000000,0.0
VFSFlusher.totalFlushes,1787296295342000000,1787296355343000000,0
Indexes.allKeys.lookupDurationAvgMs,1787296295342000000,1787296355343000000,0.0
VFSFlusher.totalFlushingTimeUs,1787296295342000000,1787296355343000000,0
IndexesFlusher.totalFlushes,1787296295342000000,1787296355343000000,117
JVM.GC.collectionTimesMs,1787296295342000000,1787296355343000000,0
JVM.maxNativeBytes,1787296295342000000,1787296355343000000,-1
JVM.GC.collections,1787296295342000000,1787296355343000000,0
JVM.threadCount,1787296295342000000,1787296355343000000,48
JVM.usedHeapBytes,1787296295342000000,1787296355343000000,578414144
OS.loadAverage,1787296295342000000,1787296355343000000,2.7060546875
JVM.totalCpuTimeMs,1787296295342000000,1787296355343000000,3602
JVM.maxHeapBytes,1787296295342000000,1787296355343000000,2147483648
JVM.usedNativeBytes,1787296295342000000,1787296355343000000,437354488
NonBlockingReadAction.finalizedExecutionsCount,1787296295342000000,1787296355343000000,0
AWTEventQueue.eventsDispatched,1787296295342000000,1787296355343000000,3369
FlushQueue.waitingTimeAvgNs,1787296295342000000,1787296355343000000,207694.28099173555
FlushQueue.executionTimeMaxNs,1787296295342000000,1787296355343000000,442367
AWTEventQueue.dispatchTime90PNs,1787296295342000000,1787296355343000000,294911
FlushQueue.queueSizeMax,1787296295342000000,1787296355343000000,0
FlushQueue.queueSize90P,1787296295342000000,1787296355343000000,0
FlushQueue.executionTimeAvgNs,1787296295342000000,1787296355343000000,64048.66115702479
FlushQueue.waitingTimeMaxNs,1787296295342000000,1787296355343000000,415743
NonBlockingReadAction.failedExecutionTimeUs,1787296295342000000,1787296355343000000,0
NonBlockingReadAction.finalizedExecutionTimeUs,1787296295342000000,1787296355343000000,0
FlushQueue.queueSizeAvg,1787296295342000000,1787296355343000000,0.0
FlushQueue.waitingTime90PNs,1787296295342000000,1787296355343000000,294911
FlushQueue.tasksExecuted,1787296295342000000,1787296355343000000,121
AWTEventQueue.dispatchTimeMaxNs,1787296295342000000,1787296355343000000,1130495
AWTEventQueue.dispatchTimeTotalNS,1787296295342000000,1787296355343000000,513357198
FlushQueue.executionTime90PNs,1787296295342000000,1787296355343000000,120319
AWTEventQueue.dispatchTimeAvgNs,1787296295342000000,1787296355343000000,152371.54764024934
NonBlockingReadAction.failedExecutionsCount,1787296295342000000,1787296355343000000,0
StorageLockContext.competingThreads.avg,1787296355343000000,1787296415345000000,0.0
StreamlinedBlobStorage.totalLiveRecordsPayloadBytes,1787296355343000000,1787296415345000000,0
FilePageCache.pageLoads,1787296355343000000,1787296415345000000,0
DirectByteBufferAllocator.totalSizeOfBuffersAllocatedInBytes,1787296355343000000,1787296415345000000,425754624
StreamlinedBlobStorage.recordsDeleted,1787296355343000000,1787296415345000000,0
StorageLockContext.competingThreads.max,1787296355343000000,1787296415345000000,0
StreamlinedBlobStorage.totalLiveRecordsCapacityBytes,1787296355343000000,1787296415345000000,0
DirectByteBufferAllocator.hits,1787296355343000000,1787296415345000000,0
StreamlinedBlobStorage.recordsAllocated,1787296355343000000,1787296415345000000,0
StreamlinedBlobStorage.recordsRelocated,1787296355343000000,1787296415345000000,0
FilePageCache.pageHits,1787296355343000000,1787296415345000000,0
StorageLockContext.competingThreads.90P,1787296355343000000,1787296415345000000,0
FilePageCache.pageFastCacheHits,1787296355343000000,1787296415345000000,0
FilePageCache.totalPageLoadsUs,1787296355343000000,1787296415345000000,0
FilePageCache.capacityInBytes,1787296355343000000,1787296415345000000,524288000
FilePageCache.maxRegisteredFiles,1787296355343000000,1787296415345000000,618
FilePageCache.disposedBuffers,1787296355343000000,1787296415345000000,0
FilePageCache.pageLoadsAboveSizeThreshold,1787296355343000000,1787296415345000000,0
FilePageCache.maxCacheSizeInBytes,1787296355343000000,1787296415345000000,425754624
DirectByteBufferAllocator.misses,1787296355343000000,1787296415345000000,0
DirectByteBufferAllocator.reclaimed,1787296355343000000,1787296415345000000,0
FilePageCache.uncachedFileAccess,1787296355343000000,1787296415345000000,0
DirectByteBufferAllocator.totalSizeOfBuffersCachedInBytes,1787296355343000000,1787296415345000000,0
FilePageCache.totalPageDisposalsUs,1787296355343000000,1787296415345000000,0
DirectByteBufferAllocator.disposed,1787296355343000000,1787296415345000000,0
jps.facet.change.listener.init.bridge.ms,1787296355343000000,1787296415345000000,0
workspaceModel.global.apply.state.to.project.ms,1787296355343000000,1787296415345000000,0
jps.global.handle.before.change.events.ms,1787296355343000000,1787296415345000000,0
workspaceModel.mutableEntityStorage.mutable.vfurl.index.ms,1787296355343000000,1787296415345000000,0
workspaceModel.delayed.project.synchronizer.sync.ms,1787296355343000000,1787296415345000000,0
jps.global.initialize.library.bridges.after.loading.ms,1787296355343000000,1787296415345000000,0
workspaceModel.mutableEntityStorage.put.entity.ms,1787296355343000000,1787296415345000000,42
workspaceModel.load.cache.from.file.ms,1787296355343000000,1787296415345000000,0
workspaceModel.mutableEntityStorage.referrers.ms,1787296355343000000,1787296415345000000,0
jps.app.storage.content.reader.load.component.ms,1787296355343000000,1787296415345000000,7
workspaceModel.moduleManagerBridge.get.modules.ms,1787296355343000000,1787296415345000000,42
workspaceModel.mutableEntityStorage.resolve.ms,1787296355343000000,1787296415345000000,0
workspaceModel.mutableEntityStorage.has.same.entities.ms,1787296355343000000,1787296415345000000,0
workspaceModel.save.cache.to.file.ms,1787296355343000000,1787296415345000000,253
workspaceModel.mutableEntityStorage.modify.entity.ms,1787296355343000000,1787296415345000000,0
workspaceModel.mutableEntityStorage.to.snapshot.ms,1787296355343000000,1787296415345000000,10
jps.library.entities.serializer.save.entities.ms,1787296355343000000,1787296415345000000,0
workspaceModel.moduleManagerBridge.build.module.graph.ms,1787296355343000000,1787296415345000000,2
jps.global.get.library.by.name.ms,1787296355343000000,1787296415345000000,0
jps.load.initial.state.ms,1787296355343000000,1787296415345000000,30
workspaceModel.moduleBridge.update.option.ms,1787296355343000000,1787296415345000000,0
jps.reload.project.entities.ms,1787296355343000000,1787296415345000000,0
jps.facet.change.listener.before.change.events.ms,1787296355343000000,1787296415345000000,3
workspaceModel.mutableEntityStorage.replace.by.source.ms,1787296355343000000,1787296415345000000,25
jps.library.entities.serializer.load.entities.ms,1787296355343000000,1787296415345000000,62
workspaceModel.mutableEntityStorage.entities.by.source.ms,1787296355343000000,1787296415345000000,2
workspaceModel.mutableEntityStorage.add.diff.ms,1787296355343000000,1787296415345000000,26
workspaceModel.global.updates.count,1787296355343000000,1787296415345000000,0
jps.module.iml.entities.serializer.save.entities.ms,1787296355343000000,1787296415345000000,0
jps.apply.loaded.storage.ms,1787296355343000000,1787296415345000000,1068
workspaceModel.mutableEntityStorage.add.entity.ms,1787296355343000000,1787296415345000000,141
workspaceModel.orphan.listener.update.ms,1787296355343000000,1787296415345000000,2
workspaceModel.mutableEntityStorage.collect.changes.ms,1787296355343000000,1787296415345000000,2
workspaceModel.moduleManagerBridge.load.module.ms,1787296355343000000,1787296415345000000,0
workspaceModel.moduleBridgeLoader.loading.modules.ms,1787296355343000000,1787296415345000000,2723
workspaceModel.moduleBridge.facet.initialization.ms,1787296355343000000,1787296415345000000,0
jps.storage.jps.conf.reader.load.component.ms,1787296355343000000,1787296415345000000,78
workspaceModel.global.updates.ms,1787296355343000000,1787296415345000000,0
workspaceModel.mutableEntityStorage.entities.ms,1787296355343000000,1787296415345000000,1
jps.facet.change.listener.process.change.events.ms,1787296355343000000,1787296415345000000,1
workspaceModel.moduleManagerBridge.load.all.modules.ms,1787296355343000000,1787296415345000000,54
workspaceModel.moduleManagerBridge.set.unloadedModules.ms,1787296355343000000,1787296415345000000,0
jps.module.iml.entities.serializer.load.entities.ms,1787296355343000000,1787296415345000000,439
workspaceModel.mutableEntityStorage.remove.entity.ms,1787296355343000000,1787296415345000000,0
jps.save.changed.project.entities.ms,1787296355343000000,1787296415345000000,4
jps.global.initialize.library.bridges.ms,1787296355343000000,1787296415345000000,0
jps.save.global.entities.ms,1787296355343000000,1787296415345000000,162
jps.load.project.to.empty.storage.ms,1787296355343000000,1787296415345000000,318
jps.global.get.library.ms,1787296355343000000,1787296415345000000,0
jps.project.serializers.load.ms,1787296355343000000,1787296415345000000,267
jps.app.storage.content.writer.save.component.ms,1787296355343000000,1787296415345000000,0
workspaceModel.moduleManagerBridge.new.nonPersistent.module.ms,1787296355343000000,1787296415345000000,0
jps.artifact.entities.serializer.load.entities.ms,1787296355343000000,1787296415345000000,0
jps.global.handle.changed.events.ms,1787296355343000000,1787296415345000000,0
jps.project.serializers.save.ms,1787296355343000000,1787296415345000000,2
workspaceModel.global.apply.state.to.project.builder.ms,1787296355343000000,1787296415345000000,6
workspaceModel.moduleManagerBridge.create.module.instance.ms,1787296355343000000,1787296415345000000,0
workspaceModel.sync.entities.ms,1787296355343000000,1787296415345000000,0
workspaceModel.moduleManagerBridge.newModule.ms,1787296355343000000,1787296415345000000,0
jps.artifact.entities.serializer.save.entities.ms,1787296355343000000,1787296415345000000,0
jps.global.get.libraries.ms,1787296355343000000,1787296415345000000,2
workspaceModel.moduleBridge.before.changed.ms,1787296355343000000,1787296415345000000,0
workspaceModel.mutableEntityStorage.mutable.ext.mapping.ms,1787296355343000000,1787296415345000000,1
workspaceModel.init.bridges.ms,1787296355343000000,1787296415345000000,2
workspaceModel.pre.handlers.ms,1787296355343000000,1787296415345000000,3
workspaceModel.to.snapshot.ms,1787296355343000000,1787296415345000000,9
workspaceModel.replace.project.model.ms,1787296355343000000,1787296415345000000,0
workspaceModel.update.unloaded.entities.ms,1787296355343000000,1787296415345000000,0
workspaceModel.loading.from.cache.ms,1787296355343000000,1787296415345000000,39
workspaceModel.loading.total.ms,1787296355343000000,1787296415345000000,50
workspaceModel.check.recursive.update.ms,1787296355343000000,1787296415345000000,0
workspaceModel.collect.changes.ms,1787296355343000000,1787296415345000000,0
workspaceModel.updates.count,1787296355343000000,1787296415345000000,1
workspaceModel.initializing.ms,1787296355343000000,1787296415345000000,2
workspaceModel.updates.ms,1787296355343000000,1787296415345000000,141
workspaceModel.updates.precise.ms,1787296355343000000,1787296415345000000,20
FileNameCache.fastMisses,1787296355343000000,1787296415345000000,0
FileNameCache.queries,1787296355343000000,1787296415345000000,0
FileNameCache.totalMisses,1787296355343000000,1787296415345000000,0
Indexes.stubs.lookupDuration90PMs,1787296355343000000,1787296415345000000,0.0
Indexes.stubs.lookupDurationMaxMs,1787296355343000000,1787296415345000000,0.0
Indexes.entries.lookupDurationAvgMs,1787296355343000000,1787296415345000000,0.0
Indexes.allKeys.lookupDurationMaxMs,1787296355343000000,1787296415345000000,0.0
IndexesFlusher.totalFlushingTimeUs,1787296355343000000,1787296415345000000,629968
IndexesFlusher.totalFlushesRetried,1787296355343000000,1787296415345000000,0
IndexesFlusher.totalContentionQuotaSpent,1787296355343000000,1787296415345000000,0
Indexes.entries.lookups,1787296355343000000,1787296415345000000,0.0
Indexes.allKeys.lookupDuration90PMs,1787296355343000000,1787296415345000000,0.0
Indexes.stubs.lookupDurationAvgMs,1787296355343000000,1787296415345000000,0.0
Indexes.entries.lookupDurationMaxMs,1787296355343000000,1787296415345000000,0.0
Indexes.entries.lookupDuration90PMs,1787296355343000000,1787296415345000000,0.0
VFSFlusher.totalFlushesRetried,1787296355343000000,1787296415345000000,0
Indexes.allKeys.lookups,1787296355343000000,1787296415345000000,0.0
VFSFlusher.totalContentionQuotaSpent,1787296355343000000,1787296415345000000,0
Indexes.stubs.lookups,1787296355343000000,1787296415345000000,0.0
VFSFlusher.totalFlushes,1787296355343000000,1787296415345000000,0
Indexes.allKeys.lookupDurationAvgMs,1787296355343000000,1787296415345000000,0.0
VFSFlusher.totalFlushingTimeUs,1787296355343000000,1787296415345000000,0
IndexesFlusher.totalFlushes,1787296355343000000,1787296415345000000,117
JVM.GC.collectionTimesMs,1787296355343000000,1787296415345000000,32
JVM.maxNativeBytes,1787296355343000000,1787296415345000000,-1
JVM.GC.collections,1787296355343000000,1787296415345000000,1
JVM.threadCount,1787296355343000000,1787296415345000000,47
JVM.usedHeapBytes,1787296355343000000,1787296415345000000,545914368
OS.loadAverage,1787296355343000000,1787296415345000000,2.64599609375
JVM.totalCpuTimeMs,1787296355343000000,1787296415345000000,3954
JVM.maxHeapBytes,1787296355343000000,1787296415345000000,2147483648
JVM.usedNativeBytes,1787296355343000000,1787296415345000000,437410968
NonBlockingReadAction.finalizedExecutionsCount,1787296355343000000,1787296415345000000,0
AWTEventQueue.eventsDispatched,1787296355343000000,1787296415345000000,3365
FlushQueue.waitingTimeAvgNs,1787296355343000000,1787296415345000000,279013.5537190083
FlushQueue.executionTimeMaxNs,1787296355343000000,1787296415345000000,4620287
AWTEventQueue.dispatchTime90PNs,1787296355343000000,1787296415345000000,337919
FlushQueue.queueSizeMax,1787296355343000000,1787296415345000000,0
FlushQueue.queueSize90P,1787296355343000000,1787296415345000000,0
FlushQueue.executionTimeAvgNs,1787296355343000000,1787296415345000000,122668.69421487603
FlushQueue.waitingTimeMaxNs,1787296355343000000,1787296415345000000,2834431
NonBlockingReadAction.failedExecutionTimeUs,1787296355343000000,1787296415345000000,0
NonBlockingReadAction.finalizedExecutionTimeUs,1787296355343000000,1787296415345000000,0
FlushQueue.queueSizeAvg,1787296355343000000,1787296415345000000,0.0
FlushQueue.waitingTime90PNs,1787296355343000000,1787296415345000000,411647
FlushQueue.tasksExecuted,1787296355343000000,1787296415345000000,121
AWTEventQueue.dispatchTimeMaxNs,1787296355343000000,1787296415345000000,4751359
AWTEventQueue.dispatchTimeTotalNS,1787296355343000000,1787296415345000000,573916437
FlushQueue.executionTime90PNs,1787296355343000000,1787296415345000000,129023
AWTEventQueue.dispatchTimeAvgNs,1787296355343000000,1787296415345000000,170555.32124814263
NonBlockingReadAction.failedExecutionsCount,1787296355343000000,1787296415345000000,0
StorageLockContext.competingThreads.avg,1787296415345000000,1787296475341000000,0.0
StreamlinedBlobStorage.totalLiveRecordsPayloadBytes,1787296415345000000,1787296475341000000,0
FilePageCache.pageLoads,1787296415345000000,1787296475341000000,0
DirectByteBufferAllocator.totalSizeOfBuffersAllocatedInBytes,1787296415345000000,1787296475341000000,425754624
StreamlinedBlobStorage.recordsDeleted,1787296415345000000,1787296475341000000,0
StorageLockContext.competingThreads.max,1787296415345000000,1787296475341000000,0
StreamlinedBlobStorage.totalLiveRecordsCapacityBytes,1787296415345000000,1787296475341000000,0
DirectByteBufferAllocator.hits,1787296415345000000,1787296475341000000,0
StreamlinedBlobStorage.recordsAllocated,1787296415345000000,1787296475341000000,0
StreamlinedBlobStorage.recordsRelocated,1787296415345000000,1787296475341000000,0
FilePageCache.pageHits,1787296415345000000,1787296475341000000,0
StorageLockContext.competingThreads.90P,1787296415345000000,1787296475341000000,0
FilePageCache.pageFastCacheHits,1787296415345000000,1787296475341000000,4
FilePageCache.totalPageLoadsUs,1787296415345000000,1787296475341000000,0
FilePageCache.capacityInBytes,1787296415345000000,1787296475341000000,524288000
FilePageCache.maxRegisteredFiles,1787296415345000000,1787296475341000000,618
FilePageCache.disposedBuffers,1787296415345000000,1787296475341000000,0
FilePageCache.pageLoadsAboveSizeThreshold,1787296415345000000,1787296475341000000,0
FilePageCache.maxCacheSizeInBytes,1787296415345000000,1787296475341000000,425754624
DirectByteBufferAllocator.misses,1787296415345000000,1787296475341000000,0
DirectByteBufferAllocator.reclaimed,1787296415345000000,1787296475341000000,0
FilePageCache.uncachedFileAccess,1787296415345000000,1787296475341000000,0
DirectByteBufferAllocator.totalSizeOfBuffersCachedInBytes,1787296415345000000,1787296475341000000,0
FilePageCache.totalPageDisposalsUs,1787296415345000000,1787296475341000000,0
DirectByteBufferAllocator.disposed,1787296415345000000,1787296475341000000,0
jps.facet.change.listener.init.bridge.ms,1787296415345000000,1787296475341000000,0
workspaceModel.global.apply.state.to.project.ms,1787296415345000000,1787296475341000000,0
jps.global.handle.before.change.events.ms,1787296415345000000,1787296475341000000,0
workspaceModel.mutableEntityStorage.mutable.vfurl.index.ms,1787296415345000000,1787296475341000000,0
workspaceModel.delayed.project.synchronizer.sync.ms,1787296415345000000,1787296475341000000,0
jps.global.initialize.library.bridges.after.loading.ms,1787296415345000000,1787296475341000000,0
workspaceModel.mutableEntityStorage.put.entity.ms,1787296415345000000,1787296475341000000,42
workspaceModel.load.cache.from.file.ms,1787296415345000000,1787296475341000000,0
workspaceModel.mutableEntityStorage.referrers.ms,1787296415345000000,1787296475341000000,0
jps.app.storage.content.reader.load.component.ms,1787296415345000000,1787296475341000000,7
workspaceModel.moduleManagerBridge.get.modules.ms,1787296415345000000,1787296475341000000,42
workspaceModel.mutableEntityStorage.resolve.ms,1787296415345000000,1787296475341000000,0
workspaceModel.mutableEntityStorage.has.same.entities.ms,1787296415345000000,1787296475341000000,0
workspaceModel.save.cache.to.file.ms,1787296415345000000,1787296475341000000,253
workspaceModel.mutableEntityStorage.modify.entity.ms,1787296415345000000,1787296475341000000,0
workspaceModel.mutableEntityStorage.to.snapshot.ms,1787296415345000000,1787296475341000000,10
jps.library.entities.serializer.save.entities.ms,1787296415345000000,1787296475341000000,0
workspaceModel.moduleManagerBridge.build.module.graph.ms,1787296415345000000,1787296475341000000,2
jps.global.get.library.by.name.ms,1787296415345000000,1787296475341000000,0
jps.load.initial.state.ms,1787296415345000000,1787296475341000000,30
workspaceModel.moduleBridge.update.option.ms,1787296415345000000,1787296475341000000,0
jps.reload.project.entities.ms,1787296415345000000,1787296475341000000,0
jps.facet.change.listener.before.change.events.ms,1787296415345000000,1787296475341000000,3
workspaceModel.mutableEntityStorage.replace.by.source.ms,1787296415345000000,1787296475341000000,25
jps.library.entities.serializer.load.entities.ms,1787296415345000000,1787296475341000000,62
workspaceModel.mutableEntityStorage.entities.by.source.ms,1787296415345000000,1787296475341000000,2
workspaceModel.mutableEntityStorage.add.diff.ms,1787296415345000000,1787296475341000000,26
workspaceModel.global.updates.count,1787296415345000000,1787296475341000000,0
jps.module.iml.entities.serializer.save.entities.ms,1787296415345000000,1787296475341000000,0
jps.apply.loaded.storage.ms,1787296415345000000,1787296475341000000,1068
workspaceModel.mutableEntityStorage.add.entity.ms,1787296415345000000,1787296475341000000,141
workspaceModel.orphan.listener.update.ms,1787296415345000000,1787296475341000000,2
workspaceModel.mutableEntityStorage.collect.changes.ms,1787296415345000000,1787296475341000000,2
workspaceModel.moduleManagerBridge.load.module.ms,1787296415345000000,1787296475341000000,0
workspaceModel.moduleBridgeLoader.loading.modules.ms,1787296415345000000,1787296475341000000,2723
workspaceModel.moduleBridge.facet.initialization.ms,1787296415345000000,1787296475341000000,0
jps.storage.jps.conf.reader.load.component.ms,1787296415345000000,1787296475341000000,78
workspaceModel.global.updates.ms,1787296415345000000,1787296475341000000,0
workspaceModel.mutableEntityStorage.entities.ms,1787296415345000000,1787296475341000000,1
jps.facet.change.listener.process.change.events.ms,1787296415345000000,1787296475341000000,1
workspaceModel.moduleManagerBridge.load.all.modules.ms,1787296415345000000,1787296475341000000,54
workspaceModel.moduleManagerBridge.set.unloadedModules.ms,1787296415345000000,1787296475341000000,0
jps.module.iml.entities.serializer.load.entities.ms,1787296415345000000,1787296475341000000,439
workspaceModel.mutableEntityStorage.remove.entity.ms,1787296415345000000,1787296475341000000,0
jps.save.changed.project.entities.ms,1787296415345000000,1787296475341000000,4
jps.global.initialize.library.bridges.ms,1787296415345000000,1787296475341000000,0
jps.save.global.entities.ms,1787296415345000000,1787296475341000000,162
jps.load.project.to.empty.storage.ms,1787296415345000000,1787296475341000000,318
jps.global.get.library.ms,1787296415345000000,1787296475341000000,0
jps.project.serializers.load.ms,1787296415345000000,1787296475341000000,267
jps.app.storage.content.writer.save.component.ms,1787296415345000000,1787296475341000000,0
workspaceModel.moduleManagerBridge.new.nonPersistent.module.ms,1787296415345000000,1787296475341000000,0
jps.artifact.entities.serializer.load.entities.ms,1787296415345000000,1787296475341000000,0
jps.global.handle.changed.events.ms,1787296415345000000,1787296475341000000,0
jps.project.serializers.save.ms,1787296415345000000,1787296475341000000,2
workspaceModel.global.apply.state.to.project.builder.ms,1787296415345000000,1787296475341000000,6
workspaceModel.moduleManagerBridge.create.module.instance.ms,1787296415345000000,1787296475341000000,0
workspaceModel.sync.entities.ms,1787296415345000000,1787296475341000000,0
workspaceModel.moduleManagerBridge.newModule.ms,1787296415345000000,1787296475341000000,0
jps.artifact.entities.serializer.save.entities.ms,1787296415345000000,1787296475341000000,0
jps.global.get.libraries.ms,1787296415345000000,1787296475341000000,3
workspaceModel.moduleBridge.before.changed.ms,1787296415345000000,1787296475341000000,0
workspaceModel.mutableEntityStorage.mutable.ext.mapping.ms,1787296415345000000,1787296475341000000,1
workspaceModel.init.bridges.ms,1787296415345000000,1787296475341000000,2
workspaceModel.pre.handlers.ms,1787296415345000000,1787296475341000000,3
workspaceModel.to.snapshot.ms,1787296415345000000,1787296475341000000,9
workspaceModel.replace.project.model.ms,1787296415345000000,1787296475341000000,0
workspaceModel.update.unloaded.entities.ms,1787296415345000000,1787296475341000000,0
workspaceModel.loading.from.cache.ms,1787296415345000000,1787296475341000000,39
workspaceModel.loading.total.ms,1787296415345000000,1787296475341000000,50
workspaceModel.check.recursive.update.ms,1787296415345000000,1787296475341000000,0
workspaceModel.collect.changes.ms,1787296415345000000,1787296475341000000,0
workspaceModel.updates.count,1787296415345000000,1787296475341000000,1
workspaceModel.initializing.ms,1787296415345000000,1787296475341000000,2
workspaceModel.updates.ms,1787296415345000000,1787296475341000000,141
workspaceModel.updates.precise.ms,1787296415345000000,1787296475341000000,20
FileNameCache.fastMisses,1787296415345000000,1787296475341000000,3
FileNameCache.queries,1787296415345000000,1787296475341000000,142
FileNameCache.totalMisses,1787296415345000000,1787296475341000000,0
Indexes.stubs.lookupDuration90PMs,1787296415345000000,1787296475341000000,0.0
Indexes.stubs.lookupDurationMaxMs,1787296415345000000,1787296475341000000,0.0
Indexes.entries.lookupDurationAvgMs,1787296415345000000,1787296475341000000,0.0
Indexes.allKeys.lookupDurationMaxMs,1787296415345000000,1787296475341000000,0.0
IndexesFlusher.totalFlushingTimeUs,1787296415345000000,1787296475341000000,636820
IndexesFlusher.totalFlushesRetried,1787296415345000000,1787296475341000000,0
IndexesFlusher.totalContentionQuotaSpent,1787296415345000000,1787296475341000000,0
Indexes.entries.lookups,1787296415345000000,1787296475341000000,0.0
Indexes.allKeys.lookupDuration90PMs,1787296415345000000,1787296475341000000,0.0
Indexes.stubs.lookupDurationAvgMs,1787296415345000000,1787296475341000000,0.0
Indexes.entries.lookupDurationMaxMs,1787296415345000000,1787296475341000000,0.0
Indexes.entries.lookupDuration90PMs,1787296415345000000,1787296475341000000,0.0
VFSFlusher.totalFlushesRetried,1787296415345000000,1787296475341000000,0
Indexes.allKeys.lookups,1787296415345000000,1787296475341000000,0.0
VFSFlusher.totalContentionQuotaSpent,1787296415345000000,1787296475341000000,0
Indexes.stubs.lookups,1787296415345000000,1787296475341000000,0.0
VFSFlusher.totalFlushes,1787296415345000000,1787296475341000000,0
Indexes.allKeys.lookupDurationAvgMs,1787296415345000000,1787296475341000000,0.0
VFSFlusher.totalFlushingTimeUs,1787296415345000000,1787296475341000000,0
IndexesFlusher.totalFlushes,1787296415345000000,1787296475341000000,117
JVM.GC.collectionTimesMs,1787296415345000000,1787296475341000000,0
JVM.maxNativeBytes,1787296415345000000,1787296475341000000,-1
JVM.GC.collections,1787296415345000000,1787296475341000000,0
JVM.threadCount,1787296415345000000,1787296475341000000,46
JVM.usedHeapBytes,1787296415345000000,1787296475341000000,585760256
OS.loadAverage,1787296415345000000,1787296475341000000,3.025390625
JVM.totalCpuTimeMs,1787296415345000000,1787296475341000000,4040
JVM.maxHeapBytes,1787296415345000000,1787296475341000000,2147483648
JVM.usedNativeBytes,1787296415345000000,1787296475341000000,437560168
NonBlockingReadAction.finalizedExecutionsCount,1787296415345000000,1787296475341000000,3
AWTEventQueue.eventsDispatched,1787296415345000000,1787296475341000000,3366
FlushQueue.waitingTimeAvgNs,1787296415345000000,1787296475341000000,249593.6
FlushQueue.executionTimeMaxNs,1787296415345000000,1787296475341000000,1007615
AWTEventQueue.dispatchTime90PNs,1787296415345000000,1787296475341000000,319487
FlushQueue.queueSizeMax,1787296415345000000,1787296475341000000,0
FlushQueue.queueSize90P,1787296415345000000,1787296475341000000,0
FlushQueue.executionTimeAvgNs,1787296415345000000,1787296475341000000,91058.66666666667
FlushQueue.waitingTimeMaxNs,1787296415345000000,1787296475341000000,1081343
NonBlockingReadAction.failedExecutionTimeUs,1787296415345000000,1787296475341000000,0
NonBlockingReadAction.finalizedExecutionTimeUs,1787296415345000000,1787296475341000000,28207
FlushQueue.queueSizeAvg,1787296415345000000,1787296475341000000,0.0
FlushQueue.waitingTime90PNs,1787296415345000000,1787296475341000000,360447
FlushQueue.tasksExecuted,1787296415345000000,1787296475341000000,120
AWTEventQueue.dispatchTimeMaxNs,1787296415345000000,1787296475341000000,2867199
AWTEventQueue.dispatchTimeTotalNS,1787296415345000000,1787296475341000000,562509961
FlushQueue.executionTime90PNs,1787296415345000000,1787296475341000000,117247
AWTEventQueue.dispatchTimeAvgNs,1787296415345000000,1787296475341000000,167113.183600713
NonBlockingReadAction.failedExecutionsCount,1787296415345000000,1787296475341000000,0
StorageLockContext.competingThreads.avg,1787296475341000000,1787296535348000000,0.0
StreamlinedBlobStorage.totalLiveRecordsPayloadBytes,1787296475341000000,1787296535348000000,0
FilePageCache.pageLoads,1787296475341000000,1787296535348000000,0
DirectByteBufferAllocator.totalSizeOfBuffersAllocatedInBytes,1787296475341000000,1787296535348000000,425754624
StreamlinedBlobStorage.recordsDeleted,1787296475341000000,1787296535348000000,0
StorageLockContext.competingThreads.max,1787296475341000000,1787296535348000000,0
StreamlinedBlobStorage.totalLiveRecordsCapacityBytes,1787296475341000000,1787296535348000000,0
DirectByteBufferAllocator.hits,1787296475341000000,1787296535348000000,0
StreamlinedBlobStorage.recordsAllocated,1787296475341000000,1787296535348000000,0
StreamlinedBlobStorage.recordsRelocated,1787296475341000000,1787296535348000000,0
FilePageCache.pageHits,1787296475341000000,1787296535348000000,0
StorageLockContext.competingThreads.90P,1787296475341000000,1787296535348000000,0
FilePageCache.pageFastCacheHits,1787296475341000000,1787296535348000000,0
FilePageCache.totalPageLoadsUs,1787296475341000000,1787296535348000000,0
FilePageCache.capacityInBytes,1787296475341000000,1787296535348000000,524288000
FilePageCache.maxRegisteredFiles,1787296475341000000,1787296535348000000,618
FilePageCache.disposedBuffers,1787296475341000000,1787296535348000000,0
FilePageCache.pageLoadsAboveSizeThreshold,1787296475341000000,1787296535348000000,0
FilePageCache.maxCacheSizeInBytes,1787296475341000000,1787296535348000000,425754624
DirectByteBufferAllocator.misses,1787296475341000000,1787296535348000000,0
DirectByteBufferAllocator.reclaimed,1787296475341000000,1787296535348000000,0
FilePageCache.uncachedFileAccess,1787296475341000000,1787296535348000000,0
DirectByteBufferAllocator.totalSizeOfBuffersCachedInBytes,1787296475341000000,1787296535348000000,0
FilePageCache.totalPageDisposalsUs,1787296475341000000,1787296535348000000,0
DirectByteBufferAllocator.disposed,1787296475341000000,1787296535348000000,0
jps.facet.change.listener.init.bridge.ms,1787296475341000000,1787296535348000000,0
workspaceModel.global.apply.state.to.project.ms,1787296475341000000,1787296535348000000,0
jps.global.handle.before.change.events.ms,1787296475341000000,1787296535348000000,0
workspaceModel.mutableEntityStorage.mutable.vfurl.index.ms,1787296475341000000,1787296535348000000,0
workspaceModel.delayed.project.synchronizer.sync.ms,1787296475341000000,1787296535348000000,0
jps.global.initialize.library.bridges.after.loading.ms,1787296475341000000,1787296535348000000,0
workspaceModel.mutableEntityStorage.put.entity.ms,1787296475341000000,1787296535348000000,42
workspaceModel.load.cache.from.file.ms,1787296475341000000,1787296535348000000,0
workspaceModel.mutableEntityStorage.referrers.ms,1787296475341000000,1787296535348000000,0
jps.app.storage.content.reader.load.component.ms,1787296475341000000,1787296535348000000,7
workspaceModel.moduleManagerBridge.get.modules.ms,1787296475341000000,1787296535348000000,42
workspaceModel.mutableEntityStorage.resolve.ms,1787296475341000000,1787296535348000000,0
workspaceModel.mutableEntityStorage.has.same.entities.ms,1787296475341000000,1787296535348000000,0
workspaceModel.save.cache.to.file.ms,1787296475341000000,1787296535348000000,253
workspaceModel.mutableEntityStorage.modify.entity.ms,1787296475341000000,1787296535348000000,0
workspaceModel.mutableEntityStorage.to.snapshot.ms,1787296475341000000,1787296535348000000,10
jps.library.entities.serializer.save.entities.ms,1787296475341000000,1787296535348000000,0
workspaceModel.moduleManagerBridge.build.module.graph.ms,1787296475341000000,1787296535348000000,2
jps.global.get.library.by.name.ms,1787296475341000000,1787296535348000000,0
jps.load.initial.state.ms,1787296475341000000,1787296535348000000,30
workspaceModel.moduleBridge.update.option.ms,1787296475341000000,1787296535348000000,0
jps.reload.project.entities.ms,1787296475341000000,1787296535348000000,0
jps.facet.change.listener.before.change.events.ms,1787296475341000000,1787296535348000000,3
workspaceModel.mutableEntityStorage.replace.by.source.ms,1787296475341000000,1787296535348000000,25
jps.library.entities.serializer.load.entities.ms,1787296475341000000,1787296535348000000,62
workspaceModel.mutableEntityStorage.entities.by.source.ms,1787296475341000000,1787296535348000000,2
workspaceModel.mutableEntityStorage.add.diff.ms,1787296475341000000,1787296535348000000,26
workspaceModel.global.updates.count,1787296475341000000,1787296535348000000,0
jps.module.iml.entities.serializer.save.entities.ms,1787296475341000000,1787296535348000000,0
jps.apply.loaded.storage.ms,1787296475341000000,1787296535348000000,1068
workspaceModel.mutableEntityStorage.add.entity.ms,1787296475341000000,1787296535348000000,141
workspaceModel.orphan.listener.update.ms,1787296475341000000,1787296535348000000,2
workspaceModel.mutableEntityStorage.collect.changes.ms,1787296475341000000,1787296535348000000,2
workspaceModel.moduleManagerBridge.load.module.ms,1787296475341000000,1787296535348000000,0
workspaceModel.moduleBridgeLoader.loading.modules.ms,1787296475341000000,1787296535348000000,2723
workspaceModel.moduleBridge.facet.initialization.ms,1787296475341000000,1787296535348000000,0
jps.storage.jps.conf.reader.load.component.ms,1787296475341000000,1787296535348000000,78
workspaceModel.global.updates.ms,1787296475341000000,1787296535348000000,0
workspaceModel.mutableEntityStorage.entities.ms,1787296475341000000,1787296535348000000,1
jps.facet.change.listener.process.change.events.ms,1787296475341000000,1787296535348000000,1
workspaceModel.moduleManagerBridge.load.all.modules.ms,1787296475341000000,1787296535348000000,54
workspaceModel.moduleManagerBridge.set.unloadedModules.ms,1787296475341000000,1787296535348000000,0
jps.module.iml.entities.serializer.load.entities.ms,1787296475341000000,1787296535348000000,439
workspaceModel.mutableEntityStorage.remove.entity.ms,1787296475341000000,1787296535348000000,0
jps.save.changed.project.entities.ms,1787296475341000000,1787296535348000000,4
jps.global.initialize.library.bridges.ms,1787296475341000000,1787296535348000000,0
jps.save.global.entities.ms,1787296475341000000,1787296535348000000,162
jps.load.project.to.empty.storage.ms,1787296475341000000,1787296535348000000,318
jps.global.get.library.ms,1787296475341000000,1787296535348000000,0
jps.project.serializers.load.ms,1787296475341000000,1787296535348000000,267
jps.app.storage.content.writer.save.component.ms,1787296475341000000,1787296535348000000,0
workspaceModel.moduleManagerBridge.new.nonPersistent.module.ms,1787296475341000000,1787296535348000000,0
jps.artifact.entities.serializer.load.entities.ms,1787296475341000000,1787296535348000000,0
jps.global.handle.changed.events.ms,1787296475341000000,1787296535348000000,0
jps.project.serializers.save.ms,1787296475341000000,1787296535348000000,2
workspaceModel.global.apply.state.to.project.builder.ms,1787296475341000000,1787296535348000000,6
workspaceModel.moduleManagerBridge.create.module.instance.ms,1787296475341000000,1787296535348000000,0
workspaceModel.sync.entities.ms,1787296475341000000,1787296535348000000,0
workspaceModel.moduleManagerBridge.newModule.ms,1787296475341000000,1787296535348000000,0
jps.artifact.entities.serializer.save.entities.ms,1787296475341000000,1787296535348000000,0
jps.global.get.libraries.ms,1787296475341000000,1787296535348000000,3
workspaceModel.moduleBridge.before.changed.ms,1787296475341000000,1787296535348000000,0
workspaceModel.mutableEntityStorage.mutable.ext.mapping.ms,1787296475341000000,1787296535348000000,1
workspaceModel.init.bridges.ms,1787296475341000000,1787296535348000000,2
workspaceModel.pre.handlers.ms,1787296475341000000,1787296535348000000,3
workspaceModel.to.snapshot.ms,1787296475341000000,1787296535348000000,9
workspaceModel.replace.project.model.ms,1787296475341000000,1787296535348000000,0
workspaceModel.update.unloaded.entities.ms,1787296475341000000,1787296535348000000,0
workspaceModel.loading.from.cache.ms,1787296475341000000,1787296535348000000,39
workspaceModel.loading.total.ms,1787296475341000000,1787296535348000000,50
workspaceModel.check.recursive.update.ms,1787296475341000000,1787296535348000000,0
workspaceModel.collect.changes.ms,1787296475341000000,1787296535348000000,0
workspaceModel.updates.count,1787296475341000000,1787296535348000000,1
workspaceModel.initializing.ms,1787296475341000000,1787296535348000000,2
workspaceModel.updates.ms,1787296475341000000,1787296535348000000,141
workspaceModel.updates.precise.ms,1787296475341000000,1787296535348000000,20
FileNameCache.fastMisses,1787296475341000000,1787296535348000000,0
FileNameCache.queries,1787296475341000000,1787296535348000000,0
FileNameCache.totalMisses,1787296475341000000,1787296535348000000,0
Indexes.stubs.lookupDuration90PMs,1787296475341000000,1787296535348000000,0.0
Indexes.stubs.lookupDurationMaxMs,1787296475341000000,1787296535348000000,0.0
Indexes.entries.lookupDurationAvgMs,1787296475341000000,1787296535348000000,0.0
Indexes.allKeys.lookupDurationMaxMs,1787296475341000000,1787296535348000000,0.0
IndexesFlusher.totalFlushingTimeUs,1787296475341000000,1787296535348000000,704754
IndexesFlusher.totalFlushesRetried,1787296475341000000,1787296535348000000,0
IndexesFlusher.totalContentionQuotaSpent,1787296475341000000,1787296535348000000,0
Indexes.entries.lookups,1787296475341000000,1787296535348000000,0.0
Indexes.allKeys.lookupDuration90PMs,1787296475341000000,1787296535348000000,0.0
Indexes.stubs.lookupDurationAvgMs,1787296475341000000,1787296535348000000,0.0
Indexes.entries.lookupDurationMaxMs,1787296475341000000,1787296535348000000,0.0
Indexes.entries.lookupDuration90PMs,1787296475341000000,1787296535348000000,0.0
VFSFlusher.totalFlushesRetried,1787296475341000000,1787296535348000000,0
Indexes.allKeys.lookups,1787296475341000000,1787296535348000000,0.0
VFSFlusher.totalContentionQuotaSpent,1787296475341000000,1787296535348000000,0
Indexes.stubs.lookups,1787296475341000000,1787296535348000000,0.0
VFSFlusher.totalFlushes,1787296475341000000,1787296535348000000,0
Indexes.allKeys.lookupDurationAvgMs,1787296475341000000,1787296535348000000,0.0
VFSFlusher.totalFlushingTimeUs,1787296475341000000,1787296535348000000,0
IndexesFlusher.totalFlushes,1787296475341000000,1787296535348000000,117
JVM.GC.collectionTimesMs,1787296475341000000,1787296535348000000,12
JVM.maxNativeBytes,1787296475341000000,1787296535348000000,-1
JVM.GC.collections,1787296475341000000,1787296535348000000,1
JVM.threadCount,1787296475341000000,1787296535348000000,50
JVM.usedHeapBytes,1787296475341000000,1787296535348000000,576059232
OS.loadAverage,1787296475341000000,1787296535348000000,2.224609375
JVM.totalCpuTimeMs,1787296475341000000,1787296535348000000,5365
JVM.maxHeapBytes,1787296475341000000,1787296535348000000,2147483648
JVM.usedNativeBytes,1787296475341000000,1787296535348000000,438670816
NonBlockingReadAction.finalizedExecutionsCount,1787296475341000000,1787296535348000000,0
AWTEventQueue.eventsDispatched,1787296475341000000,1787296535348000000,3374
FlushQueue.waitingTimeAvgNs,1787296475341000000,1787296535348000000,254194.13333333333
FlushQueue.executionTimeMaxNs,1787296475341000000,1787296535348000000,436223
AWTEventQueue.dispatchTime90PNs,1787296475341000000,1787296535348000000,352255
FlushQueue.queueSizeMax,1787296475341000000,1787296535348000000,0
FlushQueue.queueSize90P,1787296475341000000,1787296535348000000,0
FlushQueue.executionTimeAvgNs,1787296475341000000,1787296535348000000,85352.0
FlushQueue.waitingTimeMaxNs,1787296475341000000,1787296535348000000,1015807
NonBlockingReadAction.failedExecutionTimeUs,1787296475341000000,1787296535348000000,0
NonBlockingReadAction.finalizedExecutionTimeUs,1787296475341000000,1787296535348000000,0
FlushQueue.queueSizeAvg,1787296475341000000,1787296535348000000,0.0
FlushQueue.waitingTime90PNs,1787296475341000000,1787296535348000000,348159
FlushQueue.tasksExecuted,1787296475341000000,1787296535348000000,120
AWTEventQueue.dispatchTimeMaxNs,1787296475341000000,1787296535348000000,3178495
AWTEventQueue.dispatchTimeTotalNS,1787296475341000000,1787296535348000000,595106234
FlushQueue.executionTime90PNs,1787296475341000000,1787296535348000000,127487
AWTEventQueue.dispatchTimeAvgNs,1787296475341000000,1787296535348000000,176379.5518672199
NonBlockingReadAction.failedExecutionsCount,1787296475341000000,1787296535348000000,0
StorageLockContext.competingThreads.avg,1787296535348000000,1787296595348000000,0.0
StreamlinedBlobStorage.totalLiveRecordsPayloadBytes,1787296535348000000,1787296595348000000,0
FilePageCache.pageLoads,1787296535348000000,1787296595348000000,0
DirectByteBufferAllocator.totalSizeOfBuffersAllocatedInBytes,1787296535348000000,1787296595348000000,425754624
StreamlinedBlobStorage.recordsDeleted,1787296535348000000,1787296595348000000,0
StorageLockContext.competingThreads.max,1787296535348000000,1787296595348000000,0
StreamlinedBlobStorage.totalLiveRecordsCapacityBytes,1787296535348000000,1787296595348000000,0
DirectByteBufferAllocator.hits,1787296535348000000,1787296595348000000,0
StreamlinedBlobStorage.recordsAllocated,1787296535348000000,1787296595348000000,0
StreamlinedBlobStorage.recordsRelocated,1787296535348000000,1787296595348000000,0
FilePageCache.pageHits,1787296535348000000,1787296595348000000,0
StorageLockContext.competingThreads.90P,1787296535348000000,1787296595348000000,0
FilePageCache.pageFastCacheHits,1787296535348000000,1787296595348000000,0
FilePageCache.totalPageLoadsUs,1787296535348000000,1787296595348000000,0
FilePageCache.capacityInBytes,1787296535348000000,1787296595348000000,524288000
FilePageCache.maxRegisteredFiles,1787296535348000000,1787296595348000000,618
FilePageCache.disposedBuffers,1787296535348000000,1787296595348000000,0
FilePageCache.pageLoadsAboveSizeThreshold,1787296535348000000,1787296595348000000,0
FilePageCache.maxCacheSizeInBytes,1787296535348000000,1787296595348000000,425754624
DirectByteBufferAllocator.misses,1787296535348000000,1787296595348000000,0
DirectByteBufferAllocator.reclaimed,1787296535348000000,1787296595348000000,0
FilePageCache.uncachedFileAccess,1787296535348000000,1787296595348000000,0
DirectByteBufferAllocator.totalSizeOfBuffersCachedInBytes,1787296535348000000,1787296595348000000,0
FilePageCache.totalPageDisposalsUs,1787296535348000000,1787296595348000000,0
DirectByteBufferAllocator.disposed,1787296535348000000,1787296595348000000,0
jps.facet.change.listener.init.bridge.ms,1787296535348000000,1787296595348000000,0
workspaceModel.global.apply.state.to.project.ms,1787296535348000000,1787296595348000000,0
jps.global.handle.before.change.events.ms,1787296535348000000,1787296595348000000,0
workspaceModel.mutableEntityStorage.mutable.vfurl.index.ms,1787296535348000000,1787296595348000000,0
workspaceModel.delayed.project.synchronizer.sync.ms,1787296535348000000,1787296595348000000,0
jps.global.initialize.library.bridges.after.loading.ms,1787296535348000000,1787296595348000000,0
workspaceModel.mutableEntityStorage.put.entity.ms,1787296535348000000,1787296595348000000,42
workspaceModel.load.cache.from.file.ms,1787296535348000000,1787296595348000000,0
workspaceModel.mutableEntityStorage.referrers.ms,1787296535348000000,1787296595348000000,0
jps.app.storage.content.reader.load.component.ms,1787296535348000000,1787296595348000000,7
workspaceModel.moduleManagerBridge.get.modules.ms,1787296535348000000,1787296595348000000,42
workspaceModel.mutableEntityStorage.resolve.ms,1787296535348000000,1787296595348000000,0
workspaceModel.mutableEntityStorage.has.same.entities.ms,1787296535348000000,1787296595348000000,0
workspaceModel.save.cache.to.file.ms,1787296535348000000,1787296595348000000,253
workspaceModel.mutableEntityStorage.modify.entity.ms,1787296535348000000,1787296595348000000,0
workspaceModel.mutableEntityStorage.to.snapshot.ms,1787296535348000000,1787296595348000000,10
jps.library.entities.serializer.save.entities.ms,1787296535348000000,1787296595348000000,0
workspaceModel.moduleManagerBridge.build.module.graph.ms,1787296535348000000,1787296595348000000,2
jps.global.get.library.by.name.ms,1787296535348000000,1787296595348000000,0
jps.load.initial.state.ms,1787296535348000000,1787296595348000000,30
workspaceModel.moduleBridge.update.option.ms,1787296535348000000,1787296595348000000,0
jps.reload.project.entities.ms,1787296535348000000,1787296595348000000,0
jps.facet.change.listener.before.change.events.ms,1787296535348000000,1787296595348000000,3
workspaceModel.mutableEntityStorage.replace.by.source.ms,1787296535348000000,1787296595348000000,25
jps.library.entities.serializer.load.entities.ms,1787296535348000000,1787296595348000000,62
workspaceModel.mutableEntityStorage.entities.by.source.ms,1787296535348000000,1787296595348000000,2
workspaceModel.mutableEntityStorage.add.diff.ms,1787296535348000000,1787296595348000000,26
workspaceModel.global.updates.count,1787296535348000000,1787296595348000000,0
jps.module.iml.entities.serializer.save.entities.ms,1787296535348000000,1787296595348000000,0
jps.apply.loaded.storage.ms,1787296535348000000,1787296595348000000,1068
workspaceModel.mutableEntityStorage.add.entity.ms,1787296535348000000,1787296595348000000,141
workspaceModel.orphan.listener.update.ms,1787296535348000000,1787296595348000000,2
workspaceModel.mutableEntityStorage.collect.changes.ms,1787296535348000000,1787296595348000000,2
workspaceModel.moduleManagerBridge.load.module.ms,1787296535348000000,1787296595348000000,0
workspaceModel.moduleBridgeLoader.loading.modules.ms,1787296535348000000,1787296595348000000,2723
workspaceModel.moduleBridge.facet.initialization.ms,1787296535348000000,1787296595348000000,0
jps.storage.jps.conf.reader.load.component.ms,1787296535348000000,1787296595348000000,78
workspaceModel.global.updates.ms,1787296535348000000,1787296595348000000,0
workspaceModel.mutableEntityStorage.entities.ms,1787296535348000000,1787296595348000000,1
jps.facet.change.listener.process.change.events.ms,1787296535348000000,1787296595348000000,1
workspaceModel.moduleManagerBridge.load.all.modules.ms,1787296535348000000,1787296595348000000,54
workspaceModel.moduleManagerBridge.set.unloadedModules.ms,1787296535348000000,1787296595348000000,0
jps.module.iml.entities.serializer.load.entities.ms,1787296535348000000,1787296595348000000,439
workspaceModel.mutableEntityStorage.remove.entity.ms,1787296535348000000,1787296595348000000,0
jps.save.changed.project.entities.ms,1787296535348000000,1787296595348000000,4
jps.global.initialize.library.bridges.ms,1787296535348000000,1787296595348000000,0
jps.save.global.entities.ms,1787296535348000000,1787296595348000000,162
jps.load.project.to.empty.storage.ms,1787296535348000000,1787296595348000000,318
jps.global.get.library.ms,1787296535348000000,1787296595348000000,0
jps.project.serializers.load.ms,1787296535348000000,1787296595348000000,267
jps.app.storage.content.writer.save.component.ms,1787296535348000000,1787296595348000000,0
workspaceModel.moduleManagerBridge.new.nonPersistent.module.ms,1787296535348000000,1787296595348000000,0
jps.artifact.entities.serializer.load.entities.ms,1787296535348000000,1787296595348000000,0
jps.global.handle.changed.events.ms,1787296535348000000,1787296595348000000,0
jps.project.serializers.save.ms,1787296535348000000,1787296595348000000,2
workspaceModel.global.apply.state.to.project.builder.ms,1787296535348000000,1787296595348000000,6
workspaceModel.moduleManagerBridge.create.module.instance.ms,1787296535348000000,1787296595348000000,0
workspaceModel.sync.entities.ms,1787296535348000000,1787296595348000000,0
workspaceModel.moduleManagerBridge.newModule.ms,1787296535348000000,1787296595348000000,0
jps.artifact.entities.serializer.save.entities.ms,1787296535348000000,1787296595348000000,0
jps.global.get.libraries.ms,1787296535348000000,1787296595348000000,3
workspaceModel.moduleBridge.before.changed.ms,1787296535348000000,1787296595348000000,0
workspaceModel.mutableEntityStorage.mutable.ext.mapping.ms,1787296535348000000,1787296595348000000,1
workspaceModel.init.bridges.ms,1787296535348000000,1787296595348000000,2
workspaceModel.pre.handlers.ms,1787296535348000000,1787296595348000000,3
workspaceModel.to.snapshot.ms,1787296535348000000,1787296595348000000,9
workspaceModel.replace.project.model.ms,1787296535348000000,1787296595348000000,0
workspaceModel.update.unloaded.entities.ms,1787296535348000000,1787296595348000000,0
workspaceModel.loading.from.cache.ms,1787296535348000000,1787296595348000000,39
workspaceModel.loading.total.ms,1787296535348000000,1787296595348000000,50
workspaceModel.check.recursive.update.ms,1787296535348000000,1787296595348000000,0
workspaceModel.collect.changes.ms,1787296535348000000,1787296595348000000,0
workspaceModel.updates.count,1787296535348000000,1787296595348000000,1
workspaceModel.initializing.ms,1787296535348000000,1787296595348000000,2
workspaceModel.updates.ms,1787296535348000000,1787296595348000000,141
workspaceModel.updates.precise.ms,1787296535348000000,1787296595348000000,20
FileNameCache.fastMisses,1787296535348000000,1787296595348000000,0
FileNameCache.queries,1787296535348000000,1787296595348000000,0
FileNameCache.totalMisses,1787296535348000000,1787296595348000000,0
Indexes.stubs.lookupDuration90PMs,1787296535348000000,1787296595348000000,0.0
Indexes.stubs.lookupDurationMaxMs,1787296535348000000,1787296595348000000,0.0
Indexes.entries.lookupDurationAvgMs,1787296535348000000,1787296595348000000,0.0
Indexes.allKeys.lookupDurationMaxMs,1787296535348000000,1787296595348000000,0.0
IndexesFlusher.totalFlushingTimeUs,1787296535348000000,1787296595348000000,684658
IndexesFlusher.totalFlushesRetried,1787296535348000000,1787296595348000000,0
IndexesFlusher.totalContentionQuotaSpent,1787296535348000000,1787296595348000000,0
Indexes.entries.lookups,1787296535348000000,1787296595348000000,0.0
Indexes.allKeys.lookupDuration90PMs,1787296535348000000,1787296595348000000,0.0
Indexes.stubs.lookupDurationAvgMs,1787296535348000000,1787296595348000000,0.0
Indexes.entries.lookupDurationMaxMs,1787296535348000000,1787296595348000000,0.0
Indexes.entries.lookupDuration90PMs,1787296535348000000,1787296595348000000,0.0
VFSFlusher.totalFlushesRetried,1787296535348000000,1787296595348000000,0
Indexes.allKeys.lookups,1787296535348000000,1787296595348000000,0.0
VFSFlusher.totalContentionQuotaSpent,1787296535348000000,1787296595348000000,0
Indexes.stubs.lookups,1787296535348000000,1787296595348000000,0.0
VFSFlusher.totalFlushes,1787296535348000000,1787296595348000000,0
Indexes.allKeys.lookupDurationAvgMs,1787296535348000000,1787296595348000000,0.0
VFSFlusher.totalFlushingTimeUs,1787296535348000000,1787296595348000000,0
IndexesFlusher.totalFlushes,1787296535348000000,1787296595348000000,117
JVM.GC.collectionTimesMs,1787296535348000000,1787296595348000000,47
JVM.maxNativeBytes,1787296535348000000,1787296595348000000,-1
JVM.GC.collections,1787296535348000000,1787296595348000000,1
JVM.threadCount,1787296535348000000,1787296595348000000,44
JVM.usedHeapBytes,1787296535348000000,1787296595348000000,547277008
OS.loadAverage,1787296535348000000,1787296595348000000,2.62451171875
JVM.totalCpuTimeMs,1787296535348000000,1787296595348000000,4550
JVM.maxHeapBytes,1787296535348000000,1787296595348000000,2147483648
JVM.usedNativeBytes,1787296535348000000,1787296595348000000,438713440
NonBlockingReadAction.finalizedExecutionsCount,1787296535348000000,1787296595348000000,0
AWTEventQueue.eventsDispatched,1787296535348000000,1787296595348000000,3385
FlushQueue.waitingTimeAvgNs,1787296535348000000,1787296595348000000,261994.84297520661
FlushQueue.executionTimeMaxNs,1787296535348000000,1787296595348000000,395263
AWTEventQueue.dispatchTime90PNs,1787296535348000000,1787296595348000000,364543
FlushQueue.queueSizeMax,1787296535348000000,1787296595348000000,0
FlushQueue.queueSize90P,1787296535348000000,1787296595348000000,0
FlushQueue.executionTimeAvgNs,1787296535348000000,1787296595348000000,81565.09090909091
FlushQueue.waitingTimeMaxNs,1787296535348000000,1787296595348000000,737279
NonBlockingReadAction.failedExecutionTimeUs,1787296535348000000,1787296595348000000,0
NonBlockingReadAction.finalizedExecutionTimeUs,1787296535348000000,1787296595348000000,0
FlushQueue.queueSizeAvg,1787296535348000000,1787296595348000000,0.0
FlushQueue.waitingTime90PNs,1787296535348000000,1787296595348000000,401407
FlushQueue.tasksExecuted,1787296535348000000,1787296595348000000,121
AWTEventQueue.dispatchTimeMaxNs,1787296535348000000,1787296595348000000,1286143
AWTEventQueue.dispatchTimeTotalNS,1787296535348000000,1787296595348000000,613557136
FlushQueue.executionTime90PNs,1787296535348000000,1787296595348000000,134143
AWTEventQueue.dispatchTimeAvgNs,1787296535348000000,1787296595348000000,181255.9787296898
NonBlockingReadAction.failedExecutionsCount,1787296535348000000,1787296595348000000,0
StorageLockContext.competingThreads.avg,1787296595348000000,1787296655348000000,0.0
StreamlinedBlobStorage.totalLiveRecordsPayloadBytes,1787296595348000000,1787296655348000000,0
FilePageCache.pageLoads,1787296595348000000,1787296655348000000,0
DirectByteBufferAllocator.totalSizeOfBuffersAllocatedInBytes,1787296595348000000,1787296655348000000,425754624
StreamlinedBlobStorage.recordsDeleted,1787296595348000000,1787296655348000000,0
StorageLockContext.competingThreads.max,1787296595348000000,1787296655348000000,0
StreamlinedBlobStorage.totalLiveRecordsCapacityBytes,1787296595348000000,1787296655348000000,0
DirectByteBufferAllocator.hits,1787296595348000000,1787296655348000000,0
StreamlinedBlobStorage.recordsAllocated,1787296595348000000,1787296655348000000,0
StreamlinedBlobStorage.recordsRelocated,1787296595348000000,1787296655348000000,0
FilePageCache.pageHits,1787296595348000000,1787296655348000000,0
StorageLockContext.competingThreads.90P,1787296595348000000,1787296655348000000,0
FilePageCache.pageFastCacheHits,1787296595348000000,1787296655348000000,0
FilePageCache.totalPageLoadsUs,1787296595348000000,1787296655348000000,0
FilePageCache.capacityInBytes,1787296595348000000,1787296655348000000,524288000
FilePageCache.maxRegisteredFiles,1787296595348000000,1787296655348000000,618
FilePageCache.disposedBuffers,1787296595348000000,1787296655348000000,0
FilePageCache.pageLoadsAboveSizeThreshold,1787296595348000000,1787296655348000000,0
FilePageCache.maxCacheSizeInBytes,1787296595348000000,1787296655348000000,425754624
DirectByteBufferAllocator.misses,1787296595348000000,1787296655348000000,0
DirectByteBufferAllocator.reclaimed,1787296595348000000,1787296655348000000,0
FilePageCache.uncachedFileAccess,1787296595348000000,1787296655348000000,0
DirectByteBufferAllocator.totalSizeOfBuffersCachedInBytes,1787296595348000000,1787296655348000000,0
FilePageCache.totalPageDisposalsUs,1787296595348000000,1787296655348000000,0
DirectByteBufferAllocator.disposed,1787296595348000000,1787296655348000000,0
jps.facet.change.listener.init.bridge.ms,1787296595348000000,1787296655348000000,0
workspaceModel.global.apply.state.to.project.ms,1787296595348000000,1787296655348000000,0
jps.global.handle.before.change.events.ms,1787296595348000000,1787296655348000000,0
workspaceModel.mutableEntityStorage.mutable.vfurl.index.ms,1787296595348000000,1787296655348000000,0
workspaceModel.delayed.project.synchronizer.sync.ms,1787296595348000000,1787296655348000000,0
jps.global.initialize.library.bridges.after.loading.ms,1787296595348000000,1787296655348000000,0
workspaceModel.mutableEntityStorage.put.entity.ms,1787296595348000000,1787296655348000000,42
workspaceModel.load.cache.from.file.ms,1787296595348000000,1787296655348000000,0
workspaceModel.mutableEntityStorage.referrers.ms,1787296595348000000,1787296655348000000,0
jps.app.storage.content.reader.load.component.ms,1787296595348000000,1787296655348000000,7
workspaceModel.moduleManagerBridge.get.modules.ms,1787296595348000000,1787296655348000000,42
workspaceModel.mutableEntityStorage.resolve.ms,1787296595348000000,1787296655348000000,0
workspaceModel.mutableEntityStorage.has.same.entities.ms,1787296595348000000,1787296655348000000,0
workspaceModel.save.cache.to.file.ms,1787296595348000000,1787296655348000000,253
workspaceModel.mutableEntityStorage.modify.entity.ms,1787296595348000000,1787296655348000000,0
workspaceModel.mutableEntityStorage.to.snapshot.ms,1787296595348000000,1787296655348000000,10
jps.library.entities.serializer.save.entities.ms,1787296595348000000,1787296655348000000,0
workspaceModel.moduleManagerBridge.build.module.graph.ms,1787296595348000000,1787296655348000000,2
jps.global.get.library.by.name.ms,1787296595348000000,1787296655348000000,0
jps.load.initial.state.ms,1787296595348000000,1787296655348000000,30
workspaceModel.moduleBridge.update.option.ms,1787296595348000000,1787296655348000000,0
jps.reload.project.entities.ms,1787296595348000000,1787296655348000000,0
jps.facet.change.listener.before.change.events.ms,1787296595348000000,1787296655348000000,3
workspaceModel.mutableEntityStorage.replace.by.source.ms,1787296595348000000,1787296655348000000,25
jps.library.entities.serializer.load.entities.ms,1787296595348000000,1787296655348000000,62
workspaceModel.mutableEntityStorage.entities.by.source.ms,1787296595348000000,1787296655348000000,2
workspaceModel.mutableEntityStorage.add.diff.ms,1787296595348000000,1787296655348000000,26
workspaceModel.global.updates.count,1787296595348000000,1787296655348000000,0
jps.module.iml.entities.serializer.save.entities.ms,1787296595348000000,1787296655348000000,0
jps.apply.loaded.storage.ms,1787296595348000000,1787296655348000000,1068
workspaceModel.mutableEntityStorage.add.entity.ms,1787296595348000000,1787296655348000000,141
workspaceModel.orphan.listener.update.ms,1787296595348000000,1787296655348000000,2
workspaceModel.mutableEntityStorage.collect.changes.ms,1787296595348000000,1787296655348000000,2
workspaceModel.moduleManagerBridge.load.module.ms,1787296595348000000,1787296655348000000,0
workspaceModel.moduleBridgeLoader.loading.modules.ms,1787296595348000000,1787296655348000000,2723
workspaceModel.moduleBridge.facet.initialization.ms,1787296595348000000,1787296655348000000,0
jps.storage.jps.conf.reader.load.component.ms,1787296595348000000,1787296655348000000,78
workspaceModel.global.updates.ms,1787296595348000000,1787296655348000000,0
workspaceModel.mutableEntityStorage.entities.ms,1787296595348000000,1787296655348000000,1
jps.facet.change.listener.process.change.events.ms,1787296595348000000,1787296655348000000,1
workspaceModel.moduleManagerBridge.load.all.modules.ms,1787296595348000000,1787296655348000000,54
workspaceModel.moduleManagerBridge.set.unloadedModules.ms,1787296595348000000,1787296655348000000,0
jps.module.iml.entities.serializer.load.entities.ms,1787296595348000000,1787296655348000000,439
workspaceModel.mutableEntityStorage.remove.entity.ms,1787296595348000000,1787296655348000000,0
jps.save.changed.project.entities.ms,1787296595348000000,1787296655348000000,4
jps.global.initialize.library.bridges.ms,1787296595348000000,1787296655348000000,0
jps.save.global.entities.ms,1787296595348000000,1787296655348000000,162
jps.load.project.to.empty.storage.ms,1787296595348000000,1787296655348000000,318
jps.global.get.library.ms,1787296595348000000,1787296655348000000,0
jps.project.serializers.load.ms,1787296595348000000,1787296655348000000,267
jps.app.storage.content.writer.save.component.ms,1787296595348000000,1787296655348000000,0
workspaceModel.moduleManagerBridge.new.nonPersistent.module.ms,1787296595348000000,1787296655348000000,0
jps.artifact.entities.serializer.load.entities.ms,1787296595348000000,1787296655348000000,0
jps.global.handle.changed.events.ms,1787296595348000000,1787296655348000000,0
jps.project.serializers.save.ms,1787296595348000000,1787296655348000000,2
workspaceModel.global.apply.state.to.project.builder.ms,1787296595348000000,1787296655348000000,6
workspaceModel.moduleManagerBridge.create.module.instance.ms,1787296595348000000,1787296655348000000,0
workspaceModel.sync.entities.ms,1787296595348000000,1787296655348000000,0
workspaceModel.moduleManagerBridge.newModule.ms,1787296595348000000,1787296655348000000,0
jps.artifact.entities.serializer.save.entities.ms,1787296595348000000,1787296655348000000,0
jps.global.get.libraries.ms,1787296595348000000,1787296655348000000,3
workspaceModel.moduleBridge.before.changed.ms,1787296595348000000,1787296655348000000,0
workspaceModel.mutableEntityStorage.mutable.ext.mapping.ms,1787296595348000000,1787296655348000000,1
workspaceModel.init.bridges.ms,1787296595348000000,1787296655348000000,2
workspaceModel.pre.handlers.ms,1787296595348000000,1787296655348000000,3
workspaceModel.to.snapshot.ms,1787296595348000000,1787296655348000000,9
workspaceModel.replace.project.model.ms,1787296595348000000,1787296655348000000,0
workspaceModel.update.unloaded.entities.ms,1787296595348000000,1787296655348000000,0
workspaceModel.loading.from.cache.ms,1787296595348000000,1787296655348000000,39
workspaceModel.loading.total.ms,1787296595348000000,1787296655348000000,50
workspaceModel.check.recursive.update.ms,1787296595348000000,1787296655348000000,0
workspaceModel.collect.changes.ms,1787296595348000000,1787296655348000000,0
workspaceModel.updates.count,1787296595348000000,1787296655348000000,1
workspaceModel.initializing.ms,1787296595348000000,1787296655348000000,2
workspaceModel.updates.ms,1787296595348000000,1787296655348000000,141
workspaceModel.updates.precise.ms,1787296595348000000,1787296655348000000,20
FileNameCache.fastMisses,1787296595348000000,1787296655348000000,0
FileNameCache.queries,1787296595348000000,1787296655348000000,0
FileNameCache.totalMisses,1787296595348000000,1787296655348000000,0
Indexes.stubs.lookupDuration90PMs,1787296595348000000,1787296655348000000,0.0
Indexes.stubs.lookupDurationMaxMs,1787296595348000000,1787296655348000000,0.0
Indexes.entries.lookupDurationAvgMs,1787296595348000000,1787296655348000000,0.0
Indexes.allKeys.lookupDurationMaxMs,1787296595348000000,1787296655348000000,0.0
IndexesFlusher.totalFlushingTimeUs,1787296595348000000,1787296655348000000,697620
IndexesFlusher.totalFlushesRetried,1787296595348000000,1787296655348000000,0
IndexesFlusher.totalContentionQuotaSpent,1787296595348000000,1787296655348000000,0
Indexes.entries.lookups,1787296595348000000,1787296655348000000,0.0
Indexes.allKeys.lookupDuration90PMs,1787296595348000000,1787296655348000000,0.0
Indexes.stubs.lookupDurationAvgMs,1787296595348000000,1787296655348000000,0.0
Indexes.entries.lookupDurationMaxMs,1787296595348000000,1787296655348000000,0.0
Indexes.entries.lookupDuration90PMs,1787296595348000000,1787296655348000000,0.0
VFSFlusher.totalFlushesRetried,1787296595348000000,1787296655348000000,0
Indexes.allKeys.lookups,1787296595348000000,1787296655348000000,0.0
VFSFlusher.totalContentionQuotaSpent,1787296595348000000,1787296655348000000,0
Indexes.stubs.lookups,1787296595348000000,1787296655348000000,0.0
VFSFlusher.totalFlushes,1787296595348000000,1787296655348000000,0
Indexes.allKeys.lookupDurationAvgMs,1787296595348000000,1787296655348000000,0.0
VFSFlusher.totalFlushingTimeUs,1787296595348000000,1787296655348000000,0
IndexesFlusher.totalFlushes,1787296595348000000,1787296655348000000,117
JVM.GC.collectionTimesMs,1787296595348000000,1787296655348000000,0
JVM.maxNativeBytes,1787296595348000000,1787296655348000000,-1
JVM.GC.collections,1787296595348000000,1787296655348000000,0
JVM.threadCount,1787296595348000000,1787296655348000000,43
JVM.usedHeapBytes,1787296595348000000,1787296655348000000,586074320
OS.loadAverage,1787296595348000000,1787296655348000000,2.16259765625
JVM.totalCpuTimeMs,1787296595348000000,1787296655348000000,4241
JVM.maxHeapBytes,1787296595348000000,1787296655348000000,2147483648
JVM.usedNativeBytes,1787296595348000000,1787296655348000000,438746928
NonBlockingReadAction.finalizedExecutionsCount,1787296595348000000,1787296655348000000,0
AWTEventQueue.eventsDispatched,1787296595348000000,1787296655348000000,3379
FlushQueue.waitingTimeAvgNs,1787296595348000000,1787296655348000000,236623.73770491802
FlushQueue.executionTimeMaxNs,1787296595348000000,1787296655348000000,4456447
AWTEventQueue.dispatchTime90PNs,1787296595348000000,1787296655348000000,348159
FlushQueue.queueSizeMax,1787296595348000000,1787296655348000000,0
FlushQueue.queueSize90P,1787296595348000000,1787296655348000000,0
FlushQueue.executionTimeAvgNs,1787296595348000000,1787296655348000000,171115.54098360657
FlushQueue.waitingTimeMaxNs,1787296595348000000,1787296655348000000,514047
NonBlockingReadAction.failedExecutionTimeUs,1787296595348000000,1787296655348000000,0
NonBlockingReadAction.finalizedExecutionTimeUs,1787296595348000000,1787296655348000000,0
FlushQueue.queueSizeAvg,1787296595348000000,1787296655348000000,0.0
FlushQueue.waitingTime90PNs,1787296595348000000,1787296655348000000,356351
FlushQueue.tasksExecuted,1787296595348000000,1787296655348000000,122
AWTEventQueue.dispatchTimeMaxNs,1787296595348000000,1787296655348000000,4521983
AWTEventQueue.dispatchTimeTotalNS,1787296595348000000,1787296655348000000,615237620
FlushQueue.executionTime90PNs,1787296595348000000,1787296655348000000,152575
AWTEventQueue.dispatchTimeAvgNs,1787296595348000000,1787296655348000000,182079.93844332642
NonBlockingReadAction.failedExecutionsCount,1787296595348000000,1787296655348000000,0
StorageLockContext.competingThreads.avg,1787296655348000000,1787296715349000000,0.0
StreamlinedBlobStorage.totalLiveRecordsPayloadBytes,1787296655348000000,1787296715349000000,0
FilePageCache.pageLoads,1787296655348000000,1787296715349000000,0
DirectByteBufferAllocator.totalSizeOfBuffersAllocatedInBytes,1787296655348000000,1787296715349000000,425754624
StreamlinedBlobStorage.recordsDeleted,1787296655348000000,1787296715349000000,0
StorageLockContext.competingThreads.max,1787296655348000000,1787296715349000000,0
StreamlinedBlobStorage.totalLiveRecordsCapacityBytes,1787296655348000000,1787296715349000000,0
DirectByteBufferAllocator.hits,1787296655348000000,1787296715349000000,0
StreamlinedBlobStorage.recordsAllocated,1787296655348000000,1787296715349000000,0
StreamlinedBlobStorage.recordsRelocated,1787296655348000000,1787296715349000000,0
FilePageCache.pageHits,1787296655348000000,1787296715349000000,0
StorageLockContext.competingThreads.90P,1787296655348000000,1787296715349000000,0
FilePageCache.pageFastCacheHits,1787296655348000000,1787296715349000000,0
FilePageCache.totalPageLoadsUs,1787296655348000000,1787296715349000000,0
FilePageCache.capacityInBytes,1787296655348000000,1787296715349000000,524288000
FilePageCache.maxRegisteredFiles,1787296655348000000,1787296715349000000,618
FilePageCache.disposedBuffers,1787296655348000000,1787296715349000000,0
FilePageCache.pageLoadsAboveSizeThreshold,1787296655348000000,1787296715349000000,0
FilePageCache.maxCacheSizeInBytes,1787296655348000000,1787296715349000000,425754624
DirectByteBufferAllocator.misses,1787296655348000000,1787296715349000000,0
DirectByteBufferAllocator.reclaimed,1787296655348000000,1787296715349000000,0
FilePageCache.uncachedFileAccess,1787296655348000000,1787296715349000000,0
DirectByteBufferAllocator.totalSizeOfBuffersCachedInBytes,1787296655348000000,1787296715349000000,0
FilePageCache.totalPageDisposalsUs,1787296655348000000,1787296715349000000,0
DirectByteBufferAllocator.disposed,1787296655348000000,1787296715349000000,0
jps.facet.change.listener.init.bridge.ms,1787296655348000000,1787296715349000000,0
workspaceModel.global.apply.state.to.project.ms,1787296655348000000,1787296715349000000,0
jps.global.handle.before.change.events.ms,1787296655348000000,1787296715349000000,0
workspaceModel.mutableEntityStorage.mutable.vfurl.index.ms,1787296655348000000,1787296715349000000,0
workspaceModel.delayed.project.synchronizer.sync.ms,1787296655348000000,1787296715349000000,0
jps.global.initialize.library.bridges.after.loading.ms,1787296655348000000,1787296715349000000,0
workspaceModel.mutableEntityStorage.put.entity.ms,1787296655348000000,1787296715349000000,42
workspaceModel.load.cache.from.file.ms,1787296655348000000,1787296715349000000,0
workspaceModel.mutableEntityStorage.referrers.ms,1787296655348000000,1787296715349000000,0
jps.app.storage.content.reader.load.component.ms,1787296655348000000,1787296715349000000,7
workspaceModel.moduleManagerBridge.get.modules.ms,1787296655348000000,1787296715349000000,42
workspaceModel.mutableEntityStorage.resolve.ms,1787296655348000000,1787296715349000000,0
workspaceModel.mutableEntityStorage.has.same.entities.ms,1787296655348000000,1787296715349000000,0
workspaceModel.save.cache.to.file.ms,1787296655348000000,1787296715349000000,253
workspaceModel.mutableEntityStorage.modify.entity.ms,1787296655348000000,1787296715349000000,0
workspaceModel.mutableEntityStorage.to.snapshot.ms,1787296655348000000,1787296715349000000,10
jps.library.entities.serializer.save.entities.ms,1787296655348000000,1787296715349000000,0
workspaceModel.moduleManagerBridge.build.module.graph.ms,1787296655348000000,1787296715349000000,2
jps.global.get.library.by.name.ms,1787296655348000000,1787296715349000000,0
jps.load.initial.state.ms,1787296655348000000,1787296715349000000,30
workspaceModel.moduleBridge.update.option.ms,1787296655348000000,1787296715349000000,0
jps.reload.project.entities.ms,1787296655348000000,1787296715349000000,0
jps.facet.change.listener.before.change.events.ms,1787296655348000000,1787296715349000000,3
workspaceModel.mutableEntityStorage.replace.by.source.ms,1787296655348000000,1787296715349000000,25
jps.library.entities.serializer.load.entities.ms,1787296655348000000,1787296715349000000,62
workspaceModel.mutableEntityStorage.entities.by.source.ms,1787296655348000000,1787296715349000000,2
workspaceModel.mutableEntityStorage.add.diff.ms,1787296655348000000,1787296715349000000,26
workspaceModel.global.updates.count,1787296655348000000,1787296715349000000,0
jps.module.iml.entities.serializer.save.entities.ms,1787296655348000000,1787296715349000000,0
jps.apply.loaded.storage.ms,1787296655348000000,1787296715349000000,1068
workspaceModel.mutableEntityStorage.add.entity.ms,1787296655348000000,1787296715349000000,141
workspaceModel.orphan.listener.update.ms,1787296655348000000,1787296715349000000,2
workspaceModel.mutableEntityStorage.collect.changes.ms,1787296655348000000,1787296715349000000,2
workspaceModel.moduleManagerBridge.load.module.ms,1787296655348000000,1787296715349000000,0
workspaceModel.moduleBridgeLoader.loading.modules.ms,1787296655348000000,1787296715349000000,2723
workspaceModel.moduleBridge.facet.initialization.ms,1787296655348000000,1787296715349000000,0
jps.storage.jps.conf.reader.load.component.ms,1787296655348000000,1787296715349000000,78
workspaceModel.global.updates.ms,1787296655348000000,1787296715349000000,0
workspaceModel.mutableEntityStorage.entities.ms,1787296655348000000,1787296715349000000,1
jps.facet.change.listener.process.change.events.ms,1787296655348000000,1787296715349000000,1
workspaceModel.moduleManagerBridge.load.all.modules.ms,1787296655348000000,1787296715349000000,54
workspaceModel.moduleManagerBridge.set.unloadedModules.ms,1787296655348000000,1787296715349000000,0
jps.module.iml.entities.serializer.load.entities.ms,1787296655348000000,1787296715349000000,439
workspaceModel.mutableEntityStorage.remove.entity.ms,1787296655348000000,1787296715349000000,0
jps.save.changed.project.entities.ms,1787296655348000000,1787296715349000000,4
jps.global.initialize.library.bridges.ms,1787296655348000000,1787296715349000000,0
jps.save.global.entities.ms,1787296655348000000,1787296715349000000,162
jps.load.project.to.empty.storage.ms,1787296655348000000,1787296715349000000,318
jps.global.get.library.ms,1787296655348000000,1787296715349000000,0
jps.project.serializers.load.ms,1787296655348000000,1787296715349000000,267
jps.app.storage.content.writer.save.component.ms,1787296655348000000,1787296715349000000,0
workspaceModel.moduleManagerBridge.new.nonPersistent.module.ms,1787296655348000000,1787296715349000000,0
jps.artifact.entities.serializer.load.entities.ms,1787296655348000000,1787296715349000000,0
jps.global.handle.changed.events.ms,1787296655348000000,1787296715349000000,0
jps.project.serializers.save.ms,1787296655348000000,1787296715349000000,2
workspaceModel.global.apply.state.to.project.builder.ms,1787296655348000000,1787296715349000000,6
workspaceModel.moduleManagerBridge.create.module.instance.ms,1787296655348000000,1787296715349000000,0
workspaceModel.sync.entities.ms,1787296655348000000,1787296715349000000,0
workspaceModel.moduleManagerBridge.newModule.ms,1787296655348000000,1787296715349000000,0
jps.artifact.entities.serializer.save.entities.ms,1787296655348000000,1787296715349000000,0
jps.global.get.libraries.ms,1787296655348000000,1787296715349000000,3
workspaceModel.moduleBridge.before.changed.ms,1787296655348000000,1787296715349000000,0
workspaceModel.mutableEntityStorage.mutable.ext.mapping.ms,1787296655348000000,1787296715349000000,1
workspaceModel.init.bridges.ms,1787296655348000000,1787296715349000000,2
workspaceModel.pre.handlers.ms,1787296655348000000,1787296715349000000,3
workspaceModel.to.snapshot.ms,1787296655348000000,1787296715349000000,9
workspaceModel.replace.project.model.ms,1787296655348000000,1787296715349000000,0
workspaceModel.update.unloaded.entities.ms,1787296655348000000,1787296715349000000,0
workspaceModel.loading.from.cache.ms,1787296655348000000,1787296715349000000,39
workspaceModel.loading.total.ms,1787296655348000000,1787296715349000000,50
workspaceModel.check.recursive.update.ms,1787296655348000000,1787296715349000000,0
workspaceModel.collect.changes.ms,1787296655348000000,1787296715349000000,0
workspaceModel.updates.count,1787296655348000000,1787296715349000000,1
workspaceModel.initializing.ms,1787296655348000000,1787296715349000000,2
workspaceModel.updates.ms,1787296655348000000,1787296715349000000,141
workspaceModel.updates.precise.ms,1787296655348000000,1787296715349000000,20
FileNameCache.fastMisses,1787296655348000000,1787296715349000000,0
FileNameCache.queries,1787296655348000000,1787296715349000000,0
FileNameCache.totalMisses,1787296655348000000,1787296715349000000,0
Indexes.stubs.lookupDuration90PMs,1787296655348000000,1787296715349000000,0.0
Indexes.stubs.lookupDurationMaxMs,1787296655348000000,1787296715349000000,0.0
Indexes.entries.lookupDurationAvgMs,1787296655348000000,1787296715349000000,0.0
Indexes.allKeys.lookupDurationMaxMs,1787296655348000000,1787296715349000000,0.0
IndexesFlusher.totalFlushingTimeUs,1787296655348000000,1787296715349000000,703093
IndexesFlusher.totalFlushesRetried,1787296655348000000,1787296715349000000,0
IndexesFlusher.totalContentionQuotaSpent,1787296655348000000,1787296715349000000,0
Indexes.entries.lookups,1787296655348000000,1787296715349000000,0.0
Indexes.allKeys.lookupDuration90PMs,1787296655348000000,1787296715349000000,0.0
Indexes.stubs.lookupDurationAvgMs,1787296655348000000,1787296715349000000,0.0
Indexes.entries.lookupDurationMaxMs,1787296655348000000,1787296715349000000,0.0
Indexes.entries.lookupDuration90PMs,1787296655348000000,1787296715349000000,0.0
VFSFlusher.totalFlushesRetried,1787296655348000000,1787296715349000000,0
Indexes.allKeys.lookups,1787296655348000000,1787296715349000000,0.0
VFSFlusher.totalContentionQuotaSpent,1787296655348000000,1787296715349000000,0
Indexes.stubs.lookups,1787296655348000000,1787296715349000000,0.0
VFSFlusher.totalFlushes,1787296655348000000,1787296715349000000,0
Indexes.allKeys.lookupDurationAvgMs,1787296655348000000,1787296715349000000,0.0
VFSFlusher.totalFlushingTimeUs,1787296655348000000,1787296715349000000,0
IndexesFlusher.totalFlushes,1787296655348000000,1787296715349000000,117
JVM.GC.collectionTimesMs,1787296655348000000,1787296715349000000,25
JVM.maxNativeBytes,1787296655348000000,1787296715349000000,-1
JVM.GC.collections,1787296655348000000,1787296715349000000,1
JVM.threadCount,1787296655348000000,1787296715349000000,44
JVM.usedHeapBytes,1787296655348000000,1787296715349000000,553565312
OS.loadAverage,1787296655348000000,1787296715349000000,2.51806640625
JVM.totalCpuTimeMs,1787296655348000000,1787296715349000000,4554
JVM.maxHeapBytes,1787296655348000000,1787296715349000000,2147483648
JVM.usedNativeBytes,1787296655348000000,1787296715349000000,438790656
NonBlockingReadAction.finalizedExecutionsCount,1787296655348000000,1787296715349000000,0
AWTEventQueue.eventsDispatched,1787296655348000000,1787296715349000000,3364
FlushQueue.waitingTimeAvgNs,1787296655348000000,1787296715349000000,250252.8
FlushQueue.executionTimeMaxNs,1787296655348000000,1787296715349000000,749567
AWTEventQueue.dispatchTime90PNs,1787296655348000000,1787296715349000000,368639
FlushQueue.queueSizeMax,1787296655348000000,1787296715349000000,0
FlushQueue.queueSize90P,1787296655348000000,1787296715349000000,0
FlushQueue.executionTimeAvgNs,1787296655348000000,1787296715349000000,84359.46666666666
FlushQueue.waitingTimeMaxNs,1787296655348000000,1787296715349000000,614399
NonBlockingReadAction.failedExecutionTimeUs,1787296655348000000,1787296715349000000,0
NonBlockingReadAction.finalizedExecutionTimeUs,1787296655348000000,1787296715349000000,0
FlushQueue.queueSizeAvg,1787296655348000000,1787296715349000000,0.0
FlushQueue.waitingTime90PNs,1787296655348000000,1787296715349000000,358399
FlushQueue.tasksExecuted,1787296655348000000,1787296715349000000,120
AWTEventQueue.dispatchTimeMaxNs,1787296655348000000,1787296715349000000,4456447
AWTEventQueue.dispatchTimeTotalNS,1787296655348000000,1787296715349000000,607971654
FlushQueue.executionTime90PNs,1787296655348000000,1787296715349000000,135167
AWTEventQueue.dispatchTimeAvgNs,1787296655348000000,1787296715349000000,180652.418549346
NonBlockingReadAction.failedExecutionsCount,1787296655348000000,1787296715349000000,0
StorageLockContext.competingThreads.avg,1787296715349000000,1787296775352000000,0.0
StreamlinedBlobStorage.totalLiveRecordsPayloadBytes,1787296715349000000,1787296775352000000,0
FilePageCache.pageLoads,1787296715349000000,1787296775352000000,0
DirectByteBufferAllocator.totalSizeOfBuffersAllocatedInBytes,1787296715349000000,1787296775352000000,425754624
StreamlinedBlobStorage.recordsDeleted,1787296715349000000,1787296775352000000,0
StorageLockContext.competingThreads.max,1787296715349000000,1787296775352000000,0
StreamlinedBlobStorage.totalLiveRecordsCapacityBytes,1787296715349000000,1787296775352000000,0
DirectByteBufferAllocator.hits,1787296715349000000,1787296775352000000,0
StreamlinedBlobStorage.recordsAllocated,1787296715349000000,1787296775352000000,0
StreamlinedBlobStorage.recordsRelocated,1787296715349000000,1787296775352000000,0
FilePageCache.pageHits,1787296715349000000,1787296775352000000,0
StorageLockContext.competingThreads.90P,1787296715349000000,1787296775352000000,0
FilePageCache.pageFastCacheHits,1787296715349000000,1787296775352000000,4
FilePageCache.totalPageLoadsUs,1787296715349000000,1787296775352000000,0
FilePageCache.capacityInBytes,1787296715349000000,1787296775352000000,524288000
FilePageCache.maxRegisteredFiles,1787296715349000000,1787296775352000000,618
FilePageCache.disposedBuffers,1787296715349000000,1787296775352000000,0
FilePageCache.pageLoadsAboveSizeThreshold,1787296715349000000,1787296775352000000,0
FilePageCache.maxCacheSizeInBytes,1787296715349000000,1787296775352000000,425754624
DirectByteBufferAllocator.misses,1787296715349000000,1787296775352000000,0
DirectByteBufferAllocator.reclaimed,1787296715349000000,1787296775352000000,0
FilePageCache.uncachedFileAccess,1787296715349000000,1787296775352000000,0
DirectByteBufferAllocator.totalSizeOfBuffersCachedInBytes,1787296715349000000,1787296775352000000,0
FilePageCache.totalPageDisposalsUs,1787296715349000000,1787296775352000000,0
DirectByteBufferAllocator.disposed,1787296715349000000,1787296775352000000,0
jps.facet.change.listener.init.bridge.ms,1787296715349000000,1787296775352000000,0
workspaceModel.global.apply.state.to.project.ms,1787296715349000000,1787296775352000000,0
jps.global.handle.before.change.events.ms,1787296715349000000,1787296775352000000,0
workspaceModel.mutableEntityStorage.mutable.vfurl.index.ms,1787296715349000000,1787296775352000000,0
workspaceModel.delayed.project.synchronizer.sync.ms,1787296715349000000,1787296775352000000,0
jps.global.initialize.library.bridges.after.loading.ms,1787296715349000000,1787296775352000000,0
workspaceModel.mutableEntityStorage.put.entity.ms,1787296715349000000,1787296775352000000,42
workspaceModel.load.cache.from.file.ms,1787296715349000000,1787296775352000000,0
workspaceModel.mutableEntityStorage.referrers.ms,1787296715349000000,1787296775352000000,0
jps.app.storage.content.reader.load.component.ms,1787296715349000000,1787296775352000000,7
workspaceModel.moduleManagerBridge.get.modules.ms,1787296715349000000,1787296775352000000,42
workspaceModel.mutableEntityStorage.resolve.ms,1787296715349000000,1787296775352000000,0
workspaceModel.mutableEntityStorage.has.same.entities.ms,1787296715349000000,1787296775352000000,0
workspaceModel.save.cache.to.file.ms,1787296715349000000,1787296775352000000,253
workspaceModel.mutableEntityStorage.modify.entity.ms,1787296715349000000,1787296775352000000,0
workspaceModel.mutableEntityStorage.to.snapshot.ms,1787296715349000000,1787296775352000000,10
jps.library.entities.serializer.save.entities.ms,1787296715349000000,1787296775352000000,0
workspaceModel.moduleManagerBridge.build.module.graph.ms,1787296715349000000,1787296775352000000,2
jps.global.get.library.by.name.ms,1787296715349000000,1787296775352000000,0
jps.load.initial.state.ms,1787296715349000000,1787296775352000000,30
workspaceModel.moduleBridge.update.option.ms,1787296715349000000,1787296775352000000,0
jps.reload.project.entities.ms,1787296715349000000,1787296775352000000,0
jps.facet.change.listener.before.change.events.ms,1787296715349000000,1787296775352000000,3
workspaceModel.mutableEntityStorage.replace.by.source.ms,1787296715349000000,1787296775352000000,25
jps.library.entities.serializer.load.entities.ms,1787296715349000000,1787296775352000000,62
workspaceModel.mutableEntityStorage.entities.by.source.ms,1787296715349000000,1787296775352000000,2
workspaceModel.mutableEntityStorage.add.diff.ms,1787296715349000000,1787296775352000000,26
workspaceModel.global.updates.count,1787296715349000000,1787296775352000000,0
jps.module.iml.entities.serializer.save.entities.ms,1787296715349000000,1787296775352000000,0
jps.apply.loaded.storage.ms,1787296715349000000,1787296775352000000,1068
workspaceModel.mutableEntityStorage.add.entity.ms,1787296715349000000,1787296775352000000,141
workspaceModel.orphan.listener.update.ms,1787296715349000000,1787296775352000000,2
workspaceModel.mutableEntityStorage.collect.changes.ms,1787296715349000000,1787296775352000000,2
workspaceModel.moduleManagerBridge.load.module.ms,1787296715349000000,1787296775352000000,0
workspaceModel.moduleBridgeLoader.loading.modules.ms,1787296715349000000,1787296775352000000,2723
workspaceModel.moduleBridge.facet.initialization.ms,1787296715349000000,1787296775352000000,0
jps.storage.jps.conf.reader.load.component.ms,1787296715349000000,1787296775352000000,78
workspaceModel.global.updates.ms,1787296715349000000,1787296775352000000,0
workspaceModel.mutableEntityStorage.entities.ms,1787296715349000000,1787296775352000000,1
jps.facet.change.listener.process.change.events.ms,1787296715349000000,1787296775352000000,1
workspaceModel.moduleManagerBridge.load.all.modules.ms,1787296715349000000,1787296775352000000,54
workspaceModel.moduleManagerBridge.set.unloadedModules.ms,1787296715349000000,1787296775352000000,0
jps.module.iml.entities.serializer.load.entities.ms,1787296715349000000,1787296775352000000,439
workspaceModel.mutableEntityStorage.remove.entity.ms,1787296715349000000,1787296775352000000,0
jps.save.changed.project.entities.ms,1787296715349000000,1787296775352000000,5
jps.global.initialize.library.bridges.ms,1787296715349000000,1787296775352000000,0
jps.save.global.entities.ms,1787296715349000000,1787296775352000000,169
jps.load.project.to.empty.storage.ms,1787296715349000000,1787296775352000000,318
jps.global.get.library.ms,1787296715349000000,1787296775352000000,0
jps.project.serializers.load.ms,1787296715349000000,1787296775352000000,267
jps.app.storage.content.writer.save.component.ms,1787296715349000000,1787296775352000000,0
workspaceModel.moduleManagerBridge.new.nonPersistent.module.ms,1787296715349000000,1787296775352000000,0
jps.artifact.entities.serializer.load.entities.ms,1787296715349000000,1787296775352000000,0
jps.global.handle.changed.events.ms,1787296715349000000,1787296775352000000,0
jps.project.serializers.save.ms,1787296715349000000,1787296775352000000,3
workspaceModel.global.apply.state.to.project.builder.ms,1787296715349000000,1787296775352000000,6
workspaceModel.moduleManagerBridge.create.module.instance.ms,1787296715349000000,1787296775352000000,0
workspaceModel.sync.entities.ms,1787296715349000000,1787296775352000000,0
workspaceModel.moduleManagerBridge.newModule.ms,1787296715349000000,1787296775352000000,0
jps.artifact.entities.serializer.save.entities.ms,1787296715349000000,1787296775352000000,0
jps.global.get.libraries.ms,1787296715349000000,1787296775352000000,4
workspaceModel.moduleBridge.before.changed.ms,1787296715349000000,1787296775352000000,0
workspaceModel.mutableEntityStorage.mutable.ext.mapping.ms,1787296715349000000,1787296775352000000,1
workspaceModel.init.bridges.ms,1787296715349000000,1787296775352000000,2
workspaceModel.pre.handlers.ms,1787296715349000000,1787296775352000000,3
workspaceModel.to.snapshot.ms,1787296715349000000,1787296775352000000,9
workspaceModel.replace.project.model.ms,1787296715349000000,1787296775352000000,0
workspaceModel.update.unloaded.entities.ms,1787296715349000000,1787296775352000000,0
workspaceModel.loading.from.cache.ms,1787296715349000000,1787296775352000000,39
workspaceModel.loading.total.ms,1787296715349000000,1787296775352000000,50
workspaceModel.check.recursive.update.ms,1787296715349000000,1787296775352000000,0
workspaceModel.collect.changes.ms,1787296715349000000,1787296775352000000,0
workspaceModel.updates.count,1787296715349000000,1787296775352000000,1
workspaceModel.initializing.ms,1787296715349000000,1787296775352000000,2
workspaceModel.updates.ms,1787296715349000000,1787296775352000000,141
workspaceModel.updates.precise.ms,1787296715349000000,1787296775352000000,20
FileNameCache.fastMisses,1787296715349000000,1787296775352000000,3
FileNameCache.queries,1787296715349000000,1787296775352000000,825
FileNameCache.totalMisses,1787296715349000000,1787296775352000000,0
Indexes.stubs.lookupDuration90PMs,1787296715349000000,1787296775352000000,0.0
Indexes.stubs.lookupDurationMaxMs,1787296715349000000,1787296775352000000,0.0
Indexes.entries.lookupDurationAvgMs,1787296715349000000,1787296775352000000,0.0
Indexes.allKeys.lookupDurationMaxMs,1787296715349000000,1787296775352000000,0.0
IndexesFlusher.totalFlushingTimeUs,1787296715349000000,1787296775352000000,655256
IndexesFlusher.totalFlushesRetried,1787296715349000000,1787296775352000000,0
IndexesFlusher.totalContentionQuotaSpent,1787296715349000000,1787296775352000000,0
Indexes.entries.lookups,1787296715349000000,1787296775352000000,0.0
Indexes.allKeys.lookupDuration90PMs,1787296715349000000,1787296775352000000,0.0
Indexes.stubs.lookupDurationAvgMs,1787296715349000000,1787296775352000000,0.0
Indexes.entries.lookupDurationMaxMs,1787296715349000000,1787296775352000000,0.0
Indexes.entries.lookupDuration90PMs,1787296715349000000,1787296775352000000,0.0
VFSFlusher.totalFlushesRetried,1787296715349000000,1787296775352000000,0
Indexes.allKeys.lookups,1787296715349000000,1787296775352000000,0.0
VFSFlusher.totalContentionQuotaSpent,1787296715349000000,1787296775352000000,0
Indexes.stubs.lookups,1787296715349000000,1787296775352000000,0.0
VFSFlusher.totalFlushes,1787296715349000000,1787296775352000000,0
Indexes.allKeys.lookupDurationAvgMs,1787296715349000000,1787296775352000000,0.0
VFSFlusher.totalFlushingTimeUs,1787296715349000000,1787296775352000000,0
IndexesFlusher.totalFlushes,1787296715349000000,1787296775352000000,117
JVM.GC.collectionTimesMs,1787296715349000000,1787296775352000000,0
JVM.maxNativeBytes,1787296715349000000,1787296775352000000,-1
JVM.GC.collections,1787296715349000000,1787296775352000000,0
JVM.threadCount,1787296715349000000,1787296775352000000,54
JVM.usedHeapBytes,1787296715349000000,1787296775352000000,611236992
OS.loadAverage,1787296715349000000,1787296775352000000,2.55615234375
JVM.totalCpuTimeMs,1787296715349000000,1787296775352000000,5268
JVM.maxHeapBytes,1787296715349000000,1787296775352000000,2147483648
JVM.usedNativeBytes,1787296715349000000,1787296775352000000,439335768
NonBlockingReadAction.finalizedExecutionsCount,1787296715349000000,1787296775352000000,4
AWTEventQueue.eventsDispatched,1787296715349000000,1787296775352000000,3502
FlushQueue.waitingTimeAvgNs,1787296715349000000,1787296775352000000,2470468.7627906976
FlushQueue.executionTimeMaxNs,1787296715349000000,1787296775352000000,20316159
AWTEventQueue.dispatchTime90PNs,1787296715349000000,1787296775352000000,366591
FlushQueue.queueSizeMax,1787296715349000000,1787296775352000000,9
FlushQueue.queueSize90P,1787296715349000000,1787296775352000000,1
FlushQueue.executionTimeAvgNs,1787296715349000000,1787296775352000000,447361.1906976744
FlushQueue.waitingTimeMaxNs,1787296715349000000,1787296775352000000,158334975
NonBlockingReadAction.failedExecutionTimeUs,1787296715349000000,1787296775352000000,0
NonBlockingReadAction.finalizedExecutionTimeUs,1787296715349000000,1787296775352000000,41008
FlushQueue.queueSizeAvg,1787296715349000000,1787296775352000000,0.3767441860465116
FlushQueue.waitingTime90PNs,1787296715349000000,1787296775352000000,2637823
FlushQueue.tasksExecuted,1787296715349000000,1787296775352000000,215
AWTEventQueue.dispatchTimeMaxNs,1787296715349000000,1787296775352000000,98041855
AWTEventQueue.dispatchTimeTotalNS,1787296715349000000,1787296775352000000,1097354151
FlushQueue.executionTime90PNs,1787296715349000000,1787296775352000000,884735
AWTEventQueue.dispatchTimeAvgNs,1787296715349000000,1787296775352000000,313147.7715591091
NonBlockingReadAction.failedExecutionsCount,1787296715349000000,1787296775352000000,0
StorageLockContext.competingThreads.avg,1787296775352000000,1787296835353000000,0.0
StreamlinedBlobStorage.totalLiveRecordsPayloadBytes,1787296775352000000,1787296835353000000,0
FilePageCache.pageLoads,1787296775352000000,1787296835353000000,0
DirectByteBufferAllocator.totalSizeOfBuffersAllocatedInBytes,1787296775352000000,1787296835353000000,425754624
StreamlinedBlobStorage.recordsDeleted,1787296775352000000,1787296835353000000,0
StorageLockContext.competingThreads.max,1787296775352000000,1787296835353000000,0
StreamlinedBlobStorage.totalLiveRecordsCapacityBytes,1787296775352000000,1787296835353000000,0
DirectByteBufferAllocator.hits,1787296775352000000,1787296835353000000,0
StreamlinedBlobStorage.recordsAllocated,1787296775352000000,1787296835353000000,0
StreamlinedBlobStorage.recordsRelocated,1787296775352000000,1787296835353000000,0
FilePageCache.pageHits,1787296775352000000,1787296835353000000,0
StorageLockContext.competingThreads.90P,1787296775352000000,1787296835353000000,0
FilePageCache.pageFastCacheHits,1787296775352000000,1787296835353000000,0
FilePageCache.totalPageLoadsUs,1787296775352000000,1787296835353000000,0
FilePageCache.capacityInBytes,1787296775352000000,1787296835353000000,524288000
FilePageCache.maxRegisteredFiles,1787296775352000000,1787296835353000000,618
FilePageCache.disposedBuffers,1787296775352000000,1787296835353000000,0
FilePageCache.pageLoadsAboveSizeThreshold,1787296775352000000,1787296835353000000,0
FilePageCache.maxCacheSizeInBytes,1787296775352000000,1787296835353000000,425754624
DirectByteBufferAllocator.misses,1787296775352000000,1787296835353000000,0
DirectByteBufferAllocator.reclaimed,1787296775352000000,1787296835353000000,0
FilePageCache.uncachedFileAccess,1787296775352000000,1787296835353000000,0
DirectByteBufferAllocator.totalSizeOfBuffersCachedInBytes,1787296775352000000,1787296835353000000,0
FilePageCache.totalPageDisposalsUs,1787296775352000000,1787296835353000000,0
DirectByteBufferAllocator.disposed,1787296775352000000,1787296835353000000,0
jps.facet.change.listener.init.bridge.ms,1787296775352000000,1787296835353000000,0
workspaceModel.global.apply.state.to.project.ms,1787296775352000000,1787296835353000000,0
jps.global.handle.before.change.events.ms,1787296775352000000,1787296835353000000,0
workspaceModel.mutableEntityStorage.mutable.vfurl.index.ms,1787296775352000000,1787296835353000000,0
workspaceModel.delayed.project.synchronizer.sync.ms,1787296775352000000,1787296835353000000,0
jps.global.initialize.library.bridges.after.loading.ms,1787296775352000000,1787296835353000000,0
workspaceModel.mutableEntityStorage.put.entity.ms,1787296775352000000,1787296835353000000,42
workspaceModel.load.cache.from.file.ms,1787296775352000000,1787296835353000000,0
workspaceModel.mutableEntityStorage.referrers.ms,1787296775352000000,1787296835353000000,0
jps.app.storage.content.reader.load.component.ms,1787296775352000000,1787296835353000000,7
workspaceModel.moduleManagerBridge.get.modules.ms,1787296775352000000,1787296835353000000,42
workspaceModel.mutableEntityStorage.resolve.ms,1787296775352000000,1787296835353000000,0
workspaceModel.mutableEntityStorage.has.same.entities.ms,1787296775352000000,1787296835353000000,0
workspaceModel.save.cache.to.file.ms,1787296775352000000,1787296835353000000,253
workspaceModel.mutableEntityStorage.modify.entity.ms,1787296775352000000,1787296835353000000,0
workspaceModel.mutableEntityStorage.to.snapshot.ms,1787296775352000000,1787296835353000000,10
jps.library.entities.serializer.save.entities.ms,1787296775352000000,1787296835353000000,0
workspaceModel.moduleManagerBridge.build.module.graph.ms,1787296775352000000,1787296835353000000,2
jps.global.get.library.by.name.ms,1787296775352000000,1787296835353000000,0
jps.load.initial.state.ms,1787296775352000000,1787296835353000000,30
workspaceModel.moduleBridge.update.option.ms,1787296775352000000,1787296835353000000,0
jps.reload.project.entities.ms,1787296775352000000,1787296835353000000,0
jps.facet.change.listener.before.change.events.ms,1787296775352000000,1787296835353000000,3
workspaceModel.mutableEntityStorage.replace.by.source.ms,1787296775352000000,1787296835353000000,25
jps.library.entities.serializer.load.entities.ms,1787296775352000000,1787296835353000000,62
workspaceModel.mutableEntityStorage.entities.by.source.ms,1787296775352000000,1787296835353000000,2
workspaceModel.mutableEntityStorage.add.diff.ms,1787296775352000000,1787296835353000000,26
workspaceModel.global.updates.count,1787296775352000000,1787296835353000000,0
jps.module.iml.entities.serializer.save.entities.ms,1787296775352000000,1787296835353000000,0
jps.apply.loaded.storage.ms,1787296775352000000,1787296835353000000,1068
workspaceModel.mutableEntityStorage.add.entity.ms,1787296775352000000,1787296835353000000,141
workspaceModel.orphan.listener.update.ms,1787296775352000000,1787296835353000000,2
workspaceModel.mutableEntityStorage.collect.changes.ms,1787296775352000000,1787296835353000000,2
workspaceModel.moduleManagerBridge.load.module.ms,1787296775352000000,1787296835353000000,0
workspaceModel.moduleBridgeLoader.loading.modules.ms,1787296775352000000,1787296835353000000,2723
workspaceModel.moduleBridge.facet.initialization.ms,1787296775352000000,1787296835353000000,0
jps.storage.jps.conf.reader.load.component.ms,1787296775352000000,1787296835353000000,78
workspaceModel.global.updates.ms,1787296775352000000,1787296835353000000,0
workspaceModel.mutableEntityStorage.entities.ms,1787296775352000000,1787296835353000000,1
jps.facet.change.listener.process.change.events.ms,1787296775352000000,1787296835353000000,1
workspaceModel.moduleManagerBridge.load.all.modules.ms,1787296775352000000,1787296835353000000,54
workspaceModel.moduleManagerBridge.set.unloadedModules.ms,1787296775352000000,1787296835353000000,0
jps.module.iml.entities.serializer.load.entities.ms,1787296775352000000,1787296835353000000,439
workspaceModel.mutableEntityStorage.remove.entity.ms,1787296775352000000,1787296835353000000,0
jps.save.changed.project.entities.ms,1787296775352000000,1787296835353000000,5
jps.global.initialize.library.bridges.ms,1787296775352000000,1787296835353000000,0
jps.save.global.entities.ms,1787296775352000000,1787296835353000000,169
jps.load.project.to.empty.storage.ms,1787296775352000000,1787296835353000000,318
jps.global.get.library.ms,1787296775352000000,1787296835353000000,0
jps.project.serializers.load.ms,1787296775352000000,1787296835353000000,267
jps.app.storage.content.writer.save.component.ms,1787296775352000000,1787296835353000000,0
workspaceModel.moduleManagerBridge.new.nonPersistent.module.ms,1787296775352000000,1787296835353000000,0
jps.artifact.entities.serializer.load.entities.ms,1787296775352000000,1787296835353000000,0
jps.global.handle.changed.events.ms,1787296775352000000,1787296835353000000,0
jps.project.serializers.save.ms,1787296775352000000,1787296835353000000,3
workspaceModel.global.apply.state.to.project.builder.ms,1787296775352000000,1787296835353000000,6
workspaceModel.moduleManagerBridge.create.module.instance.ms,1787296775352000000,1787296835353000000,0
workspaceModel.sync.entities.ms,1787296775352000000,1787296835353000000,0
workspaceModel.moduleManagerBridge.newModule.ms,1787296775352000000,1787296835353000000,0
jps.artifact.entities.serializer.save.entities.ms,1787296775352000000,1787296835353000000,0
jps.global.get.libraries.ms,1787296775352000000,1787296835353000000,4
workspaceModel.moduleBridge.before.changed.ms,1787296775352000000,1787296835353000000,0
workspaceModel.mutableEntityStorage.mutable.ext.mapping.ms,1787296775352000000,1787296835353000000,1
workspaceModel.init.bridges.ms,1787296775352000000,1787296835353000000,2
workspaceModel.pre.handlers.ms,1787296775352000000,1787296835353000000,3
workspaceModel.to.snapshot.ms,1787296775352000000,1787296835353000000,9
workspaceModel.replace.project.model.ms,1787296775352000000,1787296835353000000,0
workspaceModel.update.unloaded.entities.ms,1787296775352000000,1787296835353000000,0
workspaceModel.loading.from.cache.ms,1787296775352000000,1787296835353000000,39
workspaceModel.loading.total.ms,1787296775352000000,1787296835353000000,50
workspaceModel.check.recursive.update.ms,1787296775352000000,1787296835353000000,0
workspaceModel.collect.changes.ms,1787296775352000000,1787296835353000000,0
workspaceModel.updates.count,1787296775352000000,1787296835353000000,1
workspaceModel.initializing.ms,1787296775352000000,1787296835353000000,2
workspaceModel.updates.ms,1787296775352000000,1787296835353000000,141
workspaceModel.updates.precise.ms,1787296775352000000,1787296835353000000,20
FileNameCache.fastMisses,1787296775352000000,1787296835353000000,0
FileNameCache.queries,1787296775352000000,1787296835353000000,0
FileNameCache.totalMisses,1787296775352000000,1787296835353000000,0
Indexes.stubs.lookupDuration90PMs,1787296775352000000,1787296835353000000,0.0
Indexes.stubs.lookupDurationMaxMs,1787296775352000000,1787296835353000000,0.0
Indexes.entries.lookupDurationAvgMs,1787296775352000000,1787296835353000000,0.0
Indexes.allKeys.lookupDurationMaxMs,1787296775352000000,1787296835353000000,0.0
IndexesFlusher.totalFlushingTimeUs,1787296775352000000,1787296835353000000,755631
IndexesFlusher.totalFlushesRetried,1787296775352000000,1787296835353000000,0
IndexesFlusher.totalContentionQuotaSpent,1787296775352000000,1787296835353000000,0
Indexes.entries.lookups,1787296775352000000,1787296835353000000,0.0
Indexes.allKeys.lookupDuration90PMs,1787296775352000000,1787296835353000000,0.0
Indexes.stubs.lookupDurationAvgMs,1787296775352000000,1787296835353000000,0.0
Indexes.entries.lookupDurationMaxMs,1787296775352000000,1787296835353000000,0.0
Indexes.entries.lookupDuration90PMs,1787296775352000000,1787296835353000000,0.0
VFSFlusher.totalFlushesRetried,1787296775352000000,1787296835353000000,0
Indexes.allKeys.lookups,1787296775352000000,1787296835353000000,0.0
VFSFlusher.totalContentionQuotaSpent,1787296775352000000,1787296835353000000,0
Indexes.stubs.lookups,1787296775352000000,1787296835353000000,0.0
VFSFlusher.totalFlushes,1787296775352000000,1787296835353000000,0
Indexes.allKeys.lookupDurationAvgMs,1787296775352000000,1787296835353000000,0.0
VFSFlusher.totalFlushingTimeUs,1787296775352000000,1787296835353000000,0
IndexesFlusher.totalFlushes,1787296775352000000,1787296835353000000,117
JVM.GC.collectionTimesMs,1787296775352000000,1787296835353000000,27
JVM.maxNativeBytes,1787296775352000000,1787296835353000000,-1
JVM.GC.collections,1787296775352000000,1787296835353000000,1
JVM.threadCount,1787296775352000000,1787296835353000000,49
JVM.usedHeapBytes,1787296775352000000,1787296835353000000,575700144
OS.loadAverage,1787296775352000000,1787296835353000000,2.751953125
JVM.totalCpuTimeMs,1787296775352000000,1787296835353000000,4139
JVM.maxHeapBytes,1787296775352000000,1787296835353000000,2147483648
JVM.usedNativeBytes,1787296775352000000,1787296835353000000,439351536
NonBlockingReadAction.finalizedExecutionsCount,1787296775352000000,1787296835353000000,0
AWTEventQueue.eventsDispatched,1787296775352000000,1787296835353000000,3379
FlushQueue.waitingTimeAvgNs,1787296775352000000,1787296835353000000,238818.38016528924
FlushQueue.executionTimeMaxNs,1787296775352000000,1787296835353000000,1228799
AWTEventQueue.dispatchTime90PNs,1787296775352000000,1787296835353000000,319487
FlushQueue.queueSizeMax,1787296775352000000,1787296835353000000,0
FlushQueue.queueSize90P,1787296775352000000,1787296835353000000,0
FlushQueue.executionTimeAvgNs,1787296775352000000,1787296835353000000,87919.60330578513
FlushQueue.waitingTimeMaxNs,1787296775352000000,1787296835353000000,708607
NonBlockingReadAction.failedExecutionTimeUs,1787296775352000000,1787296835353000000,0
NonBlockingReadAction.finalizedExecutionTimeUs,1787296775352000000,1787296835353000000,0
FlushQueue.queueSizeAvg,1787296775352000000,1787296835353000000,0.0
FlushQueue.waitingTime90PNs,1787296775352000000,1787296835353000000,350207
FlushQueue.tasksExecuted,1787296775352000000,1787296835353000000,121
AWTEventQueue.dispatchTimeMaxNs,1787296775352000000,1787296835353000000,2293759
AWTEventQueue.dispatchTimeTotalNS,1787296775352000000,1787296835353000000,547654256
FlushQueue.executionTime90PNs,1787296775352000000,1787296835353000000,124927
AWTEventQueue.dispatchTimeAvgNs,1787296775352000000,1787296835353000000,161974.61497484462
NonBlockingReadAction.failedExecutionsCount,1787296775352000000,1787296835353000000,0
StorageLockContext.competingThreads.avg,1787296835353000000,1787296895353000000,0.0
StreamlinedBlobStorage.totalLiveRecordsPayloadBytes,1787296835353000000,1787296895353000000,0
FilePageCache.pageLoads,1787296835353000000,1787296895353000000,0
DirectByteBufferAllocator.totalSizeOfBuffersAllocatedInBytes,1787296835353000000,1787296895353000000,425754624
StreamlinedBlobStorage.recordsDeleted,1787296835353000000,1787296895353000000,0
StorageLockContext.competingThreads.max,1787296835353000000,1787296895353000000,0
StreamlinedBlobStorage.totalLiveRecordsCapacityBytes,1787296835353000000,1787296895353000000,0
DirectByteBufferAllocator.hits,1787296835353000000,1787296895353000000,0
StreamlinedBlobStorage.recordsAllocated,1787296835353000000,1787296895353000000,0
StreamlinedBlobStorage.recordsRelocated,1787296835353000000,1787296895353000000,0
FilePageCache.pageHits,1787296835353000000,1787296895353000000,0
StorageLockContext.competingThreads.90P,1787296835353000000,1787296895353000000,0
FilePageCache.pageFastCacheHits,1787296835353000000,1787296895353000000,0
FilePageCache.totalPageLoadsUs,1787296835353000000,1787296895353000000,0
FilePageCache.capacityInBytes,1787296835353000000,1787296895353000000,524288000
FilePageCache.maxRegisteredFiles,1787296835353000000,1787296895353000000,618
FilePageCache.disposedBuffers,1787296835353000000,1787296895353000000,0
FilePageCache.pageLoadsAboveSizeThreshold,1787296835353000000,1787296895353000000,0
FilePageCache.maxCacheSizeInBytes,1787296835353000000,1787296895353000000,425754624
DirectByteBufferAllocator.misses,1787296835353000000,1787296895353000000,0
DirectByteBufferAllocator.reclaimed,1787296835353000000,1787296895353000000,0
FilePageCache.uncachedFileAccess,1787296835353000000,1787296895353000000,0
DirectByteBufferAllocator.totalSizeOfBuffersCachedInBytes,1787296835353000000,1787296895353000000,0
FilePageCache.totalPageDisposalsUs,1787296835353000000,1787296895353000000,0
DirectByteBufferAllocator.disposed,1787296835353000000,1787296895353000000,0
jps.facet.change.listener.init.bridge.ms,1787296835353000000,1787296895353000000,0
workspaceModel.global.apply.state.to.project.ms,1787296835353000000,1787296895353000000,0
jps.global.handle.before.change.events.ms,1787296835353000000,1787296895353000000,0
workspaceModel.mutableEntityStorage.mutable.vfurl.index.ms,1787296835353000000,1787296895353000000,0
workspaceModel.delayed.project.synchronizer.sync.ms,1787296835353000000,1787296895353000000,0
jps.global.initialize.library.bridges.after.loading.ms,1787296835353000000,1787296895353000000,0
workspaceModel.mutableEntityStorage.put.entity.ms,1787296835353000000,1787296895353000000,42
workspaceModel.load.cache.from.file.ms,1787296835353000000,1787296895353000000,0
workspaceModel.mutableEntityStorage.referrers.ms,1787296835353000000,1787296895353000000,0
jps.app.storage.content.reader.load.component.ms,1787296835353000000,1787296895353000000,7
workspaceModel.moduleManagerBridge.get.modules.ms,1787296835353000000,1787296895353000000,42
workspaceModel.mutableEntityStorage.resolve.ms,1787296835353000000,1787296895353000000,0
workspaceModel.mutableEntityStorage.has.same.entities.ms,1787296835353000000,1787296895353000000,0
workspaceModel.save.cache.to.file.ms,1787296835353000000,1787296895353000000,253
workspaceModel.mutableEntityStorage.modify.entity.ms,1787296835353000000,1787296895353000000,0
workspaceModel.mutableEntityStorage.to.snapshot.ms,1787296835353000000,1787296895353000000,10
jps.library.entities.serializer.save.entities.ms,1787296835353000000,1787296895353000000,0
workspaceModel.moduleManagerBridge.build.module.graph.ms,1787296835353000000,1787296895353000000,2
jps.global.get.library.by.name.ms,1787296835353000000,1787296895353000000,0
jps.load.initial.state.ms,1787296835353000000,1787296895353000000,30
workspaceModel.moduleBridge.update.option.ms,1787296835353000000,1787296895353000000,0
jps.reload.project.entities.ms,1787296835353000000,1787296895353000000,0
jps.facet.change.listener.before.change.events.ms,1787296835353000000,1787296895353000000,3
workspaceModel.mutableEntityStorage.replace.by.source.ms,1787296835353000000,1787296895353000000,25
jps.library.entities.serializer.load.entities.ms,1787296835353000000,1787296895353000000,62
workspaceModel.mutableEntityStorage.entities.by.source.ms,1787296835353000000,1787296895353000000,2
workspaceModel.mutableEntityStorage.add.diff.ms,1787296835353000000,1787296895353000000,26
workspaceModel.global.updates.count,1787296835353000000,1787296895353000000,0
jps.module.iml.entities.serializer.save.entities.ms,1787296835353000000,1787296895353000000,0
jps.apply.loaded.storage.ms,1787296835353000000,1787296895353000000,1068
workspaceModel.mutableEntityStorage.add.entity.ms,1787296835353000000,1787296895353000000,141
workspaceModel.orphan.listener.update.ms,1787296835353000000,1787296895353000000,2
workspaceModel.mutableEntityStorage.collect.changes.ms,1787296835353000000,1787296895353000000,2
workspaceModel.moduleManagerBridge.load.module.ms,1787296835353000000,1787296895353000000,0
workspaceModel.moduleBridgeLoader.loading.modules.ms,1787296835353000000,1787296895353000000,2723
workspaceModel.moduleBridge.facet.initialization.ms,1787296835353000000,1787296895353000000,0
jps.storage.jps.conf.reader.load.component.ms,1787296835353000000,1787296895353000000,78
workspaceModel.global.updates.ms,1787296835353000000,1787296895353000000,0
workspaceModel.mutableEntityStorage.entities.ms,1787296835353000000,1787296895353000000,1
jps.facet.change.listener.process.change.events.ms,1787296835353000000,1787296895353000000,1
workspaceModel.moduleManagerBridge.load.all.modules.ms,1787296835353000000,1787296895353000000,54
workspaceModel.moduleManagerBridge.set.unloadedModules.ms,1787296835353000000,1787296895353000000,0
jps.module.iml.entities.serializer.load.entities.ms,1787296835353000000,1787296895353000000,439
workspaceModel.mutableEntityStorage.remove.entity.ms,1787296835353000000,1787296895353000000,0
jps.save.changed.project.entities.ms,1787296835353000000,1787296895353000000,5
jps.global.initialize.library.bridges.ms,1787296835353000000,1787296895353000000,0
jps.save.global.entities.ms,1787296835353000000,1787296895353000000,169
jps.load.project.to.empty.storage.ms,1787296835353000000,1787296895353000000,318
jps.global.get.library.ms,1787296835353000000,1787296895353000000,0
jps.project.serializers.load.ms,1787296835353000000,1787296895353000000,267
jps.app.storage.content.writer.save.component.ms,1787296835353000000,1787296895353000000,0
workspaceModel.moduleManagerBridge.new.nonPersistent.module.ms,1787296835353000000,1787296895353000000,0
jps.artifact.entities.serializer.load.entities.ms,1787296835353000000,1787296895353000000,0
jps.global.handle.changed.events.ms,1787296835353000000,1787296895353000000,0
jps.project.serializers.save.ms,1787296835353000000,1787296895353000000,3
workspaceModel.global.apply.state.to.project.builder.ms,1787296835353000000,1787296895353000000,6
workspaceModel.moduleManagerBridge.create.module.instance.ms,1787296835353000000,1787296895353000000,0
workspaceModel.sync.entities.ms,1787296835353000000,1787296895353000000,0
workspaceModel.moduleManagerBridge.newModule.ms,1787296835353000000,1787296895353000000,0
jps.artifact.entities.serializer.save.entities.ms,1787296835353000000,1787296895353000000,0
jps.global.get.libraries.ms,1787296835353000000,1787296895353000000,4
workspaceModel.moduleBridge.before.changed.ms,1787296835353000000,1787296895353000000,0
workspaceModel.mutableEntityStorage.mutable.ext.mapping.ms,1787296835353000000,1787296895353000000,1
workspaceModel.init.bridges.ms,1787296835353000000,1787296895353000000,2
workspaceModel.pre.handlers.ms,1787296835353000000,1787296895353000000,3
workspaceModel.to.snapshot.ms,1787296835353000000,1787296895353000000,9
workspaceModel.replace.project.model.ms,1787296835353000000,1787296895353000000,0
workspaceModel.update.unloaded.entities.ms,1787296835353000000,1787296895353000000,0
workspaceModel.loading.from.cache.ms,1787296835353000000,1787296895353000000,39
workspaceModel.loading.total.ms,1787296835353000000,1787296895353000000,50
workspaceModel.check.recursive.update.ms,1787296835353000000,1787296895353000000,0
workspaceModel.collect.changes.ms,1787296835353000000,1787296895353000000,0
workspaceModel.updates.count,1787296835353000000,1787296895353000000,1
workspaceModel.initializing.ms,1787296835353000000,1787296895353000000,2
workspaceModel.updates.ms,1787296835353000000,1787296895353000000,141
workspaceModel.updates.precise.ms,1787296835353000000,1787296895353000000,20
FileNameCache.fastMisses,1787296835353000000,1787296895353000000,0
FileNameCache.queries,1787296835353000000,1787296895353000000,0
FileNameCache.totalMisses,1787296835353000000,1787296895353000000,0
Indexes.stubs.lookupDuration90PMs,1787296835353000000,1787296895353000000,0.0
Indexes.stubs.lookupDurationMaxMs,1787296835353000000,1787296895353000000,0.0
Indexes.entries.lookupDurationAvgMs,1787296835353000000,1787296895353000000,0.0
Indexes.allKeys.lookupDurationMaxMs,1787296835353000000,1787296895353000000,0.0
IndexesFlusher.totalFlushingTimeUs,1787296835353000000,1787296895353000000,680125
IndexesFlusher.totalFlushesRetried,1787296835353000000,1787296895353000000,0
IndexesFlusher.totalContentionQuotaSpent,1787296835353000000,1787296895353000000,0
Indexes.entries.lookups,1787296835353000000,1787296895353000000,0.0
Indexes.allKeys.lookupDuration90PMs,1787296835353000000,1787296895353000000,0.0
Indexes.stubs.lookupDurationAvgMs,1787296835353000000,1787296895353000000,0.0
Indexes.entries.lookupDurationMaxMs,1787296835353000000,1787296895353000000,0.0
Indexes.entries.lookupDuration90PMs,1787296835353000000,1787296895353000000,0.0
VFSFlusher.totalFlushesRetried,1787296835353000000,1787296895353000000,0
Indexes.allKeys.lookups,1787296835353000000,1787296895353000000,0.0
VFSFlusher.totalContentionQuotaSpent,1787296835353000000,1787296895353000000,0
Indexes.stubs.lookups,1787296835353000000,1787296895353000000,0.0
VFSFlusher.totalFlushes,1787296835353000000,1787296895353000000,0
Indexes.allKeys.lookupDurationAvgMs,1787296835353000000,1787296895353000000,0.0
VFSFlusher.totalFlushingTimeUs,1787296835353000000,1787296895353000000,0
IndexesFlusher.totalFlushes,1787296835353000000,1787296895353000000,117
JVM.GC.collectionTimesMs,1787296835353000000,1787296895353000000,49
JVM.maxNativeBytes,1787296835353000000,1787296895353000000,-1
JVM.GC.collections,1787296835353000000,1787296895353000000,1
JVM.threadCount,1787296835353000000,1787296895353000000,48
JVM.usedHeapBytes,1787296835353000000,1787296895353000000,543083520
OS.loadAverage,1787296835353000000,1787296895353000000,2.56884765625
JVM.totalCpuTimeMs,1787296835353000000,1787296895353000000,4218
JVM.maxHeapBytes,1787296835353000000,1787296895353000000,2147483648
JVM.usedNativeBytes,1787296835353000000,1787296895353000000,439373184
NonBlockingReadAction.finalizedExecutionsCount,1787296835353000000,1787296895353000000,0
AWTEventQueue.eventsDispatched,1787296835353000000,1787296895353000000,3371
FlushQueue.waitingTimeAvgNs,1787296835353000000,1787296895353000000,240381.88429752065
FlushQueue.executionTimeMaxNs,1787296835353000000,1787296895353000000,487423
AWTEventQueue.dispatchTime90PNs,1787296835353000000,1787296895353000000,350207
FlushQueue.queueSizeMax,1787296835353000000,1787296895353000000,0
FlushQueue.queueSize90P,1787296835353000000,1787296895353000000,0
FlushQueue.executionTimeAvgNs,1787296835353000000,1787296895353000000,78558.14876033057
FlushQueue.waitingTimeMaxNs,1787296835353000000,1787296895353000000,573439
NonBlockingReadAction.failedExecutionTimeUs,1787296835353000000,1787296895353000000,0
NonBlockingReadAction.finalizedExecutionTimeUs,1787296835353000000,1787296895353000000,0
FlushQueue.queueSizeAvg,1787296835353000000,1787296895353000000,0.0
FlushQueue.waitingTime90PNs,1787296835353000000,1787296895353000000,370687
FlushQueue.tasksExecuted,1787296835353000000,1787296895353000000,121
AWTEventQueue.dispatchTimeMaxNs,1787296835353000000,1787296895353000000,1597439
AWTEventQueue.dispatchTimeTotalNS,1787296835353000000,1787296895353000000,573337755
FlushQueue.executionTime90PNs,1787296835353000000,1787296895353000000,133119
AWTEventQueue.dispatchTimeAvgNs,1787296835353000000,1787296895353000000,169911.02936814
NonBlockingReadAction.failedExecutionsCount,1787296835353000000,1787296895353000000,0
StorageLockContext.competingThreads.avg,1787296895353000000,1787296955353000000,0.0
StreamlinedBlobStorage.totalLiveRecordsPayloadBytes,1787296895353000000,1787296955353000000,0
FilePageCache.pageLoads,1787296895353000000,1787296955353000000,0
DirectByteBufferAllocator.totalSizeOfBuffersAllocatedInBytes,1787296895353000000,1787296955353000000,425754624
StreamlinedBlobStorage.recordsDeleted,1787296895353000000,1787296955353000000,0
StorageLockContext.competingThreads.max,1787296895353000000,1787296955353000000,0
StreamlinedBlobStorage.totalLiveRecordsCapacityBytes,1787296895353000000,1787296955353000000,0
DirectByteBufferAllocator.hits,1787296895353000000,1787296955353000000,0
StreamlinedBlobStorage.recordsAllocated,1787296895353000000,1787296955353000000,0
StreamlinedBlobStorage.recordsRelocated,1787296895353000000,1787296955353000000,0
FilePageCache.pageHits,1787296895353000000,1787296955353000000,0
StorageLockContext.competingThreads.90P,1787296895353000000,1787296955353000000,0
FilePageCache.pageFastCacheHits,1787296895353000000,1787296955353000000,0
FilePageCache.totalPageLoadsUs,1787296895353000000,1787296955353000000,0
FilePageCache.capacityInBytes,1787296895353000000,1787296955353000000,524288000
FilePageCache.maxRegisteredFiles,1787296895353000000,1787296955353000000,618
FilePageCache.disposedBuffers,1787296895353000000,1787296955353000000,0
FilePageCache.pageLoadsAboveSizeThreshold,1787296895353000000,1787296955353000000,0
FilePageCache.maxCacheSizeInBytes,1787296895353000000,1787296955353000000,425754624
DirectByteBufferAllocator.misses,1787296895353000000,1787296955353000000,0
DirectByteBufferAllocator.reclaimed,1787296895353000000,1787296955353000000,0
FilePageCache.uncachedFileAccess,1787296895353000000,1787296955353000000,0
DirectByteBufferAllocator.totalSizeOfBuffersCachedInBytes,1787296895353000000,1787296955353000000,0
FilePageCache.totalPageDisposalsUs,1787296895353000000,1787296955353000000,0
DirectByteBufferAllocator.disposed,1787296895353000000,1787296955353000000,0
jps.facet.change.listener.init.bridge.ms,1787296895353000000,1787296955353000000,0
workspaceModel.global.apply.state.to.project.ms,1787296895353000000,1787296955353000000,0
jps.global.handle.before.change.events.ms,1787296895353000000,1787296955353000000,0
workspaceModel.mutableEntityStorage.mutable.vfurl.index.ms,1787296895353000000,1787296955353000000,0
workspaceModel.delayed.project.synchronizer.sync.ms,1787296895353000000,1787296955353000000,0
jps.global.initialize.library.bridges.after.loading.ms,1787296895353000000,1787296955353000000,0
workspaceModel.mutableEntityStorage.put.entity.ms,1787296895353000000,1787296955353000000,42
workspaceModel.load.cache.from.file.ms,1787296895353000000,1787296955353000000,0
workspaceModel.mutableEntityStorage.referrers.ms,1787296895353000000,1787296955353000000,0
jps.app.storage.content.reader.load.component.ms,1787296895353000000,1787296955353000000,7
workspaceModel.moduleManagerBridge.get.modules.ms,1787296895353000000,1787296955353000000,42
workspaceModel.mutableEntityStorage.resolve.ms,1787296895353000000,1787296955353000000,0
workspaceModel.mutableEntityStorage.has.same.entities.ms,1787296895353000000,1787296955353000000,0
workspaceModel.save.cache.to.file.ms,1787296895353000000,1787296955353000000,253
workspaceModel.mutableEntityStorage.modify.entity.ms,1787296895353000000,1787296955353000000,0
workspaceModel.mutableEntityStorage.to.snapshot.ms,1787296895353000000,1787296955353000000,10
jps.library.entities.serializer.save.entities.ms,1787296895353000000,1787296955353000000,0
workspaceModel.moduleManagerBridge.build.module.graph.ms,1787296895353000000,1787296955353000000,2
jps.global.get.library.by.name.ms,1787296895353000000,1787296955353000000,0
jps.load.initial.state.ms,1787296895353000000,1787296955353000000,30
workspaceModel.moduleBridge.update.option.ms,1787296895353000000,1787296955353000000,0
jps.reload.project.entities.ms,1787296895353000000,1787296955353000000,0
jps.facet.change.listener.before.change.events.ms,1787296895353000000,1787296955353000000,3
workspaceModel.mutableEntityStorage.replace.by.source.ms,1787296895353000000,1787296955353000000,25
jps.library.entities.serializer.load.entities.ms,1787296895353000000,1787296955353000000,62
workspaceModel.mutableEntityStorage.entities.by.source.ms,1787296895353000000,1787296955353000000,2
workspaceModel.mutableEntityStorage.add.diff.ms,1787296895353000000,1787296955353000000,26
workspaceModel.global.updates.count,1787296895353000000,1787296955353000000,0
jps.module.iml.entities.serializer.save.entities.ms,1787296895353000000,1787296955353000000,0
jps.apply.loaded.storage.ms,1787296895353000000,1787296955353000000,1068
workspaceModel.mutableEntityStorage.add.entity.ms,1787296895353000000,1787296955353000000,141
workspaceModel.orphan.listener.update.ms,1787296895353000000,1787296955353000000,2
workspaceModel.mutableEntityStorage.collect.changes.ms,1787296895353000000,1787296955353000000,2
workspaceModel.moduleManagerBridge.load.module.ms,1787296895353000000,1787296955353000000,0
workspaceModel.moduleBridgeLoader.loading.modules.ms,1787296895353000000,1787296955353000000,2723
workspaceModel.moduleBridge.facet.initialization.ms,1787296895353000000,1787296955353000000,0
jps.storage.jps.conf.reader.load.component.ms,1787296895353000000,1787296955353000000,78
workspaceModel.global.updates.ms,1787296895353000000,1787296955353000000,0
workspaceModel.mutableEntityStorage.entities.ms,1787296895353000000,1787296955353000000,1
jps.facet.change.listener.process.change.events.ms,1787296895353000000,1787296955353000000,1
workspaceModel.moduleManagerBridge.load.all.modules.ms,1787296895353000000,1787296955353000000,54
workspaceModel.moduleManagerBridge.set.unloadedModules.ms,1787296895353000000,1787296955353000000,0
jps.module.iml.entities.serializer.load.entities.ms,1787296895353000000,1787296955353000000,439
workspaceModel.mutableEntityStorage.remove.entity.ms,1787296895353000000,1787296955353000000,0
jps.save.changed.project.entities.ms,1787296895353000000,1787296955353000000,5
jps.global.initialize.library.bridges.ms,1787296895353000000,1787296955353000000,0
jps.save.global.entities.ms,1787296895353000000,1787296955353000000,169
jps.load.project.to.empty.storage.ms,1787296895353000000,1787296955353000000,318
jps.global.get.library.ms,1787296895353000000,1787296955353000000,0
jps.project.serializers.load.ms,1787296895353000000,1787296955353000000,267
jps.app.storage.content.writer.save.component.ms,1787296895353000000,1787296955353000000,0
workspaceModel.moduleManagerBridge.new.nonPersistent.module.ms,1787296895353000000,1787296955353000000,0
jps.artifact.entities.serializer.load.entities.ms,1787296895353000000,1787296955353000000,0
jps.global.handle.changed.events.ms,1787296895353000000,1787296955353000000,0
jps.project.serializers.save.ms,1787296895353000000,1787296955353000000,3
workspaceModel.global.apply.state.to.project.builder.ms,1787296895353000000,1787296955353000000,6
workspaceModel.moduleManagerBridge.create.module.instance.ms,1787296895353000000,1787296955353000000,0
workspaceModel.sync.entities.ms,1787296895353000000,1787296955353000000,0
workspaceModel.moduleManagerBridge.newModule.ms,1787296895353000000,1787296955353000000,0
jps.artifact.entities.serializer.save.entities.ms,1787296895353000000,1787296955353000000,0
jps.global.get.libraries.ms,1787296895353000000,1787296955353000000,4
workspaceModel.moduleBridge.before.changed.ms,1787296895353000000,1787296955353000000,0
workspaceModel.mutableEntityStorage.mutable.ext.mapping.ms,1787296895353000000,1787296955353000000,1
workspaceModel.init.bridges.ms,1787296895353000000,1787296955353000000,2
workspaceModel.pre.handlers.ms,1787296895353000000,1787296955353000000,3
workspaceModel.to.snapshot.ms,1787296895353000000,1787296955353000000,9
workspaceModel.replace.project.model.ms,1787296895353000000,1787296955353000000,0
workspaceModel.update.unloaded.entities.ms,1787296895353000000,1787296955353000000,0
workspaceModel.loading.from.cache.ms,1787296895353000000,1787296955353000000,39
workspaceModel.loading.total.ms,1787296895353000000,1787296955353000000,50
workspaceModel.check.recursive.update.ms,1787296895353000000,1787296955353000000,0
workspaceModel.collect.changes.ms,1787296895353000000,1787296955353000000,0
workspaceModel.updates.count,1787296895353000000,1787296955353000000,1
workspaceModel.initializing.ms,1787296895353000000,1787296955353000000,2
workspaceModel.updates.ms,1787296895353000000,1787296955353000000,141
workspaceModel.updates.precise.ms,1787296895353000000,1787296955353000000,20
FileNameCache.fastMisses,1787296895353000000,1787296955353000000,0
FileNameCache.queries,1787296895353000000,1787296955353000000,0
FileNameCache.totalMisses,1787296895353000000,1787296955353000000,0
Indexes.stubs.lookupDuration90PMs,1787296895353000000,1787296955353000000,0.0
Indexes.stubs.lookupDurationMaxMs,1787296895353000000,1787296955353000000,0.0
Indexes.entries.lookupDurationAvgMs,1787296895353000000,1787296955353000000,0.0
Indexes.allKeys.lookupDurationMaxMs,1787296895353000000,1787296955353000000,0.0
IndexesFlusher.totalFlushingTimeUs,1787296895353000000,1787296955353000000,671993
IndexesFlusher.totalFlushesRetried,1787296895353000000,1787296955353000000,0
IndexesFlusher.totalContentionQuotaSpent,1787296895353000000,1787296955353000000,0
Indexes.entries.lookups,1787296895353000000,1787296955353000000,0.0
Indexes.allKeys.lookupDuration90PMs,1787296895353000000,1787296955353000000,0.0
Indexes.stubs.lookupDurationAvgMs,1787296895353000000,1787296955353000000,0.0
Indexes.entries.lookupDurationMaxMs,1787296895353000000,1787296955353000000,0.0
Indexes.entries.lookupDuration90PMs,1787296895353000000,1787296955353000000,0.0
VFSFlusher.totalFlushesRetried,1787296895353000000,1787296955353000000,0
Indexes.allKeys.lookups,1787296895353000000,1787296955353000000,0.0
VFSFlusher.totalContentionQuotaSpent,1787296895353000000,1787296955353000000,0
Indexes.stubs.lookups,1787296895353000000,1787296955353000000,0.0
VFSFlusher.totalFlushes,1787296895353000000,1787296955353000000,0
Indexes.allKeys.lookupDurationAvgMs,1787296895353000000,1787296955353000000,0.0
VFSFlusher.totalFlushingTimeUs,1787296895353000000,1787296955353000000,0
IndexesFlusher.totalFlushes,1787296895353000000,1787296955353000000,117
JVM.GC.collectionTimesMs,1787296895353000000,1787296955353000000,0
JVM.maxNativeBytes,1787296895353000000,1787296955353000000,-1
JVM.GC.collections,1787296895353000000,1787296955353000000,0
JVM.threadCount,1787296895353000000,1787296955353000000,46
JVM.usedHeapBytes,1787296895353000000,1787296955353000000,581880832
OS.loadAverage,1787296895353000000,1787296955353000000,3.52490234375
JVM.totalCpuTimeMs,1787296895353000000,1787296955353000000,4692
JVM.maxHeapBytes,1787296895353000000,1787296955353000000,2147483648
JVM.usedNativeBytes,1787296895353000000,1787296955353000000,439377408
NonBlockingReadAction.finalizedExecutionsCount,1787296895353000000,1787296955353000000,0
AWTEventQueue.eventsDispatched,1787296895353000000,1787296955353000000,3374
FlushQueue.waitingTimeAvgNs,1787296895353000000,1787296955353000000,278790.4
FlushQueue.executionTimeMaxNs,1787296895353000000,1787296955353000000,585727
AWTEventQueue.dispatchTime90PNs,1787296895353000000,1787296955353000000,411647
FlushQueue.queueSizeMax,1787296895353000000,1787296955353000000,0
FlushQueue.queueSize90P,1787296895353000000,1787296955353000000,0
FlushQueue.executionTimeAvgNs,1787296895353000000,1787296955353000000,86015.46666666666
FlushQueue.waitingTimeMaxNs,1787296895353000000,1787296955353000000,770047
NonBlockingReadAction.failedExecutionTimeUs,1787296895353000000,1787296955353000000,0
NonBlockingReadAction.finalizedExecutionTimeUs,1787296895353000000,1787296955353000000,0
FlushQueue.queueSizeAvg,1787296895353000000,1787296955353000000,0.0
FlushQueue.waitingTime90PNs,1787296895353000000,1787296955353000000,407551
FlushQueue.tasksExecuted,1787296895353000000,1787296955353000000,120
AWTEventQueue.dispatchTimeMaxNs,1787296895353000000,1787296955353000000,1441791
AWTEventQueue.dispatchTimeTotalNS,1787296895353000000,1787296955353000000,705857023
FlushQueue.executionTime90PNs,1787296895353000000,1787296955353000000,149503
AWTEventQueue.dispatchTimeAvgNs,1787296895353000000,1787296955353000000,209209.25192649674
NonBlockingReadAction.failedExecutionsCount,1787296895353000000,1787296955353000000,0
StorageLockContext.competingThreads.avg,1787296955353000000,1787297015353000000,0.0
StreamlinedBlobStorage.totalLiveRecordsPayloadBytes,1787296955353000000,1787297015353000000,0
FilePageCache.pageLoads,1787296955353000000,1787297015353000000,0
DirectByteBufferAllocator.totalSizeOfBuffersAllocatedInBytes,1787296955353000000,1787297015353000000,425754624
StreamlinedBlobStorage.recordsDeleted,1787296955353000000,1787297015353000000,0
StorageLockContext.competingThreads.max,1787296955353000000,1787297015353000000,0
StreamlinedBlobStorage.totalLiveRecordsCapacityBytes,1787296955353000000,1787297015353000000,0
DirectByteBufferAllocator.hits,1787296955353000000,1787297015353000000,0
StreamlinedBlobStorage.recordsAllocated,1787296955353000000,1787297015353000000,0
StreamlinedBlobStorage.recordsRelocated,1787296955353000000,1787297015353000000,0
FilePageCache.pageHits,1787296955353000000,1787297015353000000,0
StorageLockContext.competingThreads.90P,1787296955353000000,1787297015353000000,0
FilePageCache.pageFastCacheHits,1787296955353000000,1787297015353000000,0
FilePageCache.totalPageLoadsUs,1787296955353000000,1787297015353000000,0
FilePageCache.capacityInBytes,1787296955353000000,1787297015353000000,524288000
FilePageCache.maxRegisteredFiles,1787296955353000000,1787297015353000000,618
FilePageCache.disposedBuffers,1787296955353000000,1787297015353000000,0
FilePageCache.pageLoadsAboveSizeThreshold,1787296955353000000,1787297015353000000,0
FilePageCache.maxCacheSizeInBytes,1787296955353000000,1787297015353000000,425754624
DirectByteBufferAllocator.misses,1787296955353000000,1787297015353000000,0
DirectByteBufferAllocator.reclaimed,1787296955353000000,1787297015353000000,0
FilePageCache.uncachedFileAccess,1787296955353000000,1787297015353000000,0
DirectByteBufferAllocator.totalSizeOfBuffersCachedInBytes,1787296955353000000,1787297015353000000,0
FilePageCache.totalPageDisposalsUs,1787296955353000000,1787297015353000000,0
DirectByteBufferAllocator.disposed,1787296955353000000,1787297015353000000,0
jps.facet.change.listener.init.bridge.ms,1787296955353000000,1787297015353000000,0
workspaceModel.global.apply.state.to.project.ms,1787296955353000000,1787297015353000000,0
jps.global.handle.before.change.events.ms,1787296955353000000,1787297015353000000,0
workspaceModel.mutableEntityStorage.mutable.vfurl.index.ms,1787296955353000000,1787297015353000000,0
workspaceModel.delayed.project.synchronizer.sync.ms,1787296955353000000,1787297015353000000,0
jps.global.initialize.library.bridges.after.loading.ms,1787296955353000000,1787297015353000000,0
workspaceModel.mutableEntityStorage.put.entity.ms,1787296955353000000,1787297015353000000,42
workspaceModel.load.cache.from.file.ms,1787296955353000000,1787297015353000000,0
workspaceModel.mutableEntityStorage.referrers.ms,1787296955353000000,1787297015353000000,0
jps.app.storage.content.reader.load.component.ms,1787296955353000000,1787297015353000000,7
workspaceModel.moduleManagerBridge.get.modules.ms,1787296955353000000,1787297015353000000,42
workspaceModel.mutableEntityStorage.resolve.ms,1787296955353000000,1787297015353000000,0
workspaceModel.mutableEntityStorage.has.same.entities.ms,1787296955353000000,1787297015353000000,0
workspaceModel.save.cache.to.file.ms,1787296955353000000,1787297015353000000,253
workspaceModel.mutableEntityStorage.modify.entity.ms,1787296955353000000,1787297015353000000,0
workspaceModel.mutableEntityStorage.to.snapshot.ms,1787296955353000000,1787297015353000000,10
jps.library.entities.serializer.save.entities.ms,1787296955353000000,1787297015353000000,0
workspaceModel.moduleManagerBridge.build.module.graph.ms,1787296955353000000,1787297015353000000,2
jps.global.get.library.by.name.ms,1787296955353000000,1787297015353000000,0
jps.load.initial.state.ms,1787296955353000000,1787297015353000000,30
workspaceModel.moduleBridge.update.option.ms,1787296955353000000,1787297015353000000,0
jps.reload.project.entities.ms,1787296955353000000,1787297015353000000,0
jps.facet.change.listener.before.change.events.ms,1787296955353000000,1787297015353000000,3
workspaceModel.mutableEntityStorage.replace.by.source.ms,1787296955353000000,1787297015353000000,25
jps.library.entities.serializer.load.entities.ms,1787296955353000000,1787297015353000000,62
workspaceModel.mutableEntityStorage.entities.by.source.ms,1787296955353000000,1787297015353000000,2
workspaceModel.mutableEntityStorage.add.diff.ms,1787296955353000000,1787297015353000000,26
workspaceModel.global.updates.count,1787296955353000000,1787297015353000000,0
jps.module.iml.entities.serializer.save.entities.ms,1787296955353000000,1787297015353000000,0
jps.apply.loaded.storage.ms,1787296955353000000,1787297015353000000,1068
workspaceModel.mutableEntityStorage.add.entity.ms,1787296955353000000,1787297015353000000,141
workspaceModel.orphan.listener.update.ms,1787296955353000000,1787297015353000000,2
workspaceModel.mutableEntityStorage.collect.changes.ms,1787296955353000000,1787297015353000000,2
workspaceModel.moduleManagerBridge.load.module.ms,1787296955353000000,1787297015353000000,0
workspaceModel.moduleBridgeLoader.loading.modules.ms,1787296955353000000,1787297015353000000,2723
workspaceModel.moduleBridge.facet.initialization.ms,1787296955353000000,1787297015353000000,0
jps.storage.jps.conf.reader.load.component.ms,1787296955353000000,1787297015353000000,78
workspaceModel.global.updates.ms,1787296955353000000,1787297015353000000,0
workspaceModel.mutableEntityStorage.entities.ms,1787296955353000000,1787297015353000000,1
jps.facet.change.listener.process.change.events.ms,1787296955353000000,1787297015353000000,1
workspaceModel.moduleManagerBridge.load.all.modules.ms,1787296955353000000,1787297015353000000,54
workspaceModel.moduleManagerBridge.set.unloadedModules.ms,1787296955353000000,1787297015353000000,0
jps.module.iml.entities.serializer.load.entities.ms,1787296955353000000,1787297015353000000,439
workspaceModel.mutableEntityStorage.remove.entity.ms,1787296955353000000,1787297015353000000,0
jps.save.changed.project.entities.ms,1787296955353000000,1787297015353000000,5
jps.global.initialize.library.bridges.ms,1787296955353000000,1787297015353000000,0
jps.save.global.entities.ms,1787296955353000000,1787297015353000000,169
jps.load.project.to.empty.storage.ms,1787296955353000000,1787297015353000000,318
jps.global.get.library.ms,1787296955353000000,1787297015353000000,0
jps.project.serializers.load.ms,1787296955353000000,1787297015353000000,267
jps.app.storage.content.writer.save.component.ms,1787296955353000000,1787297015353000000,0
workspaceModel.moduleManagerBridge.new.nonPersistent.module.ms,1787296955353000000,1787297015353000000,0
jps.artifact.entities.serializer.load.entities.ms,1787296955353000000,1787297015353000000,0
jps.global.handle.changed.events.ms,1787296955353000000,1787297015353000000,0
jps.project.serializers.save.ms,1787296955353000000,1787297015353000000,3
workspaceModel.global.apply.state.to.project.builder.ms,1787296955353000000,1787297015353000000,6
workspaceModel.moduleManagerBridge.create.module.instance.ms,1787296955353000000,1787297015353000000,0
workspaceModel.sync.entities.ms,1787296955353000000,1787297015353000000,0
workspaceModel.moduleManagerBridge.newModule.ms,1787296955353000000,1787297015353000000,0
jps.artifact.entities.serializer.save.entities.ms,1787296955353000000,1787297015353000000,0
jps.global.get.libraries.ms,1787296955353000000,1787297015353000000,4
workspaceModel.moduleBridge.before.changed.ms,1787296955353000000,1787297015353000000,0
workspaceModel.mutableEntityStorage.mutable.ext.mapping.ms,1787296955353000000,1787297015353000000,1
workspaceModel.init.bridges.ms,1787296955353000000,1787297015353000000,2
workspaceModel.pre.handlers.ms,1787296955353000000,1787297015353000000,3
workspaceModel.to.snapshot.ms,1787296955353000000,1787297015353000000,9
workspaceModel.replace.project.model.ms,1787296955353000000,1787297015353000000,0
workspaceModel.update.unloaded.entities.ms,1787296955353000000,1787297015353000000,0
workspaceModel.loading.from.cache.ms,1787296955353000000,1787297015353000000,39
workspaceModel.loading.total.ms,1787296955353000000,1787297015353000000,50
workspaceModel.check.recursive.update.ms,1787296955353000000,1787297015353000000,0
workspaceModel.collect.changes.ms,1787296955353000000,1787297015353000000,0
workspaceModel.updates.count,1787296955353000000,1787297015353000000,1
workspaceModel.initializing.ms,1787296955353000000,1787297015353000000,2
workspaceModel.updates.ms,1787296955353000000,1787297015353000000,141
workspaceModel.updates.precise.ms,1787296955353000000,1787297015353000000,20
FileNameCache.fastMisses,1787296955353000000,1787297015353000000,0
FileNameCache.queries,1787296955353000000,1787297015353000000,0
FileNameCache.totalMisses,1787296955353000000,1787297015353000000,0
Indexes.stubs.lookupDuration90PMs,1787296955353000000,1787297015353000000,0.0
Indexes.stubs.lookupDurationMaxMs,1787296955353000000,1787297015353000000,0.0
Indexes.entries.lookupDurationAvgMs,1787296955353000000,1787297015353000000,0.0
Indexes.allKeys.lookupDurationMaxMs,1787296955353000000,1787297015353000000,0.0
IndexesFlusher.totalFlushingTimeUs,1787296955353000000,1787297015353000000,731370
IndexesFlusher.totalFlushesRetried,1787296955353000000,1787297015353000000,0
IndexesFlusher.totalContentionQuotaSpent,1787296955353000000,1787297015353000000,0
Indexes.entries.lookups,1787296955353000000,1787297015353000000,0.0
Indexes.allKeys.lookupDuration90PMs,1787296955353000000,1787297015353000000,0.0
Indexes.stubs.lookupDurationAvgMs,1787296955353000000,1787297015353000000,0.0
Indexes.entries.lookupDurationMaxMs,1787296955353000000,1787297015353000000,0.0
Indexes.entries.lookupDuration90PMs,1787296955353000000,1787297015353000000,0.0
VFSFlusher.totalFlushesRetried,1787296955353000000,1787297015353000000,0
Indexes.allKeys.lookups,1787296955353000000,1787297015353000000,0.0
VFSFlusher.totalContentionQuotaSpent,1787296955353000000,1787297015353000000,0
Indexes.stubs.lookups,1787296955353000000,1787297015353000000,0.0
VFSFlusher.totalFlushes,1787296955353000000,1787297015353000000,0
Indexes.allKeys.lookupDurationAvgMs,1787296955353000000,1787297015353000000,0.0
VFSFlusher.totalFlushingTimeUs,1787296955353000000,1787297015353000000,0
IndexesFlusher.totalFlushes,1787296955353000000,1787297015353000000,116
JVM.GC.collectionTimesMs,1787296955353000000,1787297015353000000,34
JVM.maxNativeBytes,1787296955353000000,1787297015353000000,-1
JVM.GC.collections,1787296955353000000,1787297015353000000,1
JVM.threadCount,1787296955353000000,1787297015353000000,46
JVM.usedHeapBytes,1787296955353000000,1787297015353000000,547331816
OS.loadAverage,1787296955353000000,1787297015353000000,3.140625
JVM.totalCpuTimeMs,1787296955353000000,1787297015353000000,4214
JVM.maxHeapBytes,1787296955353000000,1787297015353000000,2147483648
JVM.usedNativeBytes,1787296955353000000,1787297015353000000,439404072
NonBlockingReadAction.finalizedExecutionsCount,1787296955353000000,1787297015353000000,0
AWTEventQueue.eventsDispatched,1787296955353000000,1787297015353000000,3381
FlushQueue.waitingTimeAvgNs,1787296955353000000,1787297015353000000,231354.18181818182
FlushQueue.executionTimeMaxNs,1787296955353000000,1787297015353000000,733183
AWTEventQueue.dispatchTime90PNs,1787296955353000000,1787297015353000000,342015
FlushQueue.queueSizeMax,1787296955353000000,1787297015353000000,0
FlushQueue.queueSize90P,1787296955353000000,1787297015353000000,0
FlushQueue.executionTimeAvgNs,1787296955353000000,1787297015353000000,84030.4132231405
FlushQueue.waitingTimeMaxNs,1787296955353000000,1787297015353000000,548863
NonBlockingReadAction.failedExecutionTimeUs,1787296955353000000,1787297015353000000,0
NonBlockingReadAction.finalizedExecutionTimeUs,1787296955353000000,1787297015353000000,0
FlushQueue.queueSizeAvg,1787296955353000000,1787297015353000000,0.0
FlushQueue.waitingTime90PNs,1787296955353000000,1787297015353000000,358399
FlushQueue.tasksExecuted,1787296955353000000,1787297015353000000,121
AWTEventQueue.dispatchTimeMaxNs,1787296955353000000,1787297015353000000,5767167
AWTEventQueue.dispatchTimeTotalNS,1787296955353000000,1787297015353000000,589999191
FlushQueue.executionTime90PNs,1787296955353000000,1787297015353000000,127487
AWTEventQueue.dispatchTimeAvgNs,1787296955353000000,1787297015353000000,174069.25761608992
NonBlockingReadAction.failedExecutionsCount,1787296955353000000,1787297015353000000,0
StorageLockContext.competingThreads.avg,1787297015353000000,1787297075356000000,0.0
StreamlinedBlobStorage.totalLiveRecordsPayloadBytes,1787297015353000000,1787297075356000000,0
FilePageCache.pageLoads,1787297015353000000,1787297075356000000,0
DirectByteBufferAllocator.totalSizeOfBuffersAllocatedInBytes,1787297015353000000,1787297075356000000,425754624
StreamlinedBlobStorage.recordsDeleted,1787297015353000000,1787297075356000000,0
StorageLockContext.competingThreads.max,1787297015353000000,1787297075356000000,0
StreamlinedBlobStorage.totalLiveRecordsCapacityBytes,1787297015353000000,1787297075356000000,0
DirectByteBufferAllocator.hits,1787297015353000000,1787297075356000000,0
StreamlinedBlobStorage.recordsAllocated,1787297015353000000,1787297075356000000,0
StreamlinedBlobStorage.recordsRelocated,1787297015353000000,1787297075356000000,0
FilePageCache.pageHits,1787297015353000000,1787297075356000000,0
StorageLockContext.competingThreads.90P,1787297015353000000,1787297075356000000,0
FilePageCache.pageFastCacheHits,1787297015353000000,1787297075356000000,4
FilePageCache.totalPageLoadsUs,1787297015353000000,1787297075356000000,0
FilePageCache.capacityInBytes,1787297015353000000,1787297075356000000,524288000
FilePageCache.maxRegisteredFiles,1787297015353000000,1787297075356000000,618
FilePageCache.disposedBuffers,1787297015353000000,1787297075356000000,0
FilePageCache.pageLoadsAboveSizeThreshold,1787297015353000000,1787297075356000000,0
FilePageCache.maxCacheSizeInBytes,1787297015353000000,1787297075356000000,425754624
DirectByteBufferAllocator.misses,1787297015353000000,1787297075356000000,0
DirectByteBufferAllocator.reclaimed,1787297015353000000,1787297075356000000,0
FilePageCache.uncachedFileAccess,1787297015353000000,1787297075356000000,0
DirectByteBufferAllocator.totalSizeOfBuffersCachedInBytes,1787297015353000000,1787297075356000000,0
FilePageCache.totalPageDisposalsUs,1787297015353000000,1787297075356000000,0
DirectByteBufferAllocator.disposed,1787297015353000000,1787297075356000000,0
jps.facet.change.listener.init.bridge.ms,1787297015353000000,1787297075356000000,0
workspaceModel.global.apply.state.to.project.ms,1787297015353000000,1787297075356000000,0
jps.global.handle.before.change.events.ms,1787297015353000000,1787297075356000000,0
workspaceModel.mutableEntityStorage.mutable.vfurl.index.ms,1787297015353000000,1787297075356000000,0
workspaceModel.delayed.project.synchronizer.sync.ms,1787297015353000000,1787297075356000000,0
jps.global.initialize.library.bridges.after.loading.ms,1787297015353000000,1787297075356000000,0
workspaceModel.mutableEntityStorage.put.entity.ms,1787297015353000000,1787297075356000000,42
workspaceModel.load.cache.from.file.ms,1787297015353000000,1787297075356000000,0
workspaceModel.mutableEntityStorage.referrers.ms,1787297015353000000,1787297075356000000,0
jps.app.storage.content.reader.load.component.ms,1787297015353000000,1787297075356000000,7
workspaceModel.moduleManagerBridge.get.modules.ms,1787297015353000000,1787297075356000000,42
workspaceModel.mutableEntityStorage.resolve.ms,1787297015353000000,1787297075356000000,0
workspaceModel.mutableEntityStorage.has.same.entities.ms,1787297015353000000,1787297075356000000,0
workspaceModel.save.cache.to.file.ms,1787297015353000000,1787297075356000000,253
workspaceModel.mutableEntityStorage.modify.entity.ms,1787297015353000000,1787297075356000000,0
workspaceModel.mutableEntityStorage.to.snapshot.ms,1787297015353000000,1787297075356000000,10
jps.library.entities.serializer.save.entities.ms,1787297015353000000,1787297075356000000,0
workspaceModel.moduleManagerBridge.build.module.graph.ms,1787297015353000000,1787297075356000000,2
jps.global.get.library.by.name.ms,1787297015353000000,1787297075356000000,0
jps.load.initial.state.ms,1787297015353000000,1787297075356000000,30
workspaceModel.moduleBridge.update.option.ms,1787297015353000000,1787297075356000000,0
jps.reload.project.entities.ms,1787297015353000000,1787297075356000000,0
jps.facet.change.listener.before.change.events.ms,1787297015353000000,1787297075356000000,3
workspaceModel.mutableEntityStorage.replace.by.source.ms,1787297015353000000,1787297075356000000,25
jps.library.entities.serializer.load.entities.ms,1787297015353000000,1787297075356000000,62
workspaceModel.mutableEntityStorage.entities.by.source.ms,1787297015353000000,1787297075356000000,2
workspaceModel.mutableEntityStorage.add.diff.ms,1787297015353000000,1787297075356000000,26
workspaceModel.global.updates.count,1787297015353000000,1787297075356000000,0
jps.module.iml.entities.serializer.save.entities.ms,1787297015353000000,1787297075356000000,0
jps.apply.loaded.storage.ms,1787297015353000000,1787297075356000000,1068
workspaceModel.mutableEntityStorage.add.entity.ms,1787297015353000000,1787297075356000000,141
workspaceModel.orphan.listener.update.ms,1787297015353000000,1787297075356000000,2
workspaceModel.mutableEntityStorage.collect.changes.ms,1787297015353000000,1787297075356000000,2
workspaceModel.moduleManagerBridge.load.module.ms,1787297015353000000,1787297075356000000,0
workspaceModel.moduleBridgeLoader.loading.modules.ms,1787297015353000000,1787297075356000000,2723
workspaceModel.moduleBridge.facet.initialization.ms,1787297015353000000,1787297075356000000,0
jps.storage.jps.conf.reader.load.component.ms,1787297015353000000,1787297075356000000,78
workspaceModel.global.updates.ms,1787297015353000000,1787297075356000000,0
workspaceModel.mutableEntityStorage.entities.ms,1787297015353000000,1787297075356000000,1
jps.facet.change.listener.process.change.events.ms,1787297015353000000,1787297075356000000,1
workspaceModel.moduleManagerBridge.load.all.modules.ms,1787297015353000000,1787297075356000000,54
workspaceModel.moduleManagerBridge.set.unloadedModules.ms,1787297015353000000,1787297075356000000,0
jps.module.iml.entities.serializer.load.entities.ms,1787297015353000000,1787297075356000000,439
workspaceModel.mutableEntityStorage.remove.entity.ms,1787297015353000000,1787297075356000000,0
jps.save.changed.project.entities.ms,1787297015353000000,1787297075356000000,5
jps.global.initialize.library.bridges.ms,1787297015353000000,1787297075356000000,0
jps.save.global.entities.ms,1787297015353000000,1787297075356000000,171
jps.load.project.to.empty.storage.ms,1787297015353000000,1787297075356000000,318
jps.global.get.library.ms,1787297015353000000,1787297075356000000,0
jps.project.serializers.load.ms,1787297015353000000,1787297075356000000,267
jps.app.storage.content.writer.save.component.ms,1787297015353000000,1787297075356000000,0
workspaceModel.moduleManagerBridge.new.nonPersistent.module.ms,1787297015353000000,1787297075356000000,0
jps.artifact.entities.serializer.load.entities.ms,1787297015353000000,1787297075356000000,0
jps.global.handle.changed.events.ms,1787297015353000000,1787297075356000000,0
jps.project.serializers.save.ms,1787297015353000000,1787297075356000000,3
workspaceModel.global.apply.state.to.project.builder.ms,1787297015353000000,1787297075356000000,6
workspaceModel.moduleManagerBridge.create.module.instance.ms,1787297015353000000,1787297075356000000,0
workspaceModel.sync.entities.ms,1787297015353000000,1787297075356000000,0
workspaceModel.moduleManagerBridge.newModule.ms,1787297015353000000,1787297075356000000,0
jps.artifact.entities.serializer.save.entities.ms,1787297015353000000,1787297075356000000,0
jps.global.get.libraries.ms,1787297015353000000,1787297075356000000,5
workspaceModel.moduleBridge.before.changed.ms,1787297015353000000,1787297075356000000,0
workspaceModel.mutableEntityStorage.mutable.ext.mapping.ms,1787297015353000000,1787297075356000000,1
workspaceModel.init.bridges.ms,1787297015353000000,1787297075356000000,2
workspaceModel.pre.handlers.ms,1787297015353000000,1787297075356000000,3
workspaceModel.to.snapshot.ms,1787297015353000000,1787297075356000000,9
workspaceModel.replace.project.model.ms,1787297015353000000,1787297075356000000,0
workspaceModel.update.unloaded.entities.ms,1787297015353000000,1787297075356000000,0
workspaceModel.loading.from.cache.ms,1787297015353000000,1787297075356000000,39
workspaceModel.loading.total.ms,1787297015353000000,1787297075356000000,50
workspaceModel.check.recursive.update.ms,1787297015353000000,1787297075356000000,0
workspaceModel.collect.changes.ms,1787297015353000000,1787297075356000000,0
workspaceModel.updates.count,1787297015353000000,1787297075356000000,1
workspaceModel.initializing.ms,1787297015353000000,1787297075356000000,2
workspaceModel.updates.ms,1787297015353000000,1787297075356000000,141
workspaceModel.updates.precise.ms,1787297015353000000,1787297075356000000,20
FileNameCache.fastMisses,1787297015353000000,1787297075356000000,4
FileNameCache.queries,1787297015353000000,1787297075356000000,1026
FileNameCache.totalMisses,1787297015353000000,1787297075356000000,0
Indexes.stubs.lookupDuration90PMs,1787297015353000000,1787297075356000000,0.0
Indexes.stubs.lookupDurationMaxMs,1787297015353000000,1787297075356000000,0.0
Indexes.entries.lookupDurationAvgMs,1787297015353000000,1787297075356000000,0.0
Indexes.allKeys.lookupDurationMaxMs,1787297015353000000,1787297075356000000,0.0
IndexesFlusher.totalFlushingTimeUs,1787297015353000000,1787297075356000000,708432
IndexesFlusher.totalFlushesRetried,1787297015353000000,1787297075356000000,0
IndexesFlusher.totalContentionQuotaSpent,1787297015353000000,1787297075356000000,0
Indexes.entries.lookups,1787297015353000000,1787297075356000000,0.0
Indexes.allKeys.lookupDuration90PMs,1787297015353000000,1787297075356000000,0.0
Indexes.stubs.lookupDurationAvgMs,1787297015353000000,1787297075356000000,0.0
Indexes.entries.lookupDurationMaxMs,1787297015353000000,1787297075356000000,0.0
Indexes.entries.lookupDuration90PMs,1787297015353000000,1787297075356000000,0.0
VFSFlusher.totalFlushesRetried,1787297015353000000,1787297075356000000,0
Indexes.allKeys.lookups,1787297015353000000,1787297075356000000,0.0
VFSFlusher.totalContentionQuotaSpent,1787297015353000000,1787297075356000000,0
Indexes.stubs.lookups,1787297015353000000,1787297075356000000,0.0
VFSFlusher.totalFlushes,1787297015353000000,1787297075356000000,0
Indexes.allKeys.lookupDurationAvgMs,1787297015353000000,1787297075356000000,0.0
VFSFlusher.totalFlushingTimeUs,1787297015353000000,1787297075356000000,0
IndexesFlusher.totalFlushes,1787297015353000000,1787297075356000000,118
JVM.GC.collectionTimesMs,1787297015353000000,1787297075356000000,0
JVM.maxNativeBytes,1787297015353000000,1787297075356000000,-1
JVM.GC.collections,1787297015353000000,1787297075356000000,0
JVM.threadCount,1787297015353000000,1787297075356000000,57
JVM.usedHeapBytes,1787297015353000000,1787297075356000000,609197800
OS.loadAverage,1787297015353000000,1787297075356000000,3.3896484375
JVM.totalCpuTimeMs,1787297015353000000,1787297075356000000,6290
JVM.maxHeapBytes,1787297015353000000,1787297075356000000,2147483648
JVM.usedNativeBytes,1787297015353000000,1787297075356000000,440443976
NonBlockingReadAction.finalizedExecutionsCount,1787297015353000000,1787297075356000000,4
AWTEventQueue.eventsDispatched,1787297015353000000,1787297075356000000,4036
FlushQueue.waitingTimeAvgNs,1787297015353000000,1787297075356000000,1644865.4636363636
FlushQueue.executionTimeMaxNs,1787297015353000000,1787297075356000000,10878975
AWTEventQueue.dispatchTime90PNs,1787297015353000000,1787297075356000000,438271
FlushQueue.queueSizeMax,1787297015353000000,1787297075356000000,6
FlushQueue.queueSize90P,1787297015353000000,1787297075356000000,1
FlushQueue.executionTimeAvgNs,1787297015353000000,1787297075356000000,390623.85454545455
FlushQueue.waitingTimeMaxNs,1787297015353000000,1787297075356000000,66846719
NonBlockingReadAction.failedExecutionTimeUs,1787297015353000000,1787297075356000000,0
NonBlockingReadAction.finalizedExecutionTimeUs,1787297015353000000,1787297075356000000,22492
FlushQueue.queueSizeAvg,1787297015353000000,1787297075356000000,0.22272727272727272
FlushQueue.waitingTime90PNs,1787297015353000000,1787297075356000000,1941503
FlushQueue.tasksExecuted,1787297015353000000,1787297075356000000,220
AWTEventQueue.dispatchTimeMaxNs,1787297015353000000,1787297075356000000,68157439
AWTEventQueue.dispatchTimeTotalNS,1787297015353000000,1787297075356000000,1355515923
FlushQueue.executionTime90PNs,1787297015353000000,1787297075356000000,659455
AWTEventQueue.dispatchTimeAvgNs,1787297015353000000,1787297075356000000,335856.2239841427
NonBlockingReadAction.failedExecutionsCount,1787297015353000000,1787297075356000000,0
StorageLockContext.competingThreads.avg,1787297075356000000,1787297135357000000,0.0
StreamlinedBlobStorage.totalLiveRecordsPayloadBytes,1787297075356000000,1787297135357000000,0
FilePageCache.pageLoads,1787297075356000000,1787297135357000000,0
DirectByteBufferAllocator.totalSizeOfBuffersAllocatedInBytes,1787297075356000000,1787297135357000000,425754624
StreamlinedBlobStorage.recordsDeleted,1787297075356000000,1787297135357000000,0
StorageLockContext.competingThreads.max,1787297075356000000,1787297135357000000,0
StreamlinedBlobStorage.totalLiveRecordsCapacityBytes,1787297075356000000,1787297135357000000,0
DirectByteBufferAllocator.hits,1787297075356000000,1787297135357000000,0
StreamlinedBlobStorage.recordsAllocated,1787297075356000000,1787297135357000000,0
StreamlinedBlobStorage.recordsRelocated,1787297075356000000,1787297135357000000,0
FilePageCache.pageHits,1787297075356000000,1787297135357000000,0
StorageLockContext.competingThreads.90P,1787297075356000000,1787297135357000000,0
FilePageCache.pageFastCacheHits,1787297075356000000,1787297135357000000,0
FilePageCache.totalPageLoadsUs,1787297075356000000,1787297135357000000,0
FilePageCache.capacityInBytes,1787297075356000000,1787297135357000000,524288000
FilePageCache.maxRegisteredFiles,1787297075356000000,1787297135357000000,618
FilePageCache.disposedBuffers,1787297075356000000,1787297135357000000,0
FilePageCache.pageLoadsAboveSizeThreshold,1787297075356000000,1787297135357000000,0
FilePageCache.maxCacheSizeInBytes,1787297075356000000,1787297135357000000,425754624
DirectByteBufferAllocator.misses,1787297075356000000,1787297135357000000,0
DirectByteBufferAllocator.reclaimed,1787297075356000000,1787297135357000000,0
FilePageCache.uncachedFileAccess,1787297075356000000,1787297135357000000,0
DirectByteBufferAllocator.totalSizeOfBuffersCachedInBytes,1787297075356000000,1787297135357000000,0
FilePageCache.totalPageDisposalsUs,1787297075356000000,1787297135357000000,0
DirectByteBufferAllocator.disposed,1787297075356000000,1787297135357000000,0
jps.facet.change.listener.init.bridge.ms,1787297075356000000,1787297135357000000,0
workspaceModel.global.apply.state.to.project.ms,1787297075356000000,1787297135357000000,0
jps.global.handle.before.change.events.ms,1787297075356000000,1787297135357000000,0
workspaceModel.mutableEntityStorage.mutable.vfurl.index.ms,1787297075356000000,1787297135357000000,0
workspaceModel.delayed.project.synchronizer.sync.ms,1787297075356000000,1787297135357000000,0
jps.global.initialize.library.bridges.after.loading.ms,1787297075356000000,1787297135357000000,0
workspaceModel.mutableEntityStorage.put.entity.ms,1787297075356000000,1787297135357000000,42
workspaceModel.load.cache.from.file.ms,1787297075356000000,1787297135357000000,0
workspaceModel.mutableEntityStorage.referrers.ms,1787297075356000000,1787297135357000000,0
jps.app.storage.content.reader.load.component.ms,1787297075356000000,1787297135357000000,7
workspaceModel.moduleManagerBridge.get.modules.ms,1787297075356000000,1787297135357000000,42
workspaceModel.mutableEntityStorage.resolve.ms,1787297075356000000,1787297135357000000,0
workspaceModel.mutableEntityStorage.has.same.entities.ms,1787297075356000000,1787297135357000000,0
workspaceModel.save.cache.to.file.ms,1787297075356000000,1787297135357000000,253
workspaceModel.mutableEntityStorage.modify.entity.ms,1787297075356000000,1787297135357000000,0
workspaceModel.mutableEntityStorage.to.snapshot.ms,1787297075356000000,1787297135357000000,10
jps.library.entities.serializer.save.entities.ms,1787297075356000000,1787297135357000000,0
workspaceModel.moduleManagerBridge.build.module.graph.ms,1787297075356000000,1787297135357000000,2
jps.global.get.library.by.name.ms,1787297075356000000,1787297135357000000,0
jps.load.initial.state.ms,1787297075356000000,1787297135357000000,30
workspaceModel.moduleBridge.update.option.ms,1787297075356000000,1787297135357000000,0
jps.reload.project.entities.ms,1787297075356000000,1787297135357000000,0
jps.facet.change.listener.before.change.events.ms,1787297075356000000,1787297135357000000,3
workspaceModel.mutableEntityStorage.replace.by.source.ms,1787297075356000000,1787297135357000000,25
jps.library.entities.serializer.load.entities.ms,1787297075356000000,1787297135357000000,62
workspaceModel.mutableEntityStorage.entities.by.source.ms,1787297075356000000,1787297135357000000,2
workspaceModel.mutableEntityStorage.add.diff.ms,1787297075356000000,1787297135357000000,26
workspaceModel.global.updates.count,1787297075356000000,1787297135357000000,0
jps.module.iml.entities.serializer.save.entities.ms,1787297075356000000,1787297135357000000,0
jps.apply.loaded.storage.ms,1787297075356000000,1787297135357000000,1068
workspaceModel.mutableEntityStorage.add.entity.ms,1787297075356000000,1787297135357000000,141
workspaceModel.orphan.listener.update.ms,1787297075356000000,1787297135357000000,2
workspaceModel.mutableEntityStorage.collect.changes.ms,1787297075356000000,1787297135357000000,2
workspaceModel.moduleManagerBridge.load.module.ms,1787297075356000000,1787297135357000000,0
workspaceModel.moduleBridgeLoader.loading.modules.ms,1787297075356000000,1787297135357000000,2723
workspaceModel.moduleBridge.facet.initialization.ms,1787297075356000000,1787297135357000000,0
jps.storage.jps.conf.reader.load.component.ms,1787297075356000000,1787297135357000000,78
workspaceModel.global.updates.ms,1787297075356000000,1787297135357000000,0
workspaceModel.mutableEntityStorage.entities.ms,1787297075356000000,1787297135357000000,1
jps.facet.change.listener.process.change.events.ms,1787297075356000000,1787297135357000000,1
workspaceModel.moduleManagerBridge.load.all.modules.ms,1787297075356000000,1787297135357000000,54
workspaceModel.moduleManagerBridge.set.unloadedModules.ms,1787297075356000000,1787297135357000000,0
jps.module.iml.entities.serializer.load.entities.ms,1787297075356000000,1787297135357000000,439
workspaceModel.mutableEntityStorage.remove.entity.ms,1787297075356000000,1787297135357000000,0
jps.save.changed.project.entities.ms,1787297075356000000,1787297135357000000,5
jps.global.initialize.library.bridges.ms,1787297075356000000,1787297135357000000,0
jps.save.global.entities.ms,1787297075356000000,1787297135357000000,171
jps.load.project.to.empty.storage.ms,1787297075356000000,1787297135357000000,318
jps.global.get.library.ms,1787297075356000000,1787297135357000000,0
jps.project.serializers.load.ms,1787297075356000000,1787297135357000000,267
jps.app.storage.content.writer.save.component.ms,1787297075356000000,1787297135357000000,0
workspaceModel.moduleManagerBridge.new.nonPersistent.module.ms,1787297075356000000,1787297135357000000,0
jps.artifact.entities.serializer.load.entities.ms,1787297075356000000,1787297135357000000,0
jps.global.handle.changed.events.ms,1787297075356000000,1787297135357000000,0
jps.project.serializers.save.ms,1787297075356000000,1787297135357000000,3
workspaceModel.global.apply.state.to.project.builder.ms,1787297075356000000,1787297135357000000,6
workspaceModel.moduleManagerBridge.create.module.instance.ms,1787297075356000000,1787297135357000000,0
workspaceModel.sync.entities.ms,1787297075356000000,1787297135357000000,0
workspaceModel.moduleManagerBridge.newModule.ms,1787297075356000000,1787297135357000000,0
jps.artifact.entities.serializer.save.entities.ms,1787297075356000000,1787297135357000000,0
jps.global.get.libraries.ms,1787297075356000000,1787297135357000000,5
workspaceModel.moduleBridge.before.changed.ms,1787297075356000000,1787297135357000000,0
workspaceModel.mutableEntityStorage.mutable.ext.mapping.ms,1787297075356000000,1787297135357000000,1
workspaceModel.init.bridges.ms,1787297075356000000,1787297135357000000,2
workspaceModel.pre.handlers.ms,1787297075356000000,1787297135357000000,3
workspaceModel.to.snapshot.ms,1787297075356000000,1787297135357000000,9
workspaceModel.replace.project.model.ms,1787297075356000000,1787297135357000000,0
workspaceModel.update.unloaded.entities.ms,1787297075356000000,1787297135357000000,0
workspaceModel.loading.from.cache.ms,1787297075356000000,1787297135357000000,39
workspaceModel.loading.total.ms,1787297075356000000,1787297135357000000,50
workspaceModel.check.recursive.update.ms,1787297075356000000,1787297135357000000,0
workspaceModel.collect.changes.ms,1787297075356000000,1787297135357000000,0
workspaceModel.updates.count,1787297075356000000,1787297135357000000,1
workspaceModel.initializing.ms,1787297075356000000,1787297135357000000,2
workspaceModel.updates.ms,1787297075356000000,1787297135357000000,141
workspaceModel.updates.precise.ms,1787297075356000000,1787297135357000000,20
FileNameCache.fastMisses,1787297075356000000,1787297135357000000,0
FileNameCache.queries,1787297075356000000,1787297135357000000,0
FileNameCache.totalMisses,1787297075356000000,1787297135357000000,0
Indexes.stubs.lookupDuration90PMs,1787297075356000000,1787297135357000000,0.0
Indexes.stubs.lookupDurationMaxMs,1787297075356000000,1787297135357000000,0.0
Indexes.entries.lookupDurationAvgMs,1787297075356000000,1787297135357000000,0.0
Indexes.allKeys.lookupDurationMaxMs,1787297075356000000,1787297135357000000,0.0
IndexesFlusher.totalFlushingTimeUs,1787297075356000000,1787297135357000000,733073
IndexesFlusher.totalFlushesRetried,1787297075356000000,1787297135357000000,0
IndexesFlusher.totalContentionQuotaSpent,1787297075356000000,1787297135357000000,0
Indexes.entries.lookups,1787297075356000000,1787297135357000000,0.0
Indexes.allKeys.lookupDuration90PMs,1787297075356000000,1787297135357000000,0.0
Indexes.stubs.lookupDurationAvgMs,1787297075356000000,1787297135357000000,0.0
Indexes.entries.lookupDurationMaxMs,1787297075356000000,1787297135357000000,0.0
Indexes.entries.lookupDuration90PMs,1787297075356000000,1787297135357000000,0.0
VFSFlusher.totalFlushesRetried,1787297075356000000,1787297135357000000,0
Indexes.allKeys.lookups,1787297075356000000,1787297135357000000,0.0
VFSFlusher.totalContentionQuotaSpent,1787297075356000000,1787297135357000000,0
Indexes.stubs.lookups,1787297075356000000,1787297135357000000,0.0
VFSFlusher.totalFlushes,1787297075356000000,1787297135357000000,0
Indexes.allKeys.lookupDurationAvgMs,1787297075356000000,1787297135357000000,0.0
VFSFlusher.totalFlushingTimeUs,1787297075356000000,1787297135357000000,0
IndexesFlusher.totalFlushes,1787297075356000000,1787297135357000000,116
JVM.GC.collectionTimesMs,1787297075356000000,1787297135357000000,26
JVM.maxNativeBytes,1787297075356000000,1787297135357000000,-1
JVM.GC.collections,1787297075356000000,1787297135357000000,1
JVM.threadCount,1787297075356000000,1787297135357000000,51
JVM.usedHeapBytes,1787297075356000000,1787297135357000000,579009144
OS.loadAverage,1787297075356000000,1787297135357000000,3.3759765625
JVM.totalCpuTimeMs,1787297075356000000,1787297135357000000,4338
JVM.maxHeapBytes,1787297075356000000,1787297135357000000,2147483648
JVM.usedNativeBytes,1787297075356000000,1787297135357000000,440481976
NonBlockingReadAction.finalizedExecutionsCount,1787297075356000000,1787297135357000000,0
AWTEventQueue.eventsDispatched,1787297075356000000,1787297135357000000,3387
FlushQueue.waitingTimeAvgNs,1787297075356000000,1787297135357000000,272565.9504132231
FlushQueue.executionTimeMaxNs,1787297075356000000,1787297135357000000,757759
AWTEventQueue.dispatchTime90PNs,1787297075356000000,1787297135357000000,376831
FlushQueue.queueSizeMax,1787297075356000000,1787297135357000000,0
FlushQueue.queueSize90P,1787297075356000000,1787297135357000000,0
FlushQueue.executionTimeAvgNs,1787297075356000000,1787297135357000000,89051.5041322314
FlushQueue.waitingTimeMaxNs,1787297075356000000,1787297135357000000,684031
NonBlockingReadAction.failedExecutionTimeUs,1787297075356000000,1787297135357000000,0
NonBlockingReadAction.finalizedExecutionTimeUs,1787297075356000000,1787297135357000000,0
FlushQueue.queueSizeAvg,1787297075356000000,1787297135357000000,0.0
FlushQueue.waitingTime90PNs,1787297075356000000,1787297135357000000,385023
FlushQueue.tasksExecuted,1787297075356000000,1787297135357000000,121
AWTEventQueue.dispatchTimeMaxNs,1787297075356000000,1787297135357000000,1499135
AWTEventQueue.dispatchTimeTotalNS,1787297075356000000,1787297135357000000,627612770
FlushQueue.executionTime90PNs,1787297075356000000,1787297135357000000,137215
AWTEventQueue.dispatchTimeAvgNs,1787297075356000000,1787297135357000000,185306.08562149396
NonBlockingReadAction.failedExecutionsCount,1787297075356000000,1787297135357000000,0
StorageLockContext.competingThreads.avg,1787297135357000000,1787297195356000000,0.0
StreamlinedBlobStorage.totalLiveRecordsPayloadBytes,1787297135357000000,1787297195356000000,0
FilePageCache.pageLoads,1787297135357000000,1787297195356000000,0
DirectByteBufferAllocator.totalSizeOfBuffersAllocatedInBytes,1787297135357000000,1787297195356000000,425754624
StreamlinedBlobStorage.recordsDeleted,1787297135357000000,1787297195356000000,0
StorageLockContext.competingThreads.max,1787297135357000000,1787297195356000000,0
StreamlinedBlobStorage.totalLiveRecordsCapacityBytes,1787297135357000000,1787297195356000000,0
DirectByteBufferAllocator.hits,1787297135357000000,1787297195356000000,0
StreamlinedBlobStorage.recordsAllocated,1787297135357000000,1787297195356000000,0
StreamlinedBlobStorage.recordsRelocated,1787297135357000000,1787297195356000000,0
FilePageCache.pageHits,1787297135357000000,1787297195356000000,0
StorageLockContext.competingThreads.90P,1787297135357000000,1787297195356000000,0
FilePageCache.pageFastCacheHits,1787297135357000000,1787297195356000000,0
FilePageCache.totalPageLoadsUs,1787297135357000000,1787297195356000000,0
FilePageCache.capacityInBytes,1787297135357000000,1787297195356000000,524288000
FilePageCache.maxRegisteredFiles,1787297135357000000,1787297195356000000,618
FilePageCache.disposedBuffers,1787297135357000000,1787297195356000000,0
FilePageCache.pageLoadsAboveSizeThreshold,1787297135357000000,1787297195356000000,0
FilePageCache.maxCacheSizeInBytes,1787297135357000000,1787297195356000000,425754624
DirectByteBufferAllocator.misses,1787297135357000000,1787297195356000000,0
DirectByteBufferAllocator.reclaimed,1787297135357000000,1787297195356000000,0
FilePageCache.uncachedFileAccess,1787297135357000000,1787297195356000000,0
DirectByteBufferAllocator.totalSizeOfBuffersCachedInBytes,1787297135357000000,1787297195356000000,0
FilePageCache.totalPageDisposalsUs,1787297135357000000,1787297195356000000,0
DirectByteBufferAllocator.disposed,1787297135357000000,1787297195356000000,0
jps.facet.change.listener.init.bridge.ms,1787297135357000000,1787297195356000000,0
workspaceModel.global.apply.state.to.project.ms,1787297135357000000,1787297195356000000,0
jps.global.handle.before.change.events.ms,1787297135357000000,1787297195356000000,0
workspaceModel.mutableEntityStorage.mutable.vfurl.index.ms,1787297135357000000,1787297195356000000,0
workspaceModel.delayed.project.synchronizer.sync.ms,1787297135357000000,1787297195356000000,0
jps.global.initialize.library.bridges.after.loading.ms,1787297135357000000,1787297195356000000,0
workspaceModel.mutableEntityStorage.put.entity.ms,1787297135357000000,1787297195356000000,42
workspaceModel.load.cache.from.file.ms,1787297135357000000,1787297195356000000,0
workspaceModel.mutableEntityStorage.referrers.ms,1787297135357000000,1787297195356000000,0
jps.app.storage.content.reader.load.component.ms,1787297135357000000,1787297195356000000,7
workspaceModel.moduleManagerBridge.get.modules.ms,1787297135357000000,1787297195356000000,42
workspaceModel.mutableEntityStorage.resolve.ms,1787297135357000000,1787297195356000000,0
workspaceModel.mutableEntityStorage.has.same.entities.ms,1787297135357000000,1787297195356000000,0
workspaceModel.save.cache.to.file.ms,1787297135357000000,1787297195356000000,253
workspaceModel.mutableEntityStorage.modify.entity.ms,1787297135357000000,1787297195356000000,0
workspaceModel.mutableEntityStorage.to.snapshot.ms,1787297135357000000,1787297195356000000,10
jps.library.entities.serializer.save.entities.ms,1787297135357000000,1787297195356000000,0
workspaceModel.moduleManagerBridge.build.module.graph.ms,1787297135357000000,1787297195356000000,2
jps.global.get.library.by.name.ms,1787297135357000000,1787297195356000000,0
jps.load.initial.state.ms,1787297135357000000,1787297195356000000,30
workspaceModel.moduleBridge.update.option.ms,1787297135357000000,1787297195356000000,0
jps.reload.project.entities.ms,1787297135357000000,1787297195356000000,0
jps.facet.change.listener.before.change.events.ms,1787297135357000000,1787297195356000000,3
workspaceModel.mutableEntityStorage.replace.by.source.ms,1787297135357000000,1787297195356000000,25
jps.library.entities.serializer.load.entities.ms,1787297135357000000,1787297195356000000,62
workspaceModel.mutableEntityStorage.entities.by.source.ms,1787297135357000000,1787297195356000000,2
workspaceModel.mutableEntityStorage.add.diff.ms,1787297135357000000,1787297195356000000,26
workspaceModel.global.updates.count,1787297135357000000,1787297195356000000,0
jps.module.iml.entities.serializer.save.entities.ms,1787297135357000000,1787297195356000000,0
jps.apply.loaded.storage.ms,1787297135357000000,1787297195356000000,1068
workspaceModel.mutableEntityStorage.add.entity.ms,1787297135357000000,1787297195356000000,141
workspaceModel.orphan.listener.update.ms,1787297135357000000,1787297195356000000,2
workspaceModel.mutableEntityStorage.collect.changes.ms,1787297135357000000,1787297195356000000,2
workspaceModel.moduleManagerBridge.load.module.ms,1787297135357000000,1787297195356000000,0
workspaceModel.moduleBridgeLoader.loading.modules.ms,1787297135357000000,1787297195356000000,2723
workspaceModel.moduleBridge.facet.initialization.ms,1787297135357000000,1787297195356000000,0
jps.storage.jps.conf.reader.load.component.ms,1787297135357000000,1787297195356000000,78
workspaceModel.global.updates.ms,1787297135357000000,1787297195356000000,0
workspaceModel.mutableEntityStorage.entities.ms,1787297135357000000,1787297195356000000,1
jps.facet.change.listener.process.change.events.ms,1787297135357000000,1787297195356000000,1
workspaceModel.moduleManagerBridge.load.all.modules.ms,1787297135357000000,1787297195356000000,54
workspaceModel.moduleManagerBridge.set.unloadedModules.ms,1787297135357000000,1787297195356000000,0
jps.module.iml.entities.serializer.load.entities.ms,1787297135357000000,1787297195356000000,439
workspaceModel.mutableEntityStorage.remove.entity.ms,1787297135357000000,1787297195356000000,0
jps.save.changed.project.entities.ms,1787297135357000000,1787297195356000000,5
jps.global.initialize.library.bridges.ms,1787297135357000000,1787297195356000000,0
jps.save.global.entities.ms,1787297135357000000,1787297195356000000,171
jps.load.project.to.empty.storage.ms,1787297135357000000,1787297195356000000,318
jps.global.get.library.ms,1787297135357000000,1787297195356000000,0
jps.project.serializers.load.ms,1787297135357000000,1787297195356000000,267
jps.app.storage.content.writer.save.component.ms,1787297135357000000,1787297195356000000,0
workspaceModel.moduleManagerBridge.new.nonPersistent.module.ms,1787297135357000000,1787297195356000000,0
jps.artifact.entities.serializer.load.entities.ms,1787297135357000000,1787297195356000000,0
jps.global.handle.changed.events.ms,1787297135357000000,1787297195356000000,0
jps.project.serializers.save.ms,1787297135357000000,1787297195356000000,3
workspaceModel.global.apply.state.to.project.builder.ms,1787297135357000000,1787297195356000000,6
workspaceModel.moduleManagerBridge.create.module.instance.ms,1787297135357000000,1787297195356000000,0
workspaceModel.sync.entities.ms,1787297135357000000,1787297195356000000,0
workspaceModel.moduleManagerBridge.newModule.ms,1787297135357000000,1787297195356000000,0
jps.artifact.entities.serializer.save.entities.ms,1787297135357000000,1787297195356000000,0
jps.global.get.libraries.ms,1787297135357000000,1787297195356000000,5
workspaceModel.moduleBridge.before.changed.ms,1787297135357000000,1787297195356000000,0
workspaceModel.mutableEntityStorage.mutable.ext.mapping.ms,1787297135357000000,1787297195356000000,1
workspaceModel.init.bridges.ms,1787297135357000000,1787297195356000000,2
workspaceModel.pre.handlers.ms,1787297135357000000,1787297195356000000,3
workspaceModel.to.snapshot.ms,1787297135357000000,1787297195356000000,9
workspaceModel.replace.project.model.ms,1787297135357000000,1787297195356000000,0
workspaceModel.update.unloaded.entities.ms,1787297135357000000,1787297195356000000,0
workspaceModel.loading.from.cache.ms,1787297135357000000,1787297195356000000,39
workspaceModel.loading.total.ms,1787297135357000000,1787297195356000000,50
workspaceModel.check.recursive.update.ms,1787297135357000000,1787297195356000000,0
workspaceModel.collect.changes.ms,1787297135357000000,1787297195356000000,0
workspaceModel.updates.count,1787297135357000000,1787297195356000000,1
workspaceModel.initializing.ms,1787297135357000000,1787297195356000000,2
workspaceModel.updates.ms,1787297135357000000,1787297195356000000,141
workspaceModel.updates.precise.ms,1787297135357000000,1787297195356000000,20
FileNameCache.fastMisses,1787297135357000000,1787297195356000000,0
FileNameCache.queries,1787297135357000000,1787297195356000000,0
FileNameCache.totalMisses,1787297135357000000,1787297195356000000,0
Indexes.stubs.lookupDuration90PMs,1787297135357000000,1787297195356000000,0.0
Indexes.stubs.lookupDurationMaxMs,1787297135357000000,1787297195356000000,0.0
Indexes.entries.lookupDurationAvgMs,1787297135357000000,1787297195356000000,0.0
Indexes.allKeys.lookupDurationMaxMs,1787297135357000000,1787297195356000000,0.0
IndexesFlusher.totalFlushingTimeUs,1787297135357000000,1787297195356000000,751855
IndexesFlusher.totalFlushesRetried,1787297135357000000,1787297195356000000,0
IndexesFlusher.totalContentionQuotaSpent,1787297135357000000,1787297195356000000,0
Indexes.entries.lookups,1787297135357000000,1787297195356000000,0.0
Indexes.allKeys.lookupDuration90PMs,1787297135357000000,1787297195356000000,0.0
Indexes.stubs.lookupDurationAvgMs,1787297135357000000,1787297195356000000,0.0
Indexes.entries.lookupDurationMaxMs,1787297135357000000,1787297195356000000,0.0
Indexes.entries.lookupDuration90PMs,1787297135357000000,1787297195356000000,0.0
VFSFlusher.totalFlushesRetried,1787297135357000000,1787297195356000000,0
Indexes.allKeys.lookups,1787297135357000000,1787297195356000000,0.0
VFSFlusher.totalContentionQuotaSpent,1787297135357000000,1787297195356000000,0
Indexes.stubs.lookups,1787297135357000000,1787297195356000000,0.0
VFSFlusher.totalFlushes,1787297135357000000,1787297195356000000,0
Indexes.allKeys.lookupDurationAvgMs,1787297135357000000,1787297195356000000,0.0
VFSFlusher.totalFlushingTimeUs,1787297135357000000,1787297195356000000,0
IndexesFlusher.totalFlushes,1787297135357000000,1787297195356000000,118
JVM.GC.collectionTimesMs,1787297135357000000,1787297195356000000,38
JVM.maxNativeBytes,1787297135357000000,1787297195356000000,-1
JVM.GC.collections,1787297135357000000,1787297195356000000,1
JVM.threadCount,1787297135357000000,1787297195356000000,53
JVM.usedHeapBytes,1787297135357000000,1787297195356000000,547451824
OS.loadAverage,1787297135357000000,1787297195356000000,5.10986328125
JVM.totalCpuTimeMs,1787297135357000000,1787297195356000000,4587
JVM.maxHeapBytes,1787297135357000000,1787297195356000000,2147483648
JVM.usedNativeBytes,1787297135357000000,1787297195356000000,440515488
NonBlockingReadAction.finalizedExecutionsCount,1787297135357000000,1787297195356000000,0
AWTEventQueue.eventsDispatched,1787297135357000000,1787297195356000000,3378
FlushQueue.waitingTimeAvgNs,1787297135357000000,1787297195356000000,289953.06666666665
FlushQueue.executionTimeMaxNs,1787297135357000000,1787297195356000000,434175
AWTEventQueue.dispatchTime90PNs,1787297135357000000,1787297195356000000,391167
FlushQueue.queueSizeMax,1787297135357000000,1787297195356000000,0
FlushQueue.queueSize90P,1787297135357000000,1787297195356000000,0
FlushQueue.executionTimeAvgNs,1787297135357000000,1787297195356000000,86438.93333333333
FlushQueue.waitingTimeMaxNs,1787297135357000000,1787297195356000000,765951
NonBlockingReadAction.failedExecutionTimeUs,1787297135357000000,1787297195356000000,0
NonBlockingReadAction.finalizedExecutionTimeUs,1787297135357000000,1787297195356000000,0
FlushQueue.queueSizeAvg,1787297135357000000,1787297195356000000,0.0
FlushQueue.waitingTime90PNs,1787297135357000000,1787297195356000000,421887
FlushQueue.tasksExecuted,1787297135357000000,1787297195356000000,120
AWTEventQueue.dispatchTimeMaxNs,1787297135357000000,1787297195356000000,5144575
AWTEventQueue.dispatchTimeTotalNS,1787297135357000000,1787297195356000000,688032039
FlushQueue.executionTime90PNs,1787297135357000000,1787297195356000000,144383
AWTEventQueue.dispatchTimeAvgNs,1787297135357000000,1787297195356000000,203685.05861456483
NonBlockingReadAction.failedExecutionsCount,1787297135357000000,1787297195356000000,0
StorageLockContext.competingThreads.avg,1787297195356000000,1787297255356000000,0.0
StreamlinedBlobStorage.totalLiveRecordsPayloadBytes,1787297195356000000,1787297255356000000,0
FilePageCache.pageLoads,1787297195356000000,1787297255356000000,0
DirectByteBufferAllocator.totalSizeOfBuffersAllocatedInBytes,1787297195356000000,1787297255356000000,425754624
StreamlinedBlobStorage.recordsDeleted,1787297195356000000,1787297255356000000,0
StorageLockContext.competingThreads.max,1787297195356000000,1787297255356000000,0
StreamlinedBlobStorage.totalLiveRecordsCapacityBytes,1787297195356000000,1787297255356000000,0
DirectByteBufferAllocator.hits,1787297195356000000,1787297255356000000,0
StreamlinedBlobStorage.recordsAllocated,1787297195356000000,1787297255356000000,0
StreamlinedBlobStorage.recordsRelocated,1787297195356000000,1787297255356000000,0
FilePageCache.pageHits,1787297195356000000,1787297255356000000,0
StorageLockContext.competingThreads.90P,1787297195356000000,1787297255356000000,0
FilePageCache.pageFastCacheHits,1787297195356000000,1787297255356000000,0
FilePageCache.totalPageLoadsUs,1787297195356000000,1787297255356000000,0
FilePageCache.capacityInBytes,1787297195356000000,1787297255356000000,524288000
FilePageCache.maxRegisteredFiles,1787297195356000000,1787297255356000000,618
FilePageCache.disposedBuffers,1787297195356000000,1787297255356000000,0
FilePageCache.pageLoadsAboveSizeThreshold,1787297195356000000,1787297255356000000,0
FilePageCache.maxCacheSizeInBytes,1787297195356000000,1787297255356000000,425754624
DirectByteBufferAllocator.misses,1787297195356000000,1787297255356000000,0
DirectByteBufferAllocator.reclaimed,1787297195356000000,1787297255356000000,0
FilePageCache.uncachedFileAccess,1787297195356000000,1787297255356000000,0
DirectByteBufferAllocator.totalSizeOfBuffersCachedInBytes,1787297195356000000,1787297255356000000,0
FilePageCache.totalPageDisposalsUs,1787297195356000000,1787297255356000000,0
DirectByteBufferAllocator.disposed,1787297195356000000,1787297255356000000,0
jps.facet.change.listener.init.bridge.ms,1787297195356000000,1787297255356000000,0
workspaceModel.global.apply.state.to.project.ms,1787297195356000000,1787297255356000000,0
jps.global.handle.before.change.events.ms,1787297195356000000,1787297255356000000,0
workspaceModel.mutableEntityStorage.mutable.vfurl.index.ms,1787297195356000000,1787297255356000000,0
workspaceModel.delayed.project.synchronizer.sync.ms,1787297195356000000,1787297255356000000,0
jps.global.initialize.library.bridges.after.loading.ms,1787297195356000000,1787297255356000000,0
workspaceModel.mutableEntityStorage.put.entity.ms,1787297195356000000,1787297255356000000,42
workspaceModel.load.cache.from.file.ms,1787297195356000000,1787297255356000000,0
workspaceModel.mutableEntityStorage.referrers.ms,1787297195356000000,1787297255356000000,0
jps.app.storage.content.reader.load.component.ms,1787297195356000000,1787297255356000000,7
workspaceModel.moduleManagerBridge.get.modules.ms,1787297195356000000,1787297255356000000,42
workspaceModel.mutableEntityStorage.resolve.ms,1787297195356000000,1787297255356000000,0
workspaceModel.mutableEntityStorage.has.same.entities.ms,1787297195356000000,1787297255356000000,0
workspaceModel.save.cache.to.file.ms,1787297195356000000,1787297255356000000,253
workspaceModel.mutableEntityStorage.modify.entity.ms,1787297195356000000,1787297255356000000,0
workspaceModel.mutableEntityStorage.to.snapshot.ms,1787297195356000000,1787297255356000000,10
jps.library.entities.serializer.save.entities.ms,1787297195356000000,1787297255356000000,0
workspaceModel.moduleManagerBridge.build.module.graph.ms,1787297195356000000,1787297255356000000,2
jps.global.get.library.by.name.ms,1787297195356000000,1787297255356000000,0
jps.load.initial.state.ms,1787297195356000000,1787297255356000000,30
workspaceModel.moduleBridge.update.option.ms,1787297195356000000,1787297255356000000,0
jps.reload.project.entities.ms,1787297195356000000,1787297255356000000,0
jps.facet.change.listener.before.change.events.ms,1787297195356000000,1787297255356000000,3
workspaceModel.mutableEntityStorage.replace.by.source.ms,1787297195356000000,1787297255356000000,25
jps.library.entities.serializer.load.entities.ms,1787297195356000000,1787297255356000000,62
workspaceModel.mutableEntityStorage.entities.by.source.ms,1787297195356000000,1787297255356000000,2
workspaceModel.mutableEntityStorage.add.diff.ms,1787297195356000000,1787297255356000000,26
workspaceModel.global.updates.count,1787297195356000000,1787297255356000000,0
jps.module.iml.entities.serializer.save.entities.ms,1787297195356000000,1787297255356000000,0
jps.apply.loaded.storage.ms,1787297195356000000,1787297255356000000,1068
workspaceModel.mutableEntityStorage.add.entity.ms,1787297195356000000,1787297255356000000,141
workspaceModel.orphan.listener.update.ms,1787297195356000000,1787297255356000000,2
workspaceModel.mutableEntityStorage.collect.changes.ms,1787297195356000000,1787297255356000000,2
workspaceModel.moduleManagerBridge.load.module.ms,1787297195356000000,1787297255356000000,0
workspaceModel.moduleBridgeLoader.loading.modules.ms,1787297195356000000,1787297255356000000,2723
workspaceModel.moduleBridge.facet.initialization.ms,1787297195356000000,1787297255356000000,0
jps.storage.jps.conf.reader.load.component.ms,1787297195356000000,1787297255356000000,78
workspaceModel.global.updates.ms,1787297195356000000,1787297255356000000,0
workspaceModel.mutableEntityStorage.entities.ms,1787297195356000000,1787297255356000000,1
jps.facet.change.listener.process.change.events.ms,1787297195356000000,1787297255356000000,1
workspaceModel.moduleManagerBridge.load.all.modules.ms,1787297195356000000,1787297255356000000,54
workspaceModel.moduleManagerBridge.set.unloadedModules.ms,1787297195356000000,1787297255356000000,0
jps.module.iml.entities.serializer.load.entities.ms,1787297195356000000,1787297255356000000,439
workspaceModel.mutableEntityStorage.remove.entity.ms,1787297195356000000,1787297255356000000,0
jps.save.changed.project.entities.ms,1787297195356000000,1787297255356000000,5
jps.global.initialize.library.bridges.ms,1787297195356000000,1787297255356000000,0
jps.save.global.entities.ms,1787297195356000000,1787297255356000000,171
jps.load.project.to.empty.storage.ms,1787297195356000000,1787297255356000000,318
jps.global.get.library.ms,1787297195356000000,1787297255356000000,0
jps.project.serializers.load.ms,1787297195356000000,1787297255356000000,267
jps.app.storage.content.writer.save.component.ms,1787297195356000000,1787297255356000000,0
workspaceModel.moduleManagerBridge.new.nonPersistent.module.ms,1787297195356000000,1787297255356000000,0
jps.artifact.entities.serializer.load.entities.ms,1787297195356000000,1787297255356000000,0
jps.global.handle.changed.events.ms,1787297195356000000,1787297255356000000,0
jps.project.serializers.save.ms,1787297195356000000,1787297255356000000,3
workspaceModel.global.apply.state.to.project.builder.ms,1787297195356000000,1787297255356000000,6
workspaceModel.moduleManagerBridge.create.module.instance.ms,1787297195356000000,1787297255356000000,0
workspaceModel.sync.entities.ms,1787297195356000000,1787297255356000000,0
workspaceModel.moduleManagerBridge.newModule.ms,1787297195356000000,1787297255356000000,0
jps.artifact.entities.serializer.save.entities.ms,1787297195356000000,1787297255356000000,0
jps.global.get.libraries.ms,1787297195356000000,1787297255356000000,5
workspaceModel.moduleBridge.before.changed.ms,1787297195356000000,1787297255356000000,0
workspaceModel.mutableEntityStorage.mutable.ext.mapping.ms,1787297195356000000,1787297255356000000,1
workspaceModel.init.bridges.ms,1787297195356000000,1787297255356000000,2
workspaceModel.pre.handlers.ms,1787297195356000000,1787297255356000000,3
workspaceModel.to.snapshot.ms,1787297195356000000,1787297255356000000,9
workspaceModel.replace.project.model.ms,1787297195356000000,1787297255356000000,0
workspaceModel.update.unloaded.entities.ms,1787297195356000000,1787297255356000000,0
workspaceModel.loading.from.cache.ms,1787297195356000000,1787297255356000000,39
workspaceModel.loading.total.ms,1787297195356000000,1787297255356000000,50
workspaceModel.check.recursive.update.ms,1787297195356000000,1787297255356000000,0
workspaceModel.collect.changes.ms,1787297195356000000,1787297255356000000,0
workspaceModel.updates.count,1787297195356000000,1787297255356000000,1
workspaceModel.initializing.ms,1787297195356000000,1787297255356000000,2
workspaceModel.updates.ms,1787297195356000000,1787297255356000000,141
workspaceModel.updates.precise.ms,1787297195356000000,1787297255356000000,20
FileNameCache.fastMisses,1787297195356000000,1787297255356000000,0
FileNameCache.queries,1787297195356000000,1787297255356000000,0
FileNameCache.totalMisses,1787297195356000000,1787297255356000000,0
Indexes.stubs.lookupDuration90PMs,1787297195356000000,1787297255356000000,0.0
Indexes.stubs.lookupDurationMaxMs,1787297195356000000,1787297255356000000,0.0
Indexes.entries.lookupDurationAvgMs,1787297195356000000,1787297255356000000,0.0
Indexes.allKeys.lookupDurationMaxMs,1787297195356000000,1787297255356000000,0.0
IndexesFlusher.totalFlushingTimeUs,1787297195356000000,1787297255356000000,719494
IndexesFlusher.totalFlushesRetried,1787297195356000000,1787297255356000000,0
IndexesFlusher.totalContentionQuotaSpent,1787297195356000000,1787297255356000000,0
Indexes.entries.lookups,1787297195356000000,1787297255356000000,0.0
Indexes.allKeys.lookupDuration90PMs,1787297195356000000,1787297255356000000,0.0
Indexes.stubs.lookupDurationAvgMs,1787297195356000000,1787297255356000000,0.0
Indexes.entries.lookupDurationMaxMs,1787297195356000000,1787297255356000000,0.0
Indexes.entries.lookupDuration90PMs,1787297195356000000,1787297255356000000,0.0
VFSFlusher.totalFlushesRetried,1787297195356000000,1787297255356000000,0
Indexes.allKeys.lookups,1787297195356000000,1787297255356000000,0.0
VFSFlusher.totalContentionQuotaSpent,1787297195356000000,1787297255356000000,0
Indexes.stubs.lookups,1787297195356000000,1787297255356000000,0.0
VFSFlusher.totalFlushes,1787297195356000000,1787297255356000000,0
Indexes.allKeys.lookupDurationAvgMs,1787297195356000000,1787297255356000000,0.0
VFSFlusher.totalFlushingTimeUs,1787297195356000000,1787297255356000000,0
IndexesFlusher.totalFlushes,1787297195356000000,1787297255356000000,116
JVM.GC.collectionTimesMs,1787297195356000000,1787297255356000000,0
JVM.maxNativeBytes,1787297195356000000,1787297255356000000,-1
JVM.GC.collections,1787297195356000000,1787297255356000000,0
JVM.threadCount,1787297195356000000,1787297255356000000,52
JVM.usedHeapBytes,1787297195356000000,1787297255356000000,593589168
OS.loadAverage,1787297195356000000,1787297255356000000,3.99560546875
JVM.totalCpuTimeMs,1787297195356000000,1787297255356000000,5759
JVM.maxHeapBytes,1787297195356000000,1787297255356000000,2147483648
JVM.usedNativeBytes,1787297195356000000,1787297255356000000,440894736
NonBlockingReadAction.finalizedExecutionsCount,1787297195356000000,1787297255356000000,0
AWTEventQueue.eventsDispatched,1787297195356000000,1787297255356000000,3635
FlushQueue.waitingTimeAvgNs,1787297195356000000,1787297255356000000,604113.9393939395
FlushQueue.executionTimeMaxNs,1787297195356000000,1787297255356000000,11206655
AWTEventQueue.dispatchTime90PNs,1787297195356000000,1787297255356000000,380927
FlushQueue.queueSizeMax,1787297195356000000,1787297255356000000,1
FlushQueue.queueSize90P,1787297195356000000,1787297255356000000,0
FlushQueue.executionTimeAvgNs,1787297195356000000,1787297255356000000,349157.57575757575
FlushQueue.waitingTimeMaxNs,1787297195356000000,1787297255356000000,32899071
NonBlockingReadAction.failedExecutionTimeUs,1787297195356000000,1787297255356000000,0
NonBlockingReadAction.finalizedExecutionTimeUs,1787297195356000000,1787297255356000000,0
FlushQueue.queueSizeAvg,1787297195356000000,1787297255356000000,0.022727272727272728
FlushQueue.waitingTime90PNs,1787297195356000000,1787297255356000000,401407
FlushQueue.tasksExecuted,1787297195356000000,1787297255356000000,132
AWTEventQueue.dispatchTimeMaxNs,1787297195356000000,1787297255356000000,135266303
AWTEventQueue.dispatchTimeTotalNS,1787297195356000000,1787297255356000000,1339764885
FlushQueue.executionTime90PNs,1787297195356000000,1787297255356000000,305151
AWTEventQueue.dispatchTimeAvgNs,1787297195356000000,1787297255356000000,368488.29711141676
NonBlockingReadAction.failedExecutionsCount,1787297195356000000,1787297255356000000,0
StorageLockContext.competingThreads.avg,1787297255356000000,1787297315358000000,0.0
StreamlinedBlobStorage.totalLiveRecordsPayloadBytes,1787297255356000000,1787297315358000000,0
FilePageCache.pageLoads,1787297255356000000,1787297315358000000,0
DirectByteBufferAllocator.totalSizeOfBuffersAllocatedInBytes,1787297255356000000,1787297315358000000,425754624
StreamlinedBlobStorage.recordsDeleted,1787297255356000000,1787297315358000000,0
StorageLockContext.competingThreads.max,1787297255356000000,1787297315358000000,0
StreamlinedBlobStorage.totalLiveRecordsCapacityBytes,1787297255356000000,1787297315358000000,0
DirectByteBufferAllocator.hits,1787297255356000000,1787297315358000000,0
StreamlinedBlobStorage.recordsAllocated,1787297255356000000,1787297315358000000,0
StreamlinedBlobStorage.recordsRelocated,1787297255356000000,1787297315358000000,0
FilePageCache.pageHits,1787297255356000000,1787297315358000000,0
StorageLockContext.competingThreads.90P,1787297255356000000,1787297315358000000,0
FilePageCache.pageFastCacheHits,1787297255356000000,1787297315358000000,0
FilePageCache.totalPageLoadsUs,1787297255356000000,1787297315358000000,0
FilePageCache.capacityInBytes,1787297255356000000,1787297315358000000,524288000
FilePageCache.maxRegisteredFiles,1787297255356000000,1787297315358000000,618
FilePageCache.disposedBuffers,1787297255356000000,1787297315358000000,0
FilePageCache.pageLoadsAboveSizeThreshold,1787297255356000000,1787297315358000000,0
FilePageCache.maxCacheSizeInBytes,1787297255356000000,1787297315358000000,425754624
DirectByteBufferAllocator.misses,1787297255356000000,1787297315358000000,0
DirectByteBufferAllocator.reclaimed,1787297255356000000,1787297315358000000,0
FilePageCache.uncachedFileAccess,1787297255356000000,1787297315358000000,0
DirectByteBufferAllocator.totalSizeOfBuffersCachedInBytes,1787297255356000000,1787297315358000000,0
FilePageCache.totalPageDisposalsUs,1787297255356000000,1787297315358000000,0
DirectByteBufferAllocator.disposed,1787297255356000000,1787297315358000000,0
jps.facet.change.listener.init.bridge.ms,1787297255356000000,1787297315358000000,0
workspaceModel.global.apply.state.to.project.ms,1787297255356000000,1787297315358000000,0
jps.global.handle.before.change.events.ms,1787297255356000000,1787297315358000000,0
workspaceModel.mutableEntityStorage.mutable.vfurl.index.ms,1787297255356000000,1787297315358000000,0
workspaceModel.delayed.project.synchronizer.sync.ms,1787297255356000000,1787297315358000000,0
jps.global.initialize.library.bridges.after.loading.ms,1787297255356000000,1787297315358000000,0
workspaceModel.mutableEntityStorage.put.entity.ms,1787297255356000000,1787297315358000000,42
workspaceModel.load.cache.from.file.ms,1787297255356000000,1787297315358000000,0
workspaceModel.mutableEntityStorage.referrers.ms,1787297255356000000,1787297315358000000,0
jps.app.storage.content.reader.load.component.ms,1787297255356000000,1787297315358000000,7
workspaceModel.moduleManagerBridge.get.modules.ms,1787297255356000000,1787297315358000000,42
workspaceModel.mutableEntityStorage.resolve.ms,1787297255356000000,1787297315358000000,0
workspaceModel.mutableEntityStorage.has.same.entities.ms,1787297255356000000,1787297315358000000,0
workspaceModel.save.cache.to.file.ms,1787297255356000000,1787297315358000000,253
workspaceModel.mutableEntityStorage.modify.entity.ms,1787297255356000000,1787297315358000000,0
workspaceModel.mutableEntityStorage.to.snapshot.ms,1787297255356000000,1787297315358000000,10
jps.library.entities.serializer.save.entities.ms,1787297255356000000,1787297315358000000,0
workspaceModel.moduleManagerBridge.build.module.graph.ms,1787297255356000000,1787297315358000000,2
jps.global.get.library.by.name.ms,1787297255356000000,1787297315358000000,0
jps.load.initial.state.ms,1787297255356000000,1787297315358000000,30
workspaceModel.moduleBridge.update.option.ms,1787297255356000000,1787297315358000000,0
jps.reload.project.entities.ms,1787297255356000000,1787297315358000000,0
jps.facet.change.listener.before.change.events.ms,1787297255356000000,1787297315358000000,3
workspaceModel.mutableEntityStorage.replace.by.source.ms,1787297255356000000,1787297315358000000,25
jps.library.entities.serializer.load.entities.ms,1787297255356000000,1787297315358000000,62
workspaceModel.mutableEntityStorage.entities.by.source.ms,1787297255356000000,1787297315358000000,2
workspaceModel.mutableEntityStorage.add.diff.ms,1787297255356000000,1787297315358000000,26
workspaceModel.global.updates.count,1787297255356000000,1787297315358000000,0
jps.module.iml.entities.serializer.save.entities.ms,1787297255356000000,1787297315358000000,0
jps.apply.loaded.storage.ms,1787297255356000000,1787297315358000000,1068
workspaceModel.mutableEntityStorage.add.entity.ms,1787297255356000000,1787297315358000000,141
workspaceModel.orphan.listener.update.ms,1787297255356000000,1787297315358000000,2
workspaceModel.mutableEntityStorage.collect.changes.ms,1787297255356000000,1787297315358000000,2
workspaceModel.moduleManagerBridge.load.module.ms,1787297255356000000,1787297315358000000,0
workspaceModel.moduleBridgeLoader.loading.modules.ms,1787297255356000000,1787297315358000000,2723
workspaceModel.moduleBridge.facet.initialization.ms,1787297255356000000,1787297315358000000,0
jps.storage.jps.conf.reader.load.component.ms,1787297255356000000,1787297315358000000,78
workspaceModel.global.updates.ms,1787297255356000000,1787297315358000000,0
workspaceModel.mutableEntityStorage.entities.ms,1787297255356000000,1787297315358000000,1
jps.facet.change.listener.process.change.events.ms,1787297255356000000,1787297315358000000,1
workspaceModel.moduleManagerBridge.load.all.modules.ms,1787297255356000000,1787297315358000000,54
workspaceModel.moduleManagerBridge.set.unloadedModules.ms,1787297255356000000,1787297315358000000,0
jps.module.iml.entities.serializer.load.entities.ms,1787297255356000000,1787297315358000000,439
workspaceModel.mutableEntityStorage.remove.entity.ms,1787297255356000000,1787297315358000000,0
jps.save.changed.project.entities.ms,1787297255356000000,1787297315358000000,5
jps.global.initialize.library.bridges.ms,1787297255356000000,1787297315358000000,0
jps.save.global.entities.ms,1787297255356000000,1787297315358000000,171
jps.load.project.to.empty.storage.ms,1787297255356000000,1787297315358000000,318
jps.global.get.library.ms,1787297255356000000,1787297315358000000,0
jps.project.serializers.load.ms,1787297255356000000,1787297315358000000,267
jps.app.storage.content.writer.save.component.ms,1787297255356000000,1787297315358000000,0
workspaceModel.moduleManagerBridge.new.nonPersistent.module.ms,1787297255356000000,1787297315358000000,0
jps.artifact.entities.serializer.load.entities.ms,1787297255356000000,1787297315358000000,0
jps.global.handle.changed.events.ms,1787297255356000000,1787297315358000000,0
jps.project.serializers.save.ms,1787297255356000000,1787297315358000000,3
workspaceModel.global.apply.state.to.project.builder.ms,1787297255356000000,1787297315358000000,6
workspaceModel.moduleManagerBridge.create.module.instance.ms,1787297255356000000,1787297315358000000,0
workspaceModel.sync.entities.ms,1787297255356000000,1787297315358000000,0
workspaceModel.moduleManagerBridge.newModule.ms,1787297255356000000,1787297315358000000,0
jps.artifact.entities.serializer.save.entities.ms,1787297255356000000,1787297315358000000,0
jps.global.get.libraries.ms,1787297255356000000,1787297315358000000,5
workspaceModel.moduleBridge.before.changed.ms,1787297255356000000,1787297315358000000,0
workspaceModel.mutableEntityStorage.mutable.ext.mapping.ms,1787297255356000000,1787297315358000000,1
workspaceModel.init.bridges.ms,1787297255356000000,1787297315358000000,2
workspaceModel.pre.handlers.ms,1787297255356000000,1787297315358000000,3
workspaceModel.to.snapshot.ms,1787297255356000000,1787297315358000000,9
workspaceModel.replace.project.model.ms,1787297255356000000,1787297315358000000,0
workspaceModel.update.unloaded.entities.ms,1787297255356000000,1787297315358000000,0
workspaceModel.loading.from.cache.ms,1787297255356000000,1787297315358000000,39
workspaceModel.loading.total.ms,1787297255356000000,1787297315358000000,50
workspaceModel.check.recursive.update.ms,1787297255356000000,1787297315358000000,0
workspaceModel.collect.changes.ms,1787297255356000000,1787297315358000000,0
workspaceModel.updates.count,1787297255356000000,1787297315358000000,1
workspaceModel.initializing.ms,1787297255356000000,1787297315358000000,2
workspaceModel.updates.ms,1787297255356000000,1787297315358000000,141
workspaceModel.updates.precise.ms,1787297255356000000,1787297315358000000,20
FileNameCache.fastMisses,1787297255356000000,1787297315358000000,0
FileNameCache.queries,1787297255356000000,1787297315358000000,0
FileNameCache.totalMisses,1787297255356000000,1787297315358000000,0
Indexes.stubs.lookupDuration90PMs,1787297255356000000,1787297315358000000,0.0
Indexes.stubs.lookupDurationMaxMs,1787297255356000000,1787297315358000000,0.0
Indexes.entries.lookupDurationAvgMs,1787297255356000000,1787297315358000000,0.0
Indexes.allKeys.lookupDurationMaxMs,1787297255356000000,1787297315358000000,0.0
IndexesFlusher.totalFlushingTimeUs,1787297255356000000,1787297315358000000,600294
IndexesFlusher.totalFlushesRetried,1787297255356000000,1787297315358000000,0
IndexesFlusher.totalContentionQuotaSpent,1787297255356000000,1787297315358000000,0
Indexes.entries.lookups,1787297255356000000,1787297315358000000,0.0
Indexes.allKeys.lookupDuration90PMs,1787297255356000000,1787297315358000000,0.0
Indexes.stubs.lookupDurationAvgMs,1787297255356000000,1787297315358000000,0.0
Indexes.entries.lookupDurationMaxMs,1787297255356000000,1787297315358000000,0.0
Indexes.entries.lookupDuration90PMs,1787297255356000000,1787297315358000000,0.0
VFSFlusher.totalFlushesRetried,1787297255356000000,1787297315358000000,0
Indexes.allKeys.lookups,1787297255356000000,1787297315358000000,0.0
VFSFlusher.totalContentionQuotaSpent,1787297255356000000,1787297315358000000,0
Indexes.stubs.lookups,1787297255356000000,1787297315358000000,0.0
VFSFlusher.totalFlushes,1787297255356000000,1787297315358000000,0
Indexes.allKeys.lookupDurationAvgMs,1787297255356000000,1787297315358000000,0.0
VFSFlusher.totalFlushingTimeUs,1787297255356000000,1787297315358000000,0
IndexesFlusher.totalFlushes,1787297255356000000,1787297315358000000,118
JVM.GC.collectionTimesMs,1787297255356000000,1787297315358000000,28
JVM.maxNativeBytes,1787297255356000000,1787297315358000000,-1
JVM.GC.collections,1787297255356000000,1787297315358000000,1
JVM.threadCount,1787297255356000000,1787297315358000000,49
JVM.usedHeapBytes,1787297255356000000,1787297315358000000,562302432
OS.loadAverage,1787297255356000000,1787297315358000000,3.03466796875
JVM.totalCpuTimeMs,1787297255356000000,1787297315358000000,3976
JVM.maxHeapBytes,1787297255356000000,1787297315358000000,2147483648
JVM.usedNativeBytes,1787297255356000000,1787297315358000000,440925344
NonBlockingReadAction.finalizedExecutionsCount,1787297255356000000,1787297315358000000,0
AWTEventQueue.eventsDispatched,1787297255356000000,1787297315358000000,3370
FlushQueue.waitingTimeAvgNs,1787297255356000000,1787297315358000000,265396.45901639346
FlushQueue.executionTimeMaxNs,1787297255356000000,1787297315358000000,5013503
AWTEventQueue.dispatchTime90PNs,1787297255356000000,1787297315358000000,337919
FlushQueue.queueSizeMax,1787297255356000000,1787297315358000000,0
FlushQueue.queueSize90P,1787297255356000000,1787297315358000000,0
FlushQueue.executionTimeAvgNs,1787297255356000000,1787297315358000000,115659.54098360655
FlushQueue.waitingTimeMaxNs,1787297255356000000,1787297315358000000,905215
NonBlockingReadAction.failedExecutionTimeUs,1787297255356000000,1787297315358000000,0
NonBlockingReadAction.finalizedExecutionTimeUs,1787297255356000000,1787297315358000000,0
FlushQueue.queueSizeAvg,1787297255356000000,1787297315358000000,0.0
FlushQueue.waitingTime90PNs,1787297255356000000,1787297315358000000,411647
FlushQueue.tasksExecuted,1787297255356000000,1787297315358000000,122
AWTEventQueue.dispatchTimeMaxNs,1787297255356000000,1787297315358000000,12845055
AWTEventQueue.dispatchTimeTotalNS,1787297255356000000,1787297315358000000,597614747
FlushQueue.executionTime90PNs,1787297255356000000,1787297315358000000,126975
AWTEventQueue.dispatchTimeAvgNs,1787297255356000000,1787297315358000000,177329.73768545993
NonBlockingReadAction.failedExecutionsCount,1787297255356000000,1787297315358000000,0
StorageLockContext.competingThreads.avg,1787297315358000000,1787297375355000000,0.0
StreamlinedBlobStorage.totalLiveRecordsPayloadBytes,1787297315358000000,1787297375355000000,0
FilePageCache.pageLoads,1787297315358000000,1787297375355000000,0
DirectByteBufferAllocator.totalSizeOfBuffersAllocatedInBytes,1787297315358000000,1787297375355000000,425754624
StreamlinedBlobStorage.recordsDeleted,1787297315358000000,1787297375355000000,0
StorageLockContext.competingThreads.max,1787297315358000000,1787297375355000000,0
StreamlinedBlobStorage.totalLiveRecordsCapacityBytes,1787297315358000000,1787297375355000000,0
DirectByteBufferAllocator.hits,1787297315358000000,1787297375355000000,0
StreamlinedBlobStorage.recordsAllocated,1787297315358000000,1787297375355000000,0
StreamlinedBlobStorage.recordsRelocated,1787297315358000000,1787297375355000000,0
FilePageCache.pageHits,1787297315358000000,1787297375355000000,0
StorageLockContext.competingThreads.90P,1787297315358000000,1787297375355000000,0
FilePageCache.pageFastCacheHits,1787297315358000000,1787297375355000000,4
FilePageCache.totalPageLoadsUs,1787297315358000000,1787297375355000000,0
FilePageCache.capacityInBytes,1787297315358000000,1787297375355000000,524288000
FilePageCache.maxRegisteredFiles,1787297315358000000,1787297375355000000,618
FilePageCache.disposedBuffers,1787297315358000000,1787297375355000000,0
FilePageCache.pageLoadsAboveSizeThreshold,1787297315358000000,1787297375355000000,0
FilePageCache.maxCacheSizeInBytes,1787297315358000000,1787297375355000000,425754624
DirectByteBufferAllocator.misses,1787297315358000000,1787297375355000000,0
DirectByteBufferAllocator.reclaimed,1787297315358000000,1787297375355000000,0
FilePageCache.uncachedFileAccess,1787297315358000000,1787297375355000000,0
DirectByteBufferAllocator.totalSizeOfBuffersCachedInBytes,1787297315358000000,1787297375355000000,0
FilePageCache.totalPageDisposalsUs,1787297315358000000,1787297375355000000,0
DirectByteBufferAllocator.disposed,1787297315358000000,1787297375355000000,0
jps.facet.change.listener.init.bridge.ms,1787297315358000000,1787297375355000000,0
workspaceModel.global.apply.state.to.project.ms,1787297315358000000,1787297375355000000,0
jps.global.handle.before.change.events.ms,1787297315358000000,1787297375355000000,0
workspaceModel.mutableEntityStorage.mutable.vfurl.index.ms,1787297315358000000,1787297375355000000,0
workspaceModel.delayed.project.synchronizer.sync.ms,1787297315358000000,1787297375355000000,0
jps.global.initialize.library.bridges.after.loading.ms,1787297315358000000,1787297375355000000,0
workspaceModel.mutableEntityStorage.put.entity.ms,1787297315358000000,1787297375355000000,42
workspaceModel.load.cache.from.file.ms,1787297315358000000,1787297375355000000,0
workspaceModel.mutableEntityStorage.referrers.ms,1787297315358000000,1787297375355000000,0
jps.app.storage.content.reader.load.component.ms,1787297315358000000,1787297375355000000,7
workspaceModel.moduleManagerBridge.get.modules.ms,1787297315358000000,1787297375355000000,42
workspaceModel.mutableEntityStorage.resolve.ms,1787297315358000000,1787297375355000000,0
workspaceModel.mutableEntityStorage.has.same.entities.ms,1787297315358000000,1787297375355000000,0
workspaceModel.save.cache.to.file.ms,1787297315358000000,1787297375355000000,253
workspaceModel.mutableEntityStorage.modify.entity.ms,1787297315358000000,1787297375355000000,0
workspaceModel.mutableEntityStorage.to.snapshot.ms,1787297315358000000,1787297375355000000,10
jps.library.entities.serializer.save.entities.ms,1787297315358000000,1787297375355000000,0
workspaceModel.moduleManagerBridge.build.module.graph.ms,1787297315358000000,1787297375355000000,2
jps.global.get.library.by.name.ms,1787297315358000000,1787297375355000000,0
jps.load.initial.state.ms,1787297315358000000,1787297375355000000,30
workspaceModel.moduleBridge.update.option.ms,1787297315358000000,1787297375355000000,0
jps.reload.project.entities.ms,1787297315358000000,1787297375355000000,0
jps.facet.change.listener.before.change.events.ms,1787297315358000000,1787297375355000000,3
workspaceModel.mutableEntityStorage.replace.by.source.ms,1787297315358000000,1787297375355000000,25
jps.library.entities.serializer.load.entities.ms,1787297315358000000,1787297375355000000,62
workspaceModel.mutableEntityStorage.entities.by.source.ms,1787297315358000000,1787297375355000000,2
workspaceModel.mutableEntityStorage.add.diff.ms,1787297315358000000,1787297375355000000,26
workspaceModel.global.updates.count,1787297315358000000,1787297375355000000,0
jps.module.iml.entities.serializer.save.entities.ms,1787297315358000000,1787297375355000000,0
jps.apply.loaded.storage.ms,1787297315358000000,1787297375355000000,1068
workspaceModel.mutableEntityStorage.add.entity.ms,1787297315358000000,1787297375355000000,141
workspaceModel.orphan.listener.update.ms,1787297315358000000,1787297375355000000,2
workspaceModel.mutableEntityStorage.collect.changes.ms,1787297315358000000,1787297375355000000,2
workspaceModel.moduleManagerBridge.load.module.ms,1787297315358000000,1787297375355000000,0
workspaceModel.moduleBridgeLoader.loading.modules.ms,1787297315358000000,1787297375355000000,2723
workspaceModel.moduleBridge.facet.initialization.ms,1787297315358000000,1787297375355000000,0
jps.storage.jps.conf.reader.load.component.ms,1787297315358000000,1787297375355000000,78
workspaceModel.global.updates.ms,1787297315358000000,1787297375355000000,0
workspaceModel.mutableEntityStorage.entities.ms,1787297315358000000,1787297375355000000,1
jps.facet.change.listener.process.change.events.ms,1787297315358000000,1787297375355000000,1
workspaceModel.moduleManagerBridge.load.all.modules.ms,1787297315358000000,1787297375355000000,54
workspaceModel.moduleManagerBridge.set.unloadedModules.ms,1787297315358000000,1787297375355000000,0
jps.module.iml.entities.serializer.load.entities.ms,1787297315358000000,1787297375355000000,439
workspaceModel.mutableEntityStorage.remove.entity.ms,1787297315358000000,1787297375355000000,0
jps.save.changed.project.entities.ms,1787297315358000000,1787297375355000000,5
jps.global.initialize.library.bridges.ms,1787297315358000000,1787297375355000000,0
jps.save.global.entities.ms,1787297315358000000,1787297375355000000,171
jps.load.project.to.empty.storage.ms,1787297315358000000,1787297375355000000,318
jps.global.get.library.ms,1787297315358000000,1787297375355000000,0
jps.project.serializers.load.ms,1787297315358000000,1787297375355000000,267
jps.app.storage.content.writer.save.component.ms,1787297315358000000,1787297375355000000,0
workspaceModel.moduleManagerBridge.new.nonPersistent.module.ms,1787297315358000000,1787297375355000000,0
jps.artifact.entities.serializer.load.entities.ms,1787297315358000000,1787297375355000000,0
jps.global.handle.changed.events.ms,1787297315358000000,1787297375355000000,0
jps.project.serializers.save.ms,1787297315358000000,1787297375355000000,3
workspaceModel.global.apply.state.to.project.builder.ms,1787297315358000000,1787297375355000000,6
workspaceModel.moduleManagerBridge.create.module.instance.ms,1787297315358000000,1787297375355000000,0
workspaceModel.sync.entities.ms,1787297315358000000,1787297375355000000,0
workspaceModel.moduleManagerBridge.newModule.ms,1787297315358000000,1787297375355000000,0
jps.artifact.entities.serializer.save.entities.ms,1787297315358000000,1787297375355000000,0
jps.global.get.libraries.ms,1787297315358000000,1787297375355000000,7
workspaceModel.moduleBridge.before.changed.ms,1787297315358000000,1787297375355000000,0
workspaceModel.mutableEntityStorage.mutable.ext.mapping.ms,1787297315358000000,1787297375355000000,1
workspaceModel.init.bridges.ms,1787297315358000000,1787297375355000000,2
workspaceModel.pre.handlers.ms,1787297315358000000,1787297375355000000,3
workspaceModel.to.snapshot.ms,1787297315358000000,1787297375355000000,9
workspaceModel.replace.project.model.ms,1787297315358000000,1787297375355000000,0
workspaceModel.update.unloaded.entities.ms,1787297315358000000,1787297375355000000,0
workspaceModel.loading.from.cache.ms,1787297315358000000,1787297375355000000,39
workspaceModel.loading.total.ms,1787297315358000000,1787297375355000000,50
workspaceModel.check.recursive.update.ms,1787297315358000000,1787297375355000000,0
workspaceModel.collect.changes.ms,1787297315358000000,1787297375355000000,0
workspaceModel.updates.count,1787297315358000000,1787297375355000000,1
workspaceModel.initializing.ms,1787297315358000000,1787297375355000000,2
workspaceModel.updates.ms,1787297315358000000,1787297375355000000,141
workspaceModel.updates.precise.ms,1787297315358000000,1787297375355000000,20
FileNameCache.fastMisses,1787297315358000000,1787297375355000000,3
FileNameCache.queries,1787297315358000000,1787297375355000000,142
FileNameCache.totalMisses,1787297315358000000,1787297375355000000,0
Indexes.stubs.lookupDuration90PMs,1787297315358000000,1787297375355000000,0.0
Indexes.stubs.lookupDurationMaxMs,1787297315358000000,1787297375355000000,0.0
Indexes.entries.lookupDurationAvgMs,1787297315358000000,1787297375355000000,0.0
Indexes.allKeys.lookupDurationMaxMs,1787297315358000000,1787297375355000000,0.0
IndexesFlusher.totalFlushingTimeUs,1787297315358000000,1787297375355000000,607867
IndexesFlusher.totalFlushesRetried,1787297315358000000,1787297375355000000,0
IndexesFlusher.totalContentionQuotaSpent,1787297315358000000,1787297375355000000,0
Indexes.entries.lookups,1787297315358000000,1787297375355000000,0.0
Indexes.allKeys.lookupDuration90PMs,1787297315358000000,1787297375355000000,0.0
Indexes.stubs.lookupDurationAvgMs,1787297315358000000,1787297375355000000,0.0
Indexes.entries.lookupDurationMaxMs,1787297315358000000,1787297375355000000,0.0
Indexes.entries.lookupDuration90PMs,1787297315358000000,1787297375355000000,0.0
VFSFlusher.totalFlushesRetried,1787297315358000000,1787297375355000000,0
Indexes.allKeys.lookups,1787297315358000000,1787297375355000000,0.0
VFSFlusher.totalContentionQuotaSpent,1787297315358000000,1787297375355000000,0
Indexes.stubs.lookups,1787297315358000000,1787297375355000000,0.0
VFSFlusher.totalFlushes,1787297315358000000,1787297375355000000,0
Indexes.allKeys.lookupDurationAvgMs,1787297315358000000,1787297375355000000,0.0
VFSFlusher.totalFlushingTimeUs,1787297315358000000,1787297375355000000,0
IndexesFlusher.totalFlushes,1787297315358000000,1787297375355000000,116
JVM.GC.collectionTimesMs,1787297315358000000,1787297375355000000,0
JVM.maxNativeBytes,1787297315358000000,1787297375355000000,-1
JVM.GC.collections,1787297315358000000,1787297375355000000,0
JVM.threadCount,1787297315358000000,1787297375355000000,49
JVM.usedHeapBytes,1787297315358000000,1787297375355000000,602148320
OS.loadAverage,1787297315358000000,1787297375355000000,4.60693359375
JVM.totalCpuTimeMs,1787297315358000000,1787297375355000000,4161
JVM.maxHeapBytes,1787297315358000000,1787297375355000000,2147483648
JVM.usedNativeBytes,1787297315358000000,1787297375355000000,441008112
NonBlockingReadAction.finalizedExecutionsCount,1787297315358000000,1787297375355000000,3
AWTEventQueue.eventsDispatched,1787297315358000000,1787297375355000000,3375
FlushQueue.waitingTimeAvgNs,1787297315358000000,1787297375355000000,288243.30578512396
FlushQueue.executionTimeMaxNs,1787297315358000000,1787297375355000000,1409023
AWTEventQueue.dispatchTime90PNs,1787297315358000000,1787297375355000000,395263
FlushQueue.queueSizeMax,1787297315358000000,1787297375355000000,0
FlushQueue.queueSize90P,1787297315358000000,1787297375355000000,0
FlushQueue.executionTimeAvgNs,1787297315358000000,1787297375355000000,87919.60330578513
FlushQueue.waitingTimeMaxNs,1787297315358000000,1787297375355000000,872447
NonBlockingReadAction.failedExecutionTimeUs,1787297315358000000,1787297375355000000,0
NonBlockingReadAction.finalizedExecutionTimeUs,1787297315358000000,1787297375355000000,93873
FlushQueue.queueSizeAvg,1787297315358000000,1787297375355000000,0.0
FlushQueue.waitingTime90PNs,1787297315358000000,1787297375355000000,403455
FlushQueue.tasksExecuted,1787297315358000000,1787297375355000000,121
AWTEventQueue.dispatchTimeMaxNs,1787297315358000000,1787297375355000000,2867199
AWTEventQueue.dispatchTimeTotalNS,1787297315358000000,1787297375355000000,645779125
FlushQueue.executionTime90PNs,1787297315358000000,1787297375355000000,133119
AWTEventQueue.dispatchTimeAvgNs,1787297315358000000,1787297375355000000,191334.38103703703
NonBlockingReadAction.failedExecutionsCount,1787297315358000000,1787297375355000000,0
StorageLockContext.competingThreads.avg,1787297375355000000,1787297435357000000,0.0
StreamlinedBlobStorage.totalLiveRecordsPayloadBytes,1787297375355000000,1787297435357000000,0
FilePageCache.pageLoads,1787297375355000000,1787297435357000000,0
DirectByteBufferAllocator.totalSizeOfBuffersAllocatedInBytes,1787297375355000000,1787297435357000000,425754624
StreamlinedBlobStorage.recordsDeleted,1787297375355000000,1787297435357000000,0
StorageLockContext.competingThreads.max,1787297375355000000,1787297435357000000,0
StreamlinedBlobStorage.totalLiveRecordsCapacityBytes,1787297375355000000,1787297435357000000,0
DirectByteBufferAllocator.hits,1787297375355000000,1787297435357000000,0
StreamlinedBlobStorage.recordsAllocated,1787297375355000000,1787297435357000000,0
StreamlinedBlobStorage.recordsRelocated,1787297375355000000,1787297435357000000,0
FilePageCache.pageHits,1787297375355000000,1787297435357000000,0
StorageLockContext.competingThreads.90P,1787297375355000000,1787297435357000000,0
FilePageCache.pageFastCacheHits,1787297375355000000,1787297435357000000,0
FilePageCache.totalPageLoadsUs,1787297375355000000,1787297435357000000,0
FilePageCache.capacityInBytes,1787297375355000000,1787297435357000000,524288000
FilePageCache.maxRegisteredFiles,1787297375355000000,1787297435357000000,618
FilePageCache.disposedBuffers,1787297375355000000,1787297435357000000,0
FilePageCache.pageLoadsAboveSizeThreshold,1787297375355000000,1787297435357000000,0
FilePageCache.maxCacheSizeInBytes,1787297375355000000,1787297435357000000,425754624
DirectByteBufferAllocator.misses,1787297375355000000,1787297435357000000,0
DirectByteBufferAllocator.reclaimed,1787297375355000000,1787297435357000000,0
FilePageCache.uncachedFileAccess,1787297375355000000,1787297435357000000,0
DirectByteBufferAllocator.totalSizeOfBuffersCachedInBytes,1787297375355000000,1787297435357000000,0
FilePageCache.totalPageDisposalsUs,1787297375355000000,1787297435357000000,0
DirectByteBufferAllocator.disposed,1787297375355000000,1787297435357000000,0
jps.facet.change.listener.init.bridge.ms,1787297375355000000,1787297435357000000,0
workspaceModel.global.apply.state.to.project.ms,1787297375355000000,1787297435357000000,0
jps.global.handle.before.change.events.ms,1787297375355000000,1787297435357000000,0
workspaceModel.mutableEntityStorage.mutable.vfurl.index.ms,1787297375355000000,1787297435357000000,0
workspaceModel.delayed.project.synchronizer.sync.ms,1787297375355000000,1787297435357000000,0
jps.global.initialize.library.bridges.after.loading.ms,1787297375355000000,1787297435357000000,0
workspaceModel.mutableEntityStorage.put.entity.ms,1787297375355000000,1787297435357000000,42
workspaceModel.load.cache.from.file.ms,1787297375355000000,1787297435357000000,0
workspaceModel.mutableEntityStorage.referrers.ms,1787297375355000000,1787297435357000000,0
jps.app.storage.content.reader.load.component.ms,1787297375355000000,1787297435357000000,7
workspaceModel.moduleManagerBridge.get.modules.ms,1787297375355000000,1787297435357000000,42
workspaceModel.mutableEntityStorage.resolve.ms,1787297375355000000,1787297435357000000,0
workspaceModel.mutableEntityStorage.has.same.entities.ms,1787297375355000000,1787297435357000000,0
workspaceModel.save.cache.to.file.ms,1787297375355000000,1787297435357000000,253
workspaceModel.mutableEntityStorage.modify.entity.ms,1787297375355000000,1787297435357000000,0
workspaceModel.mutableEntityStorage.to.snapshot.ms,1787297375355000000,1787297435357000000,10
jps.library.entities.serializer.save.entities.ms,1787297375355000000,1787297435357000000,0
workspaceModel.moduleManagerBridge.build.module.graph.ms,1787297375355000000,1787297435357000000,2
jps.global.get.library.by.name.ms,1787297375355000000,1787297435357000000,0
jps.load.initial.state.ms,1787297375355000000,1787297435357000000,30
workspaceModel.moduleBridge.update.option.ms,1787297375355000000,1787297435357000000,0
jps.reload.project.entities.ms,1787297375355000000,1787297435357000000,0
jps.facet.change.listener.before.change.events.ms,1787297375355000000,1787297435357000000,3
workspaceModel.mutableEntityStorage.replace.by.source.ms,1787297375355000000,1787297435357000000,25
jps.library.entities.serializer.load.entities.ms,1787297375355000000,1787297435357000000,62
workspaceModel.mutableEntityStorage.entities.by.source.ms,1787297375355000000,1787297435357000000,2
workspaceModel.mutableEntityStorage.add.diff.ms,1787297375355000000,1787297435357000000,26
workspaceModel.global.updates.count,1787297375355000000,1787297435357000000,0
jps.module.iml.entities.serializer.save.entities.ms,1787297375355000000,1787297435357000000,0
jps.apply.loaded.storage.ms,1787297375355000000,1787297435357000000,1068
workspaceModel.mutableEntityStorage.add.entity.ms,1787297375355000000,1787297435357000000,141
workspaceModel.orphan.listener.update.ms,1787297375355000000,1787297435357000000,2
workspaceModel.mutableEntityStorage.collect.changes.ms,1787297375355000000,1787297435357000000,2
workspaceModel.moduleManagerBridge.load.module.ms,1787297375355000000,1787297435357000000,0
workspaceModel.moduleBridgeLoader.loading.modules.ms,1787297375355000000,1787297435357000000,2723
workspaceModel.moduleBridge.facet.initialization.ms,1787297375355000000,1787297435357000000,0
jps.storage.jps.conf.reader.load.component.ms,1787297375355000000,1787297435357000000,78
workspaceModel.global.updates.ms,1787297375355000000,1787297435357000000,0
workspaceModel.mutableEntityStorage.entities.ms,1787297375355000000,1787297435357000000,1
jps.facet.change.listener.process.change.events.ms,1787297375355000000,1787297435357000000,1
workspaceModel.moduleManagerBridge.load.all.modules.ms,1787297375355000000,1787297435357000000,54
workspaceModel.moduleManagerBridge.set.unloadedModules.ms,1787297375355000000,1787297435357000000,0
jps.module.iml.entities.serializer.load.entities.ms,1787297375355000000,1787297435357000000,439
workspaceModel.mutableEntityStorage.remove.entity.ms,1787297375355000000,1787297435357000000,0
jps.save.changed.project.entities.ms,1787297375355000000,1787297435357000000,5
jps.global.initialize.library.bridges.ms,1787297375355000000,1787297435357000000,0
jps.save.global.entities.ms,1787297375355000000,1787297435357000000,171
jps.load.project.to.empty.storage.ms,1787297375355000000,1787297435357000000,318
jps.global.get.library.ms,1787297375355000000,1787297435357000000,0
jps.project.serializers.load.ms,1787297375355000000,1787297435357000000,267
jps.app.storage.content.writer.save.component.ms,1787297375355000000,1787297435357000000,0
workspaceModel.moduleManagerBridge.new.nonPersistent.module.ms,1787297375355000000,1787297435357000000,0
jps.artifact.entities.serializer.load.entities.ms,1787297375355000000,1787297435357000000,0
jps.global.handle.changed.events.ms,1787297375355000000,1787297435357000000,0
jps.project.serializers.save.ms,1787297375355000000,1787297435357000000,3
workspaceModel.global.apply.state.to.project.builder.ms,1787297375355000000,1787297435357000000,6
workspaceModel.moduleManagerBridge.create.module.instance.ms,1787297375355000000,1787297435357000000,0
workspaceModel.sync.entities.ms,1787297375355000000,1787297435357000000,0
workspaceModel.moduleManagerBridge.newModule.ms,1787297375355000000,1787297435357000000,0
jps.artifact.entities.serializer.save.entities.ms,1787297375355000000,1787297435357000000,0
jps.global.get.libraries.ms,1787297375355000000,1787297435357000000,7
workspaceModel.moduleBridge.before.changed.ms,1787297375355000000,1787297435357000000,0
workspaceModel.mutableEntityStorage.mutable.ext.mapping.ms,1787297375355000000,1787297435357000000,1
workspaceModel.init.bridges.ms,1787297375355000000,1787297435357000000,2
workspaceModel.pre.handlers.ms,1787297375355000000,1787297435357000000,3
workspaceModel.to.snapshot.ms,1787297375355000000,1787297435357000000,9
workspaceModel.replace.project.model.ms,1787297375355000000,1787297435357000000,0
workspaceModel.update.unloaded.entities.ms,1787297375355000000,1787297435357000000,0
workspaceModel.loading.from.cache.ms,1787297375355000000,1787297435357000000,39
workspaceModel.loading.total.ms,1787297375355000000,1787297435357000000,50
workspaceModel.check.recursive.update.ms,1787297375355000000,1787297435357000000,0
workspaceModel.collect.changes.ms,1787297375355000000,1787297435357000000,0
workspaceModel.updates.count,1787297375355000000,1787297435357000000,1
workspaceModel.initializing.ms,1787297375355000000,1787297435357000000,2
workspaceModel.updates.ms,1787297375355000000,1787297435357000000,141
workspaceModel.updates.precise.ms,1787297375355000000,1787297435357000000,20
FileNameCache.fastMisses,1787297375355000000,1787297435357000000,0
FileNameCache.queries,1787297375355000000,1787297435357000000,0
FileNameCache.totalMisses,1787297375355000000,1787297435357000000,0
Indexes.stubs.lookupDuration90PMs,1787297375355000000,1787297435357000000,0.0
Indexes.stubs.lookupDurationMaxMs,1787297375355000000,1787297435357000000,0.0
Indexes.entries.lookupDurationAvgMs,1787297375355000000,1787297435357000000,0.0
Indexes.allKeys.lookupDurationMaxMs,1787297375355000000,1787297435357000000,0.0
IndexesFlusher.totalFlushingTimeUs,1787297375355000000,1787297435357000000,603438
IndexesFlusher.totalFlushesRetried,1787297375355000000,1787297435357000000,0
IndexesFlusher.totalContentionQuotaSpent,1787297375355000000,1787297435357000000,0
Indexes.entries.lookups,1787297375355000000,1787297435357000000,0.0
Indexes.allKeys.lookupDuration90PMs,1787297375355000000,1787297435357000000,0.0
Indexes.stubs.lookupDurationAvgMs,1787297375355000000,1787297435357000000,0.0
Indexes.entries.lookupDurationMaxMs,1787297375355000000,1787297435357000000,0.0
Indexes.entries.lookupDuration90PMs,1787297375355000000,1787297435357000000,0.0
VFSFlusher.totalFlushesRetried,1787297375355000000,1787297435357000000,0
Indexes.allKeys.lookups,1787297375355000000,1787297435357000000,0.0
VFSFlusher.totalContentionQuotaSpent,1787297375355000000,1787297435357000000,0
Indexes.stubs.lookups,1787297375355000000,1787297435357000000,0.0
VFSFlusher.totalFlushes,1787297375355000000,1787297435357000000,0
Indexes.allKeys.lookupDurationAvgMs,1787297375355000000,1787297435357000000,0.0
VFSFlusher.totalFlushingTimeUs,1787297375355000000,1787297435357000000,0
IndexesFlusher.totalFlushes,1787297375355000000,1787297435357000000,118
JVM.GC.collectionTimesMs,1787297375355000000,1787297435357000000,24
JVM.maxNativeBytes,1787297375355000000,1787297435357000000,-1
JVM.GC.collections,1787297375355000000,1787297435357000000,1
JVM.threadCount,1787297375355000000,1787297435357000000,47
JVM.usedHeapBytes,1787297375355000000,1787297435357000000,568632264
OS.loadAverage,1787297375355000000,1787297435357000000,3.62646484375
JVM.totalCpuTimeMs,1787297375355000000,1787297435357000000,4001
JVM.maxHeapBytes,1787297375355000000,1787297435357000000,2147483648
JVM.usedNativeBytes,1787297375355000000,1787297435357000000,441017376
NonBlockingReadAction.finalizedExecutionsCount,1787297375355000000,1787297435357000000,0
AWTEventQueue.eventsDispatched,1787297375355000000,1787297435357000000,3367
FlushQueue.waitingTimeAvgNs,1787297375355000000,1787297435357000000,267724.3697478992
FlushQueue.executionTimeMaxNs,1787297375355000000,1787297435357000000,514047
AWTEventQueue.dispatchTime90PNs,1787297375355000000,1787297435357000000,350207
FlushQueue.queueSizeMax,1787297375355000000,1787297435357000000,0
FlushQueue.queueSize90P,1787297375355000000,1787297435357000000,0
FlushQueue.executionTimeAvgNs,1787297375355000000,1787297435357000000,75702.85714285714
FlushQueue.waitingTimeMaxNs,1787297375355000000,1787297435357000000,872447
NonBlockingReadAction.failedExecutionTimeUs,1787297375355000000,1787297435357000000,0
NonBlockingReadAction.finalizedExecutionTimeUs,1787297375355000000,1787297435357000000,0
FlushQueue.queueSizeAvg,1787297375355000000,1787297435357000000,0.0
FlushQueue.waitingTime90PNs,1787297375355000000,1787297435357000000,382975
FlushQueue.tasksExecuted,1787297375355000000,1787297435357000000,119
AWTEventQueue.dispatchTimeMaxNs,1787297375355000000,1787297435357000000,10354687
AWTEventQueue.dispatchTimeTotalNS,1787297375355000000,1787297435357000000,615898884
FlushQueue.executionTime90PNs,1787297375355000000,1787297435357000000,114687
AWTEventQueue.dispatchTimeAvgNs,1787297375355000000,1787297435357000000,182852.81853281852
NonBlockingReadAction.failedExecutionsCount,1787297375355000000,1787297435357000000,0
StorageLockContext.competingThreads.avg,1787297435357000000,1787297495357000000,0.0
StreamlinedBlobStorage.totalLiveRecordsPayloadBytes,1787297435357000000,1787297495357000000,0
FilePageCache.pageLoads,1787297435357000000,1787297495357000000,0
DirectByteBufferAllocator.totalSizeOfBuffersAllocatedInBytes,1787297435357000000,1787297495357000000,425754624
StreamlinedBlobStorage.recordsDeleted,1787297435357000000,1787297495357000000,0
StorageLockContext.competingThreads.max,1787297435357000000,1787297495357000000,0
StreamlinedBlobStorage.totalLiveRecordsCapacityBytes,1787297435357000000,1787297495357000000,0
DirectByteBufferAllocator.hits,1787297435357000000,1787297495357000000,0
StreamlinedBlobStorage.recordsAllocated,1787297435357000000,1787297495357000000,0
StreamlinedBlobStorage.recordsRelocated,1787297435357000000,1787297495357000000,0
FilePageCache.pageHits,1787297435357000000,1787297495357000000,0
StorageLockContext.competingThreads.90P,1787297435357000000,1787297495357000000,0
FilePageCache.pageFastCacheHits,1787297435357000000,1787297495357000000,0
FilePageCache.totalPageLoadsUs,1787297435357000000,1787297495357000000,0
FilePageCache.capacityInBytes,1787297435357000000,1787297495357000000,524288000
FilePageCache.maxRegisteredFiles,1787297435357000000,1787297495357000000,618
FilePageCache.disposedBuffers,1787297435357000000,1787297495357000000,0
FilePageCache.pageLoadsAboveSizeThreshold,1787297435357000000,1787297495357000000,0
FilePageCache.maxCacheSizeInBytes,1787297435357000000,1787297495357000000,425754624
DirectByteBufferAllocator.misses,1787297435357000000,1787297495357000000,0
DirectByteBufferAllocator.reclaimed,1787297435357000000,1787297495357000000,0
FilePageCache.uncachedFileAccess,1787297435357000000,1787297495357000000,0
DirectByteBufferAllocator.totalSizeOfBuffersCachedInBytes,1787297435357000000,1787297495357000000,0
FilePageCache.totalPageDisposalsUs,1787297435357000000,1787297495357000000,0
DirectByteBufferAllocator.disposed,1787297435357000000,1787297495357000000,0
jps.facet.change.listener.init.bridge.ms,1787297435357000000,1787297495357000000,0
workspaceModel.global.apply.state.to.project.ms,1787297435357000000,1787297495357000000,0
jps.global.handle.before.change.events.ms,1787297435357000000,1787297495357000000,0
workspaceModel.mutableEntityStorage.mutable.vfurl.index.ms,1787297435357000000,1787297495357000000,0
workspaceModel.delayed.project.synchronizer.sync.ms,1787297435357000000,1787297495357000000,0
jps.global.initialize.library.bridges.after.loading.ms,1787297435357000000,1787297495357000000,0
workspaceModel.mutableEntityStorage.put.entity.ms,1787297435357000000,1787297495357000000,42
workspaceModel.load.cache.from.file.ms,1787297435357000000,1787297495357000000,0
workspaceModel.mutableEntityStorage.referrers.ms,1787297435357000000,1787297495357000000,0
jps.app.storage.content.reader.load.component.ms,1787297435357000000,1787297495357000000,7
workspaceModel.moduleManagerBridge.get.modules.ms,1787297435357000000,1787297495357000000,42
workspaceModel.mutableEntityStorage.resolve.ms,1787297435357000000,1787297495357000000,0
workspaceModel.mutableEntityStorage.has.same.entities.ms,1787297435357000000,1787297495357000000,0
workspaceModel.save.cache.to.file.ms,1787297435357000000,1787297495357000000,253
workspaceModel.mutableEntityStorage.modify.entity.ms,1787297435357000000,1787297495357000000,0
workspaceModel.mutableEntityStorage.to.snapshot.ms,1787297435357000000,1787297495357000000,10
jps.library.entities.serializer.save.entities.ms,1787297435357000000,1787297495357000000,0
workspaceModel.moduleManagerBridge.build.module.graph.ms,1787297435357000000,1787297495357000000,2
jps.global.get.library.by.name.ms,1787297435357000000,1787297495357000000,0
jps.load.initial.state.ms,1787297435357000000,1787297495357000000,30
workspaceModel.moduleBridge.update.option.ms,1787297435357000000,1787297495357000000,0
jps.reload.project.entities.ms,1787297435357000000,1787297495357000000,0
jps.facet.change.listener.before.change.events.ms,1787297435357000000,1787297495357000000,3
workspaceModel.mutableEntityStorage.replace.by.source.ms,1787297435357000000,1787297495357000000,25
jps.library.entities.serializer.load.entities.ms,1787297435357000000,1787297495357000000,62
workspaceModel.mutableEntityStorage.entities.by.source.ms,1787297435357000000,1787297495357000000,2
workspaceModel.mutableEntityStorage.add.diff.ms,1787297435357000000,1787297495357000000,26
workspaceModel.global.updates.count,1787297435357000000,1787297495357000000,0
jps.module.iml.entities.serializer.save.entities.ms,1787297435357000000,1787297495357000000,0
jps.apply.loaded.storage.ms,1787297435357000000,1787297495357000000,1068
workspaceModel.mutableEntityStorage.add.entity.ms,1787297435357000000,1787297495357000000,141
workspaceModel.orphan.listener.update.ms,1787297435357000000,1787297495357000000,2
workspaceModel.mutableEntityStorage.collect.changes.ms,1787297435357000000,1787297495357000000,2
workspaceModel.moduleManagerBridge.load.module.ms,1787297435357000000,1787297495357000000,0
workspaceModel.moduleBridgeLoader.loading.modules.ms,1787297435357000000,1787297495357000000,2723
workspaceModel.moduleBridge.facet.initialization.ms,1787297435357000000,1787297495357000000,0
jps.storage.jps.conf.reader.load.component.ms,1787297435357000000,1787297495357000000,78
workspaceModel.global.updates.ms,1787297435357000000,1787297495357000000,0
workspaceModel.mutableEntityStorage.entities.ms,1787297435357000000,1787297495357000000,1
jps.facet.change.listener.process.change.events.ms,1787297435357000000,1787297495357000000,1
workspaceModel.moduleManagerBridge.load.all.modules.ms,1787297435357000000,1787297495357000000,54
workspaceModel.moduleManagerBridge.set.unloadedModules.ms,1787297435357000000,1787297495357000000,0
jps.module.iml.entities.serializer.load.entities.ms,1787297435357000000,1787297495357000000,439
workspaceModel.mutableEntityStorage.remove.entity.ms,1787297435357000000,1787297495357000000,0
jps.save.changed.project.entities.ms,1787297435357000000,1787297495357000000,5
jps.global.initialize.library.bridges.ms,1787297435357000000,1787297495357000000,0
jps.save.global.entities.ms,1787297435357000000,1787297495357000000,192
jps.load.project.to.empty.storage.ms,1787297435357000000,1787297495357000000,318
jps.global.get.library.ms,1787297435357000000,1787297495357000000,0
jps.project.serializers.load.ms,1787297435357000000,1787297495357000000,267
jps.app.storage.content.writer.save.component.ms,1787297435357000000,1787297495357000000,0
workspaceModel.moduleManagerBridge.new.nonPersistent.module.ms,1787297435357000000,1787297495357000000,0
jps.artifact.entities.serializer.load.entities.ms,1787297435357000000,1787297495357000000,0
jps.global.handle.changed.events.ms,1787297435357000000,1787297495357000000,0
jps.project.serializers.save.ms,1787297435357000000,1787297495357000000,3
workspaceModel.global.apply.state.to.project.builder.ms,1787297435357000000,1787297495357000000,6
workspaceModel.moduleManagerBridge.create.module.instance.ms,1787297435357000000,1787297495357000000,0
workspaceModel.sync.entities.ms,1787297435357000000,1787297495357000000,0
workspaceModel.moduleManagerBridge.newModule.ms,1787297435357000000,1787297495357000000,0
jps.artifact.entities.serializer.save.entities.ms,1787297435357000000,1787297495357000000,0
jps.global.get.libraries.ms,1787297435357000000,1787297495357000000,7
workspaceModel.moduleBridge.before.changed.ms,1787297435357000000,1787297495357000000,0
workspaceModel.mutableEntityStorage.mutable.ext.mapping.ms,1787297435357000000,1787297495357000000,1
workspaceModel.init.bridges.ms,1787297435357000000,1787297495357000000,2
workspaceModel.pre.handlers.ms,1787297435357000000,1787297495357000000,3
workspaceModel.to.snapshot.ms,1787297435357000000,1787297495357000000,9
workspaceModel.replace.project.model.ms,1787297435357000000,1787297495357000000,0
workspaceModel.update.unloaded.entities.ms,1787297435357000000,1787297495357000000,0
workspaceModel.loading.from.cache.ms,1787297435357000000,1787297495357000000,39
workspaceModel.loading.total.ms,1787297435357000000,1787297495357000000,50
workspaceModel.check.recursive.update.ms,1787297435357000000,1787297495357000000,0
workspaceModel.collect.changes.ms,1787297435357000000,1787297495357000000,0
workspaceModel.updates.count,1787297435357000000,1787297495357000000,1
workspaceModel.initializing.ms,1787297435357000000,1787297495357000000,2
workspaceModel.updates.ms,1787297435357000000,1787297495357000000,141
workspaceModel.updates.precise.ms,1787297435357000000,1787297495357000000,20
FileNameCache.fastMisses,1787297435357000000,1787297495357000000,18
FileNameCache.queries,1787297435357000000,1787297495357000000,1286
FileNameCache.totalMisses,1787297435357000000,1787297495357000000,0
Indexes.stubs.lookupDuration90PMs,1787297435357000000,1787297495357000000,0.0
Indexes.stubs.lookupDurationMaxMs,1787297435357000000,1787297495357000000,0.0
Indexes.entries.lookupDurationAvgMs,1787297435357000000,1787297495357000000,0.0
Indexes.allKeys.lookupDurationMaxMs,1787297435357000000,1787297495357000000,0.0
IndexesFlusher.totalFlushingTimeUs,1787297435357000000,1787297495357000000,563981
IndexesFlusher.totalFlushesRetried,1787297435357000000,1787297495357000000,0
IndexesFlusher.totalContentionQuotaSpent,1787297435357000000,1787297495357000000,0
Indexes.entries.lookups,1787297435357000000,1787297495357000000,0.0
Indexes.allKeys.lookupDuration90PMs,1787297435357000000,1787297495357000000,0.0
Indexes.stubs.lookupDurationAvgMs,1787297435357000000,1787297495357000000,0.0
Indexes.entries.lookupDurationMaxMs,1787297435357000000,1787297495357000000,0.0
Indexes.entries.lookupDuration90PMs,1787297435357000000,1787297495357000000,0.0
VFSFlusher.totalFlushesRetried,1787297435357000000,1787297495357000000,0
Indexes.allKeys.lookups,1787297435357000000,1787297495357000000,0.0
VFSFlusher.totalContentionQuotaSpent,1787297435357000000,1787297495357000000,0
Indexes.stubs.lookups,1787297435357000000,1787297495357000000,0.0
VFSFlusher.totalFlushes,1787297435357000000,1787297495357000000,0
Indexes.allKeys.lookupDurationAvgMs,1787297435357000000,1787297495357000000,0.0
VFSFlusher.totalFlushingTimeUs,1787297435357000000,1787297495357000000,0
IndexesFlusher.totalFlushes,1787297435357000000,1787297495357000000,117
JVM.GC.collectionTimesMs,1787297435357000000,1787297495357000000,19
JVM.maxNativeBytes,1787297435357000000,1787297495357000000,-1
JVM.GC.collections,1787297435357000000,1787297495357000000,1
JVM.threadCount,1787297435357000000,1787297495357000000,55
JVM.usedHeapBytes,1787297435357000000,1787297495357000000,582472464
OS.loadAverage,1787297435357000000,1787297495357000000,5.58984375
JVM.totalCpuTimeMs,1787297435357000000,1787297495357000000,7380
JVM.maxHeapBytes,1787297435357000000,1787297495357000000,2147483648
JVM.usedNativeBytes,1787297435357000000,1787297495357000000,442235744
NonBlockingReadAction.finalizedExecutionsCount,1787297435357000000,1787297495357000000,1
AWTEventQueue.eventsDispatched,1787297435357000000,1787297495357000000,5480
FlushQueue.waitingTimeAvgNs,1787297435357000000,1787297495357000000,2470327.429602888
FlushQueue.executionTimeMaxNs,1787297435357000000,1787297495357000000,156237823
AWTEventQueue.dispatchTime90PNs,1787297435357000000,1787297495357000000,565247
FlushQueue.queueSizeMax,1787297435357000000,1787297495357000000,5
FlushQueue.queueSize90P,1787297435357000000,1787297495357000000,1
FlushQueue.executionTimeAvgNs,1787297435357000000,1787297495357000000,1127475.9350180505
FlushQueue.waitingTimeMaxNs,1787297435357000000,1787297495357000000,79167487
NonBlockingReadAction.failedExecutionTimeUs,1787297435357000000,1787297495357000000,0
NonBlockingReadAction.finalizedExecutionTimeUs,1787297435357000000,1787297495357000000,18
FlushQueue.queueSizeAvg,1787297435357000000,1787297495357000000,0.2888086642599278
FlushQueue.waitingTime90PNs,1787297435357000000,1787297495357000000,2834431
FlushQueue.tasksExecuted,1787297435357000000,1787297495357000000,277
AWTEventQueue.dispatchTimeMaxNs,1787297435357000000,1787297495357000000,156237823
AWTEventQueue.dispatchTimeTotalNS,1787297435357000000,1787297495357000000,2390130543
FlushQueue.executionTime90PNs,1787297435357000000,1787297495357000000,1089535
AWTEventQueue.dispatchTimeAvgNs,1787297435357000000,1787297495357000000,436092.50802919705
NonBlockingReadAction.failedExecutionsCount,1787297435357000000,1787297495357000000,0
StorageLockContext.competingThreads.avg,1787297495357000000,1787297555367000000,0.0
StreamlinedBlobStorage.totalLiveRecordsPayloadBytes,1787297495357000000,1787297555367000000,0
FilePageCache.pageLoads,1787297495357000000,1787297555367000000,0
DirectByteBufferAllocator.totalSizeOfBuffersAllocatedInBytes,1787297495357000000,1787297555367000000,425754624
StreamlinedBlobStorage.recordsDeleted,1787297495357000000,1787297555367000000,0
StorageLockContext.competingThreads.max,1787297495357000000,1787297555367000000,0
StreamlinedBlobStorage.totalLiveRecordsCapacityBytes,1787297495357000000,1787297555367000000,0
DirectByteBufferAllocator.hits,1787297495357000000,1787297555367000000,0
StreamlinedBlobStorage.recordsAllocated,1787297495357000000,1787297555367000000,0
StreamlinedBlobStorage.recordsRelocated,1787297495357000000,1787297555367000000,0
FilePageCache.pageHits,1787297495357000000,1787297555367000000,0
StorageLockContext.competingThreads.90P,1787297495357000000,1787297555367000000,0
FilePageCache.pageFastCacheHits,1787297495357000000,1787297555367000000,0
FilePageCache.totalPageLoadsUs,1787297495357000000,1787297555367000000,0
FilePageCache.capacityInBytes,1787297495357000000,1787297555367000000,524288000
FilePageCache.maxRegisteredFiles,1787297495357000000,1787297555367000000,618
FilePageCache.disposedBuffers,1787297495357000000,1787297555367000000,0
FilePageCache.pageLoadsAboveSizeThreshold,1787297495357000000,1787297555367000000,0
FilePageCache.maxCacheSizeInBytes,1787297495357000000,1787297555367000000,425754624
DirectByteBufferAllocator.misses,1787297495357000000,1787297555367000000,0
DirectByteBufferAllocator.reclaimed,1787297495357000000,1787297555367000000,0
FilePageCache.uncachedFileAccess,1787297495357000000,1787297555367000000,0
DirectByteBufferAllocator.totalSizeOfBuffersCachedInBytes,1787297495357000000,1787297555367000000,0
FilePageCache.totalPageDisposalsUs,1787297495357000000,1787297555367000000,0
DirectByteBufferAllocator.disposed,1787297495357000000,1787297555367000000,0
jps.facet.change.listener.init.bridge.ms,1787297495357000000,1787297555367000000,0
workspaceModel.global.apply.state.to.project.ms,1787297495357000000,1787297555367000000,0
jps.global.handle.before.change.events.ms,1787297495357000000,1787297555367000000,0
workspaceModel.mutableEntityStorage.mutable.vfurl.index.ms,1787297495357000000,1787297555367000000,0
workspaceModel.delayed.project.synchronizer.sync.ms,1787297495357000000,1787297555367000000,0
jps.global.initialize.library.bridges.after.loading.ms,1787297495357000000,1787297555367000000,0
workspaceModel.mutableEntityStorage.put.entity.ms,1787297495357000000,1787297555367000000,42
workspaceModel.load.cache.from.file.ms,1787297495357000000,1787297555367000000,0
workspaceModel.mutableEntityStorage.referrers.ms,1787297495357000000,1787297555367000000,0
jps.app.storage.content.reader.load.component.ms,1787297495357000000,1787297555367000000,7
workspaceModel.moduleManagerBridge.get.modules.ms,1787297495357000000,1787297555367000000,42
workspaceModel.mutableEntityStorage.resolve.ms,1787297495357000000,1787297555367000000,0
workspaceModel.mutableEntityStorage.has.same.entities.ms,1787297495357000000,1787297555367000000,0
workspaceModel.save.cache.to.file.ms,1787297495357000000,1787297555367000000,253
workspaceModel.mutableEntityStorage.modify.entity.ms,1787297495357000000,1787297555367000000,0
workspaceModel.mutableEntityStorage.to.snapshot.ms,1787297495357000000,1787297555367000000,10
jps.library.entities.serializer.save.entities.ms,1787297495357000000,1787297555367000000,0
workspaceModel.moduleManagerBridge.build.module.graph.ms,1787297495357000000,1787297555367000000,2
jps.global.get.library.by.name.ms,1787297495357000000,1787297555367000000,0
jps.load.initial.state.ms,1787297495357000000,1787297555367000000,30
workspaceModel.moduleBridge.update.option.ms,1787297495357000000,1787297555367000000,0
jps.reload.project.entities.ms,1787297495357000000,1787297555367000000,0
jps.facet.change.listener.before.change.events.ms,1787297495357000000,1787297555367000000,3
workspaceModel.mutableEntityStorage.replace.by.source.ms,1787297495357000000,1787297555367000000,25
jps.library.entities.serializer.load.entities.ms,1787297495357000000,1787297555367000000,62
workspaceModel.mutableEntityStorage.entities.by.source.ms,1787297495357000000,1787297555367000000,2
workspaceModel.mutableEntityStorage.add.diff.ms,1787297495357000000,1787297555367000000,26
workspaceModel.global.updates.count,1787297495357000000,1787297555367000000,0
jps.module.iml.entities.serializer.save.entities.ms,1787297495357000000,1787297555367000000,0
jps.apply.loaded.storage.ms,1787297495357000000,1787297555367000000,1068
workspaceModel.mutableEntityStorage.add.entity.ms,1787297495357000000,1787297555367000000,141
workspaceModel.orphan.listener.update.ms,1787297495357000000,1787297555367000000,2
workspaceModel.mutableEntityStorage.collect.changes.ms,1787297495357000000,1787297555367000000,2
workspaceModel.moduleManagerBridge.load.module.ms,1787297495357000000,1787297555367000000,0
workspaceModel.moduleBridgeLoader.loading.modules.ms,1787297495357000000,1787297555367000000,2723
workspaceModel.moduleBridge.facet.initialization.ms,1787297495357000000,1787297555367000000,0
jps.storage.jps.conf.reader.load.component.ms,1787297495357000000,1787297555367000000,78
workspaceModel.global.updates.ms,1787297495357000000,1787297555367000000,0
workspaceModel.mutableEntityStorage.entities.ms,1787297495357000000,1787297555367000000,1
jps.facet.change.listener.process.change.events.ms,1787297495357000000,1787297555367000000,1
workspaceModel.moduleManagerBridge.load.all.modules.ms,1787297495357000000,1787297555367000000,54
workspaceModel.moduleManagerBridge.set.unloadedModules.ms,1787297495357000000,1787297555367000000,0
jps.module.iml.entities.serializer.load.entities.ms,1787297495357000000,1787297555367000000,439
workspaceModel.mutableEntityStorage.remove.entity.ms,1787297495357000000,1787297555367000000,0
jps.save.changed.project.entities.ms,1787297495357000000,1787297555367000000,5
jps.global.initialize.library.bridges.ms,1787297495357000000,1787297555367000000,0
jps.save.global.entities.ms,1787297495357000000,1787297555367000000,192
jps.load.project.to.empty.storage.ms,1787297495357000000,1787297555367000000,318
jps.global.get.library.ms,1787297495357000000,1787297555367000000,0
jps.project.serializers.load.ms,1787297495357000000,1787297555367000000,267
jps.app.storage.content.writer.save.component.ms,1787297495357000000,1787297555367000000,0
workspaceModel.moduleManagerBridge.new.nonPersistent.module.ms,1787297495357000000,1787297555367000000,0
jps.artifact.entities.serializer.load.entities.ms,1787297495357000000,1787297555367000000,0
jps.global.handle.changed.events.ms,1787297495357000000,1787297555367000000,0
jps.project.serializers.save.ms,1787297495357000000,1787297555367000000,3
workspaceModel.global.apply.state.to.project.builder.ms,1787297495357000000,1787297555367000000,6
workspaceModel.moduleManagerBridge.create.module.instance.ms,1787297495357000000,1787297555367000000,0
workspaceModel.sync.entities.ms,1787297495357000000,1787297555367000000,0
workspaceModel.moduleManagerBridge.newModule.ms,1787297495357000000,1787297555367000000,0
jps.artifact.entities.serializer.save.entities.ms,1787297495357000000,1787297555367000000,0
jps.global.get.libraries.ms,1787297495357000000,1787297555367000000,7
workspaceModel.moduleBridge.before.changed.ms,1787297495357000000,1787297555367000000,0
workspaceModel.mutableEntityStorage.mutable.ext.mapping.ms,1787297495357000000,1787297555367000000,1
workspaceModel.init.bridges.ms,1787297495357000000,1787297555367000000,2
workspaceModel.pre.handlers.ms,1787297495357000000,1787297555367000000,3
workspaceModel.to.snapshot.ms,1787297495357000000,1787297555367000000,9
workspaceModel.replace.project.model.ms,1787297495357000000,1787297555367000000,0
workspaceModel.update.unloaded.entities.ms,1787297495357000000,1787297555367000000,0
workspaceModel.loading.from.cache.ms,1787297495357000000,1787297555367000000,39
workspaceModel.loading.total.ms,1787297495357000000,1787297555367000000,50
workspaceModel.check.recursive.update.ms,1787297495357000000,1787297555367000000,0
workspaceModel.collect.changes.ms,1787297495357000000,1787297555367000000,0
workspaceModel.updates.count,1787297495357000000,1787297555367000000,1
workspaceModel.initializing.ms,1787297495357000000,1787297555367000000,2
workspaceModel.updates.ms,1787297495357000000,1787297555367000000,141
workspaceModel.updates.precise.ms,1787297495357000000,1787297555367000000,20
FileNameCache.fastMisses,1787297495357000000,1787297555367000000,4
FileNameCache.queries,1787297495357000000,1787297555367000000,272
FileNameCache.totalMisses,1787297495357000000,1787297555367000000,0
Indexes.stubs.lookupDuration90PMs,1787297495357000000,1787297555367000000,0.0
Indexes.stubs.lookupDurationMaxMs,1787297495357000000,1787297555367000000,0.0
Indexes.entries.lookupDurationAvgMs,1787297495357000000,1787297555367000000,0.0
Indexes.allKeys.lookupDurationMaxMs,1787297495357000000,1787297555367000000,0.0
IndexesFlusher.totalFlushingTimeUs,1787297495357000000,1787297555367000000,698362
IndexesFlusher.totalFlushesRetried,1787297495357000000,1787297555367000000,0
IndexesFlusher.totalContentionQuotaSpent,1787297495357000000,1787297555367000000,0
Indexes.entries.lookups,1787297495357000000,1787297555367000000,0.0
Indexes.allKeys.lookupDuration90PMs,1787297495357000000,1787297555367000000,0.0
Indexes.stubs.lookupDurationAvgMs,1787297495357000000,1787297555367000000,0.0
Indexes.entries.lookupDurationMaxMs,1787297495357000000,1787297555367000000,0.0
Indexes.entries.lookupDuration90PMs,1787297495357000000,1787297555367000000,0.0
VFSFlusher.totalFlushesRetried,1787297495357000000,1787297555367000000,0
Indexes.allKeys.lookups,1787297495357000000,1787297555367000000,0.0
VFSFlusher.totalContentionQuotaSpent,1787297495357000000,1787297555367000000,0
Indexes.stubs.lookups,1787297495357000000,1787297555367000000,0.0
VFSFlusher.totalFlushes,1787297495357000000,1787297555367000000,0
Indexes.allKeys.lookupDurationAvgMs,1787297495357000000,1787297555367000000,0.0
VFSFlusher.totalFlushingTimeUs,1787297495357000000,1787297555367000000,0
IndexesFlusher.totalFlushes,1787297495357000000,1787297555367000000,117
JVM.GC.collectionTimesMs,1787297495357000000,1787297555367000000,13
JVM.maxNativeBytes,1787297495357000000,1787297555367000000,-1
JVM.GC.collections,1787297495357000000,1787297555367000000,1
JVM.threadCount,1787297495357000000,1787297555367000000,51
JVM.usedHeapBytes,1787297495357000000,1787297555367000000,548110144
OS.loadAverage,1787297495357000000,1787297555367000000,5.22314453125
JVM.totalCpuTimeMs,1787297495357000000,1787297555367000000,3822
JVM.maxHeapBytes,1787297495357000000,1787297555367000000,2147483648
JVM.usedNativeBytes,1787297495357000000,1787297555367000000,442267616
NonBlockingReadAction.finalizedExecutionsCount,1787297495357000000,1787297555367000000,0
AWTEventQueue.eventsDispatched,1787297495357000000,1787297555367000000,3376
FlushQueue.waitingTimeAvgNs,1787297495357000000,1787297555367000000,281883.2786885246
FlushQueue.executionTimeMaxNs,1787297495357000000,1787297555367000000,1351679
AWTEventQueue.dispatchTime90PNs,1787297495357000000,1787297555367000000,333823
FlushQueue.queueSizeMax,1787297495357000000,1787297555367000000,0
FlushQueue.queueSize90P,1787297495357000000,1787297555367000000,0
FlushQueue.executionTimeAvgNs,1787297495357000000,1787297555367000000,94936.13114754099
FlushQueue.waitingTimeMaxNs,1787297495357000000,1787297555367000000,3702783
NonBlockingReadAction.failedExecutionTimeUs,1787297495357000000,1787297555367000000,0
NonBlockingReadAction.finalizedExecutionTimeUs,1787297495357000000,1787297555367000000,0
FlushQueue.queueSizeAvg,1787297495357000000,1787297555367000000,0.0
FlushQueue.waitingTime90PNs,1787297495357000000,1787297555367000000,372735
FlushQueue.tasksExecuted,1787297495357000000,1787297555367000000,122
AWTEventQueue.dispatchTimeMaxNs,1787297495357000000,1787297555367000000,5701631
AWTEventQueue.dispatchTimeTotalNS,1787297495357000000,1787297555367000000,536335679
FlushQueue.executionTime90PNs,1787297495357000000,1787297555367000000,142335
AWTEventQueue.dispatchTimeAvgNs,1787297495357000000,1787297555367000000,158873.7298578199
NonBlockingReadAction.failedExecutionsCount,1787297495357000000,1787297555367000000,0
StorageLockContext.competingThreads.avg,1787297555367000000,1787297559747000000,0.0
FilePageCache.pageLoads,1787297555367000000,1787297559747000000,0
DirectByteBufferAllocator.totalSizeOfBuffersAllocatedInBytes,1787297555367000000,1787297559747000000,53510144
StorageLockContext.competingThreads.max,1787297555367000000,1787297559747000000,0
DirectByteBufferAllocator.hits,1787297555367000000,1787297559747000000,0
FilePageCache.pageHits,1787297555367000000,1787297559747000000,0
StorageLockContext.competingThreads.90P,1787297555367000000,1787297559747000000,0
FilePageCache.pageFastCacheHits,1787297555367000000,1787297559747000000,15
FilePageCache.totalPageLoadsUs,1787297555367000000,1787297559747000000,0
FilePageCache.capacityInBytes,1787297555367000000,1787297559747000000,524288000
FilePageCache.maxRegisteredFiles,1787297555367000000,1787297559747000000,618
FilePageCache.disposedBuffers,1787297555367000000,1787297559747000000,400
FilePageCache.pageLoadsAboveSizeThreshold,1787297555367000000,1787297559747000000,0
FilePageCache.maxCacheSizeInBytes,1787297555367000000,1787297559747000000,425754624
DirectByteBufferAllocator.misses,1787297555367000000,1787297559747000000,0
DirectByteBufferAllocator.reclaimed,1787297555367000000,1787297559747000000,45
FilePageCache.uncachedFileAccess,1787297555367000000,1787297559747000000,0
DirectByteBufferAllocator.totalSizeOfBuffersCachedInBytes,1787297555367000000,1787297559747000000,52461568
FilePageCache.totalPageDisposalsUs,1787297555367000000,1787297559747000000,0
DirectByteBufferAllocator.disposed,1787297555367000000,1787297559747000000,355
jps.facet.change.listener.init.bridge.ms,1787297555367000000,1787297559747000000,0
workspaceModel.global.apply.state.to.project.ms,1787297555367000000,1787297559747000000,0
jps.global.handle.before.change.events.ms,1787297555367000000,1787297559747000000,0
workspaceModel.mutableEntityStorage.mutable.vfurl.index.ms,1787297555367000000,1787297559747000000,0
workspaceModel.delayed.project.synchronizer.sync.ms,1787297555367000000,1787297559747000000,0
jps.global.initialize.library.bridges.after.loading.ms,1787297555367000000,1787297559747000000,0
workspaceModel.mutableEntityStorage.put.entity.ms,1787297555367000000,1787297559747000000,42
workspaceModel.load.cache.from.file.ms,1787297555367000000,1787297559747000000,0
workspaceModel.mutableEntityStorage.referrers.ms,1787297555367000000,1787297559747000000,0
jps.app.storage.content.reader.load.component.ms,1787297555367000000,1787297559747000000,7
workspaceModel.moduleManagerBridge.get.modules.ms,1787297555367000000,1787297559747000000,42
workspaceModel.mutableEntityStorage.resolve.ms,1787297555367000000,1787297559747000000,0
workspaceModel.mutableEntityStorage.has.same.entities.ms,1787297555367000000,1787297559747000000,0
workspaceModel.save.cache.to.file.ms,1787297555367000000,1787297559747000000,253
workspaceModel.mutableEntityStorage.modify.entity.ms,1787297555367000000,1787297559747000000,0
workspaceModel.mutableEntityStorage.to.snapshot.ms,1787297555367000000,1787297559747000000,10
jps.library.entities.serializer.save.entities.ms,1787297555367000000,1787297559747000000,0
workspaceModel.moduleManagerBridge.build.module.graph.ms,1787297555367000000,1787297559747000000,2
jps.global.get.library.by.name.ms,1787297555367000000,1787297559747000000,0
jps.load.initial.state.ms,1787297555367000000,1787297559747000000,30
workspaceModel.moduleBridge.update.option.ms,1787297555367000000,1787297559747000000,0
jps.reload.project.entities.ms,1787297555367000000,1787297559747000000,0
jps.facet.change.listener.before.change.events.ms,1787297555367000000,1787297559747000000,3
workspaceModel.mutableEntityStorage.replace.by.source.ms,1787297555367000000,1787297559747000000,25
jps.library.entities.serializer.load.entities.ms,1787297555367000000,1787297559747000000,62
workspaceModel.mutableEntityStorage.entities.by.source.ms,1787297555367000000,1787297559747000000,2
workspaceModel.mutableEntityStorage.add.diff.ms,1787297555367000000,1787297559747000000,26
workspaceModel.global.updates.count,1787297555367000000,1787297559747000000,0
jps.module.iml.entities.serializer.save.entities.ms,1787297555367000000,1787297559747000000,0
jps.apply.loaded.storage.ms,1787297555367000000,1787297559747000000,1068
workspaceModel.mutableEntityStorage.add.entity.ms,1787297555367000000,1787297559747000000,141
workspaceModel.orphan.listener.update.ms,1787297555367000000,1787297559747000000,2
workspaceModel.mutableEntityStorage.collect.changes.ms,1787297555367000000,1787297559747000000,2
workspaceModel.moduleManagerBridge.load.module.ms,1787297555367000000,1787297559747000000,0
workspaceModel.moduleBridgeLoader.loading.modules.ms,1787297555367000000,1787297559747000000,2723
workspaceModel.moduleBridge.facet.initialization.ms,1787297555367000000,1787297559747000000,0
jps.storage.jps.conf.reader.load.component.ms,1787297555367000000,1787297559747000000,78
workspaceModel.global.updates.ms,1787297555367000000,1787297559747000000,0
workspaceModel.mutableEntityStorage.entities.ms,1787297555367000000,1787297559747000000,1
jps.facet.change.listener.process.change.events.ms,1787297555367000000,1787297559747000000,1
workspaceModel.moduleManagerBridge.load.all.modules.ms,1787297555367000000,1787297559747000000,54
workspaceModel.moduleManagerBridge.set.unloadedModules.ms,1787297555367000000,1787297559747000000,0
jps.module.iml.entities.serializer.load.entities.ms,1787297555367000000,1787297559747000000,439
workspaceModel.mutableEntityStorage.remove.entity.ms,1787297555367000000,1787297559747000000,0
jps.save.changed.project.entities.ms,1787297555367000000,1787297559747000000,5
jps.global.initialize.library.bridges.ms,1787297555367000000,1787297559747000000,0
jps.save.global.entities.ms,1787297555367000000,1787297559747000000,192
jps.load.project.to.empty.storage.ms,1787297555367000000,1787297559747000000,318
jps.global.get.library.ms,1787297555367000000,1787297559747000000,0
jps.project.serializers.load.ms,1787297555367000000,1787297559747000000,267
jps.app.storage.content.writer.save.component.ms,1787297555367000000,1787297559747000000,0
workspaceModel.moduleManagerBridge.new.nonPersistent.module.ms,1787297555367000000,1787297559747000000,0
jps.artifact.entities.serializer.load.entities.ms,1787297555367000000,1787297559747000000,0
jps.global.handle.changed.events.ms,1787297555367000000,1787297559747000000,0
jps.project.serializers.save.ms,1787297555367000000,1787297559747000000,3
workspaceModel.global.apply.state.to.project.builder.ms,1787297555367000000,1787297559747000000,6
workspaceModel.moduleManagerBridge.create.module.instance.ms,1787297555367000000,1787297559747000000,0
workspaceModel.sync.entities.ms,1787297555367000000,1787297559747000000,0
workspaceModel.moduleManagerBridge.newModule.ms,1787297555367000000,1787297559747000000,0
jps.artifact.entities.serializer.save.entities.ms,1787297555367000000,1787297559747000000,0
jps.global.get.libraries.ms,1787297555367000000,1787297559747000000,7
workspaceModel.moduleBridge.before.changed.ms,1787297555367000000,1787297559747000000,0
workspaceModel.mutableEntityStorage.mutable.ext.mapping.ms,1787297555367000000,1787297559747000000,1
workspaceModel.init.bridges.ms,1787297555367000000,1787297559747000000,2
workspaceModel.pre.handlers.ms,1787297555367000000,1787297559747000000,3
workspaceModel.to.snapshot.ms,1787297555367000000,1787297559747000000,9
workspaceModel.replace.project.model.ms,1787297555367000000,1787297559747000000,0
workspaceModel.update.unloaded.entities.ms,1787297555367000000,1787297559747000000,0
workspaceModel.loading.from.cache.ms,1787297555367000000,1787297559747000000,39
workspaceModel.loading.total.ms,1787297555367000000,1787297559747000000,50
workspaceModel.check.recursive.update.ms,1787297555367000000,1787297559747000000,0
workspaceModel.collect.changes.ms,1787297555367000000,1787297559747000000,0
workspaceModel.updates.count,1787297555367000000,1787297559747000000,1
workspaceModel.initializing.ms,1787297555367000000,1787297559747000000,2
workspaceModel.updates.ms,1787297555367000000,1787297559747000000,141
workspaceModel.updates.precise.ms,1787297555367000000,1787297559747000000,20
FileNameCache.fastMisses,1787297555367000000,1787297559747000000,0
FileNameCache.queries,1787297555367000000,1787297559747000000,6
FileNameCache.totalMisses,1787297555367000000,1787297559747000000,0
Indexes.stubs.lookupDuration90PMs,1787297555367000000,1787297559747000000,0.0
Indexes.stubs.lookupDurationMaxMs,1787297555367000000,1787297559747000000,0.0
Indexes.entries.lookupDurationAvgMs,1787297555367000000,1787297559747000000,0.0
Indexes.allKeys.lookupDurationMaxMs,1787297555367000000,1787297559747000000,0.0
Indexes.entries.lookups,1787297555367000000,1787297559747000000,0.0
Indexes.allKeys.lookupDuration90PMs,1787297555367000000,1787297559747000000,0.0
Indexes.stubs.lookupDurationAvgMs,1787297555367000000,1787297559747000000,0.0
Indexes.entries.lookupDurationMaxMs,1787297555367000000,1787297559747000000,0.0
Indexes.entries.lookupDuration90PMs,1787297555367000000,1787297559747000000,0.0
Indexes.allKeys.lookups,1787297555367000000,1787297559747000000,0.0
Indexes.stubs.lookups,1787297555367000000,1787297559747000000,0.0
Indexes.allKeys.lookupDurationAvgMs,1787297555367000000,1787297559747000000,0.0
JVM.GC.collectionTimesMs,1787297555367000000,1787297559747000000,0
JVM.maxNativeBytes,1787297555367000000,1787297559747000000,-1
JVM.GC.collections,1787297555367000000,1787297559747000000,0
JVM.threadCount,1787297555367000000,1787297559747000000,61
JVM.usedHeapBytes,1787297555367000000,1787297559747000000,559644480
OS.loadAverage,1787297555367000000,1787297559747000000,4.884765625
JVM.totalCpuTimeMs,1787297555367000000,1787297559747000000,683
JVM.maxHeapBytes,1787297555367000000,1787297559747000000,2147483648
JVM.usedNativeBytes,1787297555367000000,1787297559747000000,442597480
NonBlockingReadAction.finalizedExecutionsCount,1787297555367000000,1787297559747000000,0
AWTEventQueue.eventsDispatched,1787297555367000000,1787297559747000000,246
FlushQueue.waitingTimeAvgNs,1787297555367000000,1787297559747000000,213408.0
FlushQueue.executionTimeMaxNs,1787297555367000000,1787297559747000000,95743
AWTEventQueue.dispatchTime90PNs,1787297555367000000,1787297559747000000,303103
FlushQueue.queueSizeMax,1787297555367000000,1787297559747000000,0
FlushQueue.queueSize90P,1787297555367000000,1787297559747000000,0
FlushQueue.executionTimeAvgNs,1787297555367000000,1787297559747000000,68464.0
FlushQueue.waitingTimeMaxNs,1787297555367000000,1787297559747000000,487423
NonBlockingReadAction.failedExecutionTimeUs,1787297555367000000,1787297559747000000,0
NonBlockingReadAction.finalizedExecutionTimeUs,1787297555367000000,1787297559747000000,0
FlushQueue.queueSizeAvg,1787297555367000000,1787297559747000000,0.0
FlushQueue.waitingTime90PNs,1787297555367000000,1787297559747000000,487423
FlushQueue.tasksExecuted,1787297555367000000,1787297559747000000,8
AWTEventQueue.dispatchTimeMaxNs,1787297555367000000,1787297559747000000,2801663
AWTEventQueue.dispatchTimeTotalNS,1787297555367000000,1787297559747000000,36296545
FlushQueue.executionTime90PNs,1787297555367000000,1787297559747000000,95743
AWTEventQueue.dispatchTimeAvgNs,1787297555367000000,1787297559747000000,146922.1463414634
NonBlockingReadAction.failedExecutionsCount,1787297555367000000,1787297559747000000,0
