# OpenTelemetry Metrics report: .csv, 4 fields: 
# <metric name>, <period start, nanoseconds>, <period end, nanoseconds>, <metric value>
# See CsvMetricsExporter for details.
# 
# NAME, PERIOD_START_NANOS, PERIOD_END_NANOS, VALUE
JVM.totalCpuTimeMs,1787813131324000000,1787813191361000000,109284
JVM.GC.collectionTimesMs,1787813131324000000,1787813191361000000,402
JVM.GC.collections,1787813131324000000,1787813191361000000,33
JVM.maxHeapBytes,1787813131324000000,1787813191361000000,2147483648
JVM.usedHeapBytes,1787813131324000000,1787813191361000000,299213288
JVM.maxNativeBytes,1787813131324000000,1787813191361000000,-1
JVM.usedNativeBytes,1787813131324000000,1787813191361000000,362320800
JVM.threadCount,1787813131324000000,1787813191361000000,138
OS.loadAverage,1787813131324000000,1787813191361000000,6.166015625
IndexesFlusher.totalFlushes,1787813131324000000,1787813191361000000,149
IndexesFlusher.totalFlushesRetried,1787813131324000000,1787813191361000000,5
Indexes.allKeys.lookupDurationMaxMs,1787813131324000000,1787813191361000000,0.0
Indexes.allKeys.lookups,1787813131324000000,1787813191361000000,0.0
VFSFlusher.totalContentionQuotaSpent,1787813131324000000,1787813191361000000,0
Indexes.stubs.lookupDurationMaxMs,1787813131324000000,1787813191361000000,159.0
Indexes.stubs.lookupDurationAvgMs,1787813131324000000,1787813191361000000,18.475
VFSFlusher.totalFlushesRetried,1787813131324000000,1787813191361000000,0
IndexesFlusher.totalContentionQuotaSpent,1787813131324000000,1787813191361000000,261
Indexes.stubs.lookups,1787813131324000000,1787813191361000000,40.0
Indexes.entries.lookups,1787813131324000000,1787813191361000000,51.0
VFSFlusher.totalFlushes,1787813131324000000,1787813191361000000,4
Indexes.allKeys.lookupDurationAvgMs,1787813131324000000,1787813191361000000,0.0
IndexesFlusher.totalFlushingTimeUs,1787813131324000000,1787813191361000000,3256338
Indexes.entries.lookupDurationAvgMs,1787813131324000000,1787813191361000000,7.2745098039215685
VFSFlusher.totalFlushingTimeUs,1787813131324000000,1787813191361000000,48124
Indexes.allKeys.lookupDuration90PMs,1787813131324000000,1787813191361000000,0.0
Indexes.stubs.lookupDuration90PMs,1787813131324000000,1787813191361000000,27.0
Indexes.entries.lookupDurationMaxMs,1787813131324000000,1787813191361000000,138.0
Indexes.entries.lookupDuration90PMs,1787813131324000000,1787813191361000000,8.0
workspaceModel.mutableEntityStorage.entities.by.source.ms,1787813131324000000,1787813191361000000,5
workspaceModel.save.cache.to.file.ms,1787813131324000000,1787813191361000000,1983
jps.global.handle.changed.events.ms,1787813131324000000,1787813191361000000,0
jps.project.serializers.load.ms,1787813131324000000,1787813191361000000,331
jps.module.iml.entities.serializer.save.entities.ms,1787813131324000000,1787813191361000000,0
workspaceModel.moduleManagerBridge.newModule.ms,1787813131324000000,1787813191361000000,0
workspaceModel.global.apply.state.to.project.builder.ms,1787813131324000000,1787813191361000000,0
workspaceModel.orphan.listener.update.ms,1787813131324000000,1787813191361000000,14
workspaceModel.moduleManagerBridge.new.nonPersistent.module.ms,1787813131324000000,1787813191361000000,0
jps.storage.jps.conf.reader.load.component.ms,1787813131324000000,1787813191361000000,306
jps.global.get.library.by.name.ms,1787813131324000000,1787813191361000000,0
jps.global.handle.before.change.events.ms,1787813131324000000,1787813191361000000,0
jps.load.project.to.empty.storage.ms,1787813131324000000,1787813191361000000,394
workspaceModel.moduleManagerBridge.get.modules.ms,1787813131324000000,1787813191361000000,7
jps.app.storage.content.reader.load.component.ms,1787813131324000000,1787813191361000000,0
workspaceModel.mutableEntityStorage.resolve.ms,1787813131324000000,1787813191361000000,6
jps.apply.loaded.storage.ms,1787813131324000000,1787813191361000000,1235
workspaceModel.mutableEntityStorage.replace.by.source.ms,1787813131324000000,1787813191361000000,219
workspaceModel.mutableEntityStorage.modify.entity.ms,1787813131324000000,1787813191361000000,140
workspaceModel.mutableEntityStorage.add.entity.ms,1787813131324000000,1787813191361000000,424
workspaceModel.mutableEntityStorage.referrers.ms,1787813131324000000,1787813191361000000,0
workspaceModel.mutableEntityStorage.entities.ms,1787813131324000000,1787813191361000000,8
workspaceModel.mutableEntityStorage.mutable.ext.mapping.ms,1787813131324000000,1787813191361000000,24
jps.library.entities.serializer.load.entities.ms,1787813131324000000,1787813191361000000,245
workspaceModel.moduleBridge.before.changed.ms,1787813131324000000,1787813191361000000,0
jps.save.changed.project.entities.ms,1787813131324000000,1787813191361000000,1
jps.module.iml.entities.serializer.load.entities.ms,1787813131324000000,1787813191361000000,246
workspaceModel.mutableEntityStorage.to.snapshot.ms,1787813131324000000,1787813191361000000,9
workspaceModel.mutableEntityStorage.mutable.vfurl.index.ms,1787813131324000000,1787813191361000000,0
jps.save.global.entities.ms,1787813131324000000,1787813191361000000,8
workspaceModel.sync.entities.ms,1787813131324000000,1787813191361000000,0
jps.global.get.libraries.ms,1787813131324000000,1787813191361000000,2
workspaceModel.moduleManagerBridge.create.module.instance.ms,1787813131324000000,1787813191361000000,0
workspaceModel.moduleManagerBridge.build.module.graph.ms,1787813131324000000,1787813191361000000,1
workspaceModel.moduleBridge.update.option.ms,1787813131324000000,1787813191361000000,0
jps.project.serializers.save.ms,1787813131324000000,1787813191361000000,1
workspaceModel.moduleManagerBridge.set.unloadedModules.ms,1787813131324000000,1787813191361000000,0
workspaceModel.mutableEntityStorage.has.same.entities.ms,1787813131324000000,1787813191361000000,0
jps.reload.project.entities.ms,1787813131324000000,1787813191361000000,0
workspaceModel.global.apply.state.to.project.ms,1787813131324000000,1787813191361000000,43
workspaceModel.moduleManagerBridge.load.all.modules.ms,1787813131324000000,1787813191361000000,377
jps.artifact.entities.serializer.load.entities.ms,1787813131324000000,1787813191361000000,0
workspaceModel.mutableEntityStorage.collect.changes.ms,1787813131324000000,1787813191361000000,0
jps.app.storage.content.writer.save.component.ms,1787813131324000000,1787813191361000000,0
workspaceModel.load.cache.from.file.ms,1787813131324000000,1787813191361000000,295
jps.artifact.entities.serializer.save.entities.ms,1787813131324000000,1787813191361000000,0
jps.load.initial.state.ms,1787813131324000000,1787813191361000000,13
workspaceModel.global.updates.ms,1787813131324000000,1787813191361000000,0
workspaceModel.moduleBridge.facet.initialization.ms,1787813131324000000,1787813191361000000,1
jps.global.initialize.library.bridges.ms,1787813131324000000,1787813191361000000,0
workspaceModel.moduleBridgeLoader.loading.modules.ms,1787813131324000000,1787813191361000000,1349
workspaceModel.delayed.project.synchronizer.sync.ms,1787813131324000000,1787813191361000000,1674
jps.facet.change.listener.init.bridge.ms,1787813131324000000,1787813191361000000,0
workspaceModel.mutableEntityStorage.put.entity.ms,1787813131324000000,1787813191361000000,152
workspaceModel.global.updates.count,1787813131324000000,1787813191361000000,0
workspaceModel.mutableEntityStorage.add.diff.ms,1787813131324000000,1787813191361000000,54
jps.global.get.library.ms,1787813131324000000,1787813191361000000,0
workspaceModel.moduleManagerBridge.load.module.ms,1787813131324000000,1787813191361000000,0
jps.facet.change.listener.process.change.events.ms,1787813131324000000,1787813191361000000,1
jps.facet.change.listener.before.change.events.ms,1787813131324000000,1787813191361000000,0
jps.library.entities.serializer.save.entities.ms,1787813131324000000,1787813191361000000,0
jps.global.initialize.library.bridges.after.loading.ms,1787813131324000000,1787813191361000000,0
workspaceModel.mutableEntityStorage.remove.entity.ms,1787813131324000000,1787813191361000000,0
FilePageCache.totalPageDisposalsUs,1787813131324000000,1787813191361000000,39791
FilePageCache.pageLoadsAboveSizeThreshold,1787813131324000000,1787813191361000000,0
FilePageCache.pageLoads,1787813131324000000,1787813191361000000,265
DirectByteBufferAllocator.reclaimed,1787813131324000000,1787813191361000000,3
DirectByteBufferAllocator.hits,1787813131324000000,1787813191361000000,3
FilePageCache.totalPageLoadsUs,1787813131324000000,1787813191361000000,906757
DirectByteBufferAllocator.misses,1787813131324000000,1787813191361000000,262
StorageLockContext.competingThreads.max,1787813131324000000,1787813191361000000,9
FilePageCache.capacityInBytes,1787813131324000000,1787813191361000000,524288000
FilePageCache.pageFastCacheHits,1787813131324000000,1787813191361000000,34359
FilePageCache.maxCacheSizeInBytes,1787813131324000000,1787813191361000000,266477568
FilePageCache.pageHits,1787813131324000000,1787813191361000000,7
StreamlinedBlobStorage.totalLiveRecordsCapacityBytes,1787813131324000000,1787813191361000000,802660
DirectByteBufferAllocator.totalSizeOfBuffersAllocatedInBytes,1787813131324000000,1787813191361000000,266477568
StreamlinedBlobStorage.recordsRelocated,1787813131324000000,1787813191361000000,0
FilePageCache.uncachedFileAccess,1787813131324000000,1787813191361000000,135
FilePageCache.maxRegisteredFiles,1787813131324000000,1787813191361000000,617
DirectByteBufferAllocator.disposed,1787813131324000000,1787813191361000000,0
StorageLockContext.competingThreads.90P,1787813131324000000,1787813191361000000,0
StreamlinedBlobStorage.recordsDeleted,1787813131324000000,1787813191361000000,32
StreamlinedBlobStorage.totalLiveRecordsPayloadBytes,1787813131324000000,1787813191361000000,325465
StreamlinedBlobStorage.recordsAllocated,1787813131324000000,1787813191361000000,11136
StorageLockContext.competingThreads.avg,1787813131324000000,1787813191361000000,0.10714285714285714
FilePageCache.disposedBuffers,1787813131324000000,1787813191361000000,3
DirectByteBufferAllocator.totalSizeOfBuffersCachedInBytes,1787813131324000000,1787813191361000000,0
FileNameCache.queries,1787813131324000000,1787813191361000000,330949
FileNameCache.totalMisses,1787813131324000000,1787813191361000000,7618
FileNameCache.fastMisses,1787813131324000000,1787813191361000000,19641
FlushQueue.waitingTime90PNs,1787813131324000000,1787813191361000000,2264924159
FlushQueue.executionTime90PNs,1787813131324000000,1787813191361000000,11468799
FlushQueue.queueSizeAvg,1787813131324000000,1787813191361000000,37.76104651162791
FlushQueue.tasksExecuted,1787813131324000000,1787813191361000000,1720
AWTEventQueue.dispatchTimeAvgNs,1787813131324000000,1787813191361000000,8099811.7827932965
FlushQueue.queueSizeMax,1787813131324000000,1787813191361000000,132
FlushQueue.waitingTimeMaxNs,1787813131324000000,1787813191361000000,3338665983
NonBlockingReadAction.failedExecutionTimeUs,1787813131324000000,1787813191361000000,95418
FlushQueue.queueSize90P,1787813131324000000,1787813191361000000,90
FlushQueue.executionTimeMaxNs,1787813131324000000,1787813191361000000,2013265919
AWTEventQueue.dispatchTimeMaxNs,1787813131324000000,1787813191361000000,2013265919
NonBlockingReadAction.failedExecutionsCount,1787813131324000000,1787813191361000000,2
AWTEventQueue.eventsDispatched,1787813131324000000,1787813191361000000,4475
AWTEventQueue.dispatchTimeTotalNS,1787813131324000000,1787813191361000000,36248929586
AWTEventQueue.dispatchTime90PNs,1787813131324000000,1787813191361000000,10551295
NonBlockingReadAction.finalizedExecutionTimeUs,1787813131324000000,1787813191361000000,4034275
NonBlockingReadAction.finalizedExecutionsCount,1787813131324000000,1787813191361000000,55
FlushQueue.executionTimeAvgNs,1787813131324000000,1787813191361000000,9967374.930813953
FlushQueue.waitingTimeAvgNs,1787813131324000000,1787813191361000000,7.688818246418605E8
workspaceModel.collect.changes.ms,1787813131324000000,1787813191361000000,0
workspaceModel.to.snapshot.ms,1787813131324000000,1787813191361000000,8
workspaceModel.init.bridges.ms,1787813131324000000,1787813191361000000,1
workspaceModel.replace.project.model.ms,1787813131324000000,1787813191361000000,0
workspaceModel.updates.ms,1787813131324000000,1787813191361000000,366
workspaceModel.updates.precise.ms,1787813131324000000,1787813191361000000,272
workspaceModel.loading.from.cache.ms,1787813131324000000,1787813191361000000,304
workspaceModel.pre.handlers.ms,1787813131324000000,1787813191361000000,2
workspaceModel.loading.total.ms,1787813131324000000,1787813191361000000,326
workspaceModel.updates.count,1787813131324000000,1787813191361000000,5
workspaceModel.initializing.ms,1787813131324000000,1787813191361000000,1
workspaceModel.update.unloaded.entities.ms,1787813131324000000,1787813191361000000,0
workspaceModel.check.recursive.update.ms,1787813131324000000,1787813191361000000,36
JVM.totalCpuTimeMs,1787813191361000000,1787813251360000000,10692
JVM.GC.collectionTimesMs,1787813191361000000,1787813251360000000,47
JVM.GC.collections,1787813191361000000,1787813251360000000,1
JVM.maxHeapBytes,1787813191361000000,1787813251360000000,2147483648
JVM.usedHeapBytes,1787813191361000000,1787813251360000000,284771712
JVM.maxNativeBytes,1787813191361000000,1787813251360000000,-1
JVM.usedNativeBytes,1787813191361000000,1787813251360000000,366085864
JVM.threadCount,1787813191361000000,1787813251360000000,67
OS.loadAverage,1787813191361000000,1787813251360000000,3.5693359375
IndexesFlusher.totalFlushes,1787813191361000000,1787813251360000000,176
IndexesFlusher.totalFlushesRetried,1787813191361000000,1787813251360000000,0
Indexes.allKeys.lookupDurationMaxMs,1787813191361000000,1787813251360000000,0.0
Indexes.allKeys.lookups,1787813191361000000,1787813251360000000,0.0
VFSFlusher.totalContentionQuotaSpent,1787813191361000000,1787813251360000000,0
Indexes.stubs.lookupDurationMaxMs,1787813191361000000,1787813251360000000,0.0
Indexes.stubs.lookupDurationAvgMs,1787813191361000000,1787813251360000000,0.0
VFSFlusher.totalFlushesRetried,1787813191361000000,1787813251360000000,0
IndexesFlusher.totalContentionQuotaSpent,1787813191361000000,1787813251360000000,0
Indexes.stubs.lookups,1787813191361000000,1787813251360000000,0.0
Indexes.entries.lookups,1787813191361000000,1787813251360000000,0.0
VFSFlusher.totalFlushes,1787813191361000000,1787813251360000000,1
Indexes.allKeys.lookupDurationAvgMs,1787813191361000000,1787813251360000000,0.0
IndexesFlusher.totalFlushingTimeUs,1787813191361000000,1787813251360000000,851970
Indexes.entries.lookupDurationAvgMs,1787813191361000000,1787813251360000000,0.0
VFSFlusher.totalFlushingTimeUs,1787813191361000000,1787813251360000000,20778
Indexes.allKeys.lookupDuration90PMs,1787813191361000000,1787813251360000000,0.0
Indexes.stubs.lookupDuration90PMs,1787813191361000000,1787813251360000000,0.0
Indexes.entries.lookupDurationMaxMs,1787813191361000000,1787813251360000000,0.0
Indexes.entries.lookupDuration90PMs,1787813191361000000,1787813251360000000,0.0
workspaceModel.mutableEntityStorage.entities.by.source.ms,1787813191361000000,1787813251360000000,5
workspaceModel.save.cache.to.file.ms,1787813191361000000,1787813251360000000,1983
jps.global.handle.changed.events.ms,1787813191361000000,1787813251360000000,0
jps.project.serializers.load.ms,1787813191361000000,1787813251360000000,331
jps.module.iml.entities.serializer.save.entities.ms,1787813191361000000,1787813251360000000,0
workspaceModel.moduleManagerBridge.newModule.ms,1787813191361000000,1787813251360000000,0
workspaceModel.global.apply.state.to.project.builder.ms,1787813191361000000,1787813251360000000,0
workspaceModel.orphan.listener.update.ms,1787813191361000000,1787813251360000000,14
workspaceModel.moduleManagerBridge.new.nonPersistent.module.ms,1787813191361000000,1787813251360000000,0
jps.storage.jps.conf.reader.load.component.ms,1787813191361000000,1787813251360000000,306
jps.global.get.library.by.name.ms,1787813191361000000,1787813251360000000,0
jps.global.handle.before.change.events.ms,1787813191361000000,1787813251360000000,0
jps.load.project.to.empty.storage.ms,1787813191361000000,1787813251360000000,394
workspaceModel.moduleManagerBridge.get.modules.ms,1787813191361000000,1787813251360000000,7
jps.app.storage.content.reader.load.component.ms,1787813191361000000,1787813251360000000,0
workspaceModel.mutableEntityStorage.resolve.ms,1787813191361000000,1787813251360000000,6
jps.apply.loaded.storage.ms,1787813191361000000,1787813251360000000,1235
workspaceModel.mutableEntityStorage.replace.by.source.ms,1787813191361000000,1787813251360000000,219
workspaceModel.mutableEntityStorage.modify.entity.ms,1787813191361000000,1787813251360000000,140
workspaceModel.mutableEntityStorage.add.entity.ms,1787813191361000000,1787813251360000000,424
workspaceModel.mutableEntityStorage.referrers.ms,1787813191361000000,1787813251360000000,0
workspaceModel.mutableEntityStorage.entities.ms,1787813191361000000,1787813251360000000,8
workspaceModel.mutableEntityStorage.mutable.ext.mapping.ms,1787813191361000000,1787813251360000000,24
jps.library.entities.serializer.load.entities.ms,1787813191361000000,1787813251360000000,245
workspaceModel.moduleBridge.before.changed.ms,1787813191361000000,1787813251360000000,0
jps.save.changed.project.entities.ms,1787813191361000000,1787813251360000000,1
jps.module.iml.entities.serializer.load.entities.ms,1787813191361000000,1787813251360000000,246
workspaceModel.mutableEntityStorage.to.snapshot.ms,1787813191361000000,1787813251360000000,9
workspaceModel.mutableEntityStorage.mutable.vfurl.index.ms,1787813191361000000,1787813251360000000,0
jps.save.global.entities.ms,1787813191361000000,1787813251360000000,15
workspaceModel.sync.entities.ms,1787813191361000000,1787813251360000000,0
jps.global.get.libraries.ms,1787813191361000000,1787813251360000000,2
workspaceModel.moduleManagerBridge.create.module.instance.ms,1787813191361000000,1787813251360000000,0
workspaceModel.moduleManagerBridge.build.module.graph.ms,1787813191361000000,1787813251360000000,1
workspaceModel.moduleBridge.update.option.ms,1787813191361000000,1787813251360000000,0
jps.project.serializers.save.ms,1787813191361000000,1787813251360000000,1
workspaceModel.moduleManagerBridge.set.unloadedModules.ms,1787813191361000000,1787813251360000000,0
workspaceModel.mutableEntityStorage.has.same.entities.ms,1787813191361000000,1787813251360000000,0
jps.reload.project.entities.ms,1787813191361000000,1787813251360000000,0
workspaceModel.global.apply.state.to.project.ms,1787813191361000000,1787813251360000000,43
workspaceModel.moduleManagerBridge.load.all.modules.ms,1787813191361000000,1787813251360000000,377
jps.artifact.entities.serializer.load.entities.ms,1787813191361000000,1787813251360000000,0
workspaceModel.mutableEntityStorage.collect.changes.ms,1787813191361000000,1787813251360000000,0
jps.app.storage.content.writer.save.component.ms,1787813191361000000,1787813251360000000,0
workspaceModel.load.cache.from.file.ms,1787813191361000000,1787813251360000000,295
jps.artifact.entities.serializer.save.entities.ms,1787813191361000000,1787813251360000000,0
jps.load.initial.state.ms,1787813191361000000,1787813251360000000,13
workspaceModel.global.updates.ms,1787813191361000000,1787813251360000000,0
workspaceModel.moduleBridge.facet.initialization.ms,1787813191361000000,1787813251360000000,1
jps.global.initialize.library.bridges.ms,1787813191361000000,1787813251360000000,0
workspaceModel.moduleBridgeLoader.loading.modules.ms,1787813191361000000,1787813251360000000,1349
workspaceModel.delayed.project.synchronizer.sync.ms,1787813191361000000,1787813251360000000,1674
jps.facet.change.listener.init.bridge.ms,1787813191361000000,1787813251360000000,0
workspaceModel.mutableEntityStorage.put.entity.ms,1787813191361000000,1787813251360000000,152
workspaceModel.global.updates.count,1787813191361000000,1787813251360000000,0
workspaceModel.mutableEntityStorage.add.diff.ms,1787813191361000000,1787813251360000000,54
jps.global.get.library.ms,1787813191361000000,1787813251360000000,0
workspaceModel.moduleManagerBridge.load.module.ms,1787813191361000000,1787813251360000000,0
jps.facet.change.listener.process.change.events.ms,1787813191361000000,1787813251360000000,1
jps.facet.change.listener.before.change.events.ms,1787813191361000000,1787813251360000000,0
jps.library.entities.serializer.save.entities.ms,1787813191361000000,1787813251360000000,0
jps.global.initialize.library.bridges.after.loading.ms,1787813191361000000,1787813251360000000,0
workspaceModel.mutableEntityStorage.remove.entity.ms,1787813191361000000,1787813251360000000,0
FilePageCache.totalPageDisposalsUs,1787813191361000000,1787813251360000000,421
FilePageCache.pageLoadsAboveSizeThreshold,1787813191361000000,1787813251360000000,0
FilePageCache.pageLoads,1787813191361000000,1787813251360000000,1
DirectByteBufferAllocator.reclaimed,1787813191361000000,1787813251360000000,0
DirectByteBufferAllocator.hits,1787813191361000000,1787813251360000000,0
FilePageCache.totalPageLoadsUs,1787813191361000000,1787813251360000000,3064
DirectByteBufferAllocator.misses,1787813191361000000,1787813251360000000,1
StorageLockContext.competingThreads.max,1787813191361000000,1787813251360000000,0
FilePageCache.capacityInBytes,1787813191361000000,1787813251360000000,524288000
FilePageCache.pageFastCacheHits,1787813191361000000,1787813251360000000,68
FilePageCache.maxCacheSizeInBytes,1787813191361000000,1787813251360000000,266485760
FilePageCache.pageHits,1787813191361000000,1787813251360000000,0
StreamlinedBlobStorage.totalLiveRecordsCapacityBytes,1787813191361000000,1787813251360000000,0
DirectByteBufferAllocator.totalSizeOfBuffersAllocatedInBytes,1787813191361000000,1787813251360000000,266485760
StreamlinedBlobStorage.recordsRelocated,1787813191361000000,1787813251360000000,0
FilePageCache.uncachedFileAccess,1787813191361000000,1787813251360000000,4
FilePageCache.maxRegisteredFiles,1787813191361000000,1787813251360000000,617
DirectByteBufferAllocator.disposed,1787813191361000000,1787813251360000000,0
StorageLockContext.competingThreads.90P,1787813191361000000,1787813251360000000,0
StreamlinedBlobStorage.recordsDeleted,1787813191361000000,1787813251360000000,0
StreamlinedBlobStorage.totalLiveRecordsPayloadBytes,1787813191361000000,1787813251360000000,0
StreamlinedBlobStorage.recordsAllocated,1787813191361000000,1787813251360000000,0
StorageLockContext.competingThreads.avg,1787813191361000000,1787813251360000000,0.0
FilePageCache.disposedBuffers,1787813191361000000,1787813251360000000,0
DirectByteBufferAllocator.totalSizeOfBuffersCachedInBytes,1787813191361000000,1787813251360000000,0
FileNameCache.queries,1787813191361000000,1787813251360000000,1384
FileNameCache.totalMisses,1787813191361000000,1787813251360000000,0
FileNameCache.fastMisses,1787813191361000000,1787813251360000000,16
FlushQueue.waitingTime90PNs,1787813191361000000,1787813251360000000,17170431
FlushQueue.executionTime90PNs,1787813191361000000,1787813251360000000,1310719
FlushQueue.queueSizeAvg,1787813191361000000,1787813251360000000,0.4
FlushQueue.tasksExecuted,1787813191361000000,1787813251360000000,205
AWTEventQueue.dispatchTimeAvgNs,1787813191361000000,1787813251360000000,240466.24397123113
FlushQueue.queueSizeMax,1787813191361000000,1787813251360000000,6
FlushQueue.waitingTimeMaxNs,1787813191361000000,1787813251360000000,175112191
NonBlockingReadAction.failedExecutionTimeUs,1787813191361000000,1787813251360000000,0
FlushQueue.queueSize90P,1787813191361000000,1787813251360000000,2
FlushQueue.executionTimeMaxNs,1787813191361000000,1787813251360000000,56098815
AWTEventQueue.dispatchTimeMaxNs,1787813191361000000,1787813251360000000,170917887
NonBlockingReadAction.failedExecutionsCount,1787813191361000000,1787813251360000000,0
AWTEventQueue.eventsDispatched,1787813191361000000,1787813251360000000,7091
AWTEventQueue.dispatchTimeTotalNS,1787813191361000000,1787813251360000000,1705878997
AWTEventQueue.dispatchTime90PNs,1787813191361000000,1787813251360000000,215039
NonBlockingReadAction.finalizedExecutionTimeUs,1787813191361000000,1787813251360000000,48550
NonBlockingReadAction.finalizedExecutionsCount,1787813191361000000,1787813251360000000,2
FlushQueue.executionTimeAvgNs,1787813191361000000,1787813251360000000,1098537.5609756098
FlushQueue.waitingTimeAvgNs,1787813191361000000,1787813251360000000,8888102.946341464
workspaceModel.collect.changes.ms,1787813191361000000,1787813251360000000,0
workspaceModel.to.snapshot.ms,1787813191361000000,1787813251360000000,8
workspaceModel.init.bridges.ms,1787813191361000000,1787813251360000000,1
workspaceModel.replace.project.model.ms,1787813191361000000,1787813251360000000,0
workspaceModel.updates.ms,1787813191361000000,1787813251360000000,366
workspaceModel.updates.precise.ms,1787813191361000000,1787813251360000000,272
workspaceModel.loading.from.cache.ms,1787813191361000000,1787813251360000000,304
workspaceModel.pre.handlers.ms,1787813191361000000,1787813251360000000,2
workspaceModel.loading.total.ms,1787813191361000000,1787813251360000000,326
workspaceModel.updates.count,1787813191361000000,1787813251360000000,5
workspaceModel.initializing.ms,1787813191361000000,1787813251360000000,1
workspaceModel.update.unloaded.entities.ms,1787813191361000000,1787813251360000000,0
workspaceModel.check.recursive.update.ms,1787813191361000000,1787813251360000000,36
JVM.totalCpuTimeMs,1787813251360000000,1787813311357000000,4427
JVM.GC.collectionTimesMs,1787813251360000000,1787813311357000000,23
JVM.GC.collections,1787813251360000000,1787813311357000000,1
JVM.maxHeapBytes,1787813251360000000,1787813311357000000,2147483648
JVM.usedHeapBytes,1787813251360000000,1787813311357000000,239694400
JVM.maxNativeBytes,1787813251360000000,1787813311357000000,-1
JVM.usedNativeBytes,1787813251360000000,1787813311357000000,366525176
JVM.threadCount,1787813251360000000,1787813311357000000,53
OS.loadAverage,1787813251360000000,1787813311357000000,2.193359375
IndexesFlusher.totalFlushes,1787813251360000000,1787813311357000000,175
IndexesFlusher.totalFlushesRetried,1787813251360000000,1787813311357000000,0
Indexes.allKeys.lookupDurationMaxMs,1787813251360000000,1787813311357000000,0.0
Indexes.allKeys.lookups,1787813251360000000,1787813311357000000,0.0
VFSFlusher.totalContentionQuotaSpent,1787813251360000000,1787813311357000000,0
Indexes.stubs.lookupDurationMaxMs,1787813251360000000,1787813311357000000,0.0
Indexes.stubs.lookupDurationAvgMs,1787813251360000000,1787813311357000000,0.0
VFSFlusher.totalFlushesRetried,1787813251360000000,1787813311357000000,0
IndexesFlusher.totalContentionQuotaSpent,1787813251360000000,1787813311357000000,0
Indexes.stubs.lookups,1787813251360000000,1787813311357000000,0.0
Indexes.entries.lookups,1787813251360000000,1787813311357000000,0.0
VFSFlusher.totalFlushes,1787813251360000000,1787813311357000000,0
Indexes.allKeys.lookupDurationAvgMs,1787813251360000000,1787813311357000000,0.0
IndexesFlusher.totalFlushingTimeUs,1787813251360000000,1787813311357000000,722549
Indexes.entries.lookupDurationAvgMs,1787813251360000000,1787813311357000000,0.0
VFSFlusher.totalFlushingTimeUs,1787813251360000000,1787813311357000000,0
Indexes.allKeys.lookupDuration90PMs,1787813251360000000,1787813311357000000,0.0
Indexes.stubs.lookupDuration90PMs,1787813251360000000,1787813311357000000,0.0
Indexes.entries.lookupDurationMaxMs,1787813251360000000,1787813311357000000,0.0
Indexes.entries.lookupDuration90PMs,1787813251360000000,1787813311357000000,0.0
workspaceModel.mutableEntityStorage.entities.by.source.ms,1787813251360000000,1787813311357000000,5
workspaceModel.save.cache.to.file.ms,1787813251360000000,1787813311357000000,1983
jps.global.handle.changed.events.ms,1787813251360000000,1787813311357000000,0
jps.project.serializers.load.ms,1787813251360000000,1787813311357000000,331
jps.module.iml.entities.serializer.save.entities.ms,1787813251360000000,1787813311357000000,0
workspaceModel.moduleManagerBridge.newModule.ms,1787813251360000000,1787813311357000000,0
workspaceModel.global.apply.state.to.project.builder.ms,1787813251360000000,1787813311357000000,0
workspaceModel.orphan.listener.update.ms,1787813251360000000,1787813311357000000,14
workspaceModel.moduleManagerBridge.new.nonPersistent.module.ms,1787813251360000000,1787813311357000000,0
jps.storage.jps.conf.reader.load.component.ms,1787813251360000000,1787813311357000000,306
jps.global.get.library.by.name.ms,1787813251360000000,1787813311357000000,0
jps.global.handle.before.change.events.ms,1787813251360000000,1787813311357000000,0
jps.load.project.to.empty.storage.ms,1787813251360000000,1787813311357000000,394
workspaceModel.moduleManagerBridge.get.modules.ms,1787813251360000000,1787813311357000000,7
jps.app.storage.content.reader.load.component.ms,1787813251360000000,1787813311357000000,0
workspaceModel.mutableEntityStorage.resolve.ms,1787813251360000000,1787813311357000000,6
jps.apply.loaded.storage.ms,1787813251360000000,1787813311357000000,1235
workspaceModel.mutableEntityStorage.replace.by.source.ms,1787813251360000000,1787813311357000000,219
workspaceModel.mutableEntityStorage.modify.entity.ms,1787813251360000000,1787813311357000000,140
workspaceModel.mutableEntityStorage.add.entity.ms,1787813251360000000,1787813311357000000,424
workspaceModel.mutableEntityStorage.referrers.ms,1787813251360000000,1787813311357000000,0
workspaceModel.mutableEntityStorage.entities.ms,1787813251360000000,1787813311357000000,8
workspaceModel.mutableEntityStorage.mutable.ext.mapping.ms,1787813251360000000,1787813311357000000,24
jps.library.entities.serializer.load.entities.ms,1787813251360000000,1787813311357000000,245
workspaceModel.moduleBridge.before.changed.ms,1787813251360000000,1787813311357000000,0
jps.save.changed.project.entities.ms,1787813251360000000,1787813311357000000,1
jps.module.iml.entities.serializer.load.entities.ms,1787813251360000000,1787813311357000000,246
workspaceModel.mutableEntityStorage.to.snapshot.ms,1787813251360000000,1787813311357000000,9
workspaceModel.mutableEntityStorage.mutable.vfurl.index.ms,1787813251360000000,1787813311357000000,0
jps.save.global.entities.ms,1787813251360000000,1787813311357000000,15
workspaceModel.sync.entities.ms,1787813251360000000,1787813311357000000,0
jps.global.get.libraries.ms,1787813251360000000,1787813311357000000,2
workspaceModel.moduleManagerBridge.create.module.instance.ms,1787813251360000000,1787813311357000000,0
workspaceModel.moduleManagerBridge.build.module.graph.ms,1787813251360000000,1787813311357000000,1
workspaceModel.moduleBridge.update.option.ms,1787813251360000000,1787813311357000000,0
jps.project.serializers.save.ms,1787813251360000000,1787813311357000000,1
workspaceModel.moduleManagerBridge.set.unloadedModules.ms,1787813251360000000,1787813311357000000,0
workspaceModel.mutableEntityStorage.has.same.entities.ms,1787813251360000000,1787813311357000000,0
jps.reload.project.entities.ms,1787813251360000000,1787813311357000000,0
workspaceModel.global.apply.state.to.project.ms,1787813251360000000,1787813311357000000,43
workspaceModel.moduleManagerBridge.load.all.modules.ms,1787813251360000000,1787813311357000000,377
jps.artifact.entities.serializer.load.entities.ms,1787813251360000000,1787813311357000000,0
workspaceModel.mutableEntityStorage.collect.changes.ms,1787813251360000000,1787813311357000000,0
jps.app.storage.content.writer.save.component.ms,1787813251360000000,1787813311357000000,0
workspaceModel.load.cache.from.file.ms,1787813251360000000,1787813311357000000,295
jps.artifact.entities.serializer.save.entities.ms,1787813251360000000,1787813311357000000,0
jps.load.initial.state.ms,1787813251360000000,1787813311357000000,13
workspaceModel.global.updates.ms,1787813251360000000,1787813311357000000,0
workspaceModel.moduleBridge.facet.initialization.ms,1787813251360000000,1787813311357000000,1
jps.global.initialize.library.bridges.ms,1787813251360000000,1787813311357000000,0
workspaceModel.moduleBridgeLoader.loading.modules.ms,1787813251360000000,1787813311357000000,1349
workspaceModel.delayed.project.synchronizer.sync.ms,1787813251360000000,1787813311357000000,1674
jps.facet.change.listener.init.bridge.ms,1787813251360000000,1787813311357000000,0
workspaceModel.mutableEntityStorage.put.entity.ms,1787813251360000000,1787813311357000000,152
workspaceModel.global.updates.count,1787813251360000000,1787813311357000000,0
workspaceModel.mutableEntityStorage.add.diff.ms,1787813251360000000,1787813311357000000,54
jps.global.get.library.ms,1787813251360000000,1787813311357000000,0
workspaceModel.moduleManagerBridge.load.module.ms,1787813251360000000,1787813311357000000,0
jps.facet.change.listener.process.change.events.ms,1787813251360000000,1787813311357000000,1
jps.facet.change.listener.before.change.events.ms,1787813251360000000,1787813311357000000,0
jps.library.entities.serializer.save.entities.ms,1787813251360000000,1787813311357000000,0
jps.global.initialize.library.bridges.after.loading.ms,1787813251360000000,1787813311357000000,0
workspaceModel.mutableEntityStorage.remove.entity.ms,1787813251360000000,1787813311357000000,0
FilePageCache.totalPageDisposalsUs,1787813251360000000,1787813311357000000,0
FilePageCache.pageLoadsAboveSizeThreshold,1787813251360000000,1787813311357000000,0
FilePageCache.pageLoads,1787813251360000000,1787813311357000000,0
DirectByteBufferAllocator.reclaimed,1787813251360000000,1787813311357000000,0
DirectByteBufferAllocator.hits,1787813251360000000,1787813311357000000,0
FilePageCache.totalPageLoadsUs,1787813251360000000,1787813311357000000,0
DirectByteBufferAllocator.misses,1787813251360000000,1787813311357000000,0
StorageLockContext.competingThreads.max,1787813251360000000,1787813311357000000,0
FilePageCache.capacityInBytes,1787813251360000000,1787813311357000000,524288000
FilePageCache.pageFastCacheHits,1787813251360000000,1787813311357000000,0
FilePageCache.maxCacheSizeInBytes,1787813251360000000,1787813311357000000,266485760
FilePageCache.pageHits,1787813251360000000,1787813311357000000,0
StreamlinedBlobStorage.totalLiveRecordsCapacityBytes,1787813251360000000,1787813311357000000,0
DirectByteBufferAllocator.totalSizeOfBuffersAllocatedInBytes,1787813251360000000,1787813311357000000,266485760
StreamlinedBlobStorage.recordsRelocated,1787813251360000000,1787813311357000000,0
FilePageCache.uncachedFileAccess,1787813251360000000,1787813311357000000,0
FilePageCache.maxRegisteredFiles,1787813251360000000,1787813311357000000,617
DirectByteBufferAllocator.disposed,1787813251360000000,1787813311357000000,0
StorageLockContext.competingThreads.90P,1787813251360000000,1787813311357000000,0
StreamlinedBlobStorage.recordsDeleted,1787813251360000000,1787813311357000000,0
StreamlinedBlobStorage.totalLiveRecordsPayloadBytes,1787813251360000000,1787813311357000000,0
StreamlinedBlobStorage.recordsAllocated,1787813251360000000,1787813311357000000,0
StorageLockContext.competingThreads.avg,1787813251360000000,1787813311357000000,0.0
FilePageCache.disposedBuffers,1787813251360000000,1787813311357000000,0
DirectByteBufferAllocator.totalSizeOfBuffersCachedInBytes,1787813251360000000,1787813311357000000,0
FileNameCache.queries,1787813251360000000,1787813311357000000,0
FileNameCache.totalMisses,1787813251360000000,1787813311357000000,0
FileNameCache.fastMisses,1787813251360000000,1787813311357000000,0
FlushQueue.waitingTime90PNs,1787813251360000000,1787813311357000000,309247
FlushQueue.executionTime90PNs,1787813251360000000,1787813311357000000,249855
FlushQueue.queueSizeAvg,1787813251360000000,1787813311357000000,0.0
FlushQueue.tasksExecuted,1787813251360000000,1787813311357000000,122
AWTEventQueue.dispatchTimeAvgNs,1787813251360000000,1787813311357000000,58403.292285508294
FlushQueue.queueSizeMax,1787813251360000000,1787813311357000000,0
FlushQueue.waitingTimeMaxNs,1787813251360000000,1787813311357000000,860159
NonBlockingReadAction.failedExecutionTimeUs,1787813251360000000,1787813311357000000,0
FlushQueue.queueSize90P,1787813251360000000,1787813311357000000,0
FlushQueue.executionTimeMaxNs,1787813251360000000,1787813311357000000,3506175
AWTEventQueue.dispatchTimeMaxNs,1787813251360000000,1787813311357000000,3604479
NonBlockingReadAction.failedExecutionsCount,1787813251360000000,1787813311357000000,0
AWTEventQueue.eventsDispatched,1787813251360000000,1787813311357000000,6935
AWTEventQueue.dispatchTimeTotalNS,1787813251360000000,1787813311357000000,405137312
AWTEventQueue.dispatchTime90PNs,1787813251360000000,1787813311357000000,136191
NonBlockingReadAction.finalizedExecutionTimeUs,1787813251360000000,1787813311357000000,0
NonBlockingReadAction.finalizedExecutionsCount,1787813251360000000,1787813311357000000,0
FlushQueue.executionTimeAvgNs,1787813251360000000,1787813311357000000,172360.9180327869
FlushQueue.waitingTimeAvgNs,1787813251360000000,1787813311357000000,190913.04918032786
workspaceModel.collect.changes.ms,1787813251360000000,1787813311357000000,0
workspaceModel.to.snapshot.ms,1787813251360000000,1787813311357000000,8
workspaceModel.init.bridges.ms,1787813251360000000,1787813311357000000,1
workspaceModel.replace.project.model.ms,1787813251360000000,1787813311357000000,0
workspaceModel.updates.ms,1787813251360000000,1787813311357000000,366
workspaceModel.updates.precise.ms,1787813251360000000,1787813311357000000,272
workspaceModel.loading.from.cache.ms,1787813251360000000,1787813311357000000,304
workspaceModel.pre.handlers.ms,1787813251360000000,1787813311357000000,2
workspaceModel.loading.total.ms,1787813251360000000,1787813311357000000,326
workspaceModel.updates.count,1787813251360000000,1787813311357000000,5
workspaceModel.initializing.ms,1787813251360000000,1787813311357000000,1
workspaceModel.update.unloaded.entities.ms,1787813251360000000,1787813311357000000,0
workspaceModel.check.recursive.update.ms,1787813251360000000,1787813311357000000,36
JVM.totalCpuTimeMs,1787813311357000000,1787813371360000000,5147
JVM.GC.collectionTimesMs,1787813311357000000,1787813371360000000,0
JVM.GC.collections,1787813311357000000,1787813371360000000,0
JVM.maxHeapBytes,1787813311357000000,1787813371360000000,2147483648
JVM.usedHeapBytes,1787813311357000000,1787813371360000000,304706112
JVM.maxNativeBytes,1787813311357000000,1787813371360000000,-1
JVM.usedNativeBytes,1787813311357000000,1787813371360000000,369123088
JVM.threadCount,1787813311357000000,1787813371360000000,59
OS.loadAverage,1787813311357000000,1787813371360000000,2.39697265625
IndexesFlusher.totalFlushes,1787813311357000000,1787813371360000000,176
IndexesFlusher.totalFlushesRetried,1787813311357000000,1787813371360000000,0
Indexes.allKeys.lookupDurationMaxMs,1787813311357000000,1787813371360000000,0.0
Indexes.allKeys.lookups,1787813311357000000,1787813371360000000,0.0
VFSFlusher.totalContentionQuotaSpent,1787813311357000000,1787813371360000000,0
Indexes.stubs.lookupDurationMaxMs,1787813311357000000,1787813371360000000,0.0
Indexes.stubs.lookupDurationAvgMs,1787813311357000000,1787813371360000000,0.0
VFSFlusher.totalFlushesRetried,1787813311357000000,1787813371360000000,0
IndexesFlusher.totalContentionQuotaSpent,1787813311357000000,1787813371360000000,0
Indexes.stubs.lookups,1787813311357000000,1787813371360000000,0.0
Indexes.entries.lookups,1787813311357000000,1787813371360000000,0.0
VFSFlusher.totalFlushes,1787813311357000000,1787813371360000000,0
Indexes.allKeys.lookupDurationAvgMs,1787813311357000000,1787813371360000000,0.0
IndexesFlusher.totalFlushingTimeUs,1787813311357000000,1787813371360000000,656561
Indexes.entries.lookupDurationAvgMs,1787813311357000000,1787813371360000000,0.0
VFSFlusher.totalFlushingTimeUs,1787813311357000000,1787813371360000000,0
Indexes.allKeys.lookupDuration90PMs,1787813311357000000,1787813371360000000,0.0
Indexes.stubs.lookupDuration90PMs,1787813311357000000,1787813371360000000,0.0
Indexes.entries.lookupDurationMaxMs,1787813311357000000,1787813371360000000,0.0
Indexes.entries.lookupDuration90PMs,1787813311357000000,1787813371360000000,0.0
workspaceModel.mutableEntityStorage.entities.by.source.ms,1787813311357000000,1787813371360000000,5
workspaceModel.save.cache.to.file.ms,1787813311357000000,1787813371360000000,1983
jps.global.handle.changed.events.ms,1787813311357000000,1787813371360000000,0
jps.project.serializers.load.ms,1787813311357000000,1787813371360000000,331
jps.module.iml.entities.serializer.save.entities.ms,1787813311357000000,1787813371360000000,0
workspaceModel.moduleManagerBridge.newModule.ms,1787813311357000000,1787813371360000000,0
workspaceModel.global.apply.state.to.project.builder.ms,1787813311357000000,1787813371360000000,0
workspaceModel.orphan.listener.update.ms,1787813311357000000,1787813371360000000,14
workspaceModel.moduleManagerBridge.new.nonPersistent.module.ms,1787813311357000000,1787813371360000000,0
jps.storage.jps.conf.reader.load.component.ms,1787813311357000000,1787813371360000000,306
jps.global.get.library.by.name.ms,1787813311357000000,1787813371360000000,0
jps.global.handle.before.change.events.ms,1787813311357000000,1787813371360000000,0
jps.load.project.to.empty.storage.ms,1787813311357000000,1787813371360000000,394
workspaceModel.moduleManagerBridge.get.modules.ms,1787813311357000000,1787813371360000000,7
jps.app.storage.content.reader.load.component.ms,1787813311357000000,1787813371360000000,0
workspaceModel.mutableEntityStorage.resolve.ms,1787813311357000000,1787813371360000000,6
jps.apply.loaded.storage.ms,1787813311357000000,1787813371360000000,1235
workspaceModel.mutableEntityStorage.replace.by.source.ms,1787813311357000000,1787813371360000000,219
workspaceModel.mutableEntityStorage.modify.entity.ms,1787813311357000000,1787813371360000000,140
workspaceModel.mutableEntityStorage.add.entity.ms,1787813311357000000,1787813371360000000,424
workspaceModel.mutableEntityStorage.referrers.ms,1787813311357000000,1787813371360000000,0
workspaceModel.mutableEntityStorage.entities.ms,1787813311357000000,1787813371360000000,8
workspaceModel.mutableEntityStorage.mutable.ext.mapping.ms,1787813311357000000,1787813371360000000,24
jps.library.entities.serializer.load.entities.ms,1787813311357000000,1787813371360000000,245
workspaceModel.moduleBridge.before.changed.ms,1787813311357000000,1787813371360000000,0
jps.save.changed.project.entities.ms,1787813311357000000,1787813371360000000,1
jps.module.iml.entities.serializer.load.entities.ms,1787813311357000000,1787813371360000000,246
workspaceModel.mutableEntityStorage.to.snapshot.ms,1787813311357000000,1787813371360000000,9
workspaceModel.mutableEntityStorage.mutable.vfurl.index.ms,1787813311357000000,1787813371360000000,0
jps.save.global.entities.ms,1787813311357000000,1787813371360000000,15
workspaceModel.sync.entities.ms,1787813311357000000,1787813371360000000,0
jps.global.get.libraries.ms,1787813311357000000,1787813371360000000,2
workspaceModel.moduleManagerBridge.create.module.instance.ms,1787813311357000000,1787813371360000000,0
workspaceModel.moduleManagerBridge.build.module.graph.ms,1787813311357000000,1787813371360000000,1
workspaceModel.moduleBridge.update.option.ms,1787813311357000000,1787813371360000000,0
jps.project.serializers.save.ms,1787813311357000000,1787813371360000000,1
workspaceModel.moduleManagerBridge.set.unloadedModules.ms,1787813311357000000,1787813371360000000,0
workspaceModel.mutableEntityStorage.has.same.entities.ms,1787813311357000000,1787813371360000000,0
jps.reload.project.entities.ms,1787813311357000000,1787813371360000000,0
workspaceModel.global.apply.state.to.project.ms,1787813311357000000,1787813371360000000,43
workspaceModel.moduleManagerBridge.load.all.modules.ms,1787813311357000000,1787813371360000000,377
jps.artifact.entities.serializer.load.entities.ms,1787813311357000000,1787813371360000000,0
workspaceModel.mutableEntityStorage.collect.changes.ms,1787813311357000000,1787813371360000000,0
jps.app.storage.content.writer.save.component.ms,1787813311357000000,1787813371360000000,0
workspaceModel.load.cache.from.file.ms,1787813311357000000,1787813371360000000,295
jps.artifact.entities.serializer.save.entities.ms,1787813311357000000,1787813371360000000,0
jps.load.initial.state.ms,1787813311357000000,1787813371360000000,13
workspaceModel.global.updates.ms,1787813311357000000,1787813371360000000,0
workspaceModel.moduleBridge.facet.initialization.ms,1787813311357000000,1787813371360000000,1
jps.global.initialize.library.bridges.ms,1787813311357000000,1787813371360000000,0
workspaceModel.moduleBridgeLoader.loading.modules.ms,1787813311357000000,1787813371360000000,1349
workspaceModel.delayed.project.synchronizer.sync.ms,1787813311357000000,1787813371360000000,1674
jps.facet.change.listener.init.bridge.ms,1787813311357000000,1787813371360000000,0
workspaceModel.mutableEntityStorage.put.entity.ms,1787813311357000000,1787813371360000000,152
workspaceModel.global.updates.count,1787813311357000000,1787813371360000000,0
workspaceModel.mutableEntityStorage.add.diff.ms,1787813311357000000,1787813371360000000,54
jps.global.get.library.ms,1787813311357000000,1787813371360000000,0
workspaceModel.moduleManagerBridge.load.module.ms,1787813311357000000,1787813371360000000,0
jps.facet.change.listener.process.change.events.ms,1787813311357000000,1787813371360000000,1
jps.facet.change.listener.before.change.events.ms,1787813311357000000,1787813371360000000,0
jps.library.entities.serializer.save.entities.ms,1787813311357000000,1787813371360000000,0
jps.global.initialize.library.bridges.after.loading.ms,1787813311357000000,1787813371360000000,0
workspaceModel.mutableEntityStorage.remove.entity.ms,1787813311357000000,1787813371360000000,0
FilePageCache.totalPageDisposalsUs,1787813311357000000,1787813371360000000,0
FilePageCache.pageLoadsAboveSizeThreshold,1787813311357000000,1787813371360000000,0
FilePageCache.pageLoads,1787813311357000000,1787813371360000000,0
DirectByteBufferAllocator.reclaimed,1787813311357000000,1787813371360000000,0
DirectByteBufferAllocator.hits,1787813311357000000,1787813371360000000,0
FilePageCache.totalPageLoadsUs,1787813311357000000,1787813371360000000,0
DirectByteBufferAllocator.misses,1787813311357000000,1787813371360000000,0
StorageLockContext.competingThreads.max,1787813311357000000,1787813371360000000,0
FilePageCache.capacityInBytes,1787813311357000000,1787813371360000000,524288000
FilePageCache.pageFastCacheHits,1787813311357000000,1787813371360000000,0
FilePageCache.maxCacheSizeInBytes,1787813311357000000,1787813371360000000,266485760
FilePageCache.pageHits,1787813311357000000,1787813371360000000,0
StreamlinedBlobStorage.totalLiveRecordsCapacityBytes,1787813311357000000,1787813371360000000,0
DirectByteBufferAllocator.totalSizeOfBuffersAllocatedInBytes,1787813311357000000,1787813371360000000,266485760
StreamlinedBlobStorage.recordsRelocated,1787813311357000000,1787813371360000000,0
FilePageCache.uncachedFileAccess,1787813311357000000,1787813371360000000,0
FilePageCache.maxRegisteredFiles,1787813311357000000,1787813371360000000,617
DirectByteBufferAllocator.disposed,1787813311357000000,1787813371360000000,0
StorageLockContext.competingThreads.90P,1787813311357000000,1787813371360000000,0
StreamlinedBlobStorage.recordsDeleted,1787813311357000000,1787813371360000000,0
StreamlinedBlobStorage.totalLiveRecordsPayloadBytes,1787813311357000000,1787813371360000000,0
StreamlinedBlobStorage.recordsAllocated,1787813311357000000,1787813371360000000,0
StorageLockContext.competingThreads.avg,1787813311357000000,1787813371360000000,0.0
FilePageCache.disposedBuffers,1787813311357000000,1787813371360000000,0
DirectByteBufferAllocator.totalSizeOfBuffersCachedInBytes,1787813311357000000,1787813371360000000,0
FileNameCache.queries,1787813311357000000,1787813371360000000,33
FileNameCache.totalMisses,1787813311357000000,1787813371360000000,0
FileNameCache.fastMisses,1787813311357000000,1787813371360000000,3
FlushQueue.waitingTime90PNs,1787813311357000000,1787813371360000000,337919
FlushQueue.executionTime90PNs,1787813311357000000,1787813371360000000,278527
FlushQueue.queueSizeAvg,1787813311357000000,1787813371360000000,0.0
FlushQueue.tasksExecuted,1787813311357000000,1787813371360000000,121
AWTEventQueue.dispatchTimeAvgNs,1787813311357000000,1787813371360000000,56597.266145380825
FlushQueue.queueSizeMax,1787813311357000000,1787813371360000000,0
FlushQueue.waitingTimeMaxNs,1787813311357000000,1787813371360000000,2310143
NonBlockingReadAction.failedExecutionTimeUs,1787813311357000000,1787813371360000000,0
FlushQueue.queueSize90P,1787813311357000000,1787813371360000000,0
FlushQueue.executionTimeMaxNs,1787813311357000000,1787813371360000000,2023423
AWTEventQueue.dispatchTimeMaxNs,1787813311357000000,1787813371360000000,5242879
NonBlockingReadAction.failedExecutionsCount,1787813311357000000,1787813371360000000,0
AWTEventQueue.eventsDispatched,1787813311357000000,1787813371360000000,6906
AWTEventQueue.dispatchTimeTotalNS,1787813311357000000,1787813371360000000,390826915
AWTEventQueue.dispatchTime90PNs,1787813311357000000,1787813371360000000,124927
NonBlockingReadAction.finalizedExecutionTimeUs,1787813311357000000,1787813371360000000,0
NonBlockingReadAction.finalizedExecutionsCount,1787813311357000000,1787813371360000000,0
FlushQueue.executionTimeAvgNs,1787813311357000000,1787813371360000000,154874.71074380164
FlushQueue.waitingTimeAvgNs,1787813311357000000,1787813371360000000,207266.38016528924
workspaceModel.collect.changes.ms,1787813311357000000,1787813371360000000,0
workspaceModel.to.snapshot.ms,1787813311357000000,1787813371360000000,8
workspaceModel.init.bridges.ms,1787813311357000000,1787813371360000000,1
workspaceModel.replace.project.model.ms,1787813311357000000,1787813371360000000,0
workspaceModel.updates.ms,1787813311357000000,1787813371360000000,366
workspaceModel.updates.precise.ms,1787813311357000000,1787813371360000000,272
workspaceModel.loading.from.cache.ms,1787813311357000000,1787813371360000000,304
workspaceModel.pre.handlers.ms,1787813311357000000,1787813371360000000,2
workspaceModel.loading.total.ms,1787813311357000000,1787813371360000000,326
workspaceModel.updates.count,1787813311357000000,1787813371360000000,5
workspaceModel.initializing.ms,1787813311357000000,1787813371360000000,1
workspaceModel.update.unloaded.entities.ms,1787813311357000000,1787813371360000000,0
workspaceModel.check.recursive.update.ms,1787813311357000000,1787813371360000000,36
JVM.totalCpuTimeMs,1787813371360000000,1787813431360000000,3346
JVM.GC.collectionTimesMs,1787813371360000000,1787813431360000000,49
JVM.GC.collections,1787813371360000000,1787813431360000000,1
JVM.maxHeapBytes,1787813371360000000,1787813431360000000,2147483648
JVM.usedHeapBytes,1787813371360000000,1787813431360000000,253585216
JVM.maxNativeBytes,1787813371360000000,1787813431360000000,-1
JVM.usedNativeBytes,1787813371360000000,1787813431360000000,369613912
JVM.threadCount,1787813371360000000,1787813431360000000,52
OS.loadAverage,1787813371360000000,1787813431360000000,6.859375
IndexesFlusher.totalFlushes,1787813371360000000,1787813431360000000,175
IndexesFlusher.totalFlushesRetried,1787813371360000000,1787813431360000000,0
Indexes.allKeys.lookupDurationMaxMs,1787813371360000000,1787813431360000000,0.0
Indexes.allKeys.lookups,1787813371360000000,1787813431360000000,0.0
VFSFlusher.totalContentionQuotaSpent,1787813371360000000,1787813431360000000,0
Indexes.stubs.lookupDurationMaxMs,1787813371360000000,1787813431360000000,0.0
Indexes.stubs.lookupDurationAvgMs,1787813371360000000,1787813431360000000,0.0
VFSFlusher.totalFlushesRetried,1787813371360000000,1787813431360000000,0
IndexesFlusher.totalContentionQuotaSpent,1787813371360000000,1787813431360000000,0
Indexes.stubs.lookups,1787813371360000000,1787813431360000000,0.0
Indexes.entries.lookups,1787813371360000000,1787813431360000000,0.0
VFSFlusher.totalFlushes,1787813371360000000,1787813431360000000,0
Indexes.allKeys.lookupDurationAvgMs,1787813371360000000,1787813431360000000,0.0
IndexesFlusher.totalFlushingTimeUs,1787813371360000000,1787813431360000000,680225
Indexes.entries.lookupDurationAvgMs,1787813371360000000,1787813431360000000,0.0
VFSFlusher.totalFlushingTimeUs,1787813371360000000,1787813431360000000,0
Indexes.allKeys.lookupDuration90PMs,1787813371360000000,1787813431360000000,0.0
Indexes.stubs.lookupDuration90PMs,1787813371360000000,1787813431360000000,0.0
Indexes.entries.lookupDurationMaxMs,1787813371360000000,1787813431360000000,0.0
Indexes.entries.lookupDuration90PMs,1787813371360000000,1787813431360000000,0.0
workspaceModel.mutableEntityStorage.entities.by.source.ms,1787813371360000000,1787813431360000000,5
workspaceModel.save.cache.to.file.ms,1787813371360000000,1787813431360000000,1983
jps.global.handle.changed.events.ms,1787813371360000000,1787813431360000000,0
jps.project.serializers.load.ms,1787813371360000000,1787813431360000000,331
jps.module.iml.entities.serializer.save.entities.ms,1787813371360000000,1787813431360000000,0
workspaceModel.moduleManagerBridge.newModule.ms,1787813371360000000,1787813431360000000,0
workspaceModel.global.apply.state.to.project.builder.ms,1787813371360000000,1787813431360000000,0
workspaceModel.orphan.listener.update.ms,1787813371360000000,1787813431360000000,14
workspaceModel.moduleManagerBridge.new.nonPersistent.module.ms,1787813371360000000,1787813431360000000,0
jps.storage.jps.conf.reader.load.component.ms,1787813371360000000,1787813431360000000,306
jps.global.get.library.by.name.ms,1787813371360000000,1787813431360000000,0
jps.global.handle.before.change.events.ms,1787813371360000000,1787813431360000000,0
jps.load.project.to.empty.storage.ms,1787813371360000000,1787813431360000000,394
workspaceModel.moduleManagerBridge.get.modules.ms,1787813371360000000,1787813431360000000,7
jps.app.storage.content.reader.load.component.ms,1787813371360000000,1787813431360000000,0
workspaceModel.mutableEntityStorage.resolve.ms,1787813371360000000,1787813431360000000,6
jps.apply.loaded.storage.ms,1787813371360000000,1787813431360000000,1235
workspaceModel.mutableEntityStorage.replace.by.source.ms,1787813371360000000,1787813431360000000,219
workspaceModel.mutableEntityStorage.modify.entity.ms,1787813371360000000,1787813431360000000,140
workspaceModel.mutableEntityStorage.add.entity.ms,1787813371360000000,1787813431360000000,424
workspaceModel.mutableEntityStorage.referrers.ms,1787813371360000000,1787813431360000000,0
workspaceModel.mutableEntityStorage.entities.ms,1787813371360000000,1787813431360000000,8
workspaceModel.mutableEntityStorage.mutable.ext.mapping.ms,1787813371360000000,1787813431360000000,24
jps.library.entities.serializer.load.entities.ms,1787813371360000000,1787813431360000000,245
workspaceModel.moduleBridge.before.changed.ms,1787813371360000000,1787813431360000000,0
jps.save.changed.project.entities.ms,1787813371360000000,1787813431360000000,1
jps.module.iml.entities.serializer.load.entities.ms,1787813371360000000,1787813431360000000,246
workspaceModel.mutableEntityStorage.to.snapshot.ms,1787813371360000000,1787813431360000000,9
workspaceModel.mutableEntityStorage.mutable.vfurl.index.ms,1787813371360000000,1787813431360000000,0
jps.save.global.entities.ms,1787813371360000000,1787813431360000000,15
workspaceModel.sync.entities.ms,1787813371360000000,1787813431360000000,0
jps.global.get.libraries.ms,1787813371360000000,1787813431360000000,2
workspaceModel.moduleManagerBridge.create.module.instance.ms,1787813371360000000,1787813431360000000,0
workspaceModel.moduleManagerBridge.build.module.graph.ms,1787813371360000000,1787813431360000000,1
workspaceModel.moduleBridge.update.option.ms,1787813371360000000,1787813431360000000,0
jps.project.serializers.save.ms,1787813371360000000,1787813431360000000,1
workspaceModel.moduleManagerBridge.set.unloadedModules.ms,1787813371360000000,1787813431360000000,0
workspaceModel.mutableEntityStorage.has.same.entities.ms,1787813371360000000,1787813431360000000,0
jps.reload.project.entities.ms,1787813371360000000,1787813431360000000,0
workspaceModel.global.apply.state.to.project.ms,1787813371360000000,1787813431360000000,43
workspaceModel.moduleManagerBridge.load.all.modules.ms,1787813371360000000,1787813431360000000,377
jps.artifact.entities.serializer.load.entities.ms,1787813371360000000,1787813431360000000,0
workspaceModel.mutableEntityStorage.collect.changes.ms,1787813371360000000,1787813431360000000,0
jps.app.storage.content.writer.save.component.ms,1787813371360000000,1787813431360000000,0
workspaceModel.load.cache.from.file.ms,1787813371360000000,1787813431360000000,295
jps.artifact.entities.serializer.save.entities.ms,1787813371360000000,1787813431360000000,0
jps.load.initial.state.ms,1787813371360000000,1787813431360000000,13
workspaceModel.global.updates.ms,1787813371360000000,1787813431360000000,0
workspaceModel.moduleBridge.facet.initialization.ms,1787813371360000000,1787813431360000000,1
jps.global.initialize.library.bridges.ms,1787813371360000000,1787813431360000000,0
workspaceModel.moduleBridgeLoader.loading.modules.ms,1787813371360000000,1787813431360000000,1349
workspaceModel.delayed.project.synchronizer.sync.ms,1787813371360000000,1787813431360000000,1674
jps.facet.change.listener.init.bridge.ms,1787813371360000000,1787813431360000000,0
workspaceModel.mutableEntityStorage.put.entity.ms,1787813371360000000,1787813431360000000,152
workspaceModel.global.updates.count,1787813371360000000,1787813431360000000,0
workspaceModel.mutableEntityStorage.add.diff.ms,1787813371360000000,1787813431360000000,54
jps.global.get.library.ms,1787813371360000000,1787813431360000000,0
workspaceModel.moduleManagerBridge.load.module.ms,1787813371360000000,1787813431360000000,0
jps.facet.change.listener.process.change.events.ms,1787813371360000000,1787813431360000000,1
jps.facet.change.listener.before.change.events.ms,1787813371360000000,1787813431360000000,0
jps.library.entities.serializer.save.entities.ms,1787813371360000000,1787813431360000000,0
jps.global.initialize.library.bridges.after.loading.ms,1787813371360000000,1787813431360000000,0
workspaceModel.mutableEntityStorage.remove.entity.ms,1787813371360000000,1787813431360000000,0
FilePageCache.totalPageDisposalsUs,1787813371360000000,1787813431360000000,0
FilePageCache.pageLoadsAboveSizeThreshold,1787813371360000000,1787813431360000000,0
FilePageCache.pageLoads,1787813371360000000,1787813431360000000,0
DirectByteBufferAllocator.reclaimed,1787813371360000000,1787813431360000000,0
DirectByteBufferAllocator.hits,1787813371360000000,1787813431360000000,0
FilePageCache.totalPageLoadsUs,1787813371360000000,1787813431360000000,0
DirectByteBufferAllocator.misses,1787813371360000000,1787813431360000000,0
StorageLockContext.competingThreads.max,1787813371360000000,1787813431360000000,0
FilePageCache.capacityInBytes,1787813371360000000,1787813431360000000,524288000
FilePageCache.pageFastCacheHits,1787813371360000000,1787813431360000000,0
FilePageCache.maxCacheSizeInBytes,1787813371360000000,1787813431360000000,266485760
FilePageCache.pageHits,1787813371360000000,1787813431360000000,0
StreamlinedBlobStorage.totalLiveRecordsCapacityBytes,1787813371360000000,1787813431360000000,0
DirectByteBufferAllocator.totalSizeOfBuffersAllocatedInBytes,1787813371360000000,1787813431360000000,266485760
StreamlinedBlobStorage.recordsRelocated,1787813371360000000,1787813431360000000,0
FilePageCache.uncachedFileAccess,1787813371360000000,1787813431360000000,0
FilePageCache.maxRegisteredFiles,1787813371360000000,1787813431360000000,617
DirectByteBufferAllocator.disposed,1787813371360000000,1787813431360000000,0
StorageLockContext.competingThreads.90P,1787813371360000000,1787813431360000000,0
StreamlinedBlobStorage.recordsDeleted,1787813371360000000,1787813431360000000,0
StreamlinedBlobStorage.totalLiveRecordsPayloadBytes,1787813371360000000,1787813431360000000,0
StreamlinedBlobStorage.recordsAllocated,1787813371360000000,1787813431360000000,0
StorageLockContext.competingThreads.avg,1787813371360000000,1787813431360000000,0.0
FilePageCache.disposedBuffers,1787813371360000000,1787813431360000000,0
DirectByteBufferAllocator.totalSizeOfBuffersCachedInBytes,1787813371360000000,1787813431360000000,0
FileNameCache.queries,1787813371360000000,1787813431360000000,640
FileNameCache.totalMisses,1787813371360000000,1787813431360000000,0
FileNameCache.fastMisses,1787813371360000000,1787813431360000000,9
FlushQueue.waitingTime90PNs,1787813371360000000,1787813431360000000,536575
FlushQueue.executionTime90PNs,1787813371360000000,1787813431360000000,638975
FlushQueue.queueSizeAvg,1787813371360000000,1787813431360000000,0.0
FlushQueue.tasksExecuted,1787813371360000000,1787813431360000000,120
AWTEventQueue.dispatchTimeAvgNs,1787813371360000000,1787813431360000000,51017.41849710983
FlushQueue.queueSizeMax,1787813371360000000,1787813431360000000,0
FlushQueue.waitingTimeMaxNs,1787813371360000000,1787813431360000000,2719743
NonBlockingReadAction.failedExecutionTimeUs,1787813371360000000,1787813431360000000,0
FlushQueue.queueSize90P,1787813371360000000,1787813431360000000,0
FlushQueue.executionTimeMaxNs,1787813371360000000,1787813431360000000,6225919
AWTEventQueue.dispatchTimeMaxNs,1787813371360000000,1787813431360000000,6750207
NonBlockingReadAction.failedExecutionsCount,1787813371360000000,1787813431360000000,0
AWTEventQueue.eventsDispatched,1787813371360000000,1787813431360000000,6920
AWTEventQueue.dispatchTimeTotalNS,1787813371360000000,1787813431360000000,353122418
AWTEventQueue.dispatchTime90PNs,1787813371360000000,1787813431360000000,98303
NonBlockingReadAction.finalizedExecutionTimeUs,1787813371360000000,1787813431360000000,0
NonBlockingReadAction.finalizedExecutionsCount,1787813371360000000,1787813431360000000,0
FlushQueue.executionTimeAvgNs,1787813371360000000,1787813431360000000,287753.06666666665
FlushQueue.waitingTimeAvgNs,1787813371360000000,1787813431360000000,243166.4
workspaceModel.collect.changes.ms,1787813371360000000,1787813431360000000,0
workspaceModel.to.snapshot.ms,1787813371360000000,1787813431360000000,8
workspaceModel.init.bridges.ms,1787813371360000000,1787813431360000000,1
workspaceModel.replace.project.model.ms,1787813371360000000,1787813431360000000,0
workspaceModel.updates.ms,1787813371360000000,1787813431360000000,366
workspaceModel.updates.precise.ms,1787813371360000000,1787813431360000000,272
workspaceModel.loading.from.cache.ms,1787813371360000000,1787813431360000000,304
workspaceModel.pre.handlers.ms,1787813371360000000,1787813431360000000,2
workspaceModel.loading.total.ms,1787813371360000000,1787813431360000000,326
workspaceModel.updates.count,1787813371360000000,1787813431360000000,5
workspaceModel.initializing.ms,1787813371360000000,1787813431360000000,1
workspaceModel.update.unloaded.entities.ms,1787813371360000000,1787813431360000000,0
workspaceModel.check.recursive.update.ms,1787813371360000000,1787813431360000000,36
JVM.totalCpuTimeMs,1787813431360000000,1787813491363000000,7699
JVM.GC.collectionTimesMs,1787813431360000000,1787813491363000000,35
JVM.GC.collections,1787813431360000000,1787813491363000000,1
JVM.maxHeapBytes,1787813431360000000,1787813491363000000,2147483648
JVM.usedHeapBytes,1787813431360000000,1787813491363000000,236241040
JVM.maxNativeBytes,1787813431360000000,1787813491363000000,-1
JVM.usedNativeBytes,1787813431360000000,1787813491363000000,376000848
JVM.threadCount,1787813431360000000,1787813491363000000,58
OS.loadAverage,1787813431360000000,1787813491363000000,3.62841796875
IndexesFlusher.totalFlushes,1787813431360000000,1787813491363000000,176
IndexesFlusher.totalFlushesRetried,1787813431360000000,1787813491363000000,0
Indexes.allKeys.lookupDurationMaxMs,1787813431360000000,1787813491363000000,0.0
Indexes.allKeys.lookups,1787813431360000000,1787813491363000000,0.0
VFSFlusher.totalContentionQuotaSpent,1787813431360000000,1787813491363000000,0
Indexes.stubs.lookupDurationMaxMs,1787813431360000000,1787813491363000000,365.0
Indexes.stubs.lookupDurationAvgMs,1787813431360000000,1787813491363000000,0.9511201629327902
VFSFlusher.totalFlushesRetried,1787813431360000000,1787813491363000000,0
IndexesFlusher.totalContentionQuotaSpent,1787813431360000000,1787813491363000000,0
Indexes.stubs.lookups,1787813431360000000,1787813491363000000,982.0
Indexes.entries.lookups,1787813431360000000,1787813491363000000,1.0
VFSFlusher.totalFlushes,1787813431360000000,1787813491363000000,1
Indexes.allKeys.lookupDurationAvgMs,1787813431360000000,1787813491363000000,0.0
IndexesFlusher.totalFlushingTimeUs,1787813431360000000,1787813491363000000,706205
Indexes.entries.lookupDurationAvgMs,1787813431360000000,1787813491363000000,157.0
VFSFlusher.totalFlushingTimeUs,1787813431360000000,1787813491363000000,3226
Indexes.allKeys.lookupDuration90PMs,1787813431360000000,1787813491363000000,0.0
Indexes.stubs.lookupDuration90PMs,1787813431360000000,1787813491363000000,1.0
Indexes.entries.lookupDurationMaxMs,1787813431360000000,1787813491363000000,157.0
Indexes.entries.lookupDuration90PMs,1787813431360000000,1787813491363000000,157.0
workspaceModel.mutableEntityStorage.entities.by.source.ms,1787813431360000000,1787813491363000000,5
workspaceModel.save.cache.to.file.ms,1787813431360000000,1787813491363000000,1983
jps.global.handle.changed.events.ms,1787813431360000000,1787813491363000000,0
jps.project.serializers.load.ms,1787813431360000000,1787813491363000000,331
jps.module.iml.entities.serializer.save.entities.ms,1787813431360000000,1787813491363000000,0
workspaceModel.moduleManagerBridge.newModule.ms,1787813431360000000,1787813491363000000,0
workspaceModel.global.apply.state.to.project.builder.ms,1787813431360000000,1787813491363000000,0
workspaceModel.orphan.listener.update.ms,1787813431360000000,1787813491363000000,14
workspaceModel.moduleManagerBridge.new.nonPersistent.module.ms,1787813431360000000,1787813491363000000,0
jps.storage.jps.conf.reader.load.component.ms,1787813431360000000,1787813491363000000,306
jps.global.get.library.by.name.ms,1787813431360000000,1787813491363000000,0
jps.global.handle.before.change.events.ms,1787813431360000000,1787813491363000000,0
jps.load.project.to.empty.storage.ms,1787813431360000000,1787813491363000000,394
workspaceModel.moduleManagerBridge.get.modules.ms,1787813431360000000,1787813491363000000,9
jps.app.storage.content.reader.load.component.ms,1787813431360000000,1787813491363000000,0
workspaceModel.mutableEntityStorage.resolve.ms,1787813431360000000,1787813491363000000,6
jps.apply.loaded.storage.ms,1787813431360000000,1787813491363000000,1235
workspaceModel.mutableEntityStorage.replace.by.source.ms,1787813431360000000,1787813491363000000,219
workspaceModel.mutableEntityStorage.modify.entity.ms,1787813431360000000,1787813491363000000,140
workspaceModel.mutableEntityStorage.add.entity.ms,1787813431360000000,1787813491363000000,424
workspaceModel.mutableEntityStorage.referrers.ms,1787813431360000000,1787813491363000000,0
workspaceModel.mutableEntityStorage.entities.ms,1787813431360000000,1787813491363000000,8
workspaceModel.mutableEntityStorage.mutable.ext.mapping.ms,1787813431360000000,1787813491363000000,24
jps.library.entities.serializer.load.entities.ms,1787813431360000000,1787813491363000000,245
workspaceModel.moduleBridge.before.changed.ms,1787813431360000000,1787813491363000000,0
jps.save.changed.project.entities.ms,1787813431360000000,1787813491363000000,1
jps.module.iml.entities.serializer.load.entities.ms,1787813431360000000,1787813491363000000,246
workspaceModel.mutableEntityStorage.to.snapshot.ms,1787813431360000000,1787813491363000000,9
workspaceModel.mutableEntityStorage.mutable.vfurl.index.ms,1787813431360000000,1787813491363000000,0
jps.save.global.entities.ms,1787813431360000000,1787813491363000000,15
workspaceModel.sync.entities.ms,1787813431360000000,1787813491363000000,0
jps.global.get.libraries.ms,1787813431360000000,1787813491363000000,7
workspaceModel.moduleManagerBridge.create.module.instance.ms,1787813431360000000,1787813491363000000,0
workspaceModel.moduleManagerBridge.build.module.graph.ms,1787813431360000000,1787813491363000000,12
workspaceModel.moduleBridge.update.option.ms,1787813431360000000,1787813491363000000,0
jps.project.serializers.save.ms,1787813431360000000,1787813491363000000,1
workspaceModel.moduleManagerBridge.set.unloadedModules.ms,1787813431360000000,1787813491363000000,0
workspaceModel.mutableEntityStorage.has.same.entities.ms,1787813431360000000,1787813491363000000,0
jps.reload.project.entities.ms,1787813431360000000,1787813491363000000,0
workspaceModel.global.apply.state.to.project.ms,1787813431360000000,1787813491363000000,43
workspaceModel.moduleManagerBridge.load.all.modules.ms,1787813431360000000,1787813491363000000,377
jps.artifact.entities.serializer.load.entities.ms,1787813431360000000,1787813491363000000,0
workspaceModel.mutableEntityStorage.collect.changes.ms,1787813431360000000,1787813491363000000,0
jps.app.storage.content.writer.save.component.ms,1787813431360000000,1787813491363000000,0
workspaceModel.load.cache.from.file.ms,1787813431360000000,1787813491363000000,295
jps.artifact.entities.serializer.save.entities.ms,1787813431360000000,1787813491363000000,0
jps.load.initial.state.ms,1787813431360000000,1787813491363000000,13
workspaceModel.global.updates.ms,1787813431360000000,1787813491363000000,0
workspaceModel.moduleBridge.facet.initialization.ms,1787813431360000000,1787813491363000000,1
jps.global.initialize.library.bridges.ms,1787813431360000000,1787813491363000000,0
workspaceModel.moduleBridgeLoader.loading.modules.ms,1787813431360000000,1787813491363000000,1349
workspaceModel.delayed.project.synchronizer.sync.ms,1787813431360000000,1787813491363000000,1674
jps.facet.change.listener.init.bridge.ms,1787813431360000000,1787813491363000000,0
workspaceModel.mutableEntityStorage.put.entity.ms,1787813431360000000,1787813491363000000,152
workspaceModel.global.updates.count,1787813431360000000,1787813491363000000,0
workspaceModel.mutableEntityStorage.add.diff.ms,1787813431360000000,1787813491363000000,54
jps.global.get.library.ms,1787813431360000000,1787813491363000000,0
workspaceModel.moduleManagerBridge.load.module.ms,1787813431360000000,1787813491363000000,0
jps.facet.change.listener.process.change.events.ms,1787813431360000000,1787813491363000000,1
jps.facet.change.listener.before.change.events.ms,1787813431360000000,1787813491363000000,0
jps.library.entities.serializer.save.entities.ms,1787813431360000000,1787813491363000000,0
jps.global.initialize.library.bridges.after.loading.ms,1787813431360000000,1787813491363000000,0
workspaceModel.mutableEntityStorage.remove.entity.ms,1787813431360000000,1787813491363000000,0
FilePageCache.totalPageDisposalsUs,1787813431360000000,1787813491363000000,152
FilePageCache.pageLoadsAboveSizeThreshold,1787813431360000000,1787813491363000000,0
FilePageCache.pageLoads,1787813431360000000,1787813491363000000,1
DirectByteBufferAllocator.reclaimed,1787813431360000000,1787813491363000000,0
DirectByteBufferAllocator.hits,1787813431360000000,1787813491363000000,0
FilePageCache.totalPageLoadsUs,1787813431360000000,1787813491363000000,5504
DirectByteBufferAllocator.misses,1787813431360000000,1787813491363000000,1
StorageLockContext.competingThreads.max,1787813431360000000,1787813491363000000,0
FilePageCache.capacityInBytes,1787813431360000000,1787813491363000000,524288000
FilePageCache.pageFastCacheHits,1787813431360000000,1787813491363000000,56
FilePageCache.maxCacheSizeInBytes,1787813431360000000,1787813491363000000,267534336
FilePageCache.pageHits,1787813431360000000,1787813491363000000,0
StreamlinedBlobStorage.totalLiveRecordsCapacityBytes,1787813431360000000,1787813491363000000,0
DirectByteBufferAllocator.totalSizeOfBuffersAllocatedInBytes,1787813431360000000,1787813491363000000,267534336
StreamlinedBlobStorage.recordsRelocated,1787813431360000000,1787813491363000000,0
FilePageCache.uncachedFileAccess,1787813431360000000,1787813491363000000,1
FilePageCache.maxRegisteredFiles,1787813431360000000,1787813491363000000,617
DirectByteBufferAllocator.disposed,1787813431360000000,1787813491363000000,0
StorageLockContext.competingThreads.90P,1787813431360000000,1787813491363000000,0
StreamlinedBlobStorage.recordsDeleted,1787813431360000000,1787813491363000000,0
StreamlinedBlobStorage.totalLiveRecordsPayloadBytes,1787813431360000000,1787813491363000000,0
StreamlinedBlobStorage.recordsAllocated,1787813431360000000,1787813491363000000,0
StorageLockContext.competingThreads.avg,1787813431360000000,1787813491363000000,0.0
FilePageCache.disposedBuffers,1787813431360000000,1787813491363000000,0
DirectByteBufferAllocator.totalSizeOfBuffersCachedInBytes,1787813431360000000,1787813491363000000,0
FileNameCache.queries,1787813431360000000,1787813491363000000,13973
FileNameCache.totalMisses,1787813431360000000,1787813491363000000,12
FileNameCache.fastMisses,1787813431360000000,1787813491363000000,1165
FlushQueue.waitingTime90PNs,1787813431360000000,1787813491363000000,317439
FlushQueue.executionTime90PNs,1787813431360000000,1787813491363000000,321535
FlushQueue.queueSizeAvg,1787813431360000000,1787813491363000000,0.0
FlushQueue.tasksExecuted,1787813431360000000,1787813491363000000,119
AWTEventQueue.dispatchTimeAvgNs,1787813431360000000,1787813491363000000,70318.39024390244
FlushQueue.queueSizeMax,1787813431360000000,1787813491363000000,0
FlushQueue.waitingTimeMaxNs,1787813431360000000,1787813491363000000,5767167
NonBlockingReadAction.failedExecutionTimeUs,1787813431360000000,1787813491363000000,0
FlushQueue.queueSize90P,1787813431360000000,1787813491363000000,0
FlushQueue.executionTimeMaxNs,1787813431360000000,1787813491363000000,6389759
AWTEventQueue.dispatchTimeMaxNs,1787813431360000000,1787813491363000000,29097983
NonBlockingReadAction.failedExecutionsCount,1787813431360000000,1787813491363000000,0
AWTEventQueue.eventsDispatched,1787813431360000000,1787813491363000000,6888
AWTEventQueue.dispatchTimeTotalNS,1787813431360000000,1787813491363000000,484584066
AWTEventQueue.dispatchTime90PNs,1787813431360000000,1787813491363000000,115199
NonBlockingReadAction.finalizedExecutionTimeUs,1787813431360000000,1787813491363000000,3713491
NonBlockingReadAction.finalizedExecutionsCount,1787813431360000000,1787813491363000000,257
FlushQueue.executionTimeAvgNs,1787813431360000000,1787813491363000000,280880.9411764706
FlushQueue.waitingTimeAvgNs,1787813431360000000,1787813491363000000,254331.69747899158
workspaceModel.collect.changes.ms,1787813431360000000,1787813491363000000,0
workspaceModel.to.snapshot.ms,1787813431360000000,1787813491363000000,8
workspaceModel.init.bridges.ms,1787813431360000000,1787813491363000000,1
workspaceModel.replace.project.model.ms,1787813431360000000,1787813491363000000,0
workspaceModel.updates.ms,1787813431360000000,1787813491363000000,366
workspaceModel.updates.precise.ms,1787813431360000000,1787813491363000000,272
workspaceModel.loading.from.cache.ms,1787813431360000000,1787813491363000000,304
workspaceModel.pre.handlers.ms,1787813431360000000,1787813491363000000,2
workspaceModel.loading.total.ms,1787813431360000000,1787813491363000000,326
workspaceModel.updates.count,1787813431360000000,1787813491363000000,5
workspaceModel.initializing.ms,1787813431360000000,1787813491363000000,1
workspaceModel.update.unloaded.entities.ms,1787813431360000000,1787813491363000000,0
workspaceModel.check.recursive.update.ms,1787813431360000000,1787813491363000000,36
JVM.totalCpuTimeMs,1787813491363000000,1787813551358000000,4762
JVM.GC.collectionTimesMs,1787813491363000000,1787813551358000000,0
JVM.GC.collections,1787813491363000000,1787813551358000000,0
JVM.maxHeapBytes,1787813491363000000,1787813551358000000,2147483648
JVM.usedHeapBytes,1787813491363000000,1787813551358000000,309641360
JVM.maxNativeBytes,1787813491363000000,1787813551358000000,-1
JVM.usedNativeBytes,1787813491363000000,1787813551358000000,377058744
JVM.threadCount,1787813491363000000,1787813551358000000,60
OS.loadAverage,1787813491363000000,1787813551358000000,6.7880859375
IndexesFlusher.totalFlushes,1787813491363000000,1787813551358000000,175
IndexesFlusher.totalFlushesRetried,1787813491363000000,1787813551358000000,0
Indexes.allKeys.lookupDurationMaxMs,1787813491363000000,1787813551358000000,0.0
Indexes.allKeys.lookups,1787813491363000000,1787813551358000000,0.0
VFSFlusher.totalContentionQuotaSpent,1787813491363000000,1787813551358000000,0
Indexes.stubs.lookupDurationMaxMs,1787813491363000000,1787813551358000000,0.0
Indexes.stubs.lookupDurationAvgMs,1787813491363000000,1787813551358000000,0.0
VFSFlusher.totalFlushesRetried,1787813491363000000,1787813551358000000,0
IndexesFlusher.totalContentionQuotaSpent,1787813491363000000,1787813551358000000,0
Indexes.stubs.lookups,1787813491363000000,1787813551358000000,0.0
Indexes.entries.lookups,1787813491363000000,1787813551358000000,0.0
VFSFlusher.totalFlushes,1787813491363000000,1787813551358000000,0
Indexes.allKeys.lookupDurationAvgMs,1787813491363000000,1787813551358000000,0.0
IndexesFlusher.totalFlushingTimeUs,1787813491363000000,1787813551358000000,650019
Indexes.entries.lookupDurationAvgMs,1787813491363000000,1787813551358000000,0.0
VFSFlusher.totalFlushingTimeUs,1787813491363000000,1787813551358000000,0
Indexes.allKeys.lookupDuration90PMs,1787813491363000000,1787813551358000000,0.0
Indexes.stubs.lookupDuration90PMs,1787813491363000000,1787813551358000000,0.0
Indexes.entries.lookupDurationMaxMs,1787813491363000000,1787813551358000000,0.0
Indexes.entries.lookupDuration90PMs,1787813491363000000,1787813551358000000,0.0
workspaceModel.mutableEntityStorage.entities.by.source.ms,1787813491363000000,1787813551358000000,5
workspaceModel.save.cache.to.file.ms,1787813491363000000,1787813551358000000,1983
jps.global.handle.changed.events.ms,1787813491363000000,1787813551358000000,0
jps.project.serializers.load.ms,1787813491363000000,1787813551358000000,331
jps.module.iml.entities.serializer.save.entities.ms,1787813491363000000,1787813551358000000,0
workspaceModel.moduleManagerBridge.newModule.ms,1787813491363000000,1787813551358000000,0
workspaceModel.global.apply.state.to.project.builder.ms,1787813491363000000,1787813551358000000,0
workspaceModel.orphan.listener.update.ms,1787813491363000000,1787813551358000000,14
workspaceModel.moduleManagerBridge.new.nonPersistent.module.ms,1787813491363000000,1787813551358000000,0
jps.storage.jps.conf.reader.load.component.ms,1787813491363000000,1787813551358000000,306
jps.global.get.library.by.name.ms,1787813491363000000,1787813551358000000,0
jps.global.handle.before.change.events.ms,1787813491363000000,1787813551358000000,0
jps.load.project.to.empty.storage.ms,1787813491363000000,1787813551358000000,394
workspaceModel.moduleManagerBridge.get.modules.ms,1787813491363000000,1787813551358000000,9
jps.app.storage.content.reader.load.component.ms,1787813491363000000,1787813551358000000,0
workspaceModel.mutableEntityStorage.resolve.ms,1787813491363000000,1787813551358000000,6
jps.apply.loaded.storage.ms,1787813491363000000,1787813551358000000,1235
workspaceModel.mutableEntityStorage.replace.by.source.ms,1787813491363000000,1787813551358000000,219
workspaceModel.mutableEntityStorage.modify.entity.ms,1787813491363000000,1787813551358000000,140
workspaceModel.mutableEntityStorage.add.entity.ms,1787813491363000000,1787813551358000000,424
workspaceModel.mutableEntityStorage.referrers.ms,1787813491363000000,1787813551358000000,0
workspaceModel.mutableEntityStorage.entities.ms,1787813491363000000,1787813551358000000,8
workspaceModel.mutableEntityStorage.mutable.ext.mapping.ms,1787813491363000000,1787813551358000000,24
jps.library.entities.serializer.load.entities.ms,1787813491363000000,1787813551358000000,245
workspaceModel.moduleBridge.before.changed.ms,1787813491363000000,1787813551358000000,0
jps.save.changed.project.entities.ms,1787813491363000000,1787813551358000000,1
jps.module.iml.entities.serializer.load.entities.ms,1787813491363000000,1787813551358000000,246
workspaceModel.mutableEntityStorage.to.snapshot.ms,1787813491363000000,1787813551358000000,9
workspaceModel.mutableEntityStorage.mutable.vfurl.index.ms,1787813491363000000,1787813551358000000,0
jps.save.global.entities.ms,1787813491363000000,1787813551358000000,15
workspaceModel.sync.entities.ms,1787813491363000000,1787813551358000000,0
jps.global.get.libraries.ms,1787813491363000000,1787813551358000000,7
workspaceModel.moduleManagerBridge.create.module.instance.ms,1787813491363000000,1787813551358000000,0
workspaceModel.moduleManagerBridge.build.module.graph.ms,1787813491363000000,1787813551358000000,12
workspaceModel.moduleBridge.update.option.ms,1787813491363000000,1787813551358000000,0
jps.project.serializers.save.ms,1787813491363000000,1787813551358000000,1
workspaceModel.moduleManagerBridge.set.unloadedModules.ms,1787813491363000000,1787813551358000000,0
workspaceModel.mutableEntityStorage.has.same.entities.ms,1787813491363000000,1787813551358000000,0
jps.reload.project.entities.ms,1787813491363000000,1787813551358000000,0
workspaceModel.global.apply.state.to.project.ms,1787813491363000000,1787813551358000000,43
workspaceModel.moduleManagerBridge.load.all.modules.ms,1787813491363000000,1787813551358000000,377
jps.artifact.entities.serializer.load.entities.ms,1787813491363000000,1787813551358000000,0
workspaceModel.mutableEntityStorage.collect.changes.ms,1787813491363000000,1787813551358000000,0
jps.app.storage.content.writer.save.component.ms,1787813491363000000,1787813551358000000,0
workspaceModel.load.cache.from.file.ms,1787813491363000000,1787813551358000000,295
jps.artifact.entities.serializer.save.entities.ms,1787813491363000000,1787813551358000000,0
jps.load.initial.state.ms,1787813491363000000,1787813551358000000,13
workspaceModel.global.updates.ms,1787813491363000000,1787813551358000000,0
workspaceModel.moduleBridge.facet.initialization.ms,1787813491363000000,1787813551358000000,1
jps.global.initialize.library.bridges.ms,1787813491363000000,1787813551358000000,0
workspaceModel.moduleBridgeLoader.loading.modules.ms,1787813491363000000,1787813551358000000,1349
workspaceModel.delayed.project.synchronizer.sync.ms,1787813491363000000,1787813551358000000,1674
jps.facet.change.listener.init.bridge.ms,1787813491363000000,1787813551358000000,0
workspaceModel.mutableEntityStorage.put.entity.ms,1787813491363000000,1787813551358000000,152
workspaceModel.global.updates.count,1787813491363000000,1787813551358000000,0
workspaceModel.mutableEntityStorage.add.diff.ms,1787813491363000000,1787813551358000000,54
jps.global.get.library.ms,1787813491363000000,1787813551358000000,0
workspaceModel.moduleManagerBridge.load.module.ms,1787813491363000000,1787813551358000000,0
jps.facet.change.listener.process.change.events.ms,1787813491363000000,1787813551358000000,1
jps.facet.change.listener.before.change.events.ms,1787813491363000000,1787813551358000000,0
jps.library.entities.serializer.save.entities.ms,1787813491363000000,1787813551358000000,0
jps.global.initialize.library.bridges.after.loading.ms,1787813491363000000,1787813551358000000,0
workspaceModel.mutableEntityStorage.remove.entity.ms,1787813491363000000,1787813551358000000,0
FilePageCache.totalPageDisposalsUs,1787813491363000000,1787813551358000000,0
FilePageCache.pageLoadsAboveSizeThreshold,1787813491363000000,1787813551358000000,0
FilePageCache.pageLoads,1787813491363000000,1787813551358000000,0
DirectByteBufferAllocator.reclaimed,1787813491363000000,1787813551358000000,0
DirectByteBufferAllocator.hits,1787813491363000000,1787813551358000000,0
FilePageCache.totalPageLoadsUs,1787813491363000000,1787813551358000000,0
DirectByteBufferAllocator.misses,1787813491363000000,1787813551358000000,0
StorageLockContext.competingThreads.max,1787813491363000000,1787813551358000000,0
FilePageCache.capacityInBytes,1787813491363000000,1787813551358000000,524288000
FilePageCache.pageFastCacheHits,1787813491363000000,1787813551358000000,0
FilePageCache.maxCacheSizeInBytes,1787813491363000000,1787813551358000000,267534336
FilePageCache.pageHits,1787813491363000000,1787813551358000000,0
StreamlinedBlobStorage.totalLiveRecordsCapacityBytes,1787813491363000000,1787813551358000000,0
DirectByteBufferAllocator.totalSizeOfBuffersAllocatedInBytes,1787813491363000000,1787813551358000000,267534336
StreamlinedBlobStorage.recordsRelocated,1787813491363000000,1787813551358000000,0
FilePageCache.uncachedFileAccess,1787813491363000000,1787813551358000000,0
FilePageCache.maxRegisteredFiles,1787813491363000000,1787813551358000000,617
DirectByteBufferAllocator.disposed,1787813491363000000,1787813551358000000,0
StorageLockContext.competingThreads.90P,1787813491363000000,1787813551358000000,0
StreamlinedBlobStorage.recordsDeleted,1787813491363000000,1787813551358000000,0
StreamlinedBlobStorage.totalLiveRecordsPayloadBytes,1787813491363000000,1787813551358000000,0
StreamlinedBlobStorage.recordsAllocated,1787813491363000000,1787813551358000000,0
StorageLockContext.competingThreads.avg,1787813491363000000,1787813551358000000,0.0
FilePageCache.disposedBuffers,1787813491363000000,1787813551358000000,0
DirectByteBufferAllocator.totalSizeOfBuffersCachedInBytes,1787813491363000000,1787813551358000000,0
FileNameCache.queries,1787813491363000000,1787813551358000000,837
FileNameCache.totalMisses,1787813491363000000,1787813551358000000,0
FileNameCache.fastMisses,1787813491363000000,1787813551358000000,8
FlushQueue.waitingTime90PNs,1787813491363000000,1787813551358000000,659455
FlushQueue.executionTime90PNs,1787813491363000000,1787813551358000000,548863
FlushQueue.queueSizeAvg,1787813491363000000,1787813551358000000,0.0
FlushQueue.tasksExecuted,1787813491363000000,1787813551358000000,121
AWTEventQueue.dispatchTimeAvgNs,1787813491363000000,1787813551358000000,62841.700215982724
FlushQueue.queueSizeMax,1787813491363000000,1787813551358000000,0
FlushQueue.waitingTimeMaxNs,1787813491363000000,1787813551358000000,10092543
NonBlockingReadAction.failedExecutionTimeUs,1787813491363000000,1787813551358000000,0
FlushQueue.queueSize90P,1787813491363000000,1787813551358000000,0
FlushQueue.executionTimeMaxNs,1787813491363000000,1787813551358000000,11862015
AWTEventQueue.dispatchTimeMaxNs,1787813491363000000,1787813551358000000,15269887
NonBlockingReadAction.failedExecutionsCount,1787813491363000000,1787813551358000000,0
AWTEventQueue.eventsDispatched,1787813491363000000,1787813551358000000,6945
AWTEventQueue.dispatchTimeTotalNS,1787813491363000000,1787813551358000000,436445538
AWTEventQueue.dispatchTime90PNs,1787813491363000000,1787813551358000000,116735
NonBlockingReadAction.finalizedExecutionTimeUs,1787813491363000000,1787813551358000000,0
NonBlockingReadAction.finalizedExecutionsCount,1787813491363000000,1787813551358000000,0
FlushQueue.executionTimeAvgNs,1787813491363000000,1787813551358000000,327202.9090909091
FlushQueue.waitingTimeAvgNs,1787813491363000000,1787813551358000000,412083.8347107438
workspaceModel.collect.changes.ms,1787813491363000000,1787813551358000000,0
workspaceModel.to.snapshot.ms,1787813491363000000,1787813551358000000,8
workspaceModel.init.bridges.ms,1787813491363000000,1787813551358000000,1
workspaceModel.replace.project.model.ms,1787813491363000000,1787813551358000000,0
workspaceModel.updates.ms,1787813491363000000,1787813551358000000,366
workspaceModel.updates.precise.ms,1787813491363000000,1787813551358000000,272
workspaceModel.loading.from.cache.ms,1787813491363000000,1787813551358000000,304
workspaceModel.pre.handlers.ms,1787813491363000000,1787813551358000000,2
workspaceModel.loading.total.ms,1787813491363000000,1787813551358000000,326
workspaceModel.updates.count,1787813491363000000,1787813551358000000,5
workspaceModel.initializing.ms,1787813491363000000,1787813551358000000,1
workspaceModel.update.unloaded.entities.ms,1787813491363000000,1787813551358000000,0
workspaceModel.check.recursive.update.ms,1787813491363000000,1787813551358000000,36
JVM.totalCpuTimeMs,1787813551358000000,1787813611362000000,4085
JVM.GC.collectionTimesMs,1787813551358000000,1787813611362000000,37
JVM.GC.collections,1787813551358000000,1787813611362000000,1
JVM.maxHeapBytes,1787813551358000000,1787813611362000000,2147483648
JVM.usedHeapBytes,1787813551358000000,1787813611362000000,259126776
JVM.maxNativeBytes,1787813551358000000,1787813611362000000,-1
JVM.usedNativeBytes,1787813551358000000,1787813611362000000,377120392
JVM.threadCount,1787813551358000000,1787813611362000000,48
OS.loadAverage,1787813551358000000,1787813611362000000,5.2587890625
IndexesFlusher.totalFlushes,1787813551358000000,1787813611362000000,174
IndexesFlusher.totalFlushesRetried,1787813551358000000,1787813611362000000,0
Indexes.allKeys.lookupDurationMaxMs,1787813551358000000,1787813611362000000,0.0
Indexes.allKeys.lookups,1787813551358000000,1787813611362000000,0.0
VFSFlusher.totalContentionQuotaSpent,1787813551358000000,1787813611362000000,0
Indexes.stubs.lookupDurationMaxMs,1787813551358000000,1787813611362000000,0.0
Indexes.stubs.lookupDurationAvgMs,1787813551358000000,1787813611362000000,0.0
VFSFlusher.totalFlushesRetried,1787813551358000000,1787813611362000000,0
IndexesFlusher.totalContentionQuotaSpent,1787813551358000000,1787813611362000000,0
Indexes.stubs.lookups,1787813551358000000,1787813611362000000,0.0
Indexes.entries.lookups,1787813551358000000,1787813611362000000,0.0
VFSFlusher.totalFlushes,1787813551358000000,1787813611362000000,0
Indexes.allKeys.lookupDurationAvgMs,1787813551358000000,1787813611362000000,0.0
IndexesFlusher.totalFlushingTimeUs,1787813551358000000,1787813611362000000,1029795
Indexes.entries.lookupDurationAvgMs,1787813551358000000,1787813611362000000,0.0
VFSFlusher.totalFlushingTimeUs,1787813551358000000,1787813611362000000,0
Indexes.allKeys.lookupDuration90PMs,1787813551358000000,1787813611362000000,0.0
Indexes.stubs.lookupDuration90PMs,1787813551358000000,1787813611362000000,0.0
Indexes.entries.lookupDurationMaxMs,1787813551358000000,1787813611362000000,0.0
Indexes.entries.lookupDuration90PMs,1787813551358000000,1787813611362000000,0.0
workspaceModel.mutableEntityStorage.entities.by.source.ms,1787813551358000000,1787813611362000000,5
workspaceModel.save.cache.to.file.ms,1787813551358000000,1787813611362000000,1983
jps.global.handle.changed.events.ms,1787813551358000000,1787813611362000000,0
jps.project.serializers.load.ms,1787813551358000000,1787813611362000000,331
jps.module.iml.entities.serializer.save.entities.ms,1787813551358000000,1787813611362000000,0
workspaceModel.moduleManagerBridge.newModule.ms,1787813551358000000,1787813611362000000,0
workspaceModel.global.apply.state.to.project.builder.ms,1787813551358000000,1787813611362000000,0
workspaceModel.orphan.listener.update.ms,1787813551358000000,1787813611362000000,14
workspaceModel.moduleManagerBridge.new.nonPersistent.module.ms,1787813551358000000,1787813611362000000,0
jps.storage.jps.conf.reader.load.component.ms,1787813551358000000,1787813611362000000,306
jps.global.get.library.by.name.ms,1787813551358000000,1787813611362000000,0
jps.global.handle.before.change.events.ms,1787813551358000000,1787813611362000000,0
jps.load.project.to.empty.storage.ms,1787813551358000000,1787813611362000000,394
workspaceModel.moduleManagerBridge.get.modules.ms,1787813551358000000,1787813611362000000,9
jps.app.storage.content.reader.load.component.ms,1787813551358000000,1787813611362000000,0
workspaceModel.mutableEntityStorage.resolve.ms,1787813551358000000,1787813611362000000,6
jps.apply.loaded.storage.ms,1787813551358000000,1787813611362000000,1235
workspaceModel.mutableEntityStorage.replace.by.source.ms,1787813551358000000,1787813611362000000,219
workspaceModel.mutableEntityStorage.modify.entity.ms,1787813551358000000,1787813611362000000,140
workspaceModel.mutableEntityStorage.add.entity.ms,1787813551358000000,1787813611362000000,424
workspaceModel.mutableEntityStorage.referrers.ms,1787813551358000000,1787813611362000000,0
workspaceModel.mutableEntityStorage.entities.ms,1787813551358000000,1787813611362000000,8
workspaceModel.mutableEntityStorage.mutable.ext.mapping.ms,1787813551358000000,1787813611362000000,24
jps.library.entities.serializer.load.entities.ms,1787813551358000000,1787813611362000000,245
workspaceModel.moduleBridge.before.changed.ms,1787813551358000000,1787813611362000000,0
jps.save.changed.project.entities.ms,1787813551358000000,1787813611362000000,1
jps.module.iml.entities.serializer.load.entities.ms,1787813551358000000,1787813611362000000,246
workspaceModel.mutableEntityStorage.to.snapshot.ms,1787813551358000000,1787813611362000000,9
workspaceModel.mutableEntityStorage.mutable.vfurl.index.ms,1787813551358000000,1787813611362000000,0
jps.save.global.entities.ms,1787813551358000000,1787813611362000000,15
workspaceModel.sync.entities.ms,1787813551358000000,1787813611362000000,0
jps.global.get.libraries.ms,1787813551358000000,1787813611362000000,7
workspaceModel.moduleManagerBridge.create.module.instance.ms,1787813551358000000,1787813611362000000,0
workspaceModel.moduleManagerBridge.build.module.graph.ms,1787813551358000000,1787813611362000000,12
workspaceModel.moduleBridge.update.option.ms,1787813551358000000,1787813611362000000,0
jps.project.serializers.save.ms,1787813551358000000,1787813611362000000,1
workspaceModel.moduleManagerBridge.set.unloadedModules.ms,1787813551358000000,1787813611362000000,0
workspaceModel.mutableEntityStorage.has.same.entities.ms,1787813551358000000,1787813611362000000,0
jps.reload.project.entities.ms,1787813551358000000,1787813611362000000,0
workspaceModel.global.apply.state.to.project.ms,1787813551358000000,1787813611362000000,43
workspaceModel.moduleManagerBridge.load.all.modules.ms,1787813551358000000,1787813611362000000,377
jps.artifact.entities.serializer.load.entities.ms,1787813551358000000,1787813611362000000,0
workspaceModel.mutableEntityStorage.collect.changes.ms,1787813551358000000,1787813611362000000,0
jps.app.storage.content.writer.save.component.ms,1787813551358000000,1787813611362000000,0
workspaceModel.load.cache.from.file.ms,1787813551358000000,1787813611362000000,295
jps.artifact.entities.serializer.save.entities.ms,1787813551358000000,1787813611362000000,0
jps.load.initial.state.ms,1787813551358000000,1787813611362000000,13
workspaceModel.global.updates.ms,1787813551358000000,1787813611362000000,0
workspaceModel.moduleBridge.facet.initialization.ms,1787813551358000000,1787813611362000000,1
jps.global.initialize.library.bridges.ms,1787813551358000000,1787813611362000000,0
workspaceModel.moduleBridgeLoader.loading.modules.ms,1787813551358000000,1787813611362000000,1349
workspaceModel.delayed.project.synchronizer.sync.ms,1787813551358000000,1787813611362000000,1674
jps.facet.change.listener.init.bridge.ms,1787813551358000000,1787813611362000000,0
workspaceModel.mutableEntityStorage.put.entity.ms,1787813551358000000,1787813611362000000,152
workspaceModel.global.updates.count,1787813551358000000,1787813611362000000,0
workspaceModel.mutableEntityStorage.add.diff.ms,1787813551358000000,1787813611362000000,54
jps.global.get.library.ms,1787813551358000000,1787813611362000000,0
workspaceModel.moduleManagerBridge.load.module.ms,1787813551358000000,1787813611362000000,0
jps.facet.change.listener.process.change.events.ms,1787813551358000000,1787813611362000000,1
jps.facet.change.listener.before.change.events.ms,1787813551358000000,1787813611362000000,0
jps.library.entities.serializer.save.entities.ms,1787813551358000000,1787813611362000000,0
jps.global.initialize.library.bridges.after.loading.ms,1787813551358000000,1787813611362000000,0
workspaceModel.mutableEntityStorage.remove.entity.ms,1787813551358000000,1787813611362000000,0
FilePageCache.totalPageDisposalsUs,1787813551358000000,1787813611362000000,0
FilePageCache.pageLoadsAboveSizeThreshold,1787813551358000000,1787813611362000000,0
FilePageCache.pageLoads,1787813551358000000,1787813611362000000,0
DirectByteBufferAllocator.reclaimed,1787813551358000000,1787813611362000000,0
DirectByteBufferAllocator.hits,1787813551358000000,1787813611362000000,0
FilePageCache.totalPageLoadsUs,1787813551358000000,1787813611362000000,0
DirectByteBufferAllocator.misses,1787813551358000000,1787813611362000000,0
StorageLockContext.competingThreads.max,1787813551358000000,1787813611362000000,0
FilePageCache.capacityInBytes,1787813551358000000,1787813611362000000,524288000
FilePageCache.pageFastCacheHits,1787813551358000000,1787813611362000000,0
FilePageCache.maxCacheSizeInBytes,1787813551358000000,1787813611362000000,267534336
FilePageCache.pageHits,1787813551358000000,1787813611362000000,0
StreamlinedBlobStorage.totalLiveRecordsCapacityBytes,1787813551358000000,1787813611362000000,0
DirectByteBufferAllocator.totalSizeOfBuffersAllocatedInBytes,1787813551358000000,1787813611362000000,267534336
StreamlinedBlobStorage.recordsRelocated,1787813551358000000,1787813611362000000,0
FilePageCache.uncachedFileAccess,1787813551358000000,1787813611362000000,0
FilePageCache.maxRegisteredFiles,1787813551358000000,1787813611362000000,617
DirectByteBufferAllocator.disposed,1787813551358000000,1787813611362000000,0
StorageLockContext.competingThreads.90P,1787813551358000000,1787813611362000000,0
StreamlinedBlobStorage.recordsDeleted,1787813551358000000,1787813611362000000,0
StreamlinedBlobStorage.totalLiveRecordsPayloadBytes,1787813551358000000,1787813611362000000,0
StreamlinedBlobStorage.recordsAllocated,1787813551358000000,1787813611362000000,0
StorageLockContext.competingThreads.avg,1787813551358000000,1787813611362000000,0.0
FilePageCache.disposedBuffers,1787813551358000000,1787813611362000000,0
DirectByteBufferAllocator.totalSizeOfBuffersCachedInBytes,1787813551358000000,1787813611362000000,0
FileNameCache.queries,1787813551358000000,1787813611362000000,4239
FileNameCache.totalMisses,1787813551358000000,1787813611362000000,0
FileNameCache.fastMisses,1787813551358000000,1787813611362000000,130
FlushQueue.waitingTime90PNs,1787813551358000000,1787813611362000000,276479
FlushQueue.executionTime90PNs,1787813551358000000,1787813611362000000,227327
FlushQueue.queueSizeAvg,1787813551358000000,1787813611362000000,0.0
FlushQueue.tasksExecuted,1787813551358000000,1787813611362000000,121
AWTEventQueue.dispatchTimeAvgNs,1787813551358000000,1787813611362000000,62055.47149217292
FlushQueue.queueSizeMax,1787813551358000000,1787813611362000000,0
FlushQueue.waitingTimeMaxNs,1787813551358000000,1787813611362000000,1253375
NonBlockingReadAction.failedExecutionTimeUs,1787813551358000000,1787813611362000000,0
FlushQueue.queueSize90P,1787813551358000000,1787813611362000000,0
FlushQueue.executionTimeMaxNs,1787813551358000000,1787813611362000000,917503
AWTEventQueue.dispatchTimeMaxNs,1787813551358000000,1787813611362000000,3883007
NonBlockingReadAction.failedExecutionsCount,1787813551358000000,1787813611362000000,0
AWTEventQueue.eventsDispatched,1787813551358000000,1787813611362000000,6963
AWTEventQueue.dispatchTimeTotalNS,1787813551358000000,1787813611362000000,432129239
AWTEventQueue.dispatchTime90PNs,1787813551358000000,1787813611362000000,120319
NonBlockingReadAction.finalizedExecutionTimeUs,1787813551358000000,1787813611362000000,0
NonBlockingReadAction.finalizedExecutionsCount,1787813551358000000,1787813611362000000,0
FlushQueue.executionTimeAvgNs,1787813551358000000,1787813611362000000,90935.80165289257
FlushQueue.waitingTimeAvgNs,1787813551358000000,1787813611362000000,179002.18181818182
workspaceModel.collect.changes.ms,1787813551358000000,1787813611362000000,0
workspaceModel.to.snapshot.ms,1787813551358000000,1787813611362000000,8
workspaceModel.init.bridges.ms,1787813551358000000,1787813611362000000,1
workspaceModel.replace.project.model.ms,1787813551358000000,1787813611362000000,0
workspaceModel.updates.ms,1787813551358000000,1787813611362000000,366
workspaceModel.updates.precise.ms,1787813551358000000,1787813611362000000,272
workspaceModel.loading.from.cache.ms,1787813551358000000,1787813611362000000,304
workspaceModel.pre.handlers.ms,1787813551358000000,1787813611362000000,2
workspaceModel.loading.total.ms,1787813551358000000,1787813611362000000,326
workspaceModel.updates.count,1787813551358000000,1787813611362000000,5
workspaceModel.initializing.ms,1787813551358000000,1787813611362000000,1
workspaceModel.update.unloaded.entities.ms,1787813551358000000,1787813611362000000,0
workspaceModel.check.recursive.update.ms,1787813551358000000,1787813611362000000,36
JVM.totalCpuTimeMs,1787813611362000000,1787813671362000000,4133
JVM.GC.collectionTimesMs,1787813611362000000,1787813671362000000,0
JVM.GC.collections,1787813611362000000,1787813671362000000,0
JVM.maxHeapBytes,1787813611362000000,1787813671362000000,2147483648
JVM.usedHeapBytes,1787813611362000000,1787813671362000000,311555576
JVM.maxNativeBytes,1787813611362000000,1787813671362000000,-1
JVM.usedNativeBytes,1787813611362000000,1787813671362000000,377253064
JVM.threadCount,1787813611362000000,1787813671362000000,47
OS.loadAverage,1787813611362000000,1787813671362000000,3.53515625
IndexesFlusher.totalFlushes,1787813611362000000,1787813671362000000,176
IndexesFlusher.totalFlushesRetried,1787813611362000000,1787813671362000000,0
Indexes.allKeys.lookupDurationMaxMs,1787813611362000000,1787813671362000000,0.0
Indexes.allKeys.lookups,1787813611362000000,1787813671362000000,0.0
VFSFlusher.totalContentionQuotaSpent,1787813611362000000,1787813671362000000,0
Indexes.stubs.lookupDurationMaxMs,1787813611362000000,1787813671362000000,0.0
Indexes.stubs.lookupDurationAvgMs,1787813611362000000,1787813671362000000,0.0
VFSFlusher.totalFlushesRetried,1787813611362000000,1787813671362000000,0
IndexesFlusher.totalContentionQuotaSpent,1787813611362000000,1787813671362000000,0
Indexes.stubs.lookups,1787813611362000000,1787813671362000000,0.0
Indexes.entries.lookups,1787813611362000000,1787813671362000000,0.0
VFSFlusher.totalFlushes,1787813611362000000,1787813671362000000,0
Indexes.allKeys.lookupDurationAvgMs,1787813611362000000,1787813671362000000,0.0
IndexesFlusher.totalFlushingTimeUs,1787813611362000000,1787813671362000000,687777
Indexes.entries.lookupDurationAvgMs,1787813611362000000,1787813671362000000,0.0
VFSFlusher.totalFlushingTimeUs,1787813611362000000,1787813671362000000,0
Indexes.allKeys.lookupDuration90PMs,1787813611362000000,1787813671362000000,0.0
Indexes.stubs.lookupDuration90PMs,1787813611362000000,1787813671362000000,0.0
Indexes.entries.lookupDurationMaxMs,1787813611362000000,1787813671362000000,0.0
Indexes.entries.lookupDuration90PMs,1787813611362000000,1787813671362000000,0.0
workspaceModel.mutableEntityStorage.entities.by.source.ms,1787813611362000000,1787813671362000000,5
workspaceModel.save.cache.to.file.ms,1787813611362000000,1787813671362000000,1983
jps.global.handle.changed.events.ms,1787813611362000000,1787813671362000000,0
jps.project.serializers.load.ms,1787813611362000000,1787813671362000000,331
jps.module.iml.entities.serializer.save.entities.ms,1787813611362000000,1787813671362000000,0
workspaceModel.moduleManagerBridge.newModule.ms,1787813611362000000,1787813671362000000,0
workspaceModel.global.apply.state.to.project.builder.ms,1787813611362000000,1787813671362000000,0
workspaceModel.orphan.listener.update.ms,1787813611362000000,1787813671362000000,14
workspaceModel.moduleManagerBridge.new.nonPersistent.module.ms,1787813611362000000,1787813671362000000,0
jps.storage.jps.conf.reader.load.component.ms,1787813611362000000,1787813671362000000,306
jps.global.get.library.by.name.ms,1787813611362000000,1787813671362000000,0
jps.global.handle.before.change.events.ms,1787813611362000000,1787813671362000000,0
jps.load.project.to.empty.storage.ms,1787813611362000000,1787813671362000000,394
workspaceModel.moduleManagerBridge.get.modules.ms,1787813611362000000,1787813671362000000,9
jps.app.storage.content.reader.load.component.ms,1787813611362000000,1787813671362000000,0
workspaceModel.mutableEntityStorage.resolve.ms,1787813611362000000,1787813671362000000,6
jps.apply.loaded.storage.ms,1787813611362000000,1787813671362000000,1235
workspaceModel.mutableEntityStorage.replace.by.source.ms,1787813611362000000,1787813671362000000,219
workspaceModel.mutableEntityStorage.modify.entity.ms,1787813611362000000,1787813671362000000,140
workspaceModel.mutableEntityStorage.add.entity.ms,1787813611362000000,1787813671362000000,424
workspaceModel.mutableEntityStorage.referrers.ms,1787813611362000000,1787813671362000000,0
workspaceModel.mutableEntityStorage.entities.ms,1787813611362000000,1787813671362000000,8
workspaceModel.mutableEntityStorage.mutable.ext.mapping.ms,1787813611362000000,1787813671362000000,24
jps.library.entities.serializer.load.entities.ms,1787813611362000000,1787813671362000000,245
workspaceModel.moduleBridge.before.changed.ms,1787813611362000000,1787813671362000000,0
jps.save.changed.project.entities.ms,1787813611362000000,1787813671362000000,1
jps.module.iml.entities.serializer.load.entities.ms,1787813611362000000,1787813671362000000,246
workspaceModel.mutableEntityStorage.to.snapshot.ms,1787813611362000000,1787813671362000000,9
workspaceModel.mutableEntityStorage.mutable.vfurl.index.ms,1787813611362000000,1787813671362000000,0
jps.save.global.entities.ms,1787813611362000000,1787813671362000000,15
workspaceModel.sync.entities.ms,1787813611362000000,1787813671362000000,0
jps.global.get.libraries.ms,1787813611362000000,1787813671362000000,7
workspaceModel.moduleManagerBridge.create.module.instance.ms,1787813611362000000,1787813671362000000,0
workspaceModel.moduleManagerBridge.build.module.graph.ms,1787813611362000000,1787813671362000000,12
workspaceModel.moduleBridge.update.option.ms,1787813611362000000,1787813671362000000,0
jps.project.serializers.save.ms,1787813611362000000,1787813671362000000,1
workspaceModel.moduleManagerBridge.set.unloadedModules.ms,1787813611362000000,1787813671362000000,0
workspaceModel.mutableEntityStorage.has.same.entities.ms,1787813611362000000,1787813671362000000,0
jps.reload.project.entities.ms,1787813611362000000,1787813671362000000,0
workspaceModel.global.apply.state.to.project.ms,1787813611362000000,1787813671362000000,43
workspaceModel.moduleManagerBridge.load.all.modules.ms,1787813611362000000,1787813671362000000,377
jps.artifact.entities.serializer.load.entities.ms,1787813611362000000,1787813671362000000,0
workspaceModel.mutableEntityStorage.collect.changes.ms,1787813611362000000,1787813671362000000,0
jps.app.storage.content.writer.save.component.ms,1787813611362000000,1787813671362000000,0
workspaceModel.load.cache.from.file.ms,1787813611362000000,1787813671362000000,295
jps.artifact.entities.serializer.save.entities.ms,1787813611362000000,1787813671362000000,0
jps.load.initial.state.ms,1787813611362000000,1787813671362000000,13
workspaceModel.global.updates.ms,1787813611362000000,1787813671362000000,0
workspaceModel.moduleBridge.facet.initialization.ms,1787813611362000000,1787813671362000000,1
jps.global.initialize.library.bridges.ms,1787813611362000000,1787813671362000000,0
workspaceModel.moduleBridgeLoader.loading.modules.ms,1787813611362000000,1787813671362000000,1349
workspaceModel.delayed.project.synchronizer.sync.ms,1787813611362000000,1787813671362000000,1674
jps.facet.change.listener.init.bridge.ms,1787813611362000000,1787813671362000000,0
workspaceModel.mutableEntityStorage.put.entity.ms,1787813611362000000,1787813671362000000,152
workspaceModel.global.updates.count,1787813611362000000,1787813671362000000,0
workspaceModel.mutableEntityStorage.add.diff.ms,1787813611362000000,1787813671362000000,54
jps.global.get.library.ms,1787813611362000000,1787813671362000000,0
workspaceModel.moduleManagerBridge.load.module.ms,1787813611362000000,1787813671362000000,0
jps.facet.change.listener.process.change.events.ms,1787813611362000000,1787813671362000000,1
jps.facet.change.listener.before.change.events.ms,1787813611362000000,1787813671362000000,0
jps.library.entities.serializer.save.entities.ms,1787813611362000000,1787813671362000000,0
jps.global.initialize.library.bridges.after.loading.ms,1787813611362000000,1787813671362000000,0
workspaceModel.mutableEntityStorage.remove.entity.ms,1787813611362000000,1787813671362000000,0
FilePageCache.totalPageDisposalsUs,1787813611362000000,1787813671362000000,0
FilePageCache.pageLoadsAboveSizeThreshold,1787813611362000000,1787813671362000000,0
FilePageCache.pageLoads,1787813611362000000,1787813671362000000,0
DirectByteBufferAllocator.reclaimed,1787813611362000000,1787813671362000000,0
DirectByteBufferAllocator.hits,1787813611362000000,1787813671362000000,0
FilePageCache.totalPageLoadsUs,1787813611362000000,1787813671362000000,0
DirectByteBufferAllocator.misses,1787813611362000000,1787813671362000000,0
StorageLockContext.competingThreads.max,1787813611362000000,1787813671362000000,0
FilePageCache.capacityInBytes,1787813611362000000,1787813671362000000,524288000
FilePageCache.pageFastCacheHits,1787813611362000000,1787813671362000000,0
FilePageCache.maxCacheSizeInBytes,1787813611362000000,1787813671362000000,267534336
FilePageCache.pageHits,1787813611362000000,1787813671362000000,0
StreamlinedBlobStorage.totalLiveRecordsCapacityBytes,1787813611362000000,1787813671362000000,0
DirectByteBufferAllocator.totalSizeOfBuffersAllocatedInBytes,1787813611362000000,1787813671362000000,267534336
StreamlinedBlobStorage.recordsRelocated,1787813611362000000,1787813671362000000,0
FilePageCache.uncachedFileAccess,1787813611362000000,1787813671362000000,0
FilePageCache.maxRegisteredFiles,1787813611362000000,1787813671362000000,617
DirectByteBufferAllocator.disposed,1787813611362000000,1787813671362000000,0
StorageLockContext.competingThreads.90P,1787813611362000000,1787813671362000000,0
StreamlinedBlobStorage.recordsDeleted,1787813611362000000,1787813671362000000,0
StreamlinedBlobStorage.totalLiveRecordsPayloadBytes,1787813611362000000,1787813671362000000,0
StreamlinedBlobStorage.recordsAllocated,1787813611362000000,1787813671362000000,0
StorageLockContext.competingThreads.avg,1787813611362000000,1787813671362000000,0.0
FilePageCache.disposedBuffers,1787813611362000000,1787813671362000000,0
DirectByteBufferAllocator.totalSizeOfBuffersCachedInBytes,1787813611362000000,1787813671362000000,0
FileNameCache.queries,1787813611362000000,1787813671362000000,0
FileNameCache.totalMisses,1787813611362000000,1787813671362000000,0
FileNameCache.fastMisses,1787813611362000000,1787813671362000000,0
FlushQueue.waitingTime90PNs,1787813611362000000,1787813671362000000,292863
FlushQueue.executionTime90PNs,1787813611362000000,1787813671362000000,135167
FlushQueue.queueSizeAvg,1787813611362000000,1787813671362000000,0.0
FlushQueue.tasksExecuted,1787813611362000000,1787813671362000000,120
AWTEventQueue.dispatchTimeAvgNs,1787813611362000000,1787813671362000000,65005.130510948904
FlushQueue.queueSizeMax,1787813611362000000,1787813671362000000,0
FlushQueue.waitingTimeMaxNs,1787813611362000000,1787813671362000000,3293183
NonBlockingReadAction.failedExecutionTimeUs,1787813611362000000,1787813671362000000,0
FlushQueue.queueSize90P,1787813611362000000,1787813671362000000,0
FlushQueue.executionTimeMaxNs,1787813611362000000,1787813671362000000,2244607
AWTEventQueue.dispatchTimeMaxNs,1787813611362000000,1787813671362000000,6848511
NonBlockingReadAction.failedExecutionsCount,1787813611362000000,1787813671362000000,0
AWTEventQueue.eventsDispatched,1787813611362000000,1787813671362000000,6850
AWTEventQueue.dispatchTimeTotalNS,1787813611362000000,1787813671362000000,445328971
AWTEventQueue.dispatchTime90PNs,1787813611362000000,1787813671362000000,124415
NonBlockingReadAction.finalizedExecutionTimeUs,1787813611362000000,1787813671362000000,0
NonBlockingReadAction.finalizedExecutionsCount,1787813611362000000,1787813671362000000,0
FlushQueue.executionTimeAvgNs,1787813611362000000,1787813671362000000,107486.13333333333
FlushQueue.waitingTimeAvgNs,1787813611362000000,1787813671362000000,228515.73333333334
workspaceModel.collect.changes.ms,1787813611362000000,1787813671362000000,0
workspaceModel.to.snapshot.ms,1787813611362000000,1787813671362000000,8
workspaceModel.init.bridges.ms,1787813611362000000,1787813671362000000,1
workspaceModel.replace.project.model.ms,1787813611362000000,1787813671362000000,0
workspaceModel.updates.ms,1787813611362000000,1787813671362000000,366
workspaceModel.updates.precise.ms,1787813611362000000,1787813671362000000,272
workspaceModel.loading.from.cache.ms,1787813611362000000,1787813671362000000,304
workspaceModel.pre.handlers.ms,1787813611362000000,1787813671362000000,2
workspaceModel.loading.total.ms,1787813611362000000,1787813671362000000,326
workspaceModel.updates.count,1787813611362000000,1787813671362000000,5
workspaceModel.initializing.ms,1787813611362000000,1787813671362000000,1
workspaceModel.update.unloaded.entities.ms,1787813611362000000,1787813671362000000,0
workspaceModel.check.recursive.update.ms,1787813611362000000,1787813671362000000,36
JVM.totalCpuTimeMs,1787813671362000000,1787813731363000000,4710
JVM.GC.collectionTimesMs,1787813671362000000,1787813731363000000,57
JVM.GC.collections,1787813671362000000,1787813731363000000,1
JVM.maxHeapBytes,1787813671362000000,1787813731363000000,2147483648
JVM.usedHeapBytes,1787813671362000000,1787813731363000000,255662496
JVM.maxNativeBytes,1787813671362000000,1787813731363000000,-1
JVM.usedNativeBytes,1787813671362000000,1787813731363000000,377396592
JVM.threadCount,1787813671362000000,1787813731363000000,45
OS.loadAverage,1787813671362000000,1787813731363000000,3.42578125
IndexesFlusher.totalFlushes,1787813671362000000,1787813731363000000,175
IndexesFlusher.totalFlushesRetried,1787813671362000000,1787813731363000000,0
Indexes.allKeys.lookupDurationMaxMs,1787813671362000000,1787813731363000000,0.0
Indexes.allKeys.lookups,1787813671362000000,1787813731363000000,0.0
VFSFlusher.totalContentionQuotaSpent,1787813671362000000,1787813731363000000,0
Indexes.stubs.lookupDurationMaxMs,1787813671362000000,1787813731363000000,0.0
Indexes.stubs.lookupDurationAvgMs,1787813671362000000,1787813731363000000,0.0
VFSFlusher.totalFlushesRetried,1787813671362000000,1787813731363000000,0
IndexesFlusher.totalContentionQuotaSpent,1787813671362000000,1787813731363000000,0
Indexes.stubs.lookups,1787813671362000000,1787813731363000000,0.0
Indexes.entries.lookups,1787813671362000000,1787813731363000000,0.0
VFSFlusher.totalFlushes,1787813671362000000,1787813731363000000,0
Indexes.allKeys.lookupDurationAvgMs,1787813671362000000,1787813731363000000,0.0
IndexesFlusher.totalFlushingTimeUs,1787813671362000000,1787813731363000000,713029
Indexes.entries.lookupDurationAvgMs,1787813671362000000,1787813731363000000,0.0
VFSFlusher.totalFlushingTimeUs,1787813671362000000,1787813731363000000,0
Indexes.allKeys.lookupDuration90PMs,1787813671362000000,1787813731363000000,0.0
Indexes.stubs.lookupDuration90PMs,1787813671362000000,1787813731363000000,0.0
Indexes.entries.lookupDurationMaxMs,1787813671362000000,1787813731363000000,0.0
Indexes.entries.lookupDuration90PMs,1787813671362000000,1787813731363000000,0.0
workspaceModel.mutableEntityStorage.entities.by.source.ms,1787813671362000000,1787813731363000000,5
workspaceModel.save.cache.to.file.ms,1787813671362000000,1787813731363000000,1983
jps.global.handle.changed.events.ms,1787813671362000000,1787813731363000000,0
jps.project.serializers.load.ms,1787813671362000000,1787813731363000000,331
jps.module.iml.entities.serializer.save.entities.ms,1787813671362000000,1787813731363000000,0
workspaceModel.moduleManagerBridge.newModule.ms,1787813671362000000,1787813731363000000,0
workspaceModel.global.apply.state.to.project.builder.ms,1787813671362000000,1787813731363000000,0
workspaceModel.orphan.listener.update.ms,1787813671362000000,1787813731363000000,14
workspaceModel.moduleManagerBridge.new.nonPersistent.module.ms,1787813671362000000,1787813731363000000,0
jps.storage.jps.conf.reader.load.component.ms,1787813671362000000,1787813731363000000,306
jps.global.get.library.by.name.ms,1787813671362000000,1787813731363000000,0
jps.global.handle.before.change.events.ms,1787813671362000000,1787813731363000000,0
jps.load.project.to.empty.storage.ms,1787813671362000000,1787813731363000000,394
workspaceModel.moduleManagerBridge.get.modules.ms,1787813671362000000,1787813731363000000,9
jps.app.storage.content.reader.load.component.ms,1787813671362000000,1787813731363000000,0
workspaceModel.mutableEntityStorage.resolve.ms,1787813671362000000,1787813731363000000,6
jps.apply.loaded.storage.ms,1787813671362000000,1787813731363000000,1235
workspaceModel.mutableEntityStorage.replace.by.source.ms,1787813671362000000,1787813731363000000,219
workspaceModel.mutableEntityStorage.modify.entity.ms,1787813671362000000,1787813731363000000,140
workspaceModel.mutableEntityStorage.add.entity.ms,1787813671362000000,1787813731363000000,424
workspaceModel.mutableEntityStorage.referrers.ms,1787813671362000000,1787813731363000000,0
workspaceModel.mutableEntityStorage.entities.ms,1787813671362000000,1787813731363000000,8
workspaceModel.mutableEntityStorage.mutable.ext.mapping.ms,1787813671362000000,1787813731363000000,24
jps.library.entities.serializer.load.entities.ms,1787813671362000000,1787813731363000000,245
workspaceModel.moduleBridge.before.changed.ms,1787813671362000000,1787813731363000000,0
jps.save.changed.project.entities.ms,1787813671362000000,1787813731363000000,1
jps.module.iml.entities.serializer.load.entities.ms,1787813671362000000,1787813731363000000,246
workspaceModel.mutableEntityStorage.to.snapshot.ms,1787813671362000000,1787813731363000000,9
workspaceModel.mutableEntityStorage.mutable.vfurl.index.ms,1787813671362000000,1787813731363000000,0
jps.save.global.entities.ms,1787813671362000000,1787813731363000000,15
workspaceModel.sync.entities.ms,1787813671362000000,1787813731363000000,0
jps.global.get.libraries.ms,1787813671362000000,1787813731363000000,7
workspaceModel.moduleManagerBridge.create.module.instance.ms,1787813671362000000,1787813731363000000,0
workspaceModel.moduleManagerBridge.build.module.graph.ms,1787813671362000000,1787813731363000000,12
workspaceModel.moduleBridge.update.option.ms,1787813671362000000,1787813731363000000,0
jps.project.serializers.save.ms,1787813671362000000,1787813731363000000,1
workspaceModel.moduleManagerBridge.set.unloadedModules.ms,1787813671362000000,1787813731363000000,0
workspaceModel.mutableEntityStorage.has.same.entities.ms,1787813671362000000,1787813731363000000,0
jps.reload.project.entities.ms,1787813671362000000,1787813731363000000,0
workspaceModel.global.apply.state.to.project.ms,1787813671362000000,1787813731363000000,43
workspaceModel.moduleManagerBridge.load.all.modules.ms,1787813671362000000,1787813731363000000,377
jps.artifact.entities.serializer.load.entities.ms,1787813671362000000,1787813731363000000,0
workspaceModel.mutableEntityStorage.collect.changes.ms,1787813671362000000,1787813731363000000,0
jps.app.storage.content.writer.save.component.ms,1787813671362000000,1787813731363000000,0
workspaceModel.load.cache.from.file.ms,1787813671362000000,1787813731363000000,295
jps.artifact.entities.serializer.save.entities.ms,1787813671362000000,1787813731363000000,0
jps.load.initial.state.ms,1787813671362000000,1787813731363000000,13
workspaceModel.global.updates.ms,1787813671362000000,1787813731363000000,0
workspaceModel.moduleBridge.facet.initialization.ms,1787813671362000000,1787813731363000000,1
jps.global.initialize.library.bridges.ms,1787813671362000000,1787813731363000000,0
workspaceModel.moduleBridgeLoader.loading.modules.ms,1787813671362000000,1787813731363000000,1349
workspaceModel.delayed.project.synchronizer.sync.ms,1787813671362000000,1787813731363000000,1674
jps.facet.change.listener.init.bridge.ms,1787813671362000000,1787813731363000000,0
workspaceModel.mutableEntityStorage.put.entity.ms,1787813671362000000,1787813731363000000,152
workspaceModel.global.updates.count,1787813671362000000,1787813731363000000,0
workspaceModel.mutableEntityStorage.add.diff.ms,1787813671362000000,1787813731363000000,54
jps.global.get.library.ms,1787813671362000000,1787813731363000000,0
workspaceModel.moduleManagerBridge.load.module.ms,1787813671362000000,1787813731363000000,0
jps.facet.change.listener.process.change.events.ms,1787813671362000000,1787813731363000000,1
jps.facet.change.listener.before.change.events.ms,1787813671362000000,1787813731363000000,0
jps.library.entities.serializer.save.entities.ms,1787813671362000000,1787813731363000000,0
jps.global.initialize.library.bridges.after.loading.ms,1787813671362000000,1787813731363000000,0
workspaceModel.mutableEntityStorage.remove.entity.ms,1787813671362000000,1787813731363000000,0
FilePageCache.totalPageDisposalsUs,1787813671362000000,1787813731363000000,0
FilePageCache.pageLoadsAboveSizeThreshold,1787813671362000000,1787813731363000000,0
FilePageCache.pageLoads,1787813671362000000,1787813731363000000,0
DirectByteBufferAllocator.reclaimed,1787813671362000000,1787813731363000000,0
DirectByteBufferAllocator.hits,1787813671362000000,1787813731363000000,0
FilePageCache.totalPageLoadsUs,1787813671362000000,1787813731363000000,0
DirectByteBufferAllocator.misses,1787813671362000000,1787813731363000000,0
StorageLockContext.competingThreads.max,1787813671362000000,1787813731363000000,0
FilePageCache.capacityInBytes,1787813671362000000,1787813731363000000,524288000
FilePageCache.pageFastCacheHits,1787813671362000000,1787813731363000000,0
FilePageCache.maxCacheSizeInBytes,1787813671362000000,1787813731363000000,267534336
FilePageCache.pageHits,1787813671362000000,1787813731363000000,0
StreamlinedBlobStorage.totalLiveRecordsCapacityBytes,1787813671362000000,1787813731363000000,0
DirectByteBufferAllocator.totalSizeOfBuffersAllocatedInBytes,1787813671362000000,1787813731363000000,267534336
StreamlinedBlobStorage.recordsRelocated,1787813671362000000,1787813731363000000,0
FilePageCache.uncachedFileAccess,1787813671362000000,1787813731363000000,0
FilePageCache.maxRegisteredFiles,1787813671362000000,1787813731363000000,617
DirectByteBufferAllocator.disposed,1787813671362000000,1787813731363000000,0
StorageLockContext.competingThreads.90P,1787813671362000000,1787813731363000000,0
StreamlinedBlobStorage.recordsDeleted,1787813671362000000,1787813731363000000,0
StreamlinedBlobStorage.totalLiveRecordsPayloadBytes,1787813671362000000,1787813731363000000,0
StreamlinedBlobStorage.recordsAllocated,1787813671362000000,1787813731363000000,0
StorageLockContext.competingThreads.avg,1787813671362000000,1787813731363000000,0.0
FilePageCache.disposedBuffers,1787813671362000000,1787813731363000000,0
DirectByteBufferAllocator.totalSizeOfBuffersCachedInBytes,1787813671362000000,1787813731363000000,0
FileNameCache.queries,1787813671362000000,1787813731363000000,0
FileNameCache.totalMisses,1787813671362000000,1787813731363000000,0
FileNameCache.fastMisses,1787813671362000000,1787813731363000000,0
FlushQueue.waitingTime90PNs,1787813671362000000,1787813731363000000,356351
FlushQueue.executionTime90PNs,1787813671362000000,1787813731363000000,151551
FlushQueue.queueSizeAvg,1787813671362000000,1787813731363000000,0.0
FlushQueue.tasksExecuted,1787813671362000000,1787813731363000000,120
AWTEventQueue.dispatchTimeAvgNs,1787813671362000000,1787813731363000000,74721.51766603137
FlushQueue.queueSizeMax,1787813671362000000,1787813731363000000,0
FlushQueue.waitingTimeMaxNs,1787813671362000000,1787813731363000000,9895935
NonBlockingReadAction.failedExecutionTimeUs,1787813671362000000,1787813731363000000,0
FlushQueue.queueSize90P,1787813671362000000,1787813731363000000,0
FlushQueue.executionTimeMaxNs,1787813671362000000,1787813731363000000,532479
AWTEventQueue.dispatchTimeMaxNs,1787813671362000000,1787813731363000000,9240575
NonBlockingReadAction.failedExecutionsCount,1787813671362000000,1787813731363000000,0
AWTEventQueue.eventsDispatched,1787813671362000000,1787813731363000000,6821
AWTEventQueue.dispatchTimeTotalNS,1787813671362000000,1787813731363000000,510399541
AWTEventQueue.dispatchTime90PNs,1787813671362000000,1787813731363000000,172031
NonBlockingReadAction.finalizedExecutionTimeUs,1787813671362000000,1787813731363000000,0
NonBlockingReadAction.finalizedExecutionsCount,1787813671362000000,1787813731363000000,0
FlushQueue.executionTimeAvgNs,1787813671362000000,1787813731363000000,88061.06666666667
FlushQueue.waitingTimeAvgNs,1787813671362000000,1787813731363000000,332092.8
workspaceModel.collect.changes.ms,1787813671362000000,1787813731363000000,0
workspaceModel.to.snapshot.ms,1787813671362000000,1787813731363000000,8
workspaceModel.init.bridges.ms,1787813671362000000,1787813731363000000,1
workspaceModel.replace.project.model.ms,1787813671362000000,1787813731363000000,0
workspaceModel.updates.ms,1787813671362000000,1787813731363000000,366
workspaceModel.updates.precise.ms,1787813671362000000,1787813731363000000,272
workspaceModel.loading.from.cache.ms,1787813671362000000,1787813731363000000,304
workspaceModel.pre.handlers.ms,1787813671362000000,1787813731363000000,2
workspaceModel.loading.total.ms,1787813671362000000,1787813731363000000,326
workspaceModel.updates.count,1787813671362000000,1787813731363000000,5
workspaceModel.initializing.ms,1787813671362000000,1787813731363000000,1
workspaceModel.update.unloaded.entities.ms,1787813671362000000,1787813731363000000,0
workspaceModel.check.recursive.update.ms,1787813671362000000,1787813731363000000,36
JVM.totalCpuTimeMs,1787813731363000000,1787813791362000000,3896
JVM.GC.collectionTimesMs,1787813731363000000,1787813791362000000,0
JVM.GC.collections,1787813731363000000,1787813791362000000,0
JVM.maxHeapBytes,1787813731363000000,1787813791362000000,2147483648
JVM.usedHeapBytes,1787813731363000000,1787813791362000000,317528480
JVM.maxNativeBytes,1787813731363000000,1787813791362000000,-1
JVM.usedNativeBytes,1787813731363000000,1787813791362000000,378887616
JVM.threadCount,1787813731363000000,1787813791362000000,46
OS.loadAverage,1787813731363000000,1787813791362000000,2.36865234375
IndexesFlusher.totalFlushes,1787813731363000000,1787813791362000000,176
IndexesFlusher.totalFlushesRetried,1787813731363000000,1787813791362000000,0
Indexes.allKeys.lookupDurationMaxMs,1787813731363000000,1787813791362000000,0.0
Indexes.allKeys.lookups,1787813731363000000,1787813791362000000,0.0
VFSFlusher.totalContentionQuotaSpent,1787813731363000000,1787813791362000000,0
Indexes.stubs.lookupDurationMaxMs,1787813731363000000,1787813791362000000,0.0
Indexes.stubs.lookupDurationAvgMs,1787813731363000000,1787813791362000000,0.0
VFSFlusher.totalFlushesRetried,1787813731363000000,1787813791362000000,0
IndexesFlusher.totalContentionQuotaSpent,1787813731363000000,1787813791362000000,0
Indexes.stubs.lookups,1787813731363000000,1787813791362000000,0.0
Indexes.entries.lookups,1787813731363000000,1787813791362000000,0.0
VFSFlusher.totalFlushes,1787813731363000000,1787813791362000000,0
Indexes.allKeys.lookupDurationAvgMs,1787813731363000000,1787813791362000000,0.0
IndexesFlusher.totalFlushingTimeUs,1787813731363000000,1787813791362000000,597469
Indexes.entries.lookupDurationAvgMs,1787813731363000000,1787813791362000000,0.0
VFSFlusher.totalFlushingTimeUs,1787813731363000000,1787813791362000000,0
Indexes.allKeys.lookupDuration90PMs,1787813731363000000,1787813791362000000,0.0
Indexes.stubs.lookupDuration90PMs,1787813731363000000,1787813791362000000,0.0
Indexes.entries.lookupDurationMaxMs,1787813731363000000,1787813791362000000,0.0
Indexes.entries.lookupDuration90PMs,1787813731363000000,1787813791362000000,0.0
workspaceModel.mutableEntityStorage.entities.by.source.ms,1787813731363000000,1787813791362000000,5
workspaceModel.save.cache.to.file.ms,1787813731363000000,1787813791362000000,1983
jps.global.handle.changed.events.ms,1787813731363000000,1787813791362000000,0
jps.project.serializers.load.ms,1787813731363000000,1787813791362000000,331
jps.module.iml.entities.serializer.save.entities.ms,1787813731363000000,1787813791362000000,0
workspaceModel.moduleManagerBridge.newModule.ms,1787813731363000000,1787813791362000000,0
workspaceModel.global.apply.state.to.project.builder.ms,1787813731363000000,1787813791362000000,0
workspaceModel.orphan.listener.update.ms,1787813731363000000,1787813791362000000,14
workspaceModel.moduleManagerBridge.new.nonPersistent.module.ms,1787813731363000000,1787813791362000000,0
jps.storage.jps.conf.reader.load.component.ms,1787813731363000000,1787813791362000000,306
jps.global.get.library.by.name.ms,1787813731363000000,1787813791362000000,0
jps.global.handle.before.change.events.ms,1787813731363000000,1787813791362000000,0
jps.load.project.to.empty.storage.ms,1787813731363000000,1787813791362000000,394
workspaceModel.moduleManagerBridge.get.modules.ms,1787813731363000000,1787813791362000000,9
jps.app.storage.content.reader.load.component.ms,1787813731363000000,1787813791362000000,0
workspaceModel.mutableEntityStorage.resolve.ms,1787813731363000000,1787813791362000000,6
jps.apply.loaded.storage.ms,1787813731363000000,1787813791362000000,1235
workspaceModel.mutableEntityStorage.replace.by.source.ms,1787813731363000000,1787813791362000000,219
workspaceModel.mutableEntityStorage.modify.entity.ms,1787813731363000000,1787813791362000000,140
workspaceModel.mutableEntityStorage.add.entity.ms,1787813731363000000,1787813791362000000,424
workspaceModel.mutableEntityStorage.referrers.ms,1787813731363000000,1787813791362000000,0
workspaceModel.mutableEntityStorage.entities.ms,1787813731363000000,1787813791362000000,8
workspaceModel.mutableEntityStorage.mutable.ext.mapping.ms,1787813731363000000,1787813791362000000,24
jps.library.entities.serializer.load.entities.ms,1787813731363000000,1787813791362000000,245
workspaceModel.moduleBridge.before.changed.ms,1787813731363000000,1787813791362000000,0
jps.save.changed.project.entities.ms,1787813731363000000,1787813791362000000,1
jps.module.iml.entities.serializer.load.entities.ms,1787813731363000000,1787813791362000000,246
workspaceModel.mutableEntityStorage.to.snapshot.ms,1787813731363000000,1787813791362000000,9
workspaceModel.mutableEntityStorage.mutable.vfurl.index.ms,1787813731363000000,1787813791362000000,0
jps.save.global.entities.ms,1787813731363000000,1787813791362000000,15
workspaceModel.sync.entities.ms,1787813731363000000,1787813791362000000,0
jps.global.get.libraries.ms,1787813731363000000,1787813791362000000,9
workspaceModel.moduleManagerBridge.create.module.instance.ms,1787813731363000000,1787813791362000000,0
workspaceModel.moduleManagerBridge.build.module.graph.ms,1787813731363000000,1787813791362000000,12
workspaceModel.moduleBridge.update.option.ms,1787813731363000000,1787813791362000000,0
jps.project.serializers.save.ms,1787813731363000000,1787813791362000000,1
workspaceModel.moduleManagerBridge.set.unloadedModules.ms,1787813731363000000,1787813791362000000,0
workspaceModel.mutableEntityStorage.has.same.entities.ms,1787813731363000000,1787813791362000000,0
jps.reload.project.entities.ms,1787813731363000000,1787813791362000000,0
workspaceModel.global.apply.state.to.project.ms,1787813731363000000,1787813791362000000,43
workspaceModel.moduleManagerBridge.load.all.modules.ms,1787813731363000000,1787813791362000000,377
jps.artifact.entities.serializer.load.entities.ms,1787813731363000000,1787813791362000000,0
workspaceModel.mutableEntityStorage.collect.changes.ms,1787813731363000000,1787813791362000000,0
jps.app.storage.content.writer.save.component.ms,1787813731363000000,1787813791362000000,0
workspaceModel.load.cache.from.file.ms,1787813731363000000,1787813791362000000,295
jps.artifact.entities.serializer.save.entities.ms,1787813731363000000,1787813791362000000,0
jps.load.initial.state.ms,1787813731363000000,1787813791362000000,13
workspaceModel.global.updates.ms,1787813731363000000,1787813791362000000,0
workspaceModel.moduleBridge.facet.initialization.ms,1787813731363000000,1787813791362000000,1
jps.global.initialize.library.bridges.ms,1787813731363000000,1787813791362000000,0
workspaceModel.moduleBridgeLoader.loading.modules.ms,1787813731363000000,1787813791362000000,1349
workspaceModel.delayed.project.synchronizer.sync.ms,1787813731363000000,1787813791362000000,1674
jps.facet.change.listener.init.bridge.ms,1787813731363000000,1787813791362000000,0
workspaceModel.mutableEntityStorage.put.entity.ms,1787813731363000000,1787813791362000000,152
workspaceModel.global.updates.count,1787813731363000000,1787813791362000000,0
workspaceModel.mutableEntityStorage.add.diff.ms,1787813731363000000,1787813791362000000,54
jps.global.get.library.ms,1787813731363000000,1787813791362000000,0
workspaceModel.moduleManagerBridge.load.module.ms,1787813731363000000,1787813791362000000,0
jps.facet.change.listener.process.change.events.ms,1787813731363000000,1787813791362000000,1
jps.facet.change.listener.before.change.events.ms,1787813731363000000,1787813791362000000,0
jps.library.entities.serializer.save.entities.ms,1787813731363000000,1787813791362000000,0
jps.global.initialize.library.bridges.after.loading.ms,1787813731363000000,1787813791362000000,0
workspaceModel.mutableEntityStorage.remove.entity.ms,1787813731363000000,1787813791362000000,0
FilePageCache.totalPageDisposalsUs,1787813731363000000,1787813791362000000,0
FilePageCache.pageLoadsAboveSizeThreshold,1787813731363000000,1787813791362000000,0
FilePageCache.pageLoads,1787813731363000000,1787813791362000000,0
DirectByteBufferAllocator.reclaimed,1787813731363000000,1787813791362000000,0
DirectByteBufferAllocator.hits,1787813731363000000,1787813791362000000,0
FilePageCache.totalPageLoadsUs,1787813731363000000,1787813791362000000,0
DirectByteBufferAllocator.misses,1787813731363000000,1787813791362000000,0
StorageLockContext.competingThreads.max,1787813731363000000,1787813791362000000,0
FilePageCache.capacityInBytes,1787813731363000000,1787813791362000000,524288000
FilePageCache.pageFastCacheHits,1787813731363000000,1787813791362000000,4
FilePageCache.maxCacheSizeInBytes,1787813731363000000,1787813791362000000,267534336
FilePageCache.pageHits,1787813731363000000,1787813791362000000,0
StreamlinedBlobStorage.totalLiveRecordsCapacityBytes,1787813731363000000,1787813791362000000,0
DirectByteBufferAllocator.totalSizeOfBuffersAllocatedInBytes,1787813731363000000,1787813791362000000,267534336
StreamlinedBlobStorage.recordsRelocated,1787813731363000000,1787813791362000000,0
FilePageCache.uncachedFileAccess,1787813731363000000,1787813791362000000,0
FilePageCache.maxRegisteredFiles,1787813731363000000,1787813791362000000,617
DirectByteBufferAllocator.disposed,1787813731363000000,1787813791362000000,0
StorageLockContext.competingThreads.90P,1787813731363000000,1787813791362000000,0
StreamlinedBlobStorage.recordsDeleted,1787813731363000000,1787813791362000000,0
StreamlinedBlobStorage.totalLiveRecordsPayloadBytes,1787813731363000000,1787813791362000000,0
StreamlinedBlobStorage.recordsAllocated,1787813731363000000,1787813791362000000,0
StorageLockContext.competingThreads.avg,1787813731363000000,1787813791362000000,0.0
FilePageCache.disposedBuffers,1787813731363000000,1787813791362000000,0
DirectByteBufferAllocator.totalSizeOfBuffersCachedInBytes,1787813731363000000,1787813791362000000,0
FileNameCache.queries,1787813731363000000,1787813791362000000,105
FileNameCache.totalMisses,1787813731363000000,1787813791362000000,0
FileNameCache.fastMisses,1787813731363000000,1787813791362000000,1
FlushQueue.waitingTime90PNs,1787813731363000000,1787813791362000000,240639
FlushQueue.executionTime90PNs,1787813731363000000,1787813791362000000,127487
FlushQueue.queueSizeAvg,1787813731363000000,1787813791362000000,0.0
FlushQueue.tasksExecuted,1787813731363000000,1787813791362000000,122
AWTEventQueue.dispatchTimeAvgNs,1787813731363000000,1787813791362000000,48033.74758418741
FlushQueue.queueSizeMax,1787813731363000000,1787813791362000000,0
FlushQueue.waitingTimeMaxNs,1787813731363000000,1787813791362000000,602111
NonBlockingReadAction.failedExecutionTimeUs,1787813731363000000,1787813791362000000,0
FlushQueue.queueSize90P,1787813731363000000,1787813791362000000,0
FlushQueue.executionTimeMaxNs,1787813731363000000,1787813791362000000,12124159
AWTEventQueue.dispatchTimeMaxNs,1787813731363000000,1787813791362000000,12255231
NonBlockingReadAction.failedExecutionsCount,1787813731363000000,1787813791362000000,0
AWTEventQueue.eventsDispatched,1787813731363000000,1787813791362000000,6830
AWTEventQueue.dispatchTimeTotalNS,1787813731363000000,1787813791362000000,328070941
AWTEventQueue.dispatchTime90PNs,1787813731363000000,1787813791362000000,94719
NonBlockingReadAction.finalizedExecutionTimeUs,1787813731363000000,1787813791362000000,62167
NonBlockingReadAction.finalizedExecutionsCount,1787813731363000000,1787813791362000000,3
FlushQueue.executionTimeAvgNs,1787813731363000000,1787813791362000000,181187.1475409836
FlushQueue.waitingTimeAvgNs,1787813731363000000,1787813791362000000,157620.9836065574
workspaceModel.collect.changes.ms,1787813731363000000,1787813791362000000,0
workspaceModel.to.snapshot.ms,1787813731363000000,1787813791362000000,8
workspaceModel.init.bridges.ms,1787813731363000000,1787813791362000000,1
workspaceModel.replace.project.model.ms,1787813731363000000,1787813791362000000,0
workspaceModel.updates.ms,1787813731363000000,1787813791362000000,366
workspaceModel.updates.precise.ms,1787813731363000000,1787813791362000000,272
workspaceModel.loading.from.cache.ms,1787813731363000000,1787813791362000000,304
workspaceModel.pre.handlers.ms,1787813731363000000,1787813791362000000,2
workspaceModel.loading.total.ms,1787813731363000000,1787813791362000000,326
workspaceModel.updates.count,1787813731363000000,1787813791362000000,5
workspaceModel.initializing.ms,1787813731363000000,1787813791362000000,1
workspaceModel.update.unloaded.entities.ms,1787813731363000000,1787813791362000000,0
workspaceModel.check.recursive.update.ms,1787813731363000000,1787813791362000000,36
JVM.totalCpuTimeMs,1787813791362000000,1787813851361000000,3898
JVM.GC.collectionTimesMs,1787813791362000000,1787813851361000000,42
JVM.GC.collections,1787813791362000000,1787813851361000000,1
JVM.maxHeapBytes,1787813791362000000,1787813851361000000,2147483648
JVM.usedHeapBytes,1787813791362000000,1787813851361000000,261956352
JVM.maxNativeBytes,1787813791362000000,1787813851361000000,-1
JVM.usedNativeBytes,1787813791362000000,1787813851361000000,379036072
JVM.threadCount,1787813791362000000,1787813851361000000,45
OS.loadAverage,1787813791362000000,1787813851361000000,5.4384765625
IndexesFlusher.totalFlushes,1787813791362000000,1787813851361000000,175
IndexesFlusher.totalFlushesRetried,1787813791362000000,1787813851361000000,0
Indexes.allKeys.lookupDurationMaxMs,1787813791362000000,1787813851361000000,0.0
Indexes.allKeys.lookups,1787813791362000000,1787813851361000000,0.0
VFSFlusher.totalContentionQuotaSpent,1787813791362000000,1787813851361000000,0
Indexes.stubs.lookupDurationMaxMs,1787813791362000000,1787813851361000000,0.0
Indexes.stubs.lookupDurationAvgMs,1787813791362000000,1787813851361000000,0.0
VFSFlusher.totalFlushesRetried,1787813791362000000,1787813851361000000,0
IndexesFlusher.totalContentionQuotaSpent,1787813791362000000,1787813851361000000,0
Indexes.stubs.lookups,1787813791362000000,1787813851361000000,0.0
Indexes.entries.lookups,1787813791362000000,1787813851361000000,0.0
VFSFlusher.totalFlushes,1787813791362000000,1787813851361000000,0
Indexes.allKeys.lookupDurationAvgMs,1787813791362000000,1787813851361000000,0.0
IndexesFlusher.totalFlushingTimeUs,1787813791362000000,1787813851361000000,686219
Indexes.entries.lookupDurationAvgMs,1787813791362000000,1787813851361000000,0.0
VFSFlusher.totalFlushingTimeUs,1787813791362000000,1787813851361000000,0
Indexes.allKeys.lookupDuration90PMs,1787813791362000000,1787813851361000000,0.0
Indexes.stubs.lookupDuration90PMs,1787813791362000000,1787813851361000000,0.0
Indexes.entries.lookupDurationMaxMs,1787813791362000000,1787813851361000000,0.0
Indexes.entries.lookupDuration90PMs,1787813791362000000,1787813851361000000,0.0
workspaceModel.mutableEntityStorage.entities.by.source.ms,1787813791362000000,1787813851361000000,5
workspaceModel.save.cache.to.file.ms,1787813791362000000,1787813851361000000,1983
jps.global.handle.changed.events.ms,1787813791362000000,1787813851361000000,0
jps.project.serializers.load.ms,1787813791362000000,1787813851361000000,331
jps.module.iml.entities.serializer.save.entities.ms,1787813791362000000,1787813851361000000,0
workspaceModel.moduleManagerBridge.newModule.ms,1787813791362000000,1787813851361000000,0
workspaceModel.global.apply.state.to.project.builder.ms,1787813791362000000,1787813851361000000,0
workspaceModel.orphan.listener.update.ms,1787813791362000000,1787813851361000000,14
workspaceModel.moduleManagerBridge.new.nonPersistent.module.ms,1787813791362000000,1787813851361000000,0
jps.storage.jps.conf.reader.load.component.ms,1787813791362000000,1787813851361000000,306
jps.global.get.library.by.name.ms,1787813791362000000,1787813851361000000,0
jps.global.handle.before.change.events.ms,1787813791362000000,1787813851361000000,0
jps.load.project.to.empty.storage.ms,1787813791362000000,1787813851361000000,394
workspaceModel.moduleManagerBridge.get.modules.ms,1787813791362000000,1787813851361000000,9
jps.app.storage.content.reader.load.component.ms,1787813791362000000,1787813851361000000,0
workspaceModel.mutableEntityStorage.resolve.ms,1787813791362000000,1787813851361000000,6
jps.apply.loaded.storage.ms,1787813791362000000,1787813851361000000,1235
workspaceModel.mutableEntityStorage.replace.by.source.ms,1787813791362000000,1787813851361000000,219
workspaceModel.mutableEntityStorage.modify.entity.ms,1787813791362000000,1787813851361000000,140
workspaceModel.mutableEntityStorage.add.entity.ms,1787813791362000000,1787813851361000000,424
workspaceModel.mutableEntityStorage.referrers.ms,1787813791362000000,1787813851361000000,0
workspaceModel.mutableEntityStorage.entities.ms,1787813791362000000,1787813851361000000,8
workspaceModel.mutableEntityStorage.mutable.ext.mapping.ms,1787813791362000000,1787813851361000000,24
jps.library.entities.serializer.load.entities.ms,1787813791362000000,1787813851361000000,245
workspaceModel.moduleBridge.before.changed.ms,1787813791362000000,1787813851361000000,0
jps.save.changed.project.entities.ms,1787813791362000000,1787813851361000000,1
jps.module.iml.entities.serializer.load.entities.ms,1787813791362000000,1787813851361000000,246
workspaceModel.mutableEntityStorage.to.snapshot.ms,1787813791362000000,1787813851361000000,9
workspaceModel.mutableEntityStorage.mutable.vfurl.index.ms,1787813791362000000,1787813851361000000,0
jps.save.global.entities.ms,1787813791362000000,1787813851361000000,15
workspaceModel.sync.entities.ms,1787813791362000000,1787813851361000000,0
jps.global.get.libraries.ms,1787813791362000000,1787813851361000000,9
workspaceModel.moduleManagerBridge.create.module.instance.ms,1787813791362000000,1787813851361000000,0
workspaceModel.moduleManagerBridge.build.module.graph.ms,1787813791362000000,1787813851361000000,12
workspaceModel.moduleBridge.update.option.ms,1787813791362000000,1787813851361000000,0
jps.project.serializers.save.ms,1787813791362000000,1787813851361000000,1
workspaceModel.moduleManagerBridge.set.unloadedModules.ms,1787813791362000000,1787813851361000000,0
workspaceModel.mutableEntityStorage.has.same.entities.ms,1787813791362000000,1787813851361000000,0
jps.reload.project.entities.ms,1787813791362000000,1787813851361000000,0
workspaceModel.global.apply.state.to.project.ms,1787813791362000000,1787813851361000000,43
workspaceModel.moduleManagerBridge.load.all.modules.ms,1787813791362000000,1787813851361000000,377
jps.artifact.entities.serializer.load.entities.ms,1787813791362000000,1787813851361000000,0
workspaceModel.mutableEntityStorage.collect.changes.ms,1787813791362000000,1787813851361000000,0
jps.app.storage.content.writer.save.component.ms,1787813791362000000,1787813851361000000,0
workspaceModel.load.cache.from.file.ms,1787813791362000000,1787813851361000000,295
jps.artifact.entities.serializer.save.entities.ms,1787813791362000000,1787813851361000000,0
jps.load.initial.state.ms,1787813791362000000,1787813851361000000,13
workspaceModel.global.updates.ms,1787813791362000000,1787813851361000000,0
workspaceModel.moduleBridge.facet.initialization.ms,1787813791362000000,1787813851361000000,1
jps.global.initialize.library.bridges.ms,1787813791362000000,1787813851361000000,0
workspaceModel.moduleBridgeLoader.loading.modules.ms,1787813791362000000,1787813851361000000,1349
workspaceModel.delayed.project.synchronizer.sync.ms,1787813791362000000,1787813851361000000,1674
jps.facet.change.listener.init.bridge.ms,1787813791362000000,1787813851361000000,0
workspaceModel.mutableEntityStorage.put.entity.ms,1787813791362000000,1787813851361000000,152
workspaceModel.global.updates.count,1787813791362000000,1787813851361000000,0
workspaceModel.mutableEntityStorage.add.diff.ms,1787813791362000000,1787813851361000000,54
jps.global.get.library.ms,1787813791362000000,1787813851361000000,0
workspaceModel.moduleManagerBridge.load.module.ms,1787813791362000000,1787813851361000000,0
jps.facet.change.listener.process.change.events.ms,1787813791362000000,1787813851361000000,1
jps.facet.change.listener.before.change.events.ms,1787813791362000000,1787813851361000000,0
jps.library.entities.serializer.save.entities.ms,1787813791362000000,1787813851361000000,0
jps.global.initialize.library.bridges.after.loading.ms,1787813791362000000,1787813851361000000,0
workspaceModel.mutableEntityStorage.remove.entity.ms,1787813791362000000,1787813851361000000,0
FilePageCache.totalPageDisposalsUs,1787813791362000000,1787813851361000000,0
FilePageCache.pageLoadsAboveSizeThreshold,1787813791362000000,1787813851361000000,0
FilePageCache.pageLoads,1787813791362000000,1787813851361000000,0
DirectByteBufferAllocator.reclaimed,1787813791362000000,1787813851361000000,0
DirectByteBufferAllocator.hits,1787813791362000000,1787813851361000000,0
FilePageCache.totalPageLoadsUs,1787813791362000000,1787813851361000000,0
DirectByteBufferAllocator.misses,1787813791362000000,1787813851361000000,0
StorageLockContext.competingThreads.max,1787813791362000000,1787813851361000000,0
FilePageCache.capacityInBytes,1787813791362000000,1787813851361000000,524288000
FilePageCache.pageFastCacheHits,1787813791362000000,1787813851361000000,0
FilePageCache.maxCacheSizeInBytes,1787813791362000000,1787813851361000000,267534336
FilePageCache.pageHits,1787813791362000000,1787813851361000000,0
StreamlinedBlobStorage.totalLiveRecordsCapacityBytes,1787813791362000000,1787813851361000000,0
DirectByteBufferAllocator.totalSizeOfBuffersAllocatedInBytes,1787813791362000000,1787813851361000000,267534336
StreamlinedBlobStorage.recordsRelocated,1787813791362000000,1787813851361000000,0
FilePageCache.uncachedFileAccess,1787813791362000000,1787813851361000000,0
FilePageCache.maxRegisteredFiles,1787813791362000000,1787813851361000000,617
DirectByteBufferAllocator.disposed,1787813791362000000,1787813851361000000,0
StorageLockContext.competingThreads.90P,1787813791362000000,1787813851361000000,0
StreamlinedBlobStorage.recordsDeleted,1787813791362000000,1787813851361000000,0
StreamlinedBlobStorage.totalLiveRecordsPayloadBytes,1787813791362000000,1787813851361000000,0
StreamlinedBlobStorage.recordsAllocated,1787813791362000000,1787813851361000000,0
StorageLockContext.competingThreads.avg,1787813791362000000,1787813851361000000,0.0
FilePageCache.disposedBuffers,1787813791362000000,1787813851361000000,0
DirectByteBufferAllocator.totalSizeOfBuffersCachedInBytes,1787813791362000000,1787813851361000000,0
FileNameCache.queries,1787813791362000000,1787813851361000000,611
FileNameCache.totalMisses,1787813791362000000,1787813851361000000,0
FileNameCache.fastMisses,1787813791362000000,1787813851361000000,1
FlushQueue.waitingTime90PNs,1787813791362000000,1787813851361000000,708607
FlushQueue.executionTime90PNs,1787813791362000000,1787813851361000000,548863
FlushQueue.queueSizeAvg,1787813791362000000,1787813851361000000,0.0
FlushQueue.tasksExecuted,1787813791362000000,1787813851361000000,121
AWTEventQueue.dispatchTimeAvgNs,1787813791362000000,1787813851361000000,64885.32524201705
FlushQueue.queueSizeMax,1787813791362000000,1787813851361000000,0
FlushQueue.waitingTimeMaxNs,1787813791362000000,1787813851361000000,13238271
NonBlockingReadAction.failedExecutionTimeUs,1787813791362000000,1787813851361000000,0
FlushQueue.queueSize90P,1787813791362000000,1787813851361000000,0
FlushQueue.executionTimeMaxNs,1787813791362000000,1787813851361000000,10878975
AWTEventQueue.dispatchTimeMaxNs,1787813791362000000,1787813851361000000,15073279
NonBlockingReadAction.failedExecutionsCount,1787813791362000000,1787813851361000000,0
AWTEventQueue.eventsDispatched,1787813791362000000,1787813851361000000,6921
AWTEventQueue.dispatchTimeTotalNS,1787813791362000000,1787813851361000000,449145508
AWTEventQueue.dispatchTime90PNs,1787813791362000000,1787813851361000000,120319
NonBlockingReadAction.finalizedExecutionTimeUs,1787813791362000000,1787813851361000000,0
NonBlockingReadAction.finalizedExecutionsCount,1787813791362000000,1787813851361000000,0
FlushQueue.executionTimeAvgNs,1787813791362000000,1787813851361000000,284070.0826446281
FlushQueue.waitingTimeAvgNs,1787813791362000000,1787813851361000000,505011.8347107438
workspaceModel.collect.changes.ms,1787813791362000000,1787813851361000000,0
workspaceModel.to.snapshot.ms,1787813791362000000,1787813851361000000,8
workspaceModel.init.bridges.ms,1787813791362000000,1787813851361000000,1
workspaceModel.replace.project.model.ms,1787813791362000000,1787813851361000000,0
workspaceModel.updates.ms,1787813791362000000,1787813851361000000,366
workspaceModel.updates.precise.ms,1787813791362000000,1787813851361000000,272
workspaceModel.loading.from.cache.ms,1787813791362000000,1787813851361000000,304
workspaceModel.pre.handlers.ms,1787813791362000000,1787813851361000000,2
workspaceModel.loading.total.ms,1787813791362000000,1787813851361000000,326
workspaceModel.updates.count,1787813791362000000,1787813851361000000,5
workspaceModel.initializing.ms,1787813791362000000,1787813851361000000,1
workspaceModel.update.unloaded.entities.ms,1787813791362000000,1787813851361000000,0
workspaceModel.check.recursive.update.ms,1787813791362000000,1787813851361000000,36
JVM.totalCpuTimeMs,1787813851361000000,1787813911366000000,2556
JVM.GC.collectionTimesMs,1787813851361000000,1787813911366000000,0
JVM.GC.collections,1787813851361000000,1787813911366000000,0
JVM.maxHeapBytes,1787813851361000000,1787813911366000000,2147483648
JVM.usedHeapBytes,1787813851361000000,1787813911366000000,310190848
JVM.maxNativeBytes,1787813851361000000,1787813911366000000,-1
JVM.usedNativeBytes,1787813851361000000,1787813911366000000,379058360
JVM.threadCount,1787813851361000000,1787813911366000000,43
OS.loadAverage,1787813851361000000,1787813911366000000,4.591796875
IndexesFlusher.totalFlushes,1787813851361000000,1787813911366000000,175
IndexesFlusher.totalFlushesRetried,1787813851361000000,1787813911366000000,0
Indexes.allKeys.lookupDurationMaxMs,1787813851361000000,1787813911366000000,0.0
Indexes.allKeys.lookups,1787813851361000000,1787813911366000000,0.0
VFSFlusher.totalContentionQuotaSpent,1787813851361000000,1787813911366000000,0
Indexes.stubs.lookupDurationMaxMs,1787813851361000000,1787813911366000000,0.0
Indexes.stubs.lookupDurationAvgMs,1787813851361000000,1787813911366000000,0.0
VFSFlusher.totalFlushesRetried,1787813851361000000,1787813911366000000,0
IndexesFlusher.totalContentionQuotaSpent,1787813851361000000,1787813911366000000,0
Indexes.stubs.lookups,1787813851361000000,1787813911366000000,0.0
Indexes.entries.lookups,1787813851361000000,1787813911366000000,0.0
VFSFlusher.totalFlushes,1787813851361000000,1787813911366000000,0
Indexes.allKeys.lookupDurationAvgMs,1787813851361000000,1787813911366000000,0.0
IndexesFlusher.totalFlushingTimeUs,1787813851361000000,1787813911366000000,649638
Indexes.entries.lookupDurationAvgMs,1787813851361000000,1787813911366000000,0.0
VFSFlusher.totalFlushingTimeUs,1787813851361000000,1787813911366000000,0
Indexes.allKeys.lookupDuration90PMs,1787813851361000000,1787813911366000000,0.0
Indexes.stubs.lookupDuration90PMs,1787813851361000000,1787813911366000000,0.0
Indexes.entries.lookupDurationMaxMs,1787813851361000000,1787813911366000000,0.0
Indexes.entries.lookupDuration90PMs,1787813851361000000,1787813911366000000,0.0
workspaceModel.mutableEntityStorage.entities.by.source.ms,1787813851361000000,1787813911366000000,5
workspaceModel.save.cache.to.file.ms,1787813851361000000,1787813911366000000,1983
jps.global.handle.changed.events.ms,1787813851361000000,1787813911366000000,0
jps.project.serializers.load.ms,1787813851361000000,1787813911366000000,331
jps.module.iml.entities.serializer.save.entities.ms,1787813851361000000,1787813911366000000,0
workspaceModel.moduleManagerBridge.newModule.ms,1787813851361000000,1787813911366000000,0
workspaceModel.global.apply.state.to.project.builder.ms,1787813851361000000,1787813911366000000,0
workspaceModel.orphan.listener.update.ms,1787813851361000000,1787813911366000000,14
workspaceModel.moduleManagerBridge.new.nonPersistent.module.ms,1787813851361000000,1787813911366000000,0
jps.storage.jps.conf.reader.load.component.ms,1787813851361000000,1787813911366000000,306
jps.global.get.library.by.name.ms,1787813851361000000,1787813911366000000,0
jps.global.handle.before.change.events.ms,1787813851361000000,1787813911366000000,0
jps.load.project.to.empty.storage.ms,1787813851361000000,1787813911366000000,394
workspaceModel.moduleManagerBridge.get.modules.ms,1787813851361000000,1787813911366000000,9
jps.app.storage.content.reader.load.component.ms,1787813851361000000,1787813911366000000,0
workspaceModel.mutableEntityStorage.resolve.ms,1787813851361000000,1787813911366000000,6
jps.apply.loaded.storage.ms,1787813851361000000,1787813911366000000,1235
workspaceModel.mutableEntityStorage.replace.by.source.ms,1787813851361000000,1787813911366000000,219
workspaceModel.mutableEntityStorage.modify.entity.ms,1787813851361000000,1787813911366000000,140
workspaceModel.mutableEntityStorage.add.entity.ms,1787813851361000000,1787813911366000000,424
workspaceModel.mutableEntityStorage.referrers.ms,1787813851361000000,1787813911366000000,0
workspaceModel.mutableEntityStorage.entities.ms,1787813851361000000,1787813911366000000,8
workspaceModel.mutableEntityStorage.mutable.ext.mapping.ms,1787813851361000000,1787813911366000000,24
jps.library.entities.serializer.load.entities.ms,1787813851361000000,1787813911366000000,245
workspaceModel.moduleBridge.before.changed.ms,1787813851361000000,1787813911366000000,0
jps.save.changed.project.entities.ms,1787813851361000000,1787813911366000000,1
jps.module.iml.entities.serializer.load.entities.ms,1787813851361000000,1787813911366000000,246
workspaceModel.mutableEntityStorage.to.snapshot.ms,1787813851361000000,1787813911366000000,9
workspaceModel.mutableEntityStorage.mutable.vfurl.index.ms,1787813851361000000,1787813911366000000,0
jps.save.global.entities.ms,1787813851361000000,1787813911366000000,15
workspaceModel.sync.entities.ms,1787813851361000000,1787813911366000000,0
jps.global.get.libraries.ms,1787813851361000000,1787813911366000000,9
workspaceModel.moduleManagerBridge.create.module.instance.ms,1787813851361000000,1787813911366000000,0
workspaceModel.moduleManagerBridge.build.module.graph.ms,1787813851361000000,1787813911366000000,12
workspaceModel.moduleBridge.update.option.ms,1787813851361000000,1787813911366000000,0
jps.project.serializers.save.ms,1787813851361000000,1787813911366000000,1
workspaceModel.moduleManagerBridge.set.unloadedModules.ms,1787813851361000000,1787813911366000000,0
workspaceModel.mutableEntityStorage.has.same.entities.ms,1787813851361000000,1787813911366000000,0
jps.reload.project.entities.ms,1787813851361000000,1787813911366000000,0
workspaceModel.global.apply.state.to.project.ms,1787813851361000000,1787813911366000000,43
workspaceModel.moduleManagerBridge.load.all.modules.ms,1787813851361000000,1787813911366000000,377
jps.artifact.entities.serializer.load.entities.ms,1787813851361000000,1787813911366000000,0
workspaceModel.mutableEntityStorage.collect.changes.ms,1787813851361000000,1787813911366000000,0
jps.app.storage.content.writer.save.component.ms,1787813851361000000,1787813911366000000,0
workspaceModel.load.cache.from.file.ms,1787813851361000000,1787813911366000000,295
jps.artifact.entities.serializer.save.entities.ms,1787813851361000000,1787813911366000000,0
jps.load.initial.state.ms,1787813851361000000,1787813911366000000,13
workspaceModel.global.updates.ms,1787813851361000000,1787813911366000000,0
workspaceModel.moduleBridge.facet.initialization.ms,1787813851361000000,1787813911366000000,1
jps.global.initialize.library.bridges.ms,1787813851361000000,1787813911366000000,0
workspaceModel.moduleBridgeLoader.loading.modules.ms,1787813851361000000,1787813911366000000,1349
workspaceModel.delayed.project.synchronizer.sync.ms,1787813851361000000,1787813911366000000,1674
jps.facet.change.listener.init.bridge.ms,1787813851361000000,1787813911366000000,0
workspaceModel.mutableEntityStorage.put.entity.ms,1787813851361000000,1787813911366000000,152
workspaceModel.global.updates.count,1787813851361000000,1787813911366000000,0
workspaceModel.mutableEntityStorage.add.diff.ms,1787813851361000000,1787813911366000000,54
jps.global.get.library.ms,1787813851361000000,1787813911366000000,0
workspaceModel.moduleManagerBridge.load.module.ms,1787813851361000000,1787813911366000000,0
jps.facet.change.listener.process.change.events.ms,1787813851361000000,1787813911366000000,1
jps.facet.change.listener.before.change.events.ms,1787813851361000000,1787813911366000000,0
jps.library.entities.serializer.save.entities.ms,1787813851361000000,1787813911366000000,0
jps.global.initialize.library.bridges.after.loading.ms,1787813851361000000,1787813911366000000,0
workspaceModel.mutableEntityStorage.remove.entity.ms,1787813851361000000,1787813911366000000,0
FilePageCache.totalPageDisposalsUs,1787813851361000000,1787813911366000000,0
FilePageCache.pageLoadsAboveSizeThreshold,1787813851361000000,1787813911366000000,0
FilePageCache.pageLoads,1787813851361000000,1787813911366000000,0
DirectByteBufferAllocator.reclaimed,1787813851361000000,1787813911366000000,0
DirectByteBufferAllocator.hits,1787813851361000000,1787813911366000000,0
FilePageCache.totalPageLoadsUs,1787813851361000000,1787813911366000000,0
DirectByteBufferAllocator.misses,1787813851361000000,1787813911366000000,0
StorageLockContext.competingThreads.max,1787813851361000000,1787813911366000000,0
FilePageCache.capacityInBytes,1787813851361000000,1787813911366000000,524288000
FilePageCache.pageFastCacheHits,1787813851361000000,1787813911366000000,0
FilePageCache.maxCacheSizeInBytes,1787813851361000000,1787813911366000000,267534336
FilePageCache.pageHits,1787813851361000000,1787813911366000000,0
StreamlinedBlobStorage.totalLiveRecordsCapacityBytes,1787813851361000000,1787813911366000000,0
DirectByteBufferAllocator.totalSizeOfBuffersAllocatedInBytes,1787813851361000000,1787813911366000000,267534336
StreamlinedBlobStorage.recordsRelocated,1787813851361000000,1787813911366000000,0
FilePageCache.uncachedFileAccess,1787813851361000000,1787813911366000000,0
FilePageCache.maxRegisteredFiles,1787813851361000000,1787813911366000000,617
DirectByteBufferAllocator.disposed,1787813851361000000,1787813911366000000,0
StorageLockContext.competingThreads.90P,1787813851361000000,1787813911366000000,0
StreamlinedBlobStorage.recordsDeleted,1787813851361000000,1787813911366000000,0
StreamlinedBlobStorage.totalLiveRecordsPayloadBytes,1787813851361000000,1787813911366000000,0
StreamlinedBlobStorage.recordsAllocated,1787813851361000000,1787813911366000000,0
StorageLockContext.competingThreads.avg,1787813851361000000,1787813911366000000,0.0
FilePageCache.disposedBuffers,1787813851361000000,1787813911366000000,0
DirectByteBufferAllocator.totalSizeOfBuffersCachedInBytes,1787813851361000000,1787813911366000000,0
FileNameCache.queries,1787813851361000000,1787813911366000000,676
FileNameCache.totalMisses,1787813851361000000,1787813911366000000,0
FileNameCache.fastMisses,1787813851361000000,1787813911366000000,0
FlushQueue.waitingTime90PNs,1787813851361000000,1787813911366000000,344063
FlushQueue.executionTime90PNs,1787813851361000000,1787813911366000000,301055
FlushQueue.queueSizeAvg,1787813851361000000,1787813911366000000,0.0
FlushQueue.tasksExecuted,1787813851361000000,1787813911366000000,120
AWTEventQueue.dispatchTimeAvgNs,1787813851361000000,1787813911366000000,47059.95683872849
FlushQueue.queueSizeMax,1787813851361000000,1787813911366000000,0
FlushQueue.waitingTimeMaxNs,1787813851361000000,1787813911366000000,1490943
NonBlockingReadAction.failedExecutionTimeUs,1787813851361000000,1787813911366000000,0
FlushQueue.queueSize90P,1787813851361000000,1787813911366000000,0
FlushQueue.executionTimeMaxNs,1787813851361000000,1787813911366000000,1728511
AWTEventQueue.dispatchTimeMaxNs,1787813851361000000,1787813911366000000,8323071
NonBlockingReadAction.failedExecutionsCount,1787813851361000000,1787813911366000000,0
AWTEventQueue.eventsDispatched,1787813851361000000,1787813911366000000,6858
AWTEventQueue.dispatchTimeTotalNS,1787813851361000000,1787813911366000000,322976438
AWTEventQueue.dispatchTime90PNs,1787813851361000000,1787813911366000000,95743
NonBlockingReadAction.finalizedExecutionTimeUs,1787813851361000000,1787813911366000000,0
NonBlockingReadAction.finalizedExecutionsCount,1787813851361000000,1787813911366000000,0
FlushQueue.executionTimeAvgNs,1787813851361000000,1787813911366000000,134804.0
FlushQueue.waitingTimeAvgNs,1787813851361000000,1787813911366000000,194275.2
workspaceModel.collect.changes.ms,1787813851361000000,1787813911366000000,0
workspaceModel.to.snapshot.ms,1787813851361000000,1787813911366000000,8
workspaceModel.init.bridges.ms,1787813851361000000,1787813911366000000,1
workspaceModel.replace.project.model.ms,1787813851361000000,1787813911366000000,0
workspaceModel.updates.ms,1787813851361000000,1787813911366000000,366
workspaceModel.updates.precise.ms,1787813851361000000,1787813911366000000,272
workspaceModel.loading.from.cache.ms,1787813851361000000,1787813911366000000,304
workspaceModel.pre.handlers.ms,1787813851361000000,1787813911366000000,2
workspaceModel.loading.total.ms,1787813851361000000,1787813911366000000,326
workspaceModel.updates.count,1787813851361000000,1787813911366000000,5
workspaceModel.initializing.ms,1787813851361000000,1787813911366000000,1
workspaceModel.update.unloaded.entities.ms,1787813851361000000,1787813911366000000,0
workspaceModel.check.recursive.update.ms,1787813851361000000,1787813911366000000,36
JVM.totalCpuTimeMs,1787813911366000000,1787813971371000000,4706
JVM.GC.collectionTimesMs,1787813911366000000,1787813971371000000,44
JVM.GC.collections,1787813911366000000,1787813971371000000,1
JVM.maxHeapBytes,1787813911366000000,1787813971371000000,2147483648
JVM.usedHeapBytes,1787813911366000000,1787813971371000000,250350760
JVM.maxNativeBytes,1787813911366000000,1787813971371000000,-1
JVM.usedNativeBytes,1787813911366000000,1787813971371000000,377750552
JVM.threadCount,1787813911366000000,1787813971371000000,43
OS.loadAverage,1787813911366000000,1787813971371000000,3.857421875
IndexesFlusher.totalFlushes,1787813911366000000,1787813971371000000,136
IndexesFlusher.totalFlushesRetried,1787813911366000000,1787813971371000000,0
Indexes.allKeys.lookupDurationMaxMs,1787813911366000000,1787813971371000000,0.0
Indexes.allKeys.lookups,1787813911366000000,1787813971371000000,0.0
VFSFlusher.totalContentionQuotaSpent,1787813911366000000,1787813971371000000,0
Indexes.stubs.lookupDurationMaxMs,1787813911366000000,1787813971371000000,0.0
Indexes.stubs.lookupDurationAvgMs,1787813911366000000,1787813971371000000,0.0
VFSFlusher.totalFlushesRetried,1787813911366000000,1787813971371000000,0
IndexesFlusher.totalContentionQuotaSpent,1787813911366000000,1787813971371000000,0
Indexes.stubs.lookups,1787813911366000000,1787813971371000000,0.0
Indexes.entries.lookups,1787813911366000000,1787813971371000000,0.0
VFSFlusher.totalFlushes,1787813911366000000,1787813971371000000,0
Indexes.allKeys.lookupDurationAvgMs,1787813911366000000,1787813971371000000,0.0
IndexesFlusher.totalFlushingTimeUs,1787813911366000000,1787813971371000000,693519
Indexes.entries.lookupDurationAvgMs,1787813911366000000,1787813971371000000,0.0
VFSFlusher.totalFlushingTimeUs,1787813911366000000,1787813971371000000,0
Indexes.allKeys.lookupDuration90PMs,1787813911366000000,1787813971371000000,0.0
Indexes.stubs.lookupDuration90PMs,1787813911366000000,1787813971371000000,0.0
Indexes.entries.lookupDurationMaxMs,1787813911366000000,1787813971371000000,0.0
Indexes.entries.lookupDuration90PMs,1787813911366000000,1787813971371000000,0.0
workspaceModel.mutableEntityStorage.entities.by.source.ms,1787813911366000000,1787813971371000000,5
workspaceModel.save.cache.to.file.ms,1787813911366000000,1787813971371000000,1983
jps.global.handle.changed.events.ms,1787813911366000000,1787813971371000000,0
jps.project.serializers.load.ms,1787813911366000000,1787813971371000000,331
jps.module.iml.entities.serializer.save.entities.ms,1787813911366000000,1787813971371000000,0
workspaceModel.moduleManagerBridge.newModule.ms,1787813911366000000,1787813971371000000,0
workspaceModel.global.apply.state.to.project.builder.ms,1787813911366000000,1787813971371000000,0
workspaceModel.orphan.listener.update.ms,1787813911366000000,1787813971371000000,14
workspaceModel.moduleManagerBridge.new.nonPersistent.module.ms,1787813911366000000,1787813971371000000,0
jps.storage.jps.conf.reader.load.component.ms,1787813911366000000,1787813971371000000,306
jps.global.get.library.by.name.ms,1787813911366000000,1787813971371000000,0
jps.global.handle.before.change.events.ms,1787813911366000000,1787813971371000000,0
jps.load.project.to.empty.storage.ms,1787813911366000000,1787813971371000000,394
workspaceModel.moduleManagerBridge.get.modules.ms,1787813911366000000,1787813971371000000,9
jps.app.storage.content.reader.load.component.ms,1787813911366000000,1787813971371000000,0
workspaceModel.mutableEntityStorage.resolve.ms,1787813911366000000,1787813971371000000,6
jps.apply.loaded.storage.ms,1787813911366000000,1787813971371000000,1235
workspaceModel.mutableEntityStorage.replace.by.source.ms,1787813911366000000,1787813971371000000,219
workspaceModel.mutableEntityStorage.modify.entity.ms,1787813911366000000,1787813971371000000,140
workspaceModel.mutableEntityStorage.add.entity.ms,1787813911366000000,1787813971371000000,424
workspaceModel.mutableEntityStorage.referrers.ms,1787813911366000000,1787813971371000000,0
workspaceModel.mutableEntityStorage.entities.ms,1787813911366000000,1787813971371000000,8
workspaceModel.mutableEntityStorage.mutable.ext.mapping.ms,1787813911366000000,1787813971371000000,24
jps.library.entities.serializer.load.entities.ms,1787813911366000000,1787813971371000000,245
workspaceModel.moduleBridge.before.changed.ms,1787813911366000000,1787813971371000000,0
jps.save.changed.project.entities.ms,1787813911366000000,1787813971371000000,1
jps.module.iml.entities.serializer.load.entities.ms,1787813911366000000,1787813971371000000,246
workspaceModel.mutableEntityStorage.to.snapshot.ms,1787813911366000000,1787813971371000000,9
workspaceModel.mutableEntityStorage.mutable.vfurl.index.ms,1787813911366000000,1787813971371000000,0
jps.save.global.entities.ms,1787813911366000000,1787813971371000000,15
workspaceModel.sync.entities.ms,1787813911366000000,1787813971371000000,0
jps.global.get.libraries.ms,1787813911366000000,1787813971371000000,9
workspaceModel.moduleManagerBridge.create.module.instance.ms,1787813911366000000,1787813971371000000,0
workspaceModel.moduleManagerBridge.build.module.graph.ms,1787813911366000000,1787813971371000000,12
workspaceModel.moduleBridge.update.option.ms,1787813911366000000,1787813971371000000,0
jps.project.serializers.save.ms,1787813911366000000,1787813971371000000,1
workspaceModel.moduleManagerBridge.set.unloadedModules.ms,1787813911366000000,1787813971371000000,0
workspaceModel.mutableEntityStorage.has.same.entities.ms,1787813911366000000,1787813971371000000,0
jps.reload.project.entities.ms,1787813911366000000,1787813971371000000,0
workspaceModel.global.apply.state.to.project.ms,1787813911366000000,1787813971371000000,43
workspaceModel.moduleManagerBridge.load.all.modules.ms,1787813911366000000,1787813971371000000,377
jps.artifact.entities.serializer.load.entities.ms,1787813911366000000,1787813971371000000,0
workspaceModel.mutableEntityStorage.collect.changes.ms,1787813911366000000,1787813971371000000,0
jps.app.storage.content.writer.save.component.ms,1787813911366000000,1787813971371000000,0
workspaceModel.load.cache.from.file.ms,1787813911366000000,1787813971371000000,295
jps.artifact.entities.serializer.save.entities.ms,1787813911366000000,1787813971371000000,0
jps.load.initial.state.ms,1787813911366000000,1787813971371000000,13
workspaceModel.global.updates.ms,1787813911366000000,1787813971371000000,0
workspaceModel.moduleBridge.facet.initialization.ms,1787813911366000000,1787813971371000000,1
jps.global.initialize.library.bridges.ms,1787813911366000000,1787813971371000000,0
workspaceModel.moduleBridgeLoader.loading.modules.ms,1787813911366000000,1787813971371000000,1349
workspaceModel.delayed.project.synchronizer.sync.ms,1787813911366000000,1787813971371000000,1674
jps.facet.change.listener.init.bridge.ms,1787813911366000000,1787813971371000000,0
workspaceModel.mutableEntityStorage.put.entity.ms,1787813911366000000,1787813971371000000,152
workspaceModel.global.updates.count,1787813911366000000,1787813971371000000,0
workspaceModel.mutableEntityStorage.add.diff.ms,1787813911366000000,1787813971371000000,54
jps.global.get.library.ms,1787813911366000000,1787813971371000000,0
workspaceModel.moduleManagerBridge.load.module.ms,1787813911366000000,1787813971371000000,0
jps.facet.change.listener.process.change.events.ms,1787813911366000000,1787813971371000000,1
jps.facet.change.listener.before.change.events.ms,1787813911366000000,1787813971371000000,0
jps.library.entities.serializer.save.entities.ms,1787813911366000000,1787813971371000000,0
jps.global.initialize.library.bridges.after.loading.ms,1787813911366000000,1787813971371000000,0
workspaceModel.mutableEntityStorage.remove.entity.ms,1787813911366000000,1787813971371000000,0
FilePageCache.totalPageDisposalsUs,1787813911366000000,1787813971371000000,0
FilePageCache.pageLoadsAboveSizeThreshold,1787813911366000000,1787813971371000000,0
FilePageCache.pageLoads,1787813911366000000,1787813971371000000,0
DirectByteBufferAllocator.reclaimed,1787813911366000000,1787813971371000000,0
DirectByteBufferAllocator.hits,1787813911366000000,1787813971371000000,0
FilePageCache.totalPageLoadsUs,1787813911366000000,1787813971371000000,0
DirectByteBufferAllocator.misses,1787813911366000000,1787813971371000000,0
StorageLockContext.competingThreads.max,1787813911366000000,1787813971371000000,0
FilePageCache.capacityInBytes,1787813911366000000,1787813971371000000,524288000
FilePageCache.pageFastCacheHits,1787813911366000000,1787813971371000000,0
FilePageCache.maxCacheSizeInBytes,1787813911366000000,1787813971371000000,267534336
FilePageCache.pageHits,1787813911366000000,1787813971371000000,0
StreamlinedBlobStorage.totalLiveRecordsCapacityBytes,1787813911366000000,1787813971371000000,0
DirectByteBufferAllocator.totalSizeOfBuffersAllocatedInBytes,1787813911366000000,1787813971371000000,267534336
StreamlinedBlobStorage.recordsRelocated,1787813911366000000,1787813971371000000,0
FilePageCache.uncachedFileAccess,1787813911366000000,1787813971371000000,0
FilePageCache.maxRegisteredFiles,1787813911366000000,1787813971371000000,617
DirectByteBufferAllocator.disposed,1787813911366000000,1787813971371000000,0
StorageLockContext.competingThreads.90P,1787813911366000000,1787813971371000000,0
StreamlinedBlobStorage.recordsDeleted,1787813911366000000,1787813971371000000,0
StreamlinedBlobStorage.totalLiveRecordsPayloadBytes,1787813911366000000,1787813971371000000,0
StreamlinedBlobStorage.recordsAllocated,1787813911366000000,1787813971371000000,0
StorageLockContext.competingThreads.avg,1787813911366000000,1787813971371000000,0.0
FilePageCache.disposedBuffers,1787813911366000000,1787813971371000000,0
DirectByteBufferAllocator.totalSizeOfBuffersCachedInBytes,1787813911366000000,1787813971371000000,0
FileNameCache.queries,1787813911366000000,1787813971371000000,0
FileNameCache.totalMisses,1787813911366000000,1787813971371000000,0
FileNameCache.fastMisses,1787813911366000000,1787813971371000000,0
FlushQueue.waitingTime90PNs,1787813911366000000,1787813971371000000,257023
FlushQueue.executionTime90PNs,1787813911366000000,1787813971371000000,136191
FlushQueue.queueSizeAvg,1787813911366000000,1787813971371000000,0.0
FlushQueue.tasksExecuted,1787813911366000000,1787813971371000000,120
AWTEventQueue.dispatchTimeAvgNs,1787813911366000000,1787813971371000000,62400.220129487934
FlushQueue.queueSizeMax,1787813911366000000,1787813971371000000,0
FlushQueue.waitingTimeMaxNs,1787813911366000000,1787813971371000000,7176191
NonBlockingReadAction.failedExecutionTimeUs,1787813911366000000,1787813971371000000,0
FlushQueue.queueSize90P,1787813911366000000,1787813971371000000,0
FlushQueue.executionTimeMaxNs,1787813911366000000,1787813971371000000,13041663
AWTEventQueue.dispatchTimeMaxNs,1787813911366000000,1787813971371000000,23330815
NonBlockingReadAction.failedExecutionsCount,1787813911366000000,1787813971371000000,0
AWTEventQueue.eventsDispatched,1787813911366000000,1787813971371000000,6796
AWTEventQueue.dispatchTimeTotalNS,1787813911366000000,1787813971371000000,424210347
AWTEventQueue.dispatchTime90PNs,1787813911366000000,1787813971371000000,113663
NonBlockingReadAction.finalizedExecutionTimeUs,1787813911366000000,1787813971371000000,0
NonBlockingReadAction.finalizedExecutionsCount,1787813911366000000,1787813971371000000,0
FlushQueue.executionTimeAvgNs,1787813911366000000,1787813971371000000,199052.53333333333
FlushQueue.waitingTimeAvgNs,1787813911366000000,1787813971371000000,248714.66666666666
workspaceModel.collect.changes.ms,1787813911366000000,1787813971371000000,0
workspaceModel.to.snapshot.ms,1787813911366000000,1787813971371000000,8
workspaceModel.init.bridges.ms,1787813911366000000,1787813971371000000,1
workspaceModel.replace.project.model.ms,1787813911366000000,1787813971371000000,0
workspaceModel.updates.ms,1787813911366000000,1787813971371000000,366
workspaceModel.updates.precise.ms,1787813911366000000,1787813971371000000,272
workspaceModel.loading.from.cache.ms,1787813911366000000,1787813971371000000,304
workspaceModel.pre.handlers.ms,1787813911366000000,1787813971371000000,2
workspaceModel.loading.total.ms,1787813911366000000,1787813971371000000,326
workspaceModel.updates.count,1787813911366000000,1787813971371000000,5
workspaceModel.initializing.ms,1787813911366000000,1787813971371000000,1
workspaceModel.update.unloaded.entities.ms,1787813911366000000,1787813971371000000,0
workspaceModel.check.recursive.update.ms,1787813911366000000,1787813971371000000,36
JVM.totalCpuTimeMs,1787813971371000000,1787814031366000000,3552
JVM.GC.collectionTimesMs,1787813971371000000,1787814031366000000,0
JVM.GC.collections,1787813971371000000,1787814031366000000,0
JVM.maxHeapBytes,1787813971371000000,1787814031366000000,2147483648
JVM.usedHeapBytes,1787813971371000000,1787814031366000000,299633832
JVM.maxNativeBytes,1787813971371000000,1787814031366000000,-1
JVM.usedNativeBytes,1787813971371000000,1787814031366000000,377861024
JVM.threadCount,1787813971371000000,1787814031366000000,42
OS.loadAverage,1787813971371000000,1787814031366000000,3.6845703125
IndexesFlusher.totalFlushes,1787813971371000000,1787814031366000000,117
IndexesFlusher.totalFlushesRetried,1787813971371000000,1787814031366000000,0
Indexes.allKeys.lookupDurationMaxMs,1787813971371000000,1787814031366000000,0.0
Indexes.allKeys.lookups,1787813971371000000,1787814031366000000,0.0
VFSFlusher.totalContentionQuotaSpent,1787813971371000000,1787814031366000000,0
Indexes.stubs.lookupDurationMaxMs,1787813971371000000,1787814031366000000,0.0
Indexes.stubs.lookupDurationAvgMs,1787813971371000000,1787814031366000000,0.0
VFSFlusher.totalFlushesRetried,1787813971371000000,1787814031366000000,0
IndexesFlusher.totalContentionQuotaSpent,1787813971371000000,1787814031366000000,0
Indexes.stubs.lookups,1787813971371000000,1787814031366000000,0.0
Indexes.entries.lookups,1787813971371000000,1787814031366000000,0.0
VFSFlusher.totalFlushes,1787813971371000000,1787814031366000000,0
Indexes.allKeys.lookupDurationAvgMs,1787813971371000000,1787814031366000000,0.0
IndexesFlusher.totalFlushingTimeUs,1787813971371000000,1787814031366000000,610405
Indexes.entries.lookupDurationAvgMs,1787813971371000000,1787814031366000000,0.0
VFSFlusher.totalFlushingTimeUs,1787813971371000000,1787814031366000000,0
Indexes.allKeys.lookupDuration90PMs,1787813971371000000,1787814031366000000,0.0
Indexes.stubs.lookupDuration90PMs,1787813971371000000,1787814031366000000,0.0
Indexes.entries.lookupDurationMaxMs,1787813971371000000,1787814031366000000,0.0
Indexes.entries.lookupDuration90PMs,1787813971371000000,1787814031366000000,0.0
workspaceModel.mutableEntityStorage.entities.by.source.ms,1787813971371000000,1787814031366000000,5
workspaceModel.save.cache.to.file.ms,1787813971371000000,1787814031366000000,1983
jps.global.handle.changed.events.ms,1787813971371000000,1787814031366000000,0
jps.project.serializers.load.ms,1787813971371000000,1787814031366000000,331
jps.module.iml.entities.serializer.save.entities.ms,1787813971371000000,1787814031366000000,0
workspaceModel.moduleManagerBridge.newModule.ms,1787813971371000000,1787814031366000000,0
workspaceModel.global.apply.state.to.project.builder.ms,1787813971371000000,1787814031366000000,0
workspaceModel.orphan.listener.update.ms,1787813971371000000,1787814031366000000,14
workspaceModel.moduleManagerBridge.new.nonPersistent.module.ms,1787813971371000000,1787814031366000000,0
jps.storage.jps.conf.reader.load.component.ms,1787813971371000000,1787814031366000000,306
jps.global.get.library.by.name.ms,1787813971371000000,1787814031366000000,0
jps.global.handle.before.change.events.ms,1787813971371000000,1787814031366000000,0
jps.load.project.to.empty.storage.ms,1787813971371000000,1787814031366000000,394
workspaceModel.moduleManagerBridge.get.modules.ms,1787813971371000000,1787814031366000000,9
jps.app.storage.content.reader.load.component.ms,1787813971371000000,1787814031366000000,0
workspaceModel.mutableEntityStorage.resolve.ms,1787813971371000000,1787814031366000000,6
jps.apply.loaded.storage.ms,1787813971371000000,1787814031366000000,1235
workspaceModel.mutableEntityStorage.replace.by.source.ms,1787813971371000000,1787814031366000000,219
workspaceModel.mutableEntityStorage.modify.entity.ms,1787813971371000000,1787814031366000000,140
workspaceModel.mutableEntityStorage.add.entity.ms,1787813971371000000,1787814031366000000,424
workspaceModel.mutableEntityStorage.referrers.ms,1787813971371000000,1787814031366000000,0
workspaceModel.mutableEntityStorage.entities.ms,1787813971371000000,1787814031366000000,8
workspaceModel.mutableEntityStorage.mutable.ext.mapping.ms,1787813971371000000,1787814031366000000,24
jps.library.entities.serializer.load.entities.ms,1787813971371000000,1787814031366000000,245
workspaceModel.moduleBridge.before.changed.ms,1787813971371000000,1787814031366000000,0
jps.save.changed.project.entities.ms,1787813971371000000,1787814031366000000,1
jps.module.iml.entities.serializer.load.entities.ms,1787813971371000000,1787814031366000000,246
workspaceModel.mutableEntityStorage.to.snapshot.ms,1787813971371000000,1787814031366000000,9
workspaceModel.mutableEntityStorage.mutable.vfurl.index.ms,1787813971371000000,1787814031366000000,0
jps.save.global.entities.ms,1787813971371000000,1787814031366000000,15
workspaceModel.sync.entities.ms,1787813971371000000,1787814031366000000,0
jps.global.get.libraries.ms,1787813971371000000,1787814031366000000,9
workspaceModel.moduleManagerBridge.create.module.instance.ms,1787813971371000000,1787814031366000000,0
workspaceModel.moduleManagerBridge.build.module.graph.ms,1787813971371000000,1787814031366000000,12
workspaceModel.moduleBridge.update.option.ms,1787813971371000000,1787814031366000000,0
jps.project.serializers.save.ms,1787813971371000000,1787814031366000000,1
workspaceModel.moduleManagerBridge.set.unloadedModules.ms,1787813971371000000,1787814031366000000,0
workspaceModel.mutableEntityStorage.has.same.entities.ms,1787813971371000000,1787814031366000000,0
jps.reload.project.entities.ms,1787813971371000000,1787814031366000000,0
workspaceModel.global.apply.state.to.project.ms,1787813971371000000,1787814031366000000,43
workspaceModel.moduleManagerBridge.load.all.modules.ms,1787813971371000000,1787814031366000000,377
jps.artifact.entities.serializer.load.entities.ms,1787813971371000000,1787814031366000000,0
workspaceModel.mutableEntityStorage.collect.changes.ms,1787813971371000000,1787814031366000000,0
jps.app.storage.content.writer.save.component.ms,1787813971371000000,1787814031366000000,0
workspaceModel.load.cache.from.file.ms,1787813971371000000,1787814031366000000,295
jps.artifact.entities.serializer.save.entities.ms,1787813971371000000,1787814031366000000,0
jps.load.initial.state.ms,1787813971371000000,1787814031366000000,13
workspaceModel.global.updates.ms,1787813971371000000,1787814031366000000,0
workspaceModel.moduleBridge.facet.initialization.ms,1787813971371000000,1787814031366000000,1
jps.global.initialize.library.bridges.ms,1787813971371000000,1787814031366000000,0
workspaceModel.moduleBridgeLoader.loading.modules.ms,1787813971371000000,1787814031366000000,1349
workspaceModel.delayed.project.synchronizer.sync.ms,1787813971371000000,1787814031366000000,1674
jps.facet.change.listener.init.bridge.ms,1787813971371000000,1787814031366000000,0
workspaceModel.mutableEntityStorage.put.entity.ms,1787813971371000000,1787814031366000000,152
workspaceModel.global.updates.count,1787813971371000000,1787814031366000000,0
workspaceModel.mutableEntityStorage.add.diff.ms,1787813971371000000,1787814031366000000,54
jps.global.get.library.ms,1787813971371000000,1787814031366000000,0
workspaceModel.moduleManagerBridge.load.module.ms,1787813971371000000,1787814031366000000,0
jps.facet.change.listener.process.change.events.ms,1787813971371000000,1787814031366000000,1
jps.facet.change.listener.before.change.events.ms,1787813971371000000,1787814031366000000,0
jps.library.entities.serializer.save.entities.ms,1787813971371000000,1787814031366000000,0
jps.global.initialize.library.bridges.after.loading.ms,1787813971371000000,1787814031366000000,0
workspaceModel.mutableEntityStorage.remove.entity.ms,1787813971371000000,1787814031366000000,0
FilePageCache.totalPageDisposalsUs,1787813971371000000,1787814031366000000,0
FilePageCache.pageLoadsAboveSizeThreshold,1787813971371000000,1787814031366000000,0
FilePageCache.pageLoads,1787813971371000000,1787814031366000000,0
DirectByteBufferAllocator.reclaimed,1787813971371000000,1787814031366000000,0
DirectByteBufferAllocator.hits,1787813971371000000,1787814031366000000,0
FilePageCache.totalPageLoadsUs,1787813971371000000,1787814031366000000,0
DirectByteBufferAllocator.misses,1787813971371000000,1787814031366000000,0
StorageLockContext.competingThreads.max,1787813971371000000,1787814031366000000,0
FilePageCache.capacityInBytes,1787813971371000000,1787814031366000000,524288000
FilePageCache.pageFastCacheHits,1787813971371000000,1787814031366000000,0
FilePageCache.maxCacheSizeInBytes,1787813971371000000,1787814031366000000,267534336
FilePageCache.pageHits,1787813971371000000,1787814031366000000,0
StreamlinedBlobStorage.totalLiveRecordsCapacityBytes,1787813971371000000,1787814031366000000,0
DirectByteBufferAllocator.totalSizeOfBuffersAllocatedInBytes,1787813971371000000,1787814031366000000,267534336
StreamlinedBlobStorage.recordsRelocated,1787813971371000000,1787814031366000000,0
FilePageCache.uncachedFileAccess,1787813971371000000,1787814031366000000,0
FilePageCache.maxRegisteredFiles,1787813971371000000,1787814031366000000,617
DirectByteBufferAllocator.disposed,1787813971371000000,1787814031366000000,0
StorageLockContext.competingThreads.90P,1787813971371000000,1787814031366000000,0
StreamlinedBlobStorage.recordsDeleted,1787813971371000000,1787814031366000000,0
StreamlinedBlobStorage.totalLiveRecordsPayloadBytes,1787813971371000000,1787814031366000000,0
StreamlinedBlobStorage.recordsAllocated,1787813971371000000,1787814031366000000,0
StorageLockContext.competingThreads.avg,1787813971371000000,1787814031366000000,0.0
FilePageCache.disposedBuffers,1787813971371000000,1787814031366000000,0
DirectByteBufferAllocator.totalSizeOfBuffersCachedInBytes,1787813971371000000,1787814031366000000,0
FileNameCache.queries,1787813971371000000,1787814031366000000,0
FileNameCache.totalMisses,1787813971371000000,1787814031366000000,0
FileNameCache.fastMisses,1787813971371000000,1787814031366000000,0
FlushQueue.waitingTime90PNs,1787813971371000000,1787814031366000000,240639
FlushQueue.executionTime90PNs,1787813971371000000,1787814031366000000,118271
FlushQueue.queueSizeAvg,1787813971371000000,1787814031366000000,0.0
FlushQueue.tasksExecuted,1787813971371000000,1787814031366000000,119
AWTEventQueue.dispatchTimeAvgNs,1787813971371000000,1787814031366000000,52550.721727710494
FlushQueue.queueSizeMax,1787813971371000000,1787814031366000000,0
FlushQueue.waitingTimeMaxNs,1787813971371000000,1787814031366000000,622591
NonBlockingReadAction.failedExecutionTimeUs,1787813971371000000,1787814031366000000,0
FlushQueue.queueSize90P,1787813971371000000,1787814031366000000,0
FlushQueue.executionTimeMaxNs,1787813971371000000,1787814031366000000,344063
AWTEventQueue.dispatchTimeMaxNs,1787813971371000000,1787814031366000000,1810431
NonBlockingReadAction.failedExecutionsCount,1787813971371000000,1787814031366000000,0
AWTEventQueue.eventsDispatched,1787813971371000000,1787814031366000000,6853
AWTEventQueue.dispatchTimeTotalNS,1787813971371000000,1787814031366000000,360211253
AWTEventQueue.dispatchTime90PNs,1787813971371000000,1787814031366000000,114687
NonBlockingReadAction.finalizedExecutionTimeUs,1787813971371000000,1787814031366000000,0
NonBlockingReadAction.finalizedExecutionsCount,1787813971371000000,1787814031366000000,0
FlushQueue.executionTimeAvgNs,1787813971371000000,1787814031366000000,66062.78991596638
FlushQueue.waitingTimeAvgNs,1787813971371000000,1787814031366000000,157254.99159663866
workspaceModel.collect.changes.ms,1787813971371000000,1787814031366000000,0
workspaceModel.to.snapshot.ms,1787813971371000000,1787814031366000000,8
workspaceModel.init.bridges.ms,1787813971371000000,1787814031366000000,1
workspaceModel.replace.project.model.ms,1787813971371000000,1787814031366000000,0
workspaceModel.updates.ms,1787813971371000000,1787814031366000000,366
workspaceModel.updates.precise.ms,1787813971371000000,1787814031366000000,272
workspaceModel.loading.from.cache.ms,1787813971371000000,1787814031366000000,304
workspaceModel.pre.handlers.ms,1787813971371000000,1787814031366000000,2
workspaceModel.loading.total.ms,1787813971371000000,1787814031366000000,326
workspaceModel.updates.count,1787813971371000000,1787814031366000000,5
workspaceModel.initializing.ms,1787813971371000000,1787814031366000000,1
workspaceModel.update.unloaded.entities.ms,1787813971371000000,1787814031366000000,0
workspaceModel.check.recursive.update.ms,1787813971371000000,1787814031366000000,36
JVM.totalCpuTimeMs,1787814031366000000,1787814091363000000,4076
JVM.GC.collectionTimesMs,1787814031366000000,1787814091363000000,128
JVM.GC.collections,1787814031366000000,1787814091363000000,2
JVM.maxHeapBytes,1787814031366000000,1787814091363000000,2147483648
JVM.usedHeapBytes,1787814031366000000,1787814091363000000,204766808
JVM.maxNativeBytes,1787814031366000000,1787814091363000000,-1
JVM.usedNativeBytes,1787814031366000000,1787814091363000000,377717032
JVM.threadCount,1787814031366000000,1787814091363000000,42
OS.loadAverage,1787814031366000000,1787814091363000000,2.65087890625
IndexesFlusher.totalFlushes,1787814031366000000,1787814091363000000,117
IndexesFlusher.totalFlushesRetried,1787814031366000000,1787814091363000000,0
Indexes.allKeys.lookupDurationMaxMs,1787814031366000000,1787814091363000000,0.0
Indexes.allKeys.lookups,1787814031366000000,1787814091363000000,0.0
VFSFlusher.totalContentionQuotaSpent,1787814031366000000,1787814091363000000,0
Indexes.stubs.lookupDurationMaxMs,1787814031366000000,1787814091363000000,0.0
Indexes.stubs.lookupDurationAvgMs,1787814031366000000,1787814091363000000,0.0
VFSFlusher.totalFlushesRetried,1787814031366000000,1787814091363000000,0
IndexesFlusher.totalContentionQuotaSpent,1787814031366000000,1787814091363000000,0
Indexes.stubs.lookups,1787814031366000000,1787814091363000000,0.0
Indexes.entries.lookups,1787814031366000000,1787814091363000000,0.0
VFSFlusher.totalFlushes,1787814031366000000,1787814091363000000,0
Indexes.allKeys.lookupDurationAvgMs,1787814031366000000,1787814091363000000,0.0
IndexesFlusher.totalFlushingTimeUs,1787814031366000000,1787814091363000000,661889
Indexes.entries.lookupDurationAvgMs,1787814031366000000,1787814091363000000,0.0
VFSFlusher.totalFlushingTimeUs,1787814031366000000,1787814091363000000,0
Indexes.allKeys.lookupDuration90PMs,1787814031366000000,1787814091363000000,0.0
Indexes.stubs.lookupDuration90PMs,1787814031366000000,1787814091363000000,0.0
Indexes.entries.lookupDurationMaxMs,1787814031366000000,1787814091363000000,0.0
Indexes.entries.lookupDuration90PMs,1787814031366000000,1787814091363000000,0.0
workspaceModel.mutableEntityStorage.entities.by.source.ms,1787814031366000000,1787814091363000000,5
workspaceModel.save.cache.to.file.ms,1787814031366000000,1787814091363000000,1983
jps.global.handle.changed.events.ms,1787814031366000000,1787814091363000000,0
jps.project.serializers.load.ms,1787814031366000000,1787814091363000000,331
jps.module.iml.entities.serializer.save.entities.ms,1787814031366000000,1787814091363000000,0
workspaceModel.moduleManagerBridge.newModule.ms,1787814031366000000,1787814091363000000,0
workspaceModel.global.apply.state.to.project.builder.ms,1787814031366000000,1787814091363000000,0
workspaceModel.orphan.listener.update.ms,1787814031366000000,1787814091363000000,14
workspaceModel.moduleManagerBridge.new.nonPersistent.module.ms,1787814031366000000,1787814091363000000,0
jps.storage.jps.conf.reader.load.component.ms,1787814031366000000,1787814091363000000,306
jps.global.get.library.by.name.ms,1787814031366000000,1787814091363000000,0
jps.global.handle.before.change.events.ms,1787814031366000000,1787814091363000000,0
jps.load.project.to.empty.storage.ms,1787814031366000000,1787814091363000000,394
workspaceModel.moduleManagerBridge.get.modules.ms,1787814031366000000,1787814091363000000,9
jps.app.storage.content.reader.load.component.ms,1787814031366000000,1787814091363000000,0
workspaceModel.mutableEntityStorage.resolve.ms,1787814031366000000,1787814091363000000,6
jps.apply.loaded.storage.ms,1787814031366000000,1787814091363000000,1235
workspaceModel.mutableEntityStorage.replace.by.source.ms,1787814031366000000,1787814091363000000,219
workspaceModel.mutableEntityStorage.modify.entity.ms,1787814031366000000,1787814091363000000,140
workspaceModel.mutableEntityStorage.add.entity.ms,1787814031366000000,1787814091363000000,424
workspaceModel.mutableEntityStorage.referrers.ms,1787814031366000000,1787814091363000000,0
workspaceModel.mutableEntityStorage.entities.ms,1787814031366000000,1787814091363000000,8
workspaceModel.mutableEntityStorage.mutable.ext.mapping.ms,1787814031366000000,1787814091363000000,24
jps.library.entities.serializer.load.entities.ms,1787814031366000000,1787814091363000000,245
workspaceModel.moduleBridge.before.changed.ms,1787814031366000000,1787814091363000000,0
jps.save.changed.project.entities.ms,1787814031366000000,1787814091363000000,1
jps.module.iml.entities.serializer.load.entities.ms,1787814031366000000,1787814091363000000,246
workspaceModel.mutableEntityStorage.to.snapshot.ms,1787814031366000000,1787814091363000000,9
workspaceModel.mutableEntityStorage.mutable.vfurl.index.ms,1787814031366000000,1787814091363000000,0
jps.save.global.entities.ms,1787814031366000000,1787814091363000000,15
workspaceModel.sync.entities.ms,1787814031366000000,1787814091363000000,0
jps.global.get.libraries.ms,1787814031366000000,1787814091363000000,13
workspaceModel.moduleManagerBridge.create.module.instance.ms,1787814031366000000,1787814091363000000,0
workspaceModel.moduleManagerBridge.build.module.graph.ms,1787814031366000000,1787814091363000000,12
workspaceModel.moduleBridge.update.option.ms,1787814031366000000,1787814091363000000,0
jps.project.serializers.save.ms,1787814031366000000,1787814091363000000,1
workspaceModel.moduleManagerBridge.set.unloadedModules.ms,1787814031366000000,1787814091363000000,0
workspaceModel.mutableEntityStorage.has.same.entities.ms,1787814031366000000,1787814091363000000,0
jps.reload.project.entities.ms,1787814031366000000,1787814091363000000,0
workspaceModel.global.apply.state.to.project.ms,1787814031366000000,1787814091363000000,43
workspaceModel.moduleManagerBridge.load.all.modules.ms,1787814031366000000,1787814091363000000,377
jps.artifact.entities.serializer.load.entities.ms,1787814031366000000,1787814091363000000,0
workspaceModel.mutableEntityStorage.collect.changes.ms,1787814031366000000,1787814091363000000,0
jps.app.storage.content.writer.save.component.ms,1787814031366000000,1787814091363000000,0
workspaceModel.load.cache.from.file.ms,1787814031366000000,1787814091363000000,295
jps.artifact.entities.serializer.save.entities.ms,1787814031366000000,1787814091363000000,0
jps.load.initial.state.ms,1787814031366000000,1787814091363000000,13
workspaceModel.global.updates.ms,1787814031366000000,1787814091363000000,0
workspaceModel.moduleBridge.facet.initialization.ms,1787814031366000000,1787814091363000000,1
jps.global.initialize.library.bridges.ms,1787814031366000000,1787814091363000000,0
workspaceModel.moduleBridgeLoader.loading.modules.ms,1787814031366000000,1787814091363000000,1349
workspaceModel.delayed.project.synchronizer.sync.ms,1787814031366000000,1787814091363000000,1674
jps.facet.change.listener.init.bridge.ms,1787814031366000000,1787814091363000000,0
workspaceModel.mutableEntityStorage.put.entity.ms,1787814031366000000,1787814091363000000,152
workspaceModel.global.updates.count,1787814031366000000,1787814091363000000,0
workspaceModel.mutableEntityStorage.add.diff.ms,1787814031366000000,1787814091363000000,54
jps.global.get.library.ms,1787814031366000000,1787814091363000000,0
workspaceModel.moduleManagerBridge.load.module.ms,1787814031366000000,1787814091363000000,0
jps.facet.change.listener.process.change.events.ms,1787814031366000000,1787814091363000000,1
jps.facet.change.listener.before.change.events.ms,1787814031366000000,1787814091363000000,0
jps.library.entities.serializer.save.entities.ms,1787814031366000000,1787814091363000000,0
jps.global.initialize.library.bridges.after.loading.ms,1787814031366000000,1787814091363000000,0
workspaceModel.mutableEntityStorage.remove.entity.ms,1787814031366000000,1787814091363000000,0
FilePageCache.totalPageDisposalsUs,1787814031366000000,1787814091363000000,0
FilePageCache.pageLoadsAboveSizeThreshold,1787814031366000000,1787814091363000000,0
FilePageCache.pageLoads,1787814031366000000,1787814091363000000,0
DirectByteBufferAllocator.reclaimed,1787814031366000000,1787814091363000000,0
DirectByteBufferAllocator.hits,1787814031366000000,1787814091363000000,0
FilePageCache.totalPageLoadsUs,1787814031366000000,1787814091363000000,0
DirectByteBufferAllocator.misses,1787814031366000000,1787814091363000000,0
StorageLockContext.competingThreads.max,1787814031366000000,1787814091363000000,0
FilePageCache.capacityInBytes,1787814031366000000,1787814091363000000,524288000
FilePageCache.pageFastCacheHits,1787814031366000000,1787814091363000000,8
FilePageCache.maxCacheSizeInBytes,1787814031366000000,1787814091363000000,267534336
FilePageCache.pageHits,1787814031366000000,1787814091363000000,0
StreamlinedBlobStorage.totalLiveRecordsCapacityBytes,1787814031366000000,1787814091363000000,0
DirectByteBufferAllocator.totalSizeOfBuffersAllocatedInBytes,1787814031366000000,1787814091363000000,267534336
StreamlinedBlobStorage.recordsRelocated,1787814031366000000,1787814091363000000,0
FilePageCache.uncachedFileAccess,1787814031366000000,1787814091363000000,0
FilePageCache.maxRegisteredFiles,1787814031366000000,1787814091363000000,617
DirectByteBufferAllocator.disposed,1787814031366000000,1787814091363000000,0
StorageLockContext.competingThreads.90P,1787814031366000000,1787814091363000000,0
StreamlinedBlobStorage.recordsDeleted,1787814031366000000,1787814091363000000,0
StreamlinedBlobStorage.totalLiveRecordsPayloadBytes,1787814031366000000,1787814091363000000,0
StreamlinedBlobStorage.recordsAllocated,1787814031366000000,1787814091363000000,0
StorageLockContext.competingThreads.avg,1787814031366000000,1787814091363000000,0.0
FilePageCache.disposedBuffers,1787814031366000000,1787814091363000000,0
DirectByteBufferAllocator.totalSizeOfBuffersCachedInBytes,1787814031366000000,1787814091363000000,0
FileNameCache.queries,1787814031366000000,1787814091363000000,171
FileNameCache.totalMisses,1787814031366000000,1787814091363000000,0
FileNameCache.fastMisses,1787814031366000000,1787814091363000000,19
FlushQueue.waitingTime90PNs,1787814031366000000,1787814091363000000,248831
FlushQueue.executionTime90PNs,1787814031366000000,1787814091363000000,111103
FlushQueue.queueSizeAvg,1787814031366000000,1787814091363000000,0.0
FlushQueue.tasksExecuted,1787814031366000000,1787814091363000000,121
AWTEventQueue.dispatchTimeAvgNs,1787814031366000000,1787814091363000000,51469.19267399267
FlushQueue.queueSizeMax,1787814031366000000,1787814091363000000,0
FlushQueue.waitingTimeMaxNs,1787814031366000000,1787814091363000000,3031039
NonBlockingReadAction.failedExecutionTimeUs,1787814031366000000,1787814091363000000,0
FlushQueue.queueSize90P,1787814031366000000,1787814091363000000,0
FlushQueue.executionTimeMaxNs,1787814031366000000,1787814091363000000,4390911
AWTEventQueue.dispatchTimeMaxNs,1787814031366000000,1787814091363000000,7208959
NonBlockingReadAction.failedExecutionsCount,1787814031366000000,1787814091363000000,0
AWTEventQueue.eventsDispatched,1787814031366000000,1787814091363000000,6825
AWTEventQueue.dispatchTimeTotalNS,1787814031366000000,1787814091363000000,351296948
AWTEventQueue.dispatchTime90PNs,1787814031366000000,1787814091363000000,105983
NonBlockingReadAction.finalizedExecutionTimeUs,1787814031366000000,1787814091363000000,70233
NonBlockingReadAction.finalizedExecutionsCount,1787814031366000000,1787814091363000000,3
FlushQueue.executionTimeAvgNs,1787814031366000000,1787814091363000000,114156.42975206612
FlushQueue.waitingTimeAvgNs,1787814031366000000,1787814091363000000,181747.30578512396
workspaceModel.collect.changes.ms,1787814031366000000,1787814091363000000,0
workspaceModel.to.snapshot.ms,1787814031366000000,1787814091363000000,8
workspaceModel.init.bridges.ms,1787814031366000000,1787814091363000000,1
workspaceModel.replace.project.model.ms,1787814031366000000,1787814091363000000,0
workspaceModel.updates.ms,1787814031366000000,1787814091363000000,366
workspaceModel.updates.precise.ms,1787814031366000000,1787814091363000000,272
workspaceModel.loading.from.cache.ms,1787814031366000000,1787814091363000000,304
workspaceModel.pre.handlers.ms,1787814031366000000,1787814091363000000,2
workspaceModel.loading.total.ms,1787814031366000000,1787814091363000000,326
workspaceModel.updates.count,1787814031366000000,1787814091363000000,5
workspaceModel.initializing.ms,1787814031366000000,1787814091363000000,1
workspaceModel.update.unloaded.entities.ms,1787814031366000000,1787814091363000000,0
workspaceModel.check.recursive.update.ms,1787814031366000000,1787814091363000000,36
JVM.totalCpuTimeMs,1787814091363000000,1787814151367000000,2919
JVM.GC.collectionTimesMs,1787814091363000000,1787814151367000000,70
JVM.GC.collections,1787814091363000000,1787814151367000000,1
JVM.maxHeapBytes,1787814091363000000,1787814151367000000,2147483648
JVM.usedHeapBytes,1787814091363000000,1787814151367000000,227987840
JVM.maxNativeBytes,1787814091363000000,1787814151367000000,-1
JVM.usedNativeBytes,1787814091363000000,1787814151367000000,377847552
JVM.threadCount,1787814091363000000,1787814151367000000,43
OS.loadAverage,1787814091363000000,1787814151367000000,2.7177734375
IndexesFlusher.totalFlushes,1787814091363000000,1787814151367000000,117
IndexesFlusher.totalFlushesRetried,1787814091363000000,1787814151367000000,0
Indexes.allKeys.lookupDurationMaxMs,1787814091363000000,1787814151367000000,0.0
Indexes.allKeys.lookups,1787814091363000000,1787814151367000000,0.0
VFSFlusher.totalContentionQuotaSpent,1787814091363000000,1787814151367000000,0
Indexes.stubs.lookupDurationMaxMs,1787814091363000000,1787814151367000000,0.0
Indexes.stubs.lookupDurationAvgMs,1787814091363000000,1787814151367000000,0.0
VFSFlusher.totalFlushesRetried,1787814091363000000,1787814151367000000,0
IndexesFlusher.totalContentionQuotaSpent,1787814091363000000,1787814151367000000,0
Indexes.stubs.lookups,1787814091363000000,1787814151367000000,0.0
Indexes.entries.lookups,1787814091363000000,1787814151367000000,0.0
VFSFlusher.totalFlushes,1787814091363000000,1787814151367000000,0
Indexes.allKeys.lookupDurationAvgMs,1787814091363000000,1787814151367000000,0.0
IndexesFlusher.totalFlushingTimeUs,1787814091363000000,1787814151367000000,672616
Indexes.entries.lookupDurationAvgMs,1787814091363000000,1787814151367000000,0.0
VFSFlusher.totalFlushingTimeUs,1787814091363000000,1787814151367000000,0
Indexes.allKeys.lookupDuration90PMs,1787814091363000000,1787814151367000000,0.0
Indexes.stubs.lookupDuration90PMs,1787814091363000000,1787814151367000000,0.0
Indexes.entries.lookupDurationMaxMs,1787814091363000000,1787814151367000000,0.0
Indexes.entries.lookupDuration90PMs,1787814091363000000,1787814151367000000,0.0
workspaceModel.mutableEntityStorage.entities.by.source.ms,1787814091363000000,1787814151367000000,5
workspaceModel.save.cache.to.file.ms,1787814091363000000,1787814151367000000,1983
jps.global.handle.changed.events.ms,1787814091363000000,1787814151367000000,0
jps.project.serializers.load.ms,1787814091363000000,1787814151367000000,331
jps.module.iml.entities.serializer.save.entities.ms,1787814091363000000,1787814151367000000,0
workspaceModel.moduleManagerBridge.newModule.ms,1787814091363000000,1787814151367000000,0
workspaceModel.global.apply.state.to.project.builder.ms,1787814091363000000,1787814151367000000,0
workspaceModel.orphan.listener.update.ms,1787814091363000000,1787814151367000000,14
workspaceModel.moduleManagerBridge.new.nonPersistent.module.ms,1787814091363000000,1787814151367000000,0
jps.storage.jps.conf.reader.load.component.ms,1787814091363000000,1787814151367000000,306
jps.global.get.library.by.name.ms,1787814091363000000,1787814151367000000,0
jps.global.handle.before.change.events.ms,1787814091363000000,1787814151367000000,0
jps.load.project.to.empty.storage.ms,1787814091363000000,1787814151367000000,394
workspaceModel.moduleManagerBridge.get.modules.ms,1787814091363000000,1787814151367000000,9
jps.app.storage.content.reader.load.component.ms,1787814091363000000,1787814151367000000,0
workspaceModel.mutableEntityStorage.resolve.ms,1787814091363000000,1787814151367000000,6
jps.apply.loaded.storage.ms,1787814091363000000,1787814151367000000,1235
workspaceModel.mutableEntityStorage.replace.by.source.ms,1787814091363000000,1787814151367000000,219
workspaceModel.mutableEntityStorage.modify.entity.ms,1787814091363000000,1787814151367000000,140
workspaceModel.mutableEntityStorage.add.entity.ms,1787814091363000000,1787814151367000000,424
workspaceModel.mutableEntityStorage.referrers.ms,1787814091363000000,1787814151367000000,0
workspaceModel.mutableEntityStorage.entities.ms,1787814091363000000,1787814151367000000,8
workspaceModel.mutableEntityStorage.mutable.ext.mapping.ms,1787814091363000000,1787814151367000000,24
jps.library.entities.serializer.load.entities.ms,1787814091363000000,1787814151367000000,245
workspaceModel.moduleBridge.before.changed.ms,1787814091363000000,1787814151367000000,0
jps.save.changed.project.entities.ms,1787814091363000000,1787814151367000000,1
jps.module.iml.entities.serializer.load.entities.ms,1787814091363000000,1787814151367000000,246
workspaceModel.mutableEntityStorage.to.snapshot.ms,1787814091363000000,1787814151367000000,9
workspaceModel.mutableEntityStorage.mutable.vfurl.index.ms,1787814091363000000,1787814151367000000,0
jps.save.global.entities.ms,1787814091363000000,1787814151367000000,15
workspaceModel.sync.entities.ms,1787814091363000000,1787814151367000000,0
jps.global.get.libraries.ms,1787814091363000000,1787814151367000000,13
workspaceModel.moduleManagerBridge.create.module.instance.ms,1787814091363000000,1787814151367000000,0
workspaceModel.moduleManagerBridge.build.module.graph.ms,1787814091363000000,1787814151367000000,12
workspaceModel.moduleBridge.update.option.ms,1787814091363000000,1787814151367000000,0
jps.project.serializers.save.ms,1787814091363000000,1787814151367000000,1
workspaceModel.moduleManagerBridge.set.unloadedModules.ms,1787814091363000000,1787814151367000000,0
workspaceModel.mutableEntityStorage.has.same.entities.ms,1787814091363000000,1787814151367000000,0
jps.reload.project.entities.ms,1787814091363000000,1787814151367000000,0
workspaceModel.global.apply.state.to.project.ms,1787814091363000000,1787814151367000000,43
workspaceModel.moduleManagerBridge.load.all.modules.ms,1787814091363000000,1787814151367000000,377
jps.artifact.entities.serializer.load.entities.ms,1787814091363000000,1787814151367000000,0
workspaceModel.mutableEntityStorage.collect.changes.ms,1787814091363000000,1787814151367000000,0
jps.app.storage.content.writer.save.component.ms,1787814091363000000,1787814151367000000,0
workspaceModel.load.cache.from.file.ms,1787814091363000000,1787814151367000000,295
jps.artifact.entities.serializer.save.entities.ms,1787814091363000000,1787814151367000000,0
jps.load.initial.state.ms,1787814091363000000,1787814151367000000,13
workspaceModel.global.updates.ms,1787814091363000000,1787814151367000000,0
workspaceModel.moduleBridge.facet.initialization.ms,1787814091363000000,1787814151367000000,1
jps.global.initialize.library.bridges.ms,1787814091363000000,1787814151367000000,0
workspaceModel.moduleBridgeLoader.loading.modules.ms,1787814091363000000,1787814151367000000,1349
workspaceModel.delayed.project.synchronizer.sync.ms,1787814091363000000,1787814151367000000,1674
jps.facet.change.listener.init.bridge.ms,1787814091363000000,1787814151367000000,0
workspaceModel.mutableEntityStorage.put.entity.ms,1787814091363000000,1787814151367000000,152
workspaceModel.global.updates.count,1787814091363000000,1787814151367000000,0
workspaceModel.mutableEntityStorage.add.diff.ms,1787814091363000000,1787814151367000000,54
jps.global.get.library.ms,1787814091363000000,1787814151367000000,0
workspaceModel.moduleManagerBridge.load.module.ms,1787814091363000000,1787814151367000000,0
jps.facet.change.listener.process.change.events.ms,1787814091363000000,1787814151367000000,1
jps.facet.change.listener.before.change.events.ms,1787814091363000000,1787814151367000000,0
jps.library.entities.serializer.save.entities.ms,1787814091363000000,1787814151367000000,0
jps.global.initialize.library.bridges.after.loading.ms,1787814091363000000,1787814151367000000,0
workspaceModel.mutableEntityStorage.remove.entity.ms,1787814091363000000,1787814151367000000,0
FilePageCache.totalPageDisposalsUs,1787814091363000000,1787814151367000000,0
FilePageCache.pageLoadsAboveSizeThreshold,1787814091363000000,1787814151367000000,0
FilePageCache.pageLoads,1787814091363000000,1787814151367000000,0
DirectByteBufferAllocator.reclaimed,1787814091363000000,1787814151367000000,0
DirectByteBufferAllocator.hits,1787814091363000000,1787814151367000000,0
FilePageCache.totalPageLoadsUs,1787814091363000000,1787814151367000000,0
DirectByteBufferAllocator.misses,1787814091363000000,1787814151367000000,0
StorageLockContext.competingThreads.max,1787814091363000000,1787814151367000000,0
FilePageCache.capacityInBytes,1787814091363000000,1787814151367000000,524288000
FilePageCache.pageFastCacheHits,1787814091363000000,1787814151367000000,0
FilePageCache.maxCacheSizeInBytes,1787814091363000000,1787814151367000000,267534336
FilePageCache.pageHits,1787814091363000000,1787814151367000000,0
StreamlinedBlobStorage.totalLiveRecordsCapacityBytes,1787814091363000000,1787814151367000000,0
DirectByteBufferAllocator.totalSizeOfBuffersAllocatedInBytes,1787814091363000000,1787814151367000000,267534336
StreamlinedBlobStorage.recordsRelocated,1787814091363000000,1787814151367000000,0
FilePageCache.uncachedFileAccess,1787814091363000000,1787814151367000000,0
FilePageCache.maxRegisteredFiles,1787814091363000000,1787814151367000000,617
DirectByteBufferAllocator.disposed,1787814091363000000,1787814151367000000,0
StorageLockContext.competingThreads.90P,1787814091363000000,1787814151367000000,0
StreamlinedBlobStorage.recordsDeleted,1787814091363000000,1787814151367000000,0
StreamlinedBlobStorage.totalLiveRecordsPayloadBytes,1787814091363000000,1787814151367000000,0
StreamlinedBlobStorage.recordsAllocated,1787814091363000000,1787814151367000000,0
StorageLockContext.competingThreads.avg,1787814091363000000,1787814151367000000,0.0
FilePageCache.disposedBuffers,1787814091363000000,1787814151367000000,0
DirectByteBufferAllocator.totalSizeOfBuffersCachedInBytes,1787814091363000000,1787814151367000000,0
FileNameCache.queries,1787814091363000000,1787814151367000000,36
FileNameCache.totalMisses,1787814091363000000,1787814151367000000,0
FileNameCache.fastMisses,1787814091363000000,1787814151367000000,0
FlushQueue.waitingTime90PNs,1787814091363000000,1787814151367000000,228351
FlushQueue.executionTime90PNs,1787814091363000000,1787814151367000000,110591
FlushQueue.queueSizeAvg,1787814091363000000,1787814151367000000,0.0
FlushQueue.tasksExecuted,1787814091363000000,1787814151367000000,121
AWTEventQueue.dispatchTimeAvgNs,1787814091363000000,1787814151367000000,44249.02446886447
FlushQueue.queueSizeMax,1787814091363000000,1787814151367000000,0
FlushQueue.waitingTimeMaxNs,1787814091363000000,1787814151367000000,1556479
NonBlockingReadAction.failedExecutionTimeUs,1787814091363000000,1787814151367000000,0
FlushQueue.queueSize90P,1787814091363000000,1787814151367000000,0
FlushQueue.executionTimeMaxNs,1787814091363000000,1787814151367000000,610303
AWTEventQueue.dispatchTimeMaxNs,1787814091363000000,1787814151367000000,2850815
NonBlockingReadAction.failedExecutionsCount,1787814091363000000,1787814151367000000,0
AWTEventQueue.eventsDispatched,1787814091363000000,1787814151367000000,6825
AWTEventQueue.dispatchTimeTotalNS,1787814091363000000,1787814151367000000,302052257
AWTEventQueue.dispatchTime90PNs,1787814091363000000,1787814151367000000,95231
NonBlockingReadAction.finalizedExecutionTimeUs,1787814091363000000,1787814151367000000,0
NonBlockingReadAction.finalizedExecutionsCount,1787814091363000000,1787814151367000000,0
FlushQueue.executionTimeAvgNs,1787814091363000000,1787814151367000000,54715.239669421484
FlushQueue.waitingTimeAvgNs,1787814091363000000,1787814151367000000,153156.76033057852
workspaceModel.collect.changes.ms,1787814091363000000,1787814151367000000,0
workspaceModel.to.snapshot.ms,1787814091363000000,1787814151367000000,8
workspaceModel.init.bridges.ms,1787814091363000000,1787814151367000000,1
workspaceModel.replace.project.model.ms,1787814091363000000,1787814151367000000,0
workspaceModel.updates.ms,1787814091363000000,1787814151367000000,366
workspaceModel.updates.precise.ms,1787814091363000000,1787814151367000000,272
workspaceModel.loading.from.cache.ms,1787814091363000000,1787814151367000000,304
workspaceModel.pre.handlers.ms,1787814091363000000,1787814151367000000,2
workspaceModel.loading.total.ms,1787814091363000000,1787814151367000000,326
workspaceModel.updates.count,1787814091363000000,1787814151367000000,5
workspaceModel.initializing.ms,1787814091363000000,1787814151367000000,1
workspaceModel.update.unloaded.entities.ms,1787814091363000000,1787814151367000000,0
workspaceModel.check.recursive.update.ms,1787814091363000000,1787814151367000000,36
JVM.totalCpuTimeMs,1787814151367000000,1787814211368000000,3377
JVM.GC.collectionTimesMs,1787814151367000000,1787814211368000000,0
JVM.GC.collections,1787814151367000000,1787814211368000000,0
JVM.maxHeapBytes,1787814151367000000,1787814211368000000,2147483648
JVM.usedHeapBytes,1787814151367000000,1787814211368000000,276222336
JVM.maxNativeBytes,1787814151367000000,1787814211368000000,-1
JVM.usedNativeBytes,1787814151367000000,1787814211368000000,377915608
JVM.threadCount,1787814151367000000,1787814211368000000,42
OS.loadAverage,1787814151367000000,1787814211368000000,1.7568359375
IndexesFlusher.totalFlushes,1787814151367000000,1787814211368000000,116
IndexesFlusher.totalFlushesRetried,1787814151367000000,1787814211368000000,0
Indexes.allKeys.lookupDurationMaxMs,1787814151367000000,1787814211368000000,0.0
Indexes.allKeys.lookups,1787814151367000000,1787814211368000000,0.0
VFSFlusher.totalContentionQuotaSpent,1787814151367000000,1787814211368000000,0
Indexes.stubs.lookupDurationMaxMs,1787814151367000000,1787814211368000000,0.0
Indexes.stubs.lookupDurationAvgMs,1787814151367000000,1787814211368000000,0.0
VFSFlusher.totalFlushesRetried,1787814151367000000,1787814211368000000,0
IndexesFlusher.totalContentionQuotaSpent,1787814151367000000,1787814211368000000,0
Indexes.stubs.lookups,1787814151367000000,1787814211368000000,0.0
Indexes.entries.lookups,1787814151367000000,1787814211368000000,0.0
VFSFlusher.totalFlushes,1787814151367000000,1787814211368000000,0
Indexes.allKeys.lookupDurationAvgMs,1787814151367000000,1787814211368000000,0.0
IndexesFlusher.totalFlushingTimeUs,1787814151367000000,1787814211368000000,653804
Indexes.entries.lookupDurationAvgMs,1787814151367000000,1787814211368000000,0.0
VFSFlusher.totalFlushingTimeUs,1787814151367000000,1787814211368000000,0
Indexes.allKeys.lookupDuration90PMs,1787814151367000000,1787814211368000000,0.0
Indexes.stubs.lookupDuration90PMs,1787814151367000000,1787814211368000000,0.0
Indexes.entries.lookupDurationMaxMs,1787814151367000000,1787814211368000000,0.0
Indexes.entries.lookupDuration90PMs,1787814151367000000,1787814211368000000,0.0
workspaceModel.mutableEntityStorage.entities.by.source.ms,1787814151367000000,1787814211368000000,5
workspaceModel.save.cache.to.file.ms,1787814151367000000,1787814211368000000,1983
jps.global.handle.changed.events.ms,1787814151367000000,1787814211368000000,0
jps.project.serializers.load.ms,1787814151367000000,1787814211368000000,331
jps.module.iml.entities.serializer.save.entities.ms,1787814151367000000,1787814211368000000,0
workspaceModel.moduleManagerBridge.newModule.ms,1787814151367000000,1787814211368000000,0
workspaceModel.global.apply.state.to.project.builder.ms,1787814151367000000,1787814211368000000,0
workspaceModel.orphan.listener.update.ms,1787814151367000000,1787814211368000000,14
workspaceModel.moduleManagerBridge.new.nonPersistent.module.ms,1787814151367000000,1787814211368000000,0
jps.storage.jps.conf.reader.load.component.ms,1787814151367000000,1787814211368000000,306
jps.global.get.library.by.name.ms,1787814151367000000,1787814211368000000,0
jps.global.handle.before.change.events.ms,1787814151367000000,1787814211368000000,0
jps.load.project.to.empty.storage.ms,1787814151367000000,1787814211368000000,394
workspaceModel.moduleManagerBridge.get.modules.ms,1787814151367000000,1787814211368000000,9
jps.app.storage.content.reader.load.component.ms,1787814151367000000,1787814211368000000,0
workspaceModel.mutableEntityStorage.resolve.ms,1787814151367000000,1787814211368000000,6
jps.apply.loaded.storage.ms,1787814151367000000,1787814211368000000,1235
workspaceModel.mutableEntityStorage.replace.by.source.ms,1787814151367000000,1787814211368000000,219
workspaceModel.mutableEntityStorage.modify.entity.ms,1787814151367000000,1787814211368000000,140
workspaceModel.mutableEntityStorage.add.entity.ms,1787814151367000000,1787814211368000000,424
workspaceModel.mutableEntityStorage.referrers.ms,1787814151367000000,1787814211368000000,0
workspaceModel.mutableEntityStorage.entities.ms,1787814151367000000,1787814211368000000,8
workspaceModel.mutableEntityStorage.mutable.ext.mapping.ms,1787814151367000000,1787814211368000000,24
jps.library.entities.serializer.load.entities.ms,1787814151367000000,1787814211368000000,245
workspaceModel.moduleBridge.before.changed.ms,1787814151367000000,1787814211368000000,0
jps.save.changed.project.entities.ms,1787814151367000000,1787814211368000000,1
jps.module.iml.entities.serializer.load.entities.ms,1787814151367000000,1787814211368000000,246
workspaceModel.mutableEntityStorage.to.snapshot.ms,1787814151367000000,1787814211368000000,9
workspaceModel.mutableEntityStorage.mutable.vfurl.index.ms,1787814151367000000,1787814211368000000,0
jps.save.global.entities.ms,1787814151367000000,1787814211368000000,15
workspaceModel.sync.entities.ms,1787814151367000000,1787814211368000000,0
jps.global.get.libraries.ms,1787814151367000000,1787814211368000000,13
workspaceModel.moduleManagerBridge.create.module.instance.ms,1787814151367000000,1787814211368000000,0
workspaceModel.moduleManagerBridge.build.module.graph.ms,1787814151367000000,1787814211368000000,12
workspaceModel.moduleBridge.update.option.ms,1787814151367000000,1787814211368000000,0
jps.project.serializers.save.ms,1787814151367000000,1787814211368000000,1
workspaceModel.moduleManagerBridge.set.unloadedModules.ms,1787814151367000000,1787814211368000000,0
workspaceModel.mutableEntityStorage.has.same.entities.ms,1787814151367000000,1787814211368000000,0
jps.reload.project.entities.ms,1787814151367000000,1787814211368000000,0
workspaceModel.global.apply.state.to.project.ms,1787814151367000000,1787814211368000000,43
workspaceModel.moduleManagerBridge.load.all.modules.ms,1787814151367000000,1787814211368000000,377
jps.artifact.entities.serializer.load.entities.ms,1787814151367000000,1787814211368000000,0
workspaceModel.mutableEntityStorage.collect.changes.ms,1787814151367000000,1787814211368000000,0
jps.app.storage.content.writer.save.component.ms,1787814151367000000,1787814211368000000,0
workspaceModel.load.cache.from.file.ms,1787814151367000000,1787814211368000000,295
jps.artifact.entities.serializer.save.entities.ms,1787814151367000000,1787814211368000000,0
jps.load.initial.state.ms,1787814151367000000,1787814211368000000,13
workspaceModel.global.updates.ms,1787814151367000000,1787814211368000000,0
workspaceModel.moduleBridge.facet.initialization.ms,1787814151367000000,1787814211368000000,1
jps.global.initialize.library.bridges.ms,1787814151367000000,1787814211368000000,0
workspaceModel.moduleBridgeLoader.loading.modules.ms,1787814151367000000,1787814211368000000,1349
workspaceModel.delayed.project.synchronizer.sync.ms,1787814151367000000,1787814211368000000,1674
jps.facet.change.listener.init.bridge.ms,1787814151367000000,1787814211368000000,0
workspaceModel.mutableEntityStorage.put.entity.ms,1787814151367000000,1787814211368000000,152
workspaceModel.global.updates.count,1787814151367000000,1787814211368000000,0
workspaceModel.mutableEntityStorage.add.diff.ms,1787814151367000000,1787814211368000000,54
jps.global.get.library.ms,1787814151367000000,1787814211368000000,0
workspaceModel.moduleManagerBridge.load.module.ms,1787814151367000000,1787814211368000000,0
jps.facet.change.listener.process.change.events.ms,1787814151367000000,1787814211368000000,1
jps.facet.change.listener.before.change.events.ms,1787814151367000000,1787814211368000000,0
jps.library.entities.serializer.save.entities.ms,1787814151367000000,1787814211368000000,0
jps.global.initialize.library.bridges.after.loading.ms,1787814151367000000,1787814211368000000,0
workspaceModel.mutableEntityStorage.remove.entity.ms,1787814151367000000,1787814211368000000,0
FilePageCache.totalPageDisposalsUs,1787814151367000000,1787814211368000000,0
FilePageCache.pageLoadsAboveSizeThreshold,1787814151367000000,1787814211368000000,0
FilePageCache.pageLoads,1787814151367000000,1787814211368000000,0
DirectByteBufferAllocator.reclaimed,1787814151367000000,1787814211368000000,0
DirectByteBufferAllocator.hits,1787814151367000000,1787814211368000000,0
FilePageCache.totalPageLoadsUs,1787814151367000000,1787814211368000000,0
DirectByteBufferAllocator.misses,1787814151367000000,1787814211368000000,0
StorageLockContext.competingThreads.max,1787814151367000000,1787814211368000000,0
FilePageCache.capacityInBytes,1787814151367000000,1787814211368000000,524288000
FilePageCache.pageFastCacheHits,1787814151367000000,1787814211368000000,0
FilePageCache.maxCacheSizeInBytes,1787814151367000000,1787814211368000000,267534336
FilePageCache.pageHits,1787814151367000000,1787814211368000000,0
StreamlinedBlobStorage.totalLiveRecordsCapacityBytes,1787814151367000000,1787814211368000000,0
DirectByteBufferAllocator.totalSizeOfBuffersAllocatedInBytes,1787814151367000000,1787814211368000000,267534336
StreamlinedBlobStorage.recordsRelocated,1787814151367000000,1787814211368000000,0
FilePageCache.uncachedFileAccess,1787814151367000000,1787814211368000000,0
FilePageCache.maxRegisteredFiles,1787814151367000000,1787814211368000000,617
DirectByteBufferAllocator.disposed,1787814151367000000,1787814211368000000,0
StorageLockContext.competingThreads.90P,1787814151367000000,1787814211368000000,0
StreamlinedBlobStorage.recordsDeleted,1787814151367000000,1787814211368000000,0
StreamlinedBlobStorage.totalLiveRecordsPayloadBytes,1787814151367000000,1787814211368000000,0
StreamlinedBlobStorage.recordsAllocated,1787814151367000000,1787814211368000000,0
StorageLockContext.competingThreads.avg,1787814151367000000,1787814211368000000,0.0
FilePageCache.disposedBuffers,1787814151367000000,1787814211368000000,0
DirectByteBufferAllocator.totalSizeOfBuffersCachedInBytes,1787814151367000000,1787814211368000000,0
FileNameCache.queries,1787814151367000000,1787814211368000000,0
FileNameCache.totalMisses,1787814151367000000,1787814211368000000,0
FileNameCache.fastMisses,1787814151367000000,1787814211368000000,0
FlushQueue.waitingTime90PNs,1787814151367000000,1787814211368000000,233471
FlushQueue.executionTime90PNs,1787814151367000000,1787814211368000000,111615
FlushQueue.queueSizeAvg,1787814151367000000,1787814211368000000,0.0
FlushQueue.tasksExecuted,1787814151367000000,1787814211368000000,120
AWTEventQueue.dispatchTimeAvgNs,1787814151367000000,1787814211368000000,49300.38826979472
FlushQueue.queueSizeMax,1787814151367000000,1787814211368000000,0
FlushQueue.waitingTimeMaxNs,1787814151367000000,1787814211368000000,749567
NonBlockingReadAction.failedExecutionTimeUs,1787814151367000000,1787814211368000000,0
FlushQueue.queueSize90P,1787814151367000000,1787814211368000000,0
FlushQueue.executionTimeMaxNs,1787814151367000000,1787814211368000000,292863
AWTEventQueue.dispatchTimeMaxNs,1787814151367000000,1787814211368000000,786431
NonBlockingReadAction.failedExecutionsCount,1787814151367000000,1787814211368000000,0
AWTEventQueue.eventsDispatched,1787814151367000000,1787814211368000000,6820
AWTEventQueue.dispatchTimeTotalNS,1787814151367000000,1787814211368000000,336223862
AWTEventQueue.dispatchTime90PNs,1787814151367000000,1787814211368000000,95743
NonBlockingReadAction.finalizedExecutionTimeUs,1787814151367000000,1787814211368000000,0
NonBlockingReadAction.finalizedExecutionsCount,1787814151367000000,1787814211368000000,0
FlushQueue.executionTimeAvgNs,1787814151367000000,1787814211368000000,65833.33333333333
FlushQueue.waitingTimeAvgNs,1787814151367000000,1787814211368000000,170104.0
workspaceModel.collect.changes.ms,1787814151367000000,1787814211368000000,0
workspaceModel.to.snapshot.ms,1787814151367000000,1787814211368000000,8
workspaceModel.init.bridges.ms,1787814151367000000,1787814211368000000,1
workspaceModel.replace.project.model.ms,1787814151367000000,1787814211368000000,0
workspaceModel.updates.ms,1787814151367000000,1787814211368000000,366
workspaceModel.updates.precise.ms,1787814151367000000,1787814211368000000,272
workspaceModel.loading.from.cache.ms,1787814151367000000,1787814211368000000,304
workspaceModel.pre.handlers.ms,1787814151367000000,1787814211368000000,2
workspaceModel.loading.total.ms,1787814151367000000,1787814211368000000,326
workspaceModel.updates.count,1787814151367000000,1787814211368000000,5
workspaceModel.initializing.ms,1787814151367000000,1787814211368000000,1
workspaceModel.update.unloaded.entities.ms,1787814151367000000,1787814211368000000,0
workspaceModel.check.recursive.update.ms,1787814151367000000,1787814211368000000,36
JVM.totalCpuTimeMs,1787814211368000000,1787814271369000000,3461
JVM.GC.collectionTimesMs,1787814211368000000,1787814271369000000,0
JVM.GC.collections,1787814211368000000,1787814271369000000,0
JVM.maxHeapBytes,1787814211368000000,1787814271369000000,2147483648
JVM.usedHeapBytes,1787814211368000000,1787814271369000000,325505408
JVM.maxNativeBytes,1787814211368000000,1787814271369000000,-1
JVM.usedNativeBytes,1787814211368000000,1787814271369000000,378045160
JVM.threadCount,1787814211368000000,1787814271369000000,42
OS.loadAverage,1787814211368000000,1787814271369000000,1.38037109375
IndexesFlusher.totalFlushes,1787814211368000000,1787814271369000000,117
IndexesFlusher.totalFlushesRetried,1787814211368000000,1787814271369000000,0
Indexes.allKeys.lookupDurationMaxMs,1787814211368000000,1787814271369000000,0.0
Indexes.allKeys.lookups,1787814211368000000,1787814271369000000,0.0
VFSFlusher.totalContentionQuotaSpent,1787814211368000000,1787814271369000000,0
Indexes.stubs.lookupDurationMaxMs,1787814211368000000,1787814271369000000,0.0
Indexes.stubs.lookupDurationAvgMs,1787814211368000000,1787814271369000000,0.0
VFSFlusher.totalFlushesRetried,1787814211368000000,1787814271369000000,0
IndexesFlusher.totalContentionQuotaSpent,1787814211368000000,1787814271369000000,0
Indexes.stubs.lookups,1787814211368000000,1787814271369000000,0.0
Indexes.entries.lookups,1787814211368000000,1787814271369000000,0.0
VFSFlusher.totalFlushes,1787814211368000000,1787814271369000000,0
Indexes.allKeys.lookupDurationAvgMs,1787814211368000000,1787814271369000000,0.0
IndexesFlusher.totalFlushingTimeUs,1787814211368000000,1787814271369000000,710056
Indexes.entries.lookupDurationAvgMs,1787814211368000000,1787814271369000000,0.0
VFSFlusher.totalFlushingTimeUs,1787814211368000000,1787814271369000000,0
Indexes.allKeys.lookupDuration90PMs,1787814211368000000,1787814271369000000,0.0
Indexes.stubs.lookupDuration90PMs,1787814211368000000,1787814271369000000,0.0
Indexes.entries.lookupDurationMaxMs,1787814211368000000,1787814271369000000,0.0
Indexes.entries.lookupDuration90PMs,1787814211368000000,1787814271369000000,0.0
workspaceModel.mutableEntityStorage.entities.by.source.ms,1787814211368000000,1787814271369000000,5
workspaceModel.save.cache.to.file.ms,1787814211368000000,1787814271369000000,1983
jps.global.handle.changed.events.ms,1787814211368000000,1787814271369000000,0
jps.project.serializers.load.ms,1787814211368000000,1787814271369000000,331
jps.module.iml.entities.serializer.save.entities.ms,1787814211368000000,1787814271369000000,0
workspaceModel.moduleManagerBridge.newModule.ms,1787814211368000000,1787814271369000000,0
workspaceModel.global.apply.state.to.project.builder.ms,1787814211368000000,1787814271369000000,0
workspaceModel.orphan.listener.update.ms,1787814211368000000,1787814271369000000,14
workspaceModel.moduleManagerBridge.new.nonPersistent.module.ms,1787814211368000000,1787814271369000000,0
jps.storage.jps.conf.reader.load.component.ms,1787814211368000000,1787814271369000000,306
jps.global.get.library.by.name.ms,1787814211368000000,1787814271369000000,0
jps.global.handle.before.change.events.ms,1787814211368000000,1787814271369000000,0
jps.load.project.to.empty.storage.ms,1787814211368000000,1787814271369000000,394
workspaceModel.moduleManagerBridge.get.modules.ms,1787814211368000000,1787814271369000000,9
jps.app.storage.content.reader.load.component.ms,1787814211368000000,1787814271369000000,0
workspaceModel.mutableEntityStorage.resolve.ms,1787814211368000000,1787814271369000000,6
jps.apply.loaded.storage.ms,1787814211368000000,1787814271369000000,1235
workspaceModel.mutableEntityStorage.replace.by.source.ms,1787814211368000000,1787814271369000000,219
workspaceModel.mutableEntityStorage.modify.entity.ms,1787814211368000000,1787814271369000000,140
workspaceModel.mutableEntityStorage.add.entity.ms,1787814211368000000,1787814271369000000,424
workspaceModel.mutableEntityStorage.referrers.ms,1787814211368000000,1787814271369000000,0
workspaceModel.mutableEntityStorage.entities.ms,1787814211368000000,1787814271369000000,8
workspaceModel.mutableEntityStorage.mutable.ext.mapping.ms,1787814211368000000,1787814271369000000,24
jps.library.entities.serializer.load.entities.ms,1787814211368000000,1787814271369000000,245
workspaceModel.moduleBridge.before.changed.ms,1787814211368000000,1787814271369000000,0
jps.save.changed.project.entities.ms,1787814211368000000,1787814271369000000,1
jps.module.iml.entities.serializer.load.entities.ms,1787814211368000000,1787814271369000000,246
workspaceModel.mutableEntityStorage.to.snapshot.ms,1787814211368000000,1787814271369000000,9
workspaceModel.mutableEntityStorage.mutable.vfurl.index.ms,1787814211368000000,1787814271369000000,0
jps.save.global.entities.ms,1787814211368000000,1787814271369000000,15
workspaceModel.sync.entities.ms,1787814211368000000,1787814271369000000,0
jps.global.get.libraries.ms,1787814211368000000,1787814271369000000,13
workspaceModel.moduleManagerBridge.create.module.instance.ms,1787814211368000000,1787814271369000000,0
workspaceModel.moduleManagerBridge.build.module.graph.ms,1787814211368000000,1787814271369000000,12
workspaceModel.moduleBridge.update.option.ms,1787814211368000000,1787814271369000000,0
jps.project.serializers.save.ms,1787814211368000000,1787814271369000000,1
workspaceModel.moduleManagerBridge.set.unloadedModules.ms,1787814211368000000,1787814271369000000,0
workspaceModel.mutableEntityStorage.has.same.entities.ms,1787814211368000000,1787814271369000000,0
jps.reload.project.entities.ms,1787814211368000000,1787814271369000000,0
workspaceModel.global.apply.state.to.project.ms,1787814211368000000,1787814271369000000,43
workspaceModel.moduleManagerBridge.load.all.modules.ms,1787814211368000000,1787814271369000000,377
jps.artifact.entities.serializer.load.entities.ms,1787814211368000000,1787814271369000000,0
workspaceModel.mutableEntityStorage.collect.changes.ms,1787814211368000000,1787814271369000000,0
jps.app.storage.content.writer.save.component.ms,1787814211368000000,1787814271369000000,0
workspaceModel.load.cache.from.file.ms,1787814211368000000,1787814271369000000,295
jps.artifact.entities.serializer.save.entities.ms,1787814211368000000,1787814271369000000,0
jps.load.initial.state.ms,1787814211368000000,1787814271369000000,13
workspaceModel.global.updates.ms,1787814211368000000,1787814271369000000,0
workspaceModel.moduleBridge.facet.initialization.ms,1787814211368000000,1787814271369000000,1
jps.global.initialize.library.bridges.ms,1787814211368000000,1787814271369000000,0
workspaceModel.moduleBridgeLoader.loading.modules.ms,1787814211368000000,1787814271369000000,1349
workspaceModel.delayed.project.synchronizer.sync.ms,1787814211368000000,1787814271369000000,1674
jps.facet.change.listener.init.bridge.ms,1787814211368000000,1787814271369000000,0
workspaceModel.mutableEntityStorage.put.entity.ms,1787814211368000000,1787814271369000000,152
workspaceModel.global.updates.count,1787814211368000000,1787814271369000000,0
workspaceModel.mutableEntityStorage.add.diff.ms,1787814211368000000,1787814271369000000,54
jps.global.get.library.ms,1787814211368000000,1787814271369000000,0
workspaceModel.moduleManagerBridge.load.module.ms,1787814211368000000,1787814271369000000,0
jps.facet.change.listener.process.change.events.ms,1787814211368000000,1787814271369000000,1
jps.facet.change.listener.before.change.events.ms,1787814211368000000,1787814271369000000,0
jps.library.entities.serializer.save.entities.ms,1787814211368000000,1787814271369000000,0
jps.global.initialize.library.bridges.after.loading.ms,1787814211368000000,1787814271369000000,0
workspaceModel.mutableEntityStorage.remove.entity.ms,1787814211368000000,1787814271369000000,0
FilePageCache.totalPageDisposalsUs,1787814211368000000,1787814271369000000,0
FilePageCache.pageLoadsAboveSizeThreshold,1787814211368000000,1787814271369000000,0
FilePageCache.pageLoads,1787814211368000000,1787814271369000000,0
DirectByteBufferAllocator.reclaimed,1787814211368000000,1787814271369000000,0
DirectByteBufferAllocator.hits,1787814211368000000,1787814271369000000,0
FilePageCache.totalPageLoadsUs,1787814211368000000,1787814271369000000,0
DirectByteBufferAllocator.misses,1787814211368000000,1787814271369000000,0
StorageLockContext.competingThreads.max,1787814211368000000,1787814271369000000,0
FilePageCache.capacityInBytes,1787814211368000000,1787814271369000000,524288000
FilePageCache.pageFastCacheHits,1787814211368000000,1787814271369000000,0
FilePageCache.maxCacheSizeInBytes,1787814211368000000,1787814271369000000,267534336
FilePageCache.pageHits,1787814211368000000,1787814271369000000,0
StreamlinedBlobStorage.totalLiveRecordsCapacityBytes,1787814211368000000,1787814271369000000,0
DirectByteBufferAllocator.totalSizeOfBuffersAllocatedInBytes,1787814211368000000,1787814271369000000,267534336
StreamlinedBlobStorage.recordsRelocated,1787814211368000000,1787814271369000000,0
FilePageCache.uncachedFileAccess,1787814211368000000,1787814271369000000,0
FilePageCache.maxRegisteredFiles,1787814211368000000,1787814271369000000,617
DirectByteBufferAllocator.disposed,1787814211368000000,1787814271369000000,0
StorageLockContext.competingThreads.90P,1787814211368000000,1787814271369000000,0
StreamlinedBlobStorage.recordsDeleted,1787814211368000000,1787814271369000000,0
StreamlinedBlobStorage.totalLiveRecordsPayloadBytes,1787814211368000000,1787814271369000000,0
StreamlinedBlobStorage.recordsAllocated,1787814211368000000,1787814271369000000,0
StorageLockContext.competingThreads.avg,1787814211368000000,1787814271369000000,0.0
FilePageCache.disposedBuffers,1787814211368000000,1787814271369000000,0
DirectByteBufferAllocator.totalSizeOfBuffersCachedInBytes,1787814211368000000,1787814271369000000,0
FileNameCache.queries,1787814211368000000,1787814271369000000,0
FileNameCache.totalMisses,1787814211368000000,1787814271369000000,0
FileNameCache.fastMisses,1787814211368000000,1787814271369000000,0
FlushQueue.waitingTime90PNs,1787814211368000000,1787814271369000000,215039
FlushQueue.executionTime90PNs,1787814211368000000,1787814271369000000,130047
FlushQueue.queueSizeAvg,1787814211368000000,1787814271369000000,0.0
FlushQueue.tasksExecuted,1787814211368000000,1787814271369000000,121
AWTEventQueue.dispatchTimeAvgNs,1787814211368000000,1787814271369000000,50382.69390154298
FlushQueue.queueSizeMax,1787814211368000000,1787814271369000000,0
FlushQueue.waitingTimeMaxNs,1787814211368000000,1787814271369000000,1949695
NonBlockingReadAction.failedExecutionTimeUs,1787814211368000000,1787814271369000000,0
FlushQueue.queueSize90P,1787814211368000000,1787814271369000000,0
FlushQueue.executionTimeMaxNs,1787814211368000000,1787814271369000000,3227647
AWTEventQueue.dispatchTimeMaxNs,1787814211368000000,1787814271369000000,3358719
NonBlockingReadAction.failedExecutionsCount,1787814211368000000,1787814271369000000,0
AWTEventQueue.eventsDispatched,1787814211368000000,1787814271369000000,6805
AWTEventQueue.dispatchTimeTotalNS,1787814211368000000,1787814271369000000,342920162
AWTEventQueue.dispatchTime90PNs,1787814211368000000,1787814271369000000,78335
NonBlockingReadAction.finalizedExecutionTimeUs,1787814211368000000,1787814271369000000,0
NonBlockingReadAction.finalizedExecutionsCount,1787814211368000000,1787814271369000000,0
FlushQueue.executionTimeAvgNs,1787814211368000000,1787814271369000000,131550.4132231405
FlushQueue.waitingTimeAvgNs,1787814211368000000,1787814271369000000,207961.9173553719
workspaceModel.collect.changes.ms,1787814211368000000,1787814271369000000,0
workspaceModel.to.snapshot.ms,1787814211368000000,1787814271369000000,8
workspaceModel.init.bridges.ms,1787814211368000000,1787814271369000000,1
workspaceModel.replace.project.model.ms,1787814211368000000,1787814271369000000,0
workspaceModel.updates.ms,1787814211368000000,1787814271369000000,366
workspaceModel.updates.precise.ms,1787814211368000000,1787814271369000000,272
workspaceModel.loading.from.cache.ms,1787814211368000000,1787814271369000000,304
workspaceModel.pre.handlers.ms,1787814211368000000,1787814271369000000,2
workspaceModel.loading.total.ms,1787814211368000000,1787814271369000000,326
workspaceModel.updates.count,1787814211368000000,1787814271369000000,5
workspaceModel.initializing.ms,1787814211368000000,1787814271369000000,1
workspaceModel.update.unloaded.entities.ms,1787814211368000000,1787814271369000000,0
workspaceModel.check.recursive.update.ms,1787814211368000000,1787814271369000000,36
JVM.totalCpuTimeMs,1787814271369000000,1787814396106000000,4518
JVM.GC.collectionTimesMs,1787814271369000000,1787814396106000000,5
JVM.GC.collections,1787814271369000000,1787814396106000000,1
JVM.maxHeapBytes,1787814271369000000,1787814396106000000,2147483648
JVM.usedHeapBytes,1787814271369000000,1787814396106000000,224921872
JVM.maxNativeBytes,1787814271369000000,1787814396106000000,-1
JVM.usedNativeBytes,1787814271369000000,1787814396106000000,378063416
JVM.threadCount,1787814271369000000,1787814396106000000,43
OS.loadAverage,1787814271369000000,1787814396106000000,3.8115234375
IndexesFlusher.totalFlushes,1787814271369000000,1787814396106000000,92
IndexesFlusher.totalFlushesRetried,1787814271369000000,1787814396106000000,0
Indexes.allKeys.lookupDurationMaxMs,1787814271369000000,1787814396106000000,0.0
Indexes.allKeys.lookups,1787814271369000000,1787814396106000000,0.0
VFSFlusher.totalContentionQuotaSpent,1787814271369000000,1787814396106000000,0
Indexes.stubs.lookupDurationMaxMs,1787814271369000000,1787814396106000000,0.0
Indexes.stubs.lookupDurationAvgMs,1787814271369000000,1787814396106000000,0.0
VFSFlusher.totalFlushesRetried,1787814271369000000,1787814396106000000,0
IndexesFlusher.totalContentionQuotaSpent,1787814271369000000,1787814396106000000,0
Indexes.stubs.lookups,1787814271369000000,1787814396106000000,0.0
Indexes.entries.lookups,1787814271369000000,1787814396106000000,0.0
VFSFlusher.totalFlushes,1787814271369000000,1787814396106000000,0
Indexes.allKeys.lookupDurationAvgMs,1787814271369000000,1787814396106000000,0.0
IndexesFlusher.totalFlushingTimeUs,1787814271369000000,1787814396106000000,775390
Indexes.entries.lookupDurationAvgMs,1787814271369000000,1787814396106000000,0.0
VFSFlusher.totalFlushingTimeUs,1787814271369000000,1787814396106000000,0
Indexes.allKeys.lookupDuration90PMs,1787814271369000000,1787814396106000000,0.0
Indexes.stubs.lookupDuration90PMs,1787814271369000000,1787814396106000000,0.0
Indexes.entries.lookupDurationMaxMs,1787814271369000000,1787814396106000000,0.0
Indexes.entries.lookupDuration90PMs,1787814271369000000,1787814396106000000,0.0
workspaceModel.mutableEntityStorage.entities.by.source.ms,1787814271369000000,1787814396106000000,5
workspaceModel.save.cache.to.file.ms,1787814271369000000,1787814396106000000,1983
jps.global.handle.changed.events.ms,1787814271369000000,1787814396106000000,0
jps.project.serializers.load.ms,1787814271369000000,1787814396106000000,331
jps.module.iml.entities.serializer.save.entities.ms,1787814271369000000,1787814396106000000,0
workspaceModel.moduleManagerBridge.newModule.ms,1787814271369000000,1787814396106000000,0
workspaceModel.global.apply.state.to.project.builder.ms,1787814271369000000,1787814396106000000,0
workspaceModel.orphan.listener.update.ms,1787814271369000000,1787814396106000000,14
workspaceModel.moduleManagerBridge.new.nonPersistent.module.ms,1787814271369000000,1787814396106000000,0
jps.storage.jps.conf.reader.load.component.ms,1787814271369000000,1787814396106000000,306
jps.global.get.library.by.name.ms,1787814271369000000,1787814396106000000,0
jps.global.handle.before.change.events.ms,1787814271369000000,1787814396106000000,0
jps.load.project.to.empty.storage.ms,1787814271369000000,1787814396106000000,394
workspaceModel.moduleManagerBridge.get.modules.ms,1787814271369000000,1787814396106000000,9
jps.app.storage.content.reader.load.component.ms,1787814271369000000,1787814396106000000,0
workspaceModel.mutableEntityStorage.resolve.ms,1787814271369000000,1787814396106000000,6
jps.apply.loaded.storage.ms,1787814271369000000,1787814396106000000,1235
workspaceModel.mutableEntityStorage.replace.by.source.ms,1787814271369000000,1787814396106000000,219
workspaceModel.mutableEntityStorage.modify.entity.ms,1787814271369000000,1787814396106000000,140
workspaceModel.mutableEntityStorage.add.entity.ms,1787814271369000000,1787814396106000000,424
workspaceModel.mutableEntityStorage.referrers.ms,1787814271369000000,1787814396106000000,0
workspaceModel.mutableEntityStorage.entities.ms,1787814271369000000,1787814396106000000,8
workspaceModel.mutableEntityStorage.mutable.ext.mapping.ms,1787814271369000000,1787814396106000000,24
jps.library.entities.serializer.load.entities.ms,1787814271369000000,1787814396106000000,245
workspaceModel.moduleBridge.before.changed.ms,1787814271369000000,1787814396106000000,0
jps.save.changed.project.entities.ms,1787814271369000000,1787814396106000000,1
jps.module.iml.entities.serializer.load.entities.ms,1787814271369000000,1787814396106000000,246
workspaceModel.mutableEntityStorage.to.snapshot.ms,1787814271369000000,1787814396106000000,9
workspaceModel.mutableEntityStorage.mutable.vfurl.index.ms,1787814271369000000,1787814396106000000,0
jps.save.global.entities.ms,1787814271369000000,1787814396106000000,15
workspaceModel.sync.entities.ms,1787814271369000000,1787814396106000000,0
jps.global.get.libraries.ms,1787814271369000000,1787814396106000000,13
workspaceModel.moduleManagerBridge.create.module.instance.ms,1787814271369000000,1787814396106000000,0
workspaceModel.moduleManagerBridge.build.module.graph.ms,1787814271369000000,1787814396106000000,12
workspaceModel.moduleBridge.update.option.ms,1787814271369000000,1787814396106000000,0
jps.project.serializers.save.ms,1787814271369000000,1787814396106000000,1
workspaceModel.moduleManagerBridge.set.unloadedModules.ms,1787814271369000000,1787814396106000000,0
workspaceModel.mutableEntityStorage.has.same.entities.ms,1787814271369000000,1787814396106000000,0
jps.reload.project.entities.ms,1787814271369000000,1787814396106000000,0
workspaceModel.global.apply.state.to.project.ms,1787814271369000000,1787814396106000000,43
workspaceModel.moduleManagerBridge.load.all.modules.ms,1787814271369000000,1787814396106000000,377
jps.artifact.entities.serializer.load.entities.ms,1787814271369000000,1787814396106000000,0
workspaceModel.mutableEntityStorage.collect.changes.ms,1787814271369000000,1787814396106000000,0
jps.app.storage.content.writer.save.component.ms,1787814271369000000,1787814396106000000,0
workspaceModel.load.cache.from.file.ms,1787814271369000000,1787814396106000000,295
jps.artifact.entities.serializer.save.entities.ms,1787814271369000000,1787814396106000000,0
jps.load.initial.state.ms,1787814271369000000,1787814396106000000,13
workspaceModel.global.updates.ms,1787814271369000000,1787814396106000000,0
workspaceModel.moduleBridge.facet.initialization.ms,1787814271369000000,1787814396106000000,1
jps.global.initialize.library.bridges.ms,1787814271369000000,1787814396106000000,0
workspaceModel.moduleBridgeLoader.loading.modules.ms,1787814271369000000,1787814396106000000,1349
workspaceModel.delayed.project.synchronizer.sync.ms,1787814271369000000,1787814396106000000,1674
jps.facet.change.listener.init.bridge.ms,1787814271369000000,1787814396106000000,0
workspaceModel.mutableEntityStorage.put.entity.ms,1787814271369000000,1787814396106000000,152
workspaceModel.global.updates.count,1787814271369000000,1787814396106000000,0
workspaceModel.mutableEntityStorage.add.diff.ms,1787814271369000000,1787814396106000000,54
jps.global.get.library.ms,1787814271369000000,1787814396106000000,0
workspaceModel.moduleManagerBridge.load.module.ms,1787814271369000000,1787814396106000000,0
jps.facet.change.listener.process.change.events.ms,1787814271369000000,1787814396106000000,1
jps.facet.change.listener.before.change.events.ms,1787814271369000000,1787814396106000000,0
jps.library.entities.serializer.save.entities.ms,1787814271369000000,1787814396106000000,0
jps.global.initialize.library.bridges.after.loading.ms,1787814271369000000,1787814396106000000,0
workspaceModel.mutableEntityStorage.remove.entity.ms,1787814271369000000,1787814396106000000,0
FilePageCache.totalPageDisposalsUs,1787814271369000000,1787814396106000000,0
FilePageCache.pageLoadsAboveSizeThreshold,1787814271369000000,1787814396106000000,0
FilePageCache.pageLoads,1787814271369000000,1787814396106000000,0
DirectByteBufferAllocator.reclaimed,1787814271369000000,1787814396106000000,0
DirectByteBufferAllocator.hits,1787814271369000000,1787814396106000000,0
FilePageCache.totalPageLoadsUs,1787814271369000000,1787814396106000000,0
DirectByteBufferAllocator.misses,1787814271369000000,1787814396106000000,0
StorageLockContext.competingThreads.max,1787814271369000000,1787814396106000000,0
FilePageCache.capacityInBytes,1787814271369000000,1787814396106000000,524288000
FilePageCache.pageFastCacheHits,1787814271369000000,1787814396106000000,4
FilePageCache.maxCacheSizeInBytes,1787814271369000000,1787814396106000000,267534336
FilePageCache.pageHits,1787814271369000000,1787814396106000000,0
StreamlinedBlobStorage.totalLiveRecordsCapacityBytes,1787814271369000000,1787814396106000000,0
DirectByteBufferAllocator.totalSizeOfBuffersAllocatedInBytes,1787814271369000000,1787814396106000000,267534336
StreamlinedBlobStorage.recordsRelocated,1787814271369000000,1787814396106000000,0
FilePageCache.uncachedFileAccess,1787814271369000000,1787814396106000000,0
FilePageCache.maxRegisteredFiles,1787814271369000000,1787814396106000000,617
DirectByteBufferAllocator.disposed,1787814271369000000,1787814396106000000,0
StorageLockContext.competingThreads.90P,1787814271369000000,1787814396106000000,0
StreamlinedBlobStorage.recordsDeleted,1787814271369000000,1787814396106000000,0
StreamlinedBlobStorage.totalLiveRecordsPayloadBytes,1787814271369000000,1787814396106000000,0
StreamlinedBlobStorage.recordsAllocated,1787814271369000000,1787814396106000000,0
StorageLockContext.competingThreads.avg,1787814271369000000,1787814396106000000,0.0
FilePageCache.disposedBuffers,1787814271369000000,1787814396106000000,0
DirectByteBufferAllocator.totalSizeOfBuffersCachedInBytes,1787814271369000000,1787814396106000000,0
FileNameCache.queries,1787814271369000000,1787814396106000000,26
FileNameCache.totalMisses,1787814271369000000,1787814396106000000,0
FileNameCache.fastMisses,1787814271369000000,1787814396106000000,2
FlushQueue.waitingTime90PNs,1787814271369000000,1787814396106000000,247807
FlushQueue.executionTime90PNs,1787814271369000000,1787814396106000000,118783
FlushQueue.queueSizeAvg,1787814271369000000,1787814396106000000,0.0
FlushQueue.tasksExecuted,1787814271369000000,1787814396106000000,120
AWTEventQueue.dispatchTimeAvgNs,1787814271369000000,1787814396106000000,55108.392133492256
FlushQueue.queueSizeMax,1787814271369000000,1787814396106000000,0
FlushQueue.waitingTimeMaxNs,1787814271369000000,1787814396106000000,2686975
NonBlockingReadAction.failedExecutionTimeUs,1787814271369000000,1787814396106000000,0
FlushQueue.queueSize90P,1787814271369000000,1787814396106000000,0
FlushQueue.executionTimeMaxNs,1787814271369000000,1787814396106000000,3309567
AWTEventQueue.dispatchTimeMaxNs,1787814271369000000,1787814396106000000,10485759
NonBlockingReadAction.failedExecutionsCount,1787814271369000000,1787814396106000000,0
AWTEventQueue.eventsDispatched,1787814271369000000,1787814396106000000,6712
AWTEventQueue.dispatchTimeTotalNS,1787814271369000000,1787814396106000000,369865248
AWTEventQueue.dispatchTime90PNs,1787814271369000000,1787814396106000000,105471
NonBlockingReadAction.finalizedExecutionTimeUs,1787814271369000000,1787814396106000000,0
NonBlockingReadAction.finalizedExecutionsCount,1787814271369000000,1787814396106000000,0
FlushQueue.executionTimeAvgNs,1787814271369000000,1787814396106000000,106830.4
FlushQueue.waitingTimeAvgNs,1787814271369000000,1787814396106000000,190452.26666666666
workspaceModel.collect.changes.ms,1787814271369000000,1787814396106000000,0
workspaceModel.to.snapshot.ms,1787814271369000000,1787814396106000000,8
workspaceModel.init.bridges.ms,1787814271369000000,1787814396106000000,1
workspaceModel.replace.project.model.ms,1787814271369000000,1787814396106000000,0
workspaceModel.updates.ms,1787814271369000000,1787814396106000000,366
workspaceModel.updates.precise.ms,1787814271369000000,1787814396106000000,272
workspaceModel.loading.from.cache.ms,1787814271369000000,1787814396106000000,304
workspaceModel.pre.handlers.ms,1787814271369000000,1787814396106000000,2
workspaceModel.loading.total.ms,1787814271369000000,1787814396106000000,326
workspaceModel.updates.count,1787814271369000000,1787814396106000000,5
workspaceModel.initializing.ms,1787814271369000000,1787814396106000000,1
workspaceModel.update.unloaded.entities.ms,1787814271369000000,1787814396106000000,0
workspaceModel.check.recursive.update.ms,1787814271369000000,1787814396106000000,36
JVM.totalCpuTimeMs,1787814396106000000,1787814456105000000,3336
JVM.GC.collectionTimesMs,1787814396106000000,1787814456105000000,0
JVM.GC.collections,1787814396106000000,1787814456105000000,0
JVM.maxHeapBytes,1787814396106000000,1787814456105000000,2147483648
JVM.usedHeapBytes,1787814396106000000,1787814456105000000,276302096
JVM.maxNativeBytes,1787814396106000000,1787814456105000000,-1
JVM.usedNativeBytes,1787814396106000000,1787814456105000000,378333416
JVM.threadCount,1787814396106000000,1787814456105000000,42
OS.loadAverage,1787814396106000000,1787814456105000000,2.86328125
IndexesFlusher.totalFlushes,1787814396106000000,1787814456105000000,59
IndexesFlusher.totalFlushesRetried,1787814396106000000,1787814456105000000,0
Indexes.allKeys.lookupDurationMaxMs,1787814396106000000,1787814456105000000,0.0
Indexes.allKeys.lookups,1787814396106000000,1787814456105000000,0.0
VFSFlusher.totalContentionQuotaSpent,1787814396106000000,1787814456105000000,0
Indexes.stubs.lookupDurationMaxMs,1787814396106000000,1787814456105000000,0.0
Indexes.stubs.lookupDurationAvgMs,1787814396106000000,1787814456105000000,0.0
VFSFlusher.totalFlushesRetried,1787814396106000000,1787814456105000000,0
IndexesFlusher.totalContentionQuotaSpent,1787814396106000000,1787814456105000000,0
Indexes.stubs.lookups,1787814396106000000,1787814456105000000,0.0
Indexes.entries.lookups,1787814396106000000,1787814456105000000,0.0
VFSFlusher.totalFlushes,1787814396106000000,1787814456105000000,0
Indexes.allKeys.lookupDurationAvgMs,1787814396106000000,1787814456105000000,0.0
IndexesFlusher.totalFlushingTimeUs,1787814396106000000,1787814456105000000,527734
Indexes.entries.lookupDurationAvgMs,1787814396106000000,1787814456105000000,0.0
VFSFlusher.totalFlushingTimeUs,1787814396106000000,1787814456105000000,0
Indexes.allKeys.lookupDuration90PMs,1787814396106000000,1787814456105000000,0.0
Indexes.stubs.lookupDuration90PMs,1787814396106000000,1787814456105000000,0.0
Indexes.entries.lookupDurationMaxMs,1787814396106000000,1787814456105000000,0.0
Indexes.entries.lookupDuration90PMs,1787814396106000000,1787814456105000000,0.0
workspaceModel.mutableEntityStorage.entities.by.source.ms,1787814396106000000,1787814456105000000,5
workspaceModel.save.cache.to.file.ms,1787814396106000000,1787814456105000000,1983
jps.global.handle.changed.events.ms,1787814396106000000,1787814456105000000,0
jps.project.serializers.load.ms,1787814396106000000,1787814456105000000,331
jps.module.iml.entities.serializer.save.entities.ms,1787814396106000000,1787814456105000000,0
workspaceModel.moduleManagerBridge.newModule.ms,1787814396106000000,1787814456105000000,0
workspaceModel.global.apply.state.to.project.builder.ms,1787814396106000000,1787814456105000000,0
workspaceModel.orphan.listener.update.ms,1787814396106000000,1787814456105000000,14
workspaceModel.moduleManagerBridge.new.nonPersistent.module.ms,1787814396106000000,1787814456105000000,0
jps.storage.jps.conf.reader.load.component.ms,1787814396106000000,1787814456105000000,306
jps.global.get.library.by.name.ms,1787814396106000000,1787814456105000000,0
jps.global.handle.before.change.events.ms,1787814396106000000,1787814456105000000,0
jps.load.project.to.empty.storage.ms,1787814396106000000,1787814456105000000,394
workspaceModel.moduleManagerBridge.get.modules.ms,1787814396106000000,1787814456105000000,9
jps.app.storage.content.reader.load.component.ms,1787814396106000000,1787814456105000000,0
workspaceModel.mutableEntityStorage.resolve.ms,1787814396106000000,1787814456105000000,6
jps.apply.loaded.storage.ms,1787814396106000000,1787814456105000000,1235
workspaceModel.mutableEntityStorage.replace.by.source.ms,1787814396106000000,1787814456105000000,219
workspaceModel.mutableEntityStorage.modify.entity.ms,1787814396106000000,1787814456105000000,140
workspaceModel.mutableEntityStorage.add.entity.ms,1787814396106000000,1787814456105000000,424
workspaceModel.mutableEntityStorage.referrers.ms,1787814396106000000,1787814456105000000,0
workspaceModel.mutableEntityStorage.entities.ms,1787814396106000000,1787814456105000000,8
workspaceModel.mutableEntityStorage.mutable.ext.mapping.ms,1787814396106000000,1787814456105000000,24
jps.library.entities.serializer.load.entities.ms,1787814396106000000,1787814456105000000,245
workspaceModel.moduleBridge.before.changed.ms,1787814396106000000,1787814456105000000,0
jps.save.changed.project.entities.ms,1787814396106000000,1787814456105000000,1
jps.module.iml.entities.serializer.load.entities.ms,1787814396106000000,1787814456105000000,246
workspaceModel.mutableEntityStorage.to.snapshot.ms,1787814396106000000,1787814456105000000,9
workspaceModel.mutableEntityStorage.mutable.vfurl.index.ms,1787814396106000000,1787814456105000000,0
jps.save.global.entities.ms,1787814396106000000,1787814456105000000,15
workspaceModel.sync.entities.ms,1787814396106000000,1787814456105000000,0
jps.global.get.libraries.ms,1787814396106000000,1787814456105000000,15
workspaceModel.moduleManagerBridge.create.module.instance.ms,1787814396106000000,1787814456105000000,0
workspaceModel.moduleManagerBridge.build.module.graph.ms,1787814396106000000,1787814456105000000,12
workspaceModel.moduleBridge.update.option.ms,1787814396106000000,1787814456105000000,0
jps.project.serializers.save.ms,1787814396106000000,1787814456105000000,1
workspaceModel.moduleManagerBridge.set.unloadedModules.ms,1787814396106000000,1787814456105000000,0
workspaceModel.mutableEntityStorage.has.same.entities.ms,1787814396106000000,1787814456105000000,0
jps.reload.project.entities.ms,1787814396106000000,1787814456105000000,0
workspaceModel.global.apply.state.to.project.ms,1787814396106000000,1787814456105000000,43
workspaceModel.moduleManagerBridge.load.all.modules.ms,1787814396106000000,1787814456105000000,377
jps.artifact.entities.serializer.load.entities.ms,1787814396106000000,1787814456105000000,0
workspaceModel.mutableEntityStorage.collect.changes.ms,1787814396106000000,1787814456105000000,0
jps.app.storage.content.writer.save.component.ms,1787814396106000000,1787814456105000000,0
workspaceModel.load.cache.from.file.ms,1787814396106000000,1787814456105000000,295
jps.artifact.entities.serializer.save.entities.ms,1787814396106000000,1787814456105000000,0
jps.load.initial.state.ms,1787814396106000000,1787814456105000000,13
workspaceModel.global.updates.ms,1787814396106000000,1787814456105000000,0
workspaceModel.moduleBridge.facet.initialization.ms,1787814396106000000,1787814456105000000,1
jps.global.initialize.library.bridges.ms,1787814396106000000,1787814456105000000,0
workspaceModel.moduleBridgeLoader.loading.modules.ms,1787814396106000000,1787814456105000000,1349
workspaceModel.delayed.project.synchronizer.sync.ms,1787814396106000000,1787814456105000000,1674
jps.facet.change.listener.init.bridge.ms,1787814396106000000,1787814456105000000,0
workspaceModel.mutableEntityStorage.put.entity.ms,1787814396106000000,1787814456105000000,152
workspaceModel.global.updates.count,1787814396106000000,1787814456105000000,0
workspaceModel.mutableEntityStorage.add.diff.ms,1787814396106000000,1787814456105000000,54
jps.global.get.library.ms,1787814396106000000,1787814456105000000,0
workspaceModel.moduleManagerBridge.load.module.ms,1787814396106000000,1787814456105000000,0
jps.facet.change.listener.process.change.events.ms,1787814396106000000,1787814456105000000,1
jps.facet.change.listener.before.change.events.ms,1787814396106000000,1787814456105000000,0
jps.library.entities.serializer.save.entities.ms,1787814396106000000,1787814456105000000,0
jps.global.initialize.library.bridges.after.loading.ms,1787814396106000000,1787814456105000000,0
workspaceModel.mutableEntityStorage.remove.entity.ms,1787814396106000000,1787814456105000000,0
FilePageCache.totalPageDisposalsUs,1787814396106000000,1787814456105000000,0
FilePageCache.pageLoadsAboveSizeThreshold,1787814396106000000,1787814456105000000,0
FilePageCache.pageLoads,1787814396106000000,1787814456105000000,0
DirectByteBufferAllocator.reclaimed,1787814396106000000,1787814456105000000,0
DirectByteBufferAllocator.hits,1787814396106000000,1787814456105000000,0
FilePageCache.totalPageLoadsUs,1787814396106000000,1787814456105000000,0
DirectByteBufferAllocator.misses,1787814396106000000,1787814456105000000,0
StorageLockContext.competingThreads.max,1787814396106000000,1787814456105000000,0
FilePageCache.capacityInBytes,1787814396106000000,1787814456105000000,524288000
FilePageCache.pageFastCacheHits,1787814396106000000,1787814456105000000,4
FilePageCache.maxCacheSizeInBytes,1787814396106000000,1787814456105000000,267534336
FilePageCache.pageHits,1787814396106000000,1787814456105000000,0
StreamlinedBlobStorage.totalLiveRecordsCapacityBytes,1787814396106000000,1787814456105000000,0
DirectByteBufferAllocator.totalSizeOfBuffersAllocatedInBytes,1787814396106000000,1787814456105000000,267534336
StreamlinedBlobStorage.recordsRelocated,1787814396106000000,1787814456105000000,0
FilePageCache.uncachedFileAccess,1787814396106000000,1787814456105000000,0
FilePageCache.maxRegisteredFiles,1787814396106000000,1787814456105000000,617
DirectByteBufferAllocator.disposed,1787814396106000000,1787814456105000000,0
StorageLockContext.competingThreads.90P,1787814396106000000,1787814456105000000,0
StreamlinedBlobStorage.recordsDeleted,1787814396106000000,1787814456105000000,0
StreamlinedBlobStorage.totalLiveRecordsPayloadBytes,1787814396106000000,1787814456105000000,0
StreamlinedBlobStorage.recordsAllocated,1787814396106000000,1787814456105000000,0
StorageLockContext.competingThreads.avg,1787814396106000000,1787814456105000000,0.0
FilePageCache.disposedBuffers,1787814396106000000,1787814456105000000,0
DirectByteBufferAllocator.totalSizeOfBuffersCachedInBytes,1787814396106000000,1787814456105000000,0
FileNameCache.queries,1787814396106000000,1787814456105000000,145
FileNameCache.totalMisses,1787814396106000000,1787814456105000000,0
FileNameCache.fastMisses,1787814396106000000,1787814456105000000,2
FlushQueue.waitingTime90PNs,1787814396106000000,1787814456105000000,232447
FlushQueue.executionTime90PNs,1787814396106000000,1787814456105000000,121343
FlushQueue.queueSizeAvg,1787814396106000000,1787814456105000000,0.0
FlushQueue.tasksExecuted,1787814396106000000,1787814456105000000,120
AWTEventQueue.dispatchTimeAvgNs,1787814396106000000,1787814456105000000,44440.1875637105
FlushQueue.queueSizeMax,1787814396106000000,1787814456105000000,0
FlushQueue.waitingTimeMaxNs,1787814396106000000,1787814456105000000,380927
NonBlockingReadAction.failedExecutionTimeUs,1787814396106000000,1787814456105000000,0
FlushQueue.queueSize90P,1787814396106000000,1787814456105000000,0
FlushQueue.executionTimeMaxNs,1787814396106000000,1787814456105000000,1556479
AWTEventQueue.dispatchTimeMaxNs,1787814396106000000,1787814456105000000,4620287
NonBlockingReadAction.failedExecutionsCount,1787814396106000000,1787814456105000000,0
AWTEventQueue.eventsDispatched,1787814396106000000,1787814456105000000,6867
AWTEventQueue.dispatchTimeTotalNS,1787814396106000000,1787814456105000000,305226788
AWTEventQueue.dispatchTime90PNs,1787814396106000000,1787814456105000000,88575
NonBlockingReadAction.finalizedExecutionTimeUs,1787814396106000000,1787814456105000000,129183
NonBlockingReadAction.finalizedExecutionsCount,1787814396106000000,1787814456105000000,3
FlushQueue.executionTimeAvgNs,1787814396106000000,1787814456105000000,81910.13333333333
FlushQueue.waitingTimeAvgNs,1787814396106000000,1787814456105000000,131289.06666666668
workspaceModel.collect.changes.ms,1787814396106000000,1787814456105000000,0
workspaceModel.to.snapshot.ms,1787814396106000000,1787814456105000000,8
workspaceModel.init.bridges.ms,1787814396106000000,1787814456105000000,1
workspaceModel.replace.project.model.ms,1787814396106000000,1787814456105000000,0
workspaceModel.updates.ms,1787814396106000000,1787814456105000000,366
workspaceModel.updates.precise.ms,1787814396106000000,1787814456105000000,272
workspaceModel.loading.from.cache.ms,1787814396106000000,1787814456105000000,304
workspaceModel.pre.handlers.ms,1787814396106000000,1787814456105000000,2
workspaceModel.loading.total.ms,1787814396106000000,1787814456105000000,326
workspaceModel.updates.count,1787814396106000000,1787814456105000000,5
workspaceModel.initializing.ms,1787814396106000000,1787814456105000000,1
workspaceModel.update.unloaded.entities.ms,1787814396106000000,1787814456105000000,0
workspaceModel.check.recursive.update.ms,1787814396106000000,1787814456105000000,36
JVM.totalCpuTimeMs,1787814456105000000,1787814516104000000,2785
JVM.GC.collectionTimesMs,1787814456105000000,1787814516104000000,0
JVM.GC.collections,1787814456105000000,1787814516104000000,0
JVM.maxHeapBytes,1787814456105000000,1787814516104000000,2147483648
JVM.usedHeapBytes,1787814456105000000,1787814516104000000,325585168
JVM.maxNativeBytes,1787814456105000000,1787814516104000000,-1
JVM.usedNativeBytes,1787814456105000000,1787814516104000000,378413104
JVM.threadCount,1787814456105000000,1787814516104000000,42
OS.loadAverage,1787814456105000000,1787814516104000000,3.400390625
IndexesFlusher.totalFlushes,1787814456105000000,1787814516104000000,58
IndexesFlusher.totalFlushesRetried,1787814456105000000,1787814516104000000,0
Indexes.allKeys.lookupDurationMaxMs,1787814456105000000,1787814516104000000,0.0
Indexes.allKeys.lookups,1787814456105000000,1787814516104000000,0.0
VFSFlusher.totalContentionQuotaSpent,1787814456105000000,1787814516104000000,0
Indexes.stubs.lookupDurationMaxMs,1787814456105000000,1787814516104000000,0.0
Indexes.stubs.lookupDurationAvgMs,1787814456105000000,1787814516104000000,0.0
VFSFlusher.totalFlushesRetried,1787814456105000000,1787814516104000000,0
IndexesFlusher.totalContentionQuotaSpent,1787814456105000000,1787814516104000000,0
Indexes.stubs.lookups,1787814456105000000,1787814516104000000,0.0
Indexes.entries.lookups,1787814456105000000,1787814516104000000,0.0
VFSFlusher.totalFlushes,1787814456105000000,1787814516104000000,0
Indexes.allKeys.lookupDurationAvgMs,1787814456105000000,1787814516104000000,0.0
IndexesFlusher.totalFlushingTimeUs,1787814456105000000,1787814516104000000,514047
Indexes.entries.lookupDurationAvgMs,1787814456105000000,1787814516104000000,0.0
VFSFlusher.totalFlushingTimeUs,1787814456105000000,1787814516104000000,0
Indexes.allKeys.lookupDuration90PMs,1787814456105000000,1787814516104000000,0.0
Indexes.stubs.lookupDuration90PMs,1787814456105000000,1787814516104000000,0.0
Indexes.entries.lookupDurationMaxMs,1787814456105000000,1787814516104000000,0.0
Indexes.entries.lookupDuration90PMs,1787814456105000000,1787814516104000000,0.0
workspaceModel.mutableEntityStorage.entities.by.source.ms,1787814456105000000,1787814516104000000,5
workspaceModel.save.cache.to.file.ms,1787814456105000000,1787814516104000000,1983
jps.global.handle.changed.events.ms,1787814456105000000,1787814516104000000,0
jps.project.serializers.load.ms,1787814456105000000,1787814516104000000,331
jps.module.iml.entities.serializer.save.entities.ms,1787814456105000000,1787814516104000000,0
workspaceModel.moduleManagerBridge.newModule.ms,1787814456105000000,1787814516104000000,0
workspaceModel.global.apply.state.to.project.builder.ms,1787814456105000000,1787814516104000000,0
workspaceModel.orphan.listener.update.ms,1787814456105000000,1787814516104000000,14
workspaceModel.moduleManagerBridge.new.nonPersistent.module.ms,1787814456105000000,1787814516104000000,0
jps.storage.jps.conf.reader.load.component.ms,1787814456105000000,1787814516104000000,306
jps.global.get.library.by.name.ms,1787814456105000000,1787814516104000000,0
jps.global.handle.before.change.events.ms,1787814456105000000,1787814516104000000,0
jps.load.project.to.empty.storage.ms,1787814456105000000,1787814516104000000,394
workspaceModel.moduleManagerBridge.get.modules.ms,1787814456105000000,1787814516104000000,9
jps.app.storage.content.reader.load.component.ms,1787814456105000000,1787814516104000000,0
workspaceModel.mutableEntityStorage.resolve.ms,1787814456105000000,1787814516104000000,6
jps.apply.loaded.storage.ms,1787814456105000000,1787814516104000000,1235
workspaceModel.mutableEntityStorage.replace.by.source.ms,1787814456105000000,1787814516104000000,219
workspaceModel.mutableEntityStorage.modify.entity.ms,1787814456105000000,1787814516104000000,140
workspaceModel.mutableEntityStorage.add.entity.ms,1787814456105000000,1787814516104000000,424
workspaceModel.mutableEntityStorage.referrers.ms,1787814456105000000,1787814516104000000,0
workspaceModel.mutableEntityStorage.entities.ms,1787814456105000000,1787814516104000000,8
workspaceModel.mutableEntityStorage.mutable.ext.mapping.ms,1787814456105000000,1787814516104000000,24
jps.library.entities.serializer.load.entities.ms,1787814456105000000,1787814516104000000,245
workspaceModel.moduleBridge.before.changed.ms,1787814456105000000,1787814516104000000,0
jps.save.changed.project.entities.ms,1787814456105000000,1787814516104000000,1
jps.module.iml.entities.serializer.load.entities.ms,1787814456105000000,1787814516104000000,246
workspaceModel.mutableEntityStorage.to.snapshot.ms,1787814456105000000,1787814516104000000,9
workspaceModel.mutableEntityStorage.mutable.vfurl.index.ms,1787814456105000000,1787814516104000000,0
jps.save.global.entities.ms,1787814456105000000,1787814516104000000,15
workspaceModel.sync.entities.ms,1787814456105000000,1787814516104000000,0
jps.global.get.libraries.ms,1787814456105000000,1787814516104000000,15
workspaceModel.moduleManagerBridge.create.module.instance.ms,1787814456105000000,1787814516104000000,0
workspaceModel.moduleManagerBridge.build.module.graph.ms,1787814456105000000,1787814516104000000,12
workspaceModel.moduleBridge.update.option.ms,1787814456105000000,1787814516104000000,0
jps.project.serializers.save.ms,1787814456105000000,1787814516104000000,1
workspaceModel.moduleManagerBridge.set.unloadedModules.ms,1787814456105000000,1787814516104000000,0
workspaceModel.mutableEntityStorage.has.same.entities.ms,1787814456105000000,1787814516104000000,0
jps.reload.project.entities.ms,1787814456105000000,1787814516104000000,0
workspaceModel.global.apply.state.to.project.ms,1787814456105000000,1787814516104000000,43
workspaceModel.moduleManagerBridge.load.all.modules.ms,1787814456105000000,1787814516104000000,377
jps.artifact.entities.serializer.load.entities.ms,1787814456105000000,1787814516104000000,0
workspaceModel.mutableEntityStorage.collect.changes.ms,1787814456105000000,1787814516104000000,0
jps.app.storage.content.writer.save.component.ms,1787814456105000000,1787814516104000000,0
workspaceModel.load.cache.from.file.ms,1787814456105000000,1787814516104000000,295
jps.artifact.entities.serializer.save.entities.ms,1787814456105000000,1787814516104000000,0
jps.load.initial.state.ms,1787814456105000000,1787814516104000000,13
workspaceModel.global.updates.ms,1787814456105000000,1787814516104000000,0
workspaceModel.moduleBridge.facet.initialization.ms,1787814456105000000,1787814516104000000,1
jps.global.initialize.library.bridges.ms,1787814456105000000,1787814516104000000,0
workspaceModel.moduleBridgeLoader.loading.modules.ms,1787814456105000000,1787814516104000000,1349
workspaceModel.delayed.project.synchronizer.sync.ms,1787814456105000000,1787814516104000000,1674
jps.facet.change.listener.init.bridge.ms,1787814456105000000,1787814516104000000,0
workspaceModel.mutableEntityStorage.put.entity.ms,1787814456105000000,1787814516104000000,152
workspaceModel.global.updates.count,1787814456105000000,1787814516104000000,0
workspaceModel.mutableEntityStorage.add.diff.ms,1787814456105000000,1787814516104000000,54
jps.global.get.library.ms,1787814456105000000,1787814516104000000,0
workspaceModel.moduleManagerBridge.load.module.ms,1787814456105000000,1787814516104000000,0
jps.facet.change.listener.process.change.events.ms,1787814456105000000,1787814516104000000,1
jps.facet.change.listener.before.change.events.ms,1787814456105000000,1787814516104000000,0
jps.library.entities.serializer.save.entities.ms,1787814456105000000,1787814516104000000,0
jps.global.initialize.library.bridges.after.loading.ms,1787814456105000000,1787814516104000000,0
workspaceModel.mutableEntityStorage.remove.entity.ms,1787814456105000000,1787814516104000000,0
FilePageCache.totalPageDisposalsUs,1787814456105000000,1787814516104000000,0
FilePageCache.pageLoadsAboveSizeThreshold,1787814456105000000,1787814516104000000,0
FilePageCache.pageLoads,1787814456105000000,1787814516104000000,0
DirectByteBufferAllocator.reclaimed,1787814456105000000,1787814516104000000,0
DirectByteBufferAllocator.hits,1787814456105000000,1787814516104000000,0
FilePageCache.totalPageLoadsUs,1787814456105000000,1787814516104000000,0
DirectByteBufferAllocator.misses,1787814456105000000,1787814516104000000,0
StorageLockContext.competingThreads.max,1787814456105000000,1787814516104000000,0
FilePageCache.capacityInBytes,1787814456105000000,1787814516104000000,524288000
FilePageCache.pageFastCacheHits,1787814456105000000,1787814516104000000,0
FilePageCache.maxCacheSizeInBytes,1787814456105000000,1787814516104000000,267534336
FilePageCache.pageHits,1787814456105000000,1787814516104000000,0
StreamlinedBlobStorage.totalLiveRecordsCapacityBytes,1787814456105000000,1787814516104000000,0
DirectByteBufferAllocator.totalSizeOfBuffersAllocatedInBytes,1787814456105000000,1787814516104000000,267534336
StreamlinedBlobStorage.recordsRelocated,1787814456105000000,1787814516104000000,0
FilePageCache.uncachedFileAccess,1787814456105000000,1787814516104000000,0
FilePageCache.maxRegisteredFiles,1787814456105000000,1787814516104000000,617
DirectByteBufferAllocator.disposed,1787814456105000000,1787814516104000000,0
StorageLockContext.competingThreads.90P,1787814456105000000,1787814516104000000,0
StreamlinedBlobStorage.recordsDeleted,1787814456105000000,1787814516104000000,0
StreamlinedBlobStorage.totalLiveRecordsPayloadBytes,1787814456105000000,1787814516104000000,0
StreamlinedBlobStorage.recordsAllocated,1787814456105000000,1787814516104000000,0
StorageLockContext.competingThreads.avg,1787814456105000000,1787814516104000000,0.0
FilePageCache.disposedBuffers,1787814456105000000,1787814516104000000,0
DirectByteBufferAllocator.totalSizeOfBuffersCachedInBytes,1787814456105000000,1787814516104000000,0
FileNameCache.queries,1787814456105000000,1787814516104000000,0
FileNameCache.totalMisses,1787814456105000000,1787814516104000000,0
FileNameCache.fastMisses,1787814456105000000,1787814516104000000,0
FlushQueue.waitingTime90PNs,1787814456105000000,1787814516104000000,231423
FlushQueue.executionTime90PNs,1787814456105000000,1787814516104000000,102911
FlushQueue.queueSizeAvg,1787814456105000000,1787814516104000000,0.0
FlushQueue.tasksExecuted,1787814456105000000,1787814516104000000,121
AWTEventQueue.dispatchTimeAvgNs,1787814456105000000,1787814516104000000,43269.135095662336
FlushQueue.queueSizeMax,1787814456105000000,1787814516104000000,0
FlushQueue.waitingTimeMaxNs,1787814456105000000,1787814516104000000,3571711
NonBlockingReadAction.failedExecutionTimeUs,1787814456105000000,1787814516104000000,0
FlushQueue.queueSize90P,1787814456105000000,1787814516104000000,0
FlushQueue.executionTimeMaxNs,1787814456105000000,1787814516104000000,667647
AWTEventQueue.dispatchTimeMaxNs,1787814456105000000,1787814516104000000,4489215
NonBlockingReadAction.failedExecutionsCount,1787814456105000000,1787814516104000000,0
AWTEventQueue.eventsDispatched,1787814456105000000,1787814516104000000,6847
AWTEventQueue.dispatchTimeTotalNS,1787814456105000000,1787814516104000000,296226832
AWTEventQueue.dispatchTime90PNs,1787814456105000000,1787814516104000000,88575
NonBlockingReadAction.finalizedExecutionTimeUs,1787814456105000000,1787814516104000000,0
NonBlockingReadAction.finalizedExecutionsCount,1787814456105000000,1787814516104000000,0
FlushQueue.executionTimeAvgNs,1787814456105000000,1787814516104000000,56135.93388429752
FlushQueue.waitingTimeAvgNs,1787814456105000000,1787814516104000000,204804.23140495867
workspaceModel.collect.changes.ms,1787814456105000000,1787814516104000000,0
workspaceModel.to.snapshot.ms,1787814456105000000,1787814516104000000,8
workspaceModel.init.bridges.ms,1787814456105000000,1787814516104000000,1
workspaceModel.replace.project.model.ms,1787814456105000000,1787814516104000000,0
workspaceModel.updates.ms,1787814456105000000,1787814516104000000,366
workspaceModel.updates.precise.ms,1787814456105000000,1787814516104000000,272
workspaceModel.loading.from.cache.ms,1787814456105000000,1787814516104000000,304
workspaceModel.pre.handlers.ms,1787814456105000000,1787814516104000000,2
workspaceModel.loading.total.ms,1787814456105000000,1787814516104000000,326
workspaceModel.updates.count,1787814456105000000,1787814516104000000,5
workspaceModel.initializing.ms,1787814456105000000,1787814516104000000,1
workspaceModel.update.unloaded.entities.ms,1787814456105000000,1787814516104000000,0
workspaceModel.check.recursive.update.ms,1787814456105000000,1787814516104000000,36
JVM.totalCpuTimeMs,1787814516104000000,1787814576108000000,3092
JVM.GC.collectionTimesMs,1787814516104000000,1787814576108000000,52
JVM.GC.collections,1787814516104000000,1787814576108000000,2
JVM.maxHeapBytes,1787814516104000000,1787814576108000000,2147483648
JVM.usedHeapBytes,1787814516104000000,1787814576108000000,203721464
JVM.maxNativeBytes,1787814516104000000,1787814576108000000,-1
JVM.usedNativeBytes,1787814516104000000,1787814576108000000,378480432
JVM.threadCount,1787814516104000000,1787814576108000000,43
OS.loadAverage,1787814516104000000,1787814576108000000,3.47900390625
IndexesFlusher.totalFlushes,1787814516104000000,1787814576108000000,59
IndexesFlusher.totalFlushesRetried,1787814516104000000,1787814576108000000,0
Indexes.allKeys.lookupDurationMaxMs,1787814516104000000,1787814576108000000,0.0
Indexes.allKeys.lookups,1787814516104000000,1787814576108000000,0.0
VFSFlusher.totalContentionQuotaSpent,1787814516104000000,1787814576108000000,0
Indexes.stubs.lookupDurationMaxMs,1787814516104000000,1787814576108000000,0.0
Indexes.stubs.lookupDurationAvgMs,1787814516104000000,1787814576108000000,0.0
VFSFlusher.totalFlushesRetried,1787814516104000000,1787814576108000000,0
IndexesFlusher.totalContentionQuotaSpent,1787814516104000000,1787814576108000000,0
Indexes.stubs.lookups,1787814516104000000,1787814576108000000,0.0
Indexes.entries.lookups,1787814516104000000,1787814576108000000,0.0
VFSFlusher.totalFlushes,1787814516104000000,1787814576108000000,0
Indexes.allKeys.lookupDurationAvgMs,1787814516104000000,1787814576108000000,0.0
IndexesFlusher.totalFlushingTimeUs,1787814516104000000,1787814576108000000,490190
Indexes.entries.lookupDurationAvgMs,1787814516104000000,1787814576108000000,0.0
VFSFlusher.totalFlushingTimeUs,1787814516104000000,1787814576108000000,0
Indexes.allKeys.lookupDuration90PMs,1787814516104000000,1787814576108000000,0.0
Indexes.stubs.lookupDuration90PMs,1787814516104000000,1787814576108000000,0.0
Indexes.entries.lookupDurationMaxMs,1787814516104000000,1787814576108000000,0.0
Indexes.entries.lookupDuration90PMs,1787814516104000000,1787814576108000000,0.0
workspaceModel.mutableEntityStorage.entities.by.source.ms,1787814516104000000,1787814576108000000,5
workspaceModel.save.cache.to.file.ms,1787814516104000000,1787814576108000000,1983
jps.global.handle.changed.events.ms,1787814516104000000,1787814576108000000,0
jps.project.serializers.load.ms,1787814516104000000,1787814576108000000,331
jps.module.iml.entities.serializer.save.entities.ms,1787814516104000000,1787814576108000000,0
workspaceModel.moduleManagerBridge.newModule.ms,1787814516104000000,1787814576108000000,0
workspaceModel.global.apply.state.to.project.builder.ms,1787814516104000000,1787814576108000000,0
workspaceModel.orphan.listener.update.ms,1787814516104000000,1787814576108000000,14
workspaceModel.moduleManagerBridge.new.nonPersistent.module.ms,1787814516104000000,1787814576108000000,0
jps.storage.jps.conf.reader.load.component.ms,1787814516104000000,1787814576108000000,306
jps.global.get.library.by.name.ms,1787814516104000000,1787814576108000000,0
jps.global.handle.before.change.events.ms,1787814516104000000,1787814576108000000,0
jps.load.project.to.empty.storage.ms,1787814516104000000,1787814576108000000,394
workspaceModel.moduleManagerBridge.get.modules.ms,1787814516104000000,1787814576108000000,9
jps.app.storage.content.reader.load.component.ms,1787814516104000000,1787814576108000000,0
workspaceModel.mutableEntityStorage.resolve.ms,1787814516104000000,1787814576108000000,6
jps.apply.loaded.storage.ms,1787814516104000000,1787814576108000000,1235
workspaceModel.mutableEntityStorage.replace.by.source.ms,1787814516104000000,1787814576108000000,219
workspaceModel.mutableEntityStorage.modify.entity.ms,1787814516104000000,1787814576108000000,140
workspaceModel.mutableEntityStorage.add.entity.ms,1787814516104000000,1787814576108000000,424
workspaceModel.mutableEntityStorage.referrers.ms,1787814516104000000,1787814576108000000,0
workspaceModel.mutableEntityStorage.entities.ms,1787814516104000000,1787814576108000000,8
workspaceModel.mutableEntityStorage.mutable.ext.mapping.ms,1787814516104000000,1787814576108000000,24
jps.library.entities.serializer.load.entities.ms,1787814516104000000,1787814576108000000,245
workspaceModel.moduleBridge.before.changed.ms,1787814516104000000,1787814576108000000,0
jps.save.changed.project.entities.ms,1787814516104000000,1787814576108000000,1
jps.module.iml.entities.serializer.load.entities.ms,1787814516104000000,1787814576108000000,246
workspaceModel.mutableEntityStorage.to.snapshot.ms,1787814516104000000,1787814576108000000,9
workspaceModel.mutableEntityStorage.mutable.vfurl.index.ms,1787814516104000000,1787814576108000000,0
jps.save.global.entities.ms,1787814516104000000,1787814576108000000,15
workspaceModel.sync.entities.ms,1787814516104000000,1787814576108000000,0
jps.global.get.libraries.ms,1787814516104000000,1787814576108000000,15
workspaceModel.moduleManagerBridge.create.module.instance.ms,1787814516104000000,1787814576108000000,0
workspaceModel.moduleManagerBridge.build.module.graph.ms,1787814516104000000,1787814576108000000,12
workspaceModel.moduleBridge.update.option.ms,1787814516104000000,1787814576108000000,0
jps.project.serializers.save.ms,1787814516104000000,1787814576108000000,1
workspaceModel.moduleManagerBridge.set.unloadedModules.ms,1787814516104000000,1787814576108000000,0
workspaceModel.mutableEntityStorage.has.same.entities.ms,1787814516104000000,1787814576108000000,0
jps.reload.project.entities.ms,1787814516104000000,1787814576108000000,0
workspaceModel.global.apply.state.to.project.ms,1787814516104000000,1787814576108000000,43
workspaceModel.moduleManagerBridge.load.all.modules.ms,1787814516104000000,1787814576108000000,377
jps.artifact.entities.serializer.load.entities.ms,1787814516104000000,1787814576108000000,0
workspaceModel.mutableEntityStorage.collect.changes.ms,1787814516104000000,1787814576108000000,0
jps.app.storage.content.writer.save.component.ms,1787814516104000000,1787814576108000000,0
workspaceModel.load.cache.from.file.ms,1787814516104000000,1787814576108000000,295
jps.artifact.entities.serializer.save.entities.ms,1787814516104000000,1787814576108000000,0
jps.load.initial.state.ms,1787814516104000000,1787814576108000000,13
workspaceModel.global.updates.ms,1787814516104000000,1787814576108000000,0
workspaceModel.moduleBridge.facet.initialization.ms,1787814516104000000,1787814576108000000,1
jps.global.initialize.library.bridges.ms,1787814516104000000,1787814576108000000,0
workspaceModel.moduleBridgeLoader.loading.modules.ms,1787814516104000000,1787814576108000000,1349
workspaceModel.delayed.project.synchronizer.sync.ms,1787814516104000000,1787814576108000000,1674
jps.facet.change.listener.init.bridge.ms,1787814516104000000,1787814576108000000,0
workspaceModel.mutableEntityStorage.put.entity.ms,1787814516104000000,1787814576108000000,152
workspaceModel.global.updates.count,1787814516104000000,1787814576108000000,0
workspaceModel.mutableEntityStorage.add.diff.ms,1787814516104000000,1787814576108000000,54
jps.global.get.library.ms,1787814516104000000,1787814576108000000,0
workspaceModel.moduleManagerBridge.load.module.ms,1787814516104000000,1787814576108000000,0
jps.facet.change.listener.process.change.events.ms,1787814516104000000,1787814576108000000,1
jps.facet.change.listener.before.change.events.ms,1787814516104000000,1787814576108000000,0
jps.library.entities.serializer.save.entities.ms,1787814516104000000,1787814576108000000,0
jps.global.initialize.library.bridges.after.loading.ms,1787814516104000000,1787814576108000000,0
workspaceModel.mutableEntityStorage.remove.entity.ms,1787814516104000000,1787814576108000000,0
FilePageCache.totalPageDisposalsUs,1787814516104000000,1787814576108000000,0
FilePageCache.pageLoadsAboveSizeThreshold,1787814516104000000,1787814576108000000,0
FilePageCache.pageLoads,1787814516104000000,1787814576108000000,0
DirectByteBufferAllocator.reclaimed,1787814516104000000,1787814576108000000,0
DirectByteBufferAllocator.hits,1787814516104000000,1787814576108000000,0
FilePageCache.totalPageLoadsUs,1787814516104000000,1787814576108000000,0
DirectByteBufferAllocator.misses,1787814516104000000,1787814576108000000,0
StorageLockContext.competingThreads.max,1787814516104000000,1787814576108000000,0
FilePageCache.capacityInBytes,1787814516104000000,1787814576108000000,524288000
FilePageCache.pageFastCacheHits,1787814516104000000,1787814576108000000,0
FilePageCache.maxCacheSizeInBytes,1787814516104000000,1787814576108000000,267534336
FilePageCache.pageHits,1787814516104000000,1787814576108000000,0
StreamlinedBlobStorage.totalLiveRecordsCapacityBytes,1787814516104000000,1787814576108000000,0
DirectByteBufferAllocator.totalSizeOfBuffersAllocatedInBytes,1787814516104000000,1787814576108000000,267534336
StreamlinedBlobStorage.recordsRelocated,1787814516104000000,1787814576108000000,0
FilePageCache.uncachedFileAccess,1787814516104000000,1787814576108000000,0
FilePageCache.maxRegisteredFiles,1787814516104000000,1787814576108000000,617
DirectByteBufferAllocator.disposed,1787814516104000000,1787814576108000000,0
StorageLockContext.competingThreads.90P,1787814516104000000,1787814576108000000,0
StreamlinedBlobStorage.recordsDeleted,1787814516104000000,1787814576108000000,0
StreamlinedBlobStorage.totalLiveRecordsPayloadBytes,1787814516104000000,1787814576108000000,0
StreamlinedBlobStorage.recordsAllocated,1787814516104000000,1787814576108000000,0
StorageLockContext.competingThreads.avg,1787814516104000000,1787814576108000000,0.0
FilePageCache.disposedBuffers,1787814516104000000,1787814576108000000,0
DirectByteBufferAllocator.totalSizeOfBuffersCachedInBytes,1787814516104000000,1787814576108000000,0
FileNameCache.queries,1787814516104000000,1787814576108000000,36
FileNameCache.totalMisses,1787814516104000000,1787814576108000000,0
FileNameCache.fastMisses,1787814516104000000,1787814576108000000,0
FlushQueue.waitingTime90PNs,1787814516104000000,1787814576108000000,258047
FlushQueue.executionTime90PNs,1787814516104000000,1787814576108000000,107007
FlushQueue.queueSizeAvg,1787814516104000000,1787814576108000000,0.0
FlushQueue.tasksExecuted,1787814516104000000,1787814576108000000,121
AWTEventQueue.dispatchTimeAvgNs,1787814516104000000,1787814576108000000,45407.10071626955
FlushQueue.queueSizeMax,1787814516104000000,1787814576108000000,0
FlushQueue.waitingTimeMaxNs,1787814516104000000,1787814576108000000,1474559
NonBlockingReadAction.failedExecutionTimeUs,1787814516104000000,1787814576108000000,0
FlushQueue.queueSize90P,1787814516104000000,1787814576108000000,0
FlushQueue.executionTimeMaxNs,1787814516104000000,1787814576108000000,242687
AWTEventQueue.dispatchTimeMaxNs,1787814516104000000,1787814576108000000,1482751
NonBlockingReadAction.failedExecutionsCount,1787814516104000000,1787814576108000000,0
AWTEventQueue.eventsDispatched,1787814516104000000,1787814576108000000,6841
AWTEventQueue.dispatchTimeTotalNS,1787814516104000000,1787814576108000000,310643640
AWTEventQueue.dispatchTime90PNs,1787814516104000000,1787814576108000000,100863
NonBlockingReadAction.finalizedExecutionTimeUs,1787814516104000000,1787814576108000000,0
NonBlockingReadAction.finalizedExecutionsCount,1787814516104000000,1787814576108000000,0
FlushQueue.executionTimeAvgNs,1787814516104000000,1787814576108000000,50575.86776859504
FlushQueue.waitingTimeAvgNs,1787814516104000000,1787814576108000000,151658.84297520661
workspaceModel.collect.changes.ms,1787814516104000000,1787814576108000000,0
workspaceModel.to.snapshot.ms,1787814516104000000,1787814576108000000,8
workspaceModel.init.bridges.ms,1787814516104000000,1787814576108000000,1
workspaceModel.replace.project.model.ms,1787814516104000000,1787814576108000000,0
workspaceModel.updates.ms,1787814516104000000,1787814576108000000,366
workspaceModel.updates.precise.ms,1787814516104000000,1787814576108000000,272
workspaceModel.loading.from.cache.ms,1787814516104000000,1787814576108000000,304
workspaceModel.pre.handlers.ms,1787814516104000000,1787814576108000000,2
workspaceModel.loading.total.ms,1787814516104000000,1787814576108000000,326
workspaceModel.updates.count,1787814516104000000,1787814576108000000,5
workspaceModel.initializing.ms,1787814516104000000,1787814576108000000,1
workspaceModel.update.unloaded.entities.ms,1787814516104000000,1787814576108000000,0
workspaceModel.check.recursive.update.ms,1787814516104000000,1787814576108000000,36
JVM.totalCpuTimeMs,1787814576108000000,1787814636107000000,3019
JVM.GC.collectionTimesMs,1787814576108000000,1787814636107000000,0
JVM.GC.collections,1787814576108000000,1787814636107000000,0
JVM.maxHeapBytes,1787814576108000000,1787814636107000000,2147483648
JVM.usedHeapBytes,1787814576108000000,1787814636107000000,251955960
JVM.maxNativeBytes,1787814576108000000,1787814636107000000,-1
JVM.usedNativeBytes,1787814576108000000,1787814636107000000,378490544
JVM.threadCount,1787814576108000000,1787814636107000000,42
OS.loadAverage,1787814576108000000,1787814636107000000,2.1728515625
IndexesFlusher.totalFlushes,1787814576108000000,1787814636107000000,59
IndexesFlusher.totalFlushesRetried,1787814576108000000,1787814636107000000,0
Indexes.allKeys.lookupDurationMaxMs,1787814576108000000,1787814636107000000,0.0
Indexes.allKeys.lookups,1787814576108000000,1787814636107000000,0.0
VFSFlusher.totalContentionQuotaSpent,1787814576108000000,1787814636107000000,0
Indexes.stubs.lookupDurationMaxMs,1787814576108000000,1787814636107000000,0.0
Indexes.stubs.lookupDurationAvgMs,1787814576108000000,1787814636107000000,0.0
VFSFlusher.totalFlushesRetried,1787814576108000000,1787814636107000000,0
IndexesFlusher.totalContentionQuotaSpent,1787814576108000000,1787814636107000000,0
Indexes.stubs.lookups,1787814576108000000,1787814636107000000,0.0
Indexes.entries.lookups,1787814576108000000,1787814636107000000,0.0
VFSFlusher.totalFlushes,1787814576108000000,1787814636107000000,0
Indexes.allKeys.lookupDurationAvgMs,1787814576108000000,1787814636107000000,0.0
IndexesFlusher.totalFlushingTimeUs,1787814576108000000,1787814636107000000,535708
Indexes.entries.lookupDurationAvgMs,1787814576108000000,1787814636107000000,0.0
VFSFlusher.totalFlushingTimeUs,1787814576108000000,1787814636107000000,0
Indexes.allKeys.lookupDuration90PMs,1787814576108000000,1787814636107000000,0.0
Indexes.stubs.lookupDuration90PMs,1787814576108000000,1787814636107000000,0.0
Indexes.entries.lookupDurationMaxMs,1787814576108000000,1787814636107000000,0.0
Indexes.entries.lookupDuration90PMs,1787814576108000000,1787814636107000000,0.0
workspaceModel.mutableEntityStorage.entities.by.source.ms,1787814576108000000,1787814636107000000,5
workspaceModel.save.cache.to.file.ms,1787814576108000000,1787814636107000000,1983
jps.global.handle.changed.events.ms,1787814576108000000,1787814636107000000,0
jps.project.serializers.load.ms,1787814576108000000,1787814636107000000,331
jps.module.iml.entities.serializer.save.entities.ms,1787814576108000000,1787814636107000000,0
workspaceModel.moduleManagerBridge.newModule.ms,1787814576108000000,1787814636107000000,0
workspaceModel.global.apply.state.to.project.builder.ms,1787814576108000000,1787814636107000000,0
workspaceModel.orphan.listener.update.ms,1787814576108000000,1787814636107000000,14
workspaceModel.moduleManagerBridge.new.nonPersistent.module.ms,1787814576108000000,1787814636107000000,0
jps.storage.jps.conf.reader.load.component.ms,1787814576108000000,1787814636107000000,306
jps.global.get.library.by.name.ms,1787814576108000000,1787814636107000000,0
jps.global.handle.before.change.events.ms,1787814576108000000,1787814636107000000,0
jps.load.project.to.empty.storage.ms,1787814576108000000,1787814636107000000,394
workspaceModel.moduleManagerBridge.get.modules.ms,1787814576108000000,1787814636107000000,9
jps.app.storage.content.reader.load.component.ms,1787814576108000000,1787814636107000000,0
workspaceModel.mutableEntityStorage.resolve.ms,1787814576108000000,1787814636107000000,6
jps.apply.loaded.storage.ms,1787814576108000000,1787814636107000000,1235
workspaceModel.mutableEntityStorage.replace.by.source.ms,1787814576108000000,1787814636107000000,219
workspaceModel.mutableEntityStorage.modify.entity.ms,1787814576108000000,1787814636107000000,140
workspaceModel.mutableEntityStorage.add.entity.ms,1787814576108000000,1787814636107000000,424
workspaceModel.mutableEntityStorage.referrers.ms,1787814576108000000,1787814636107000000,0
workspaceModel.mutableEntityStorage.entities.ms,1787814576108000000,1787814636107000000,8
workspaceModel.mutableEntityStorage.mutable.ext.mapping.ms,1787814576108000000,1787814636107000000,24
jps.library.entities.serializer.load.entities.ms,1787814576108000000,1787814636107000000,245
workspaceModel.moduleBridge.before.changed.ms,1787814576108000000,1787814636107000000,0
jps.save.changed.project.entities.ms,1787814576108000000,1787814636107000000,1
jps.module.iml.entities.serializer.load.entities.ms,1787814576108000000,1787814636107000000,246
workspaceModel.mutableEntityStorage.to.snapshot.ms,1787814576108000000,1787814636107000000,9
workspaceModel.mutableEntityStorage.mutable.vfurl.index.ms,1787814576108000000,1787814636107000000,0
jps.save.global.entities.ms,1787814576108000000,1787814636107000000,15
workspaceModel.sync.entities.ms,1787814576108000000,1787814636107000000,0
jps.global.get.libraries.ms,1787814576108000000,1787814636107000000,15
workspaceModel.moduleManagerBridge.create.module.instance.ms,1787814576108000000,1787814636107000000,0
workspaceModel.moduleManagerBridge.build.module.graph.ms,1787814576108000000,1787814636107000000,12
workspaceModel.moduleBridge.update.option.ms,1787814576108000000,1787814636107000000,0
jps.project.serializers.save.ms,1787814576108000000,1787814636107000000,1
workspaceModel.moduleManagerBridge.set.unloadedModules.ms,1787814576108000000,1787814636107000000,0
workspaceModel.mutableEntityStorage.has.same.entities.ms,1787814576108000000,1787814636107000000,0
jps.reload.project.entities.ms,1787814576108000000,1787814636107000000,0
workspaceModel.global.apply.state.to.project.ms,1787814576108000000,1787814636107000000,43
workspaceModel.moduleManagerBridge.load.all.modules.ms,1787814576108000000,1787814636107000000,377
jps.artifact.entities.serializer.load.entities.ms,1787814576108000000,1787814636107000000,0
workspaceModel.mutableEntityStorage.collect.changes.ms,1787814576108000000,1787814636107000000,0
jps.app.storage.content.writer.save.component.ms,1787814576108000000,1787814636107000000,0
workspaceModel.load.cache.from.file.ms,1787814576108000000,1787814636107000000,295
jps.artifact.entities.serializer.save.entities.ms,1787814576108000000,1787814636107000000,0
jps.load.initial.state.ms,1787814576108000000,1787814636107000000,13
workspaceModel.global.updates.ms,1787814576108000000,1787814636107000000,0
workspaceModel.moduleBridge.facet.initialization.ms,1787814576108000000,1787814636107000000,1
jps.global.initialize.library.bridges.ms,1787814576108000000,1787814636107000000,0
workspaceModel.moduleBridgeLoader.loading.modules.ms,1787814576108000000,1787814636107000000,1349
workspaceModel.delayed.project.synchronizer.sync.ms,1787814576108000000,1787814636107000000,1674
jps.facet.change.listener.init.bridge.ms,1787814576108000000,1787814636107000000,0
workspaceModel.mutableEntityStorage.put.entity.ms,1787814576108000000,1787814636107000000,152
workspaceModel.global.updates.count,1787814576108000000,1787814636107000000,0
workspaceModel.mutableEntityStorage.add.diff.ms,1787814576108000000,1787814636107000000,54
jps.global.get.library.ms,1787814576108000000,1787814636107000000,0
workspaceModel.moduleManagerBridge.load.module.ms,1787814576108000000,1787814636107000000,0
jps.facet.change.listener.process.change.events.ms,1787814576108000000,1787814636107000000,1
jps.facet.change.listener.before.change.events.ms,1787814576108000000,1787814636107000000,0
jps.library.entities.serializer.save.entities.ms,1787814576108000000,1787814636107000000,0
jps.global.initialize.library.bridges.after.loading.ms,1787814576108000000,1787814636107000000,0
workspaceModel.mutableEntityStorage.remove.entity.ms,1787814576108000000,1787814636107000000,0
FilePageCache.totalPageDisposalsUs,1787814576108000000,1787814636107000000,0
FilePageCache.pageLoadsAboveSizeThreshold,1787814576108000000,1787814636107000000,0
FilePageCache.pageLoads,1787814576108000000,1787814636107000000,0
DirectByteBufferAllocator.reclaimed,1787814576108000000,1787814636107000000,0
DirectByteBufferAllocator.hits,1787814576108000000,1787814636107000000,0
FilePageCache.totalPageLoadsUs,1787814576108000000,1787814636107000000,0
DirectByteBufferAllocator.misses,1787814576108000000,1787814636107000000,0
StorageLockContext.competingThreads.max,1787814576108000000,1787814636107000000,0
FilePageCache.capacityInBytes,1787814576108000000,1787814636107000000,524288000
FilePageCache.pageFastCacheHits,1787814576108000000,1787814636107000000,0
FilePageCache.maxCacheSizeInBytes,1787814576108000000,1787814636107000000,267534336
FilePageCache.pageHits,1787814576108000000,1787814636107000000,0
StreamlinedBlobStorage.totalLiveRecordsCapacityBytes,1787814576108000000,1787814636107000000,0
DirectByteBufferAllocator.totalSizeOfBuffersAllocatedInBytes,1787814576108000000,1787814636107000000,267534336
StreamlinedBlobStorage.recordsRelocated,1787814576108000000,1787814636107000000,0
FilePageCache.uncachedFileAccess,1787814576108000000,1787814636107000000,0
FilePageCache.maxRegisteredFiles,1787814576108000000,1787814636107000000,617
DirectByteBufferAllocator.disposed,1787814576108000000,1787814636107000000,0
StorageLockContext.competingThreads.90P,1787814576108000000,1787814636107000000,0
StreamlinedBlobStorage.recordsDeleted,1787814576108000000,1787814636107000000,0
StreamlinedBlobStorage.totalLiveRecordsPayloadBytes,1787814576108000000,1787814636107000000,0
StreamlinedBlobStorage.recordsAllocated,1787814576108000000,1787814636107000000,0
StorageLockContext.competingThreads.avg,1787814576108000000,1787814636107000000,0.0
FilePageCache.disposedBuffers,1787814576108000000,1787814636107000000,0
DirectByteBufferAllocator.totalSizeOfBuffersCachedInBytes,1787814576108000000,1787814636107000000,0
FileNameCache.queries,1787814576108000000,1787814636107000000,0
FileNameCache.totalMisses,1787814576108000000,1787814636107000000,0
FileNameCache.fastMisses,1787814576108000000,1787814636107000000,0
FlushQueue.waitingTime90PNs,1787814576108000000,1787814636107000000,222207
FlushQueue.executionTime90PNs,1787814576108000000,1787814636107000000,100863
FlushQueue.queueSizeAvg,1787814576108000000,1787814636107000000,0.0
FlushQueue.tasksExecuted,1787814576108000000,1787814636107000000,120
AWTEventQueue.dispatchTimeAvgNs,1787814576108000000,1787814636107000000,47525.746198830406
FlushQueue.queueSizeMax,1787814576108000000,1787814636107000000,0
FlushQueue.waitingTimeMaxNs,1787814576108000000,1787814636107000000,692223
NonBlockingReadAction.failedExecutionTimeUs,1787814576108000000,1787814636107000000,0
FlushQueue.queueSize90P,1787814576108000000,1787814636107000000,0
FlushQueue.executionTimeMaxNs,1787814576108000000,1787814636107000000,260095
AWTEventQueue.dispatchTimeMaxNs,1787814576108000000,1787814636107000000,2392063
NonBlockingReadAction.failedExecutionsCount,1787814576108000000,1787814636107000000,0
AWTEventQueue.eventsDispatched,1787814576108000000,1787814636107000000,6840
AWTEventQueue.dispatchTimeTotalNS,1787814576108000000,1787814636107000000,325181870
AWTEventQueue.dispatchTime90PNs,1787814576108000000,1787814636107000000,102399
NonBlockingReadAction.finalizedExecutionTimeUs,1787814576108000000,1787814636107000000,0
NonBlockingReadAction.finalizedExecutionsCount,1787814576108000000,1787814636107000000,0
FlushQueue.executionTimeAvgNs,1787814576108000000,1787814636107000000,55352.0
FlushQueue.waitingTimeAvgNs,1787814576108000000,1787814636107000000,147802.66666666666
workspaceModel.collect.changes.ms,1787814576108000000,1787814636107000000,0
workspaceModel.to.snapshot.ms,1787814576108000000,1787814636107000000,8
workspaceModel.init.bridges.ms,1787814576108000000,1787814636107000000,1
workspaceModel.replace.project.model.ms,1787814576108000000,1787814636107000000,0
workspaceModel.updates.ms,1787814576108000000,1787814636107000000,366
workspaceModel.updates.precise.ms,1787814576108000000,1787814636107000000,272
workspaceModel.loading.from.cache.ms,1787814576108000000,1787814636107000000,304
workspaceModel.pre.handlers.ms,1787814576108000000,1787814636107000000,2
workspaceModel.loading.total.ms,1787814576108000000,1787814636107000000,326
workspaceModel.updates.count,1787814576108000000,1787814636107000000,5
workspaceModel.initializing.ms,1787814576108000000,1787814636107000000,1
workspaceModel.update.unloaded.entities.ms,1787814576108000000,1787814636107000000,0
workspaceModel.check.recursive.update.ms,1787814576108000000,1787814636107000000,36
JVM.totalCpuTimeMs,1787814636107000000,1787814696110000000,2758
JVM.GC.collectionTimesMs,1787814636107000000,1787814696110000000,0
JVM.GC.collections,1787814636107000000,1787814696110000000,0
JVM.maxHeapBytes,1787814636107000000,1787814696110000000,2147483648
JVM.usedHeapBytes,1787814636107000000,1787814696110000000,300190456
JVM.maxNativeBytes,1787814636107000000,1787814696110000000,-1
JVM.usedNativeBytes,1787814636107000000,1787814696110000000,378496424
JVM.threadCount,1787814636107000000,1787814696110000000,42
OS.loadAverage,1787814636107000000,1787814696110000000,3.78125
IndexesFlusher.totalFlushes,1787814636107000000,1787814696110000000,58
IndexesFlusher.totalFlushesRetried,1787814636107000000,1787814696110000000,0
Indexes.allKeys.lookupDurationMaxMs,1787814636107000000,1787814696110000000,0.0
Indexes.allKeys.lookups,1787814636107000000,1787814696110000000,0.0
VFSFlusher.totalContentionQuotaSpent,1787814636107000000,1787814696110000000,0
Indexes.stubs.lookupDurationMaxMs,1787814636107000000,1787814696110000000,0.0
Indexes.stubs.lookupDurationAvgMs,1787814636107000000,1787814696110000000,0.0
VFSFlusher.totalFlushesRetried,1787814636107000000,1787814696110000000,0
IndexesFlusher.totalContentionQuotaSpent,1787814636107000000,1787814696110000000,0
Indexes.stubs.lookups,1787814636107000000,1787814696110000000,0.0
Indexes.entries.lookups,1787814636107000000,1787814696110000000,0.0
VFSFlusher.totalFlushes,1787814636107000000,1787814696110000000,0
Indexes.allKeys.lookupDurationAvgMs,1787814636107000000,1787814696110000000,0.0
IndexesFlusher.totalFlushingTimeUs,1787814636107000000,1787814696110000000,559894
Indexes.entries.lookupDurationAvgMs,1787814636107000000,1787814696110000000,0.0
VFSFlusher.totalFlushingTimeUs,1787814636107000000,1787814696110000000,0
Indexes.allKeys.lookupDuration90PMs,1787814636107000000,1787814696110000000,0.0
Indexes.stubs.lookupDuration90PMs,1787814636107000000,1787814696110000000,0.0
Indexes.entries.lookupDurationMaxMs,1787814636107000000,1787814696110000000,0.0
Indexes.entries.lookupDuration90PMs,1787814636107000000,1787814696110000000,0.0
workspaceModel.mutableEntityStorage.entities.by.source.ms,1787814636107000000,1787814696110000000,5
workspaceModel.save.cache.to.file.ms,1787814636107000000,1787814696110000000,1983
jps.global.handle.changed.events.ms,1787814636107000000,1787814696110000000,0
jps.project.serializers.load.ms,1787814636107000000,1787814696110000000,331
jps.module.iml.entities.serializer.save.entities.ms,1787814636107000000,1787814696110000000,0
workspaceModel.moduleManagerBridge.newModule.ms,1787814636107000000,1787814696110000000,0
workspaceModel.global.apply.state.to.project.builder.ms,1787814636107000000,1787814696110000000,0
workspaceModel.orphan.listener.update.ms,1787814636107000000,1787814696110000000,14
workspaceModel.moduleManagerBridge.new.nonPersistent.module.ms,1787814636107000000,1787814696110000000,0
jps.storage.jps.conf.reader.load.component.ms,1787814636107000000,1787814696110000000,306
jps.global.get.library.by.name.ms,1787814636107000000,1787814696110000000,0
jps.global.handle.before.change.events.ms,1787814636107000000,1787814696110000000,0
jps.load.project.to.empty.storage.ms,1787814636107000000,1787814696110000000,394
workspaceModel.moduleManagerBridge.get.modules.ms,1787814636107000000,1787814696110000000,9
jps.app.storage.content.reader.load.component.ms,1787814636107000000,1787814696110000000,0
workspaceModel.mutableEntityStorage.resolve.ms,1787814636107000000,1787814696110000000,6
jps.apply.loaded.storage.ms,1787814636107000000,1787814696110000000,1235
workspaceModel.mutableEntityStorage.replace.by.source.ms,1787814636107000000,1787814696110000000,219
workspaceModel.mutableEntityStorage.modify.entity.ms,1787814636107000000,1787814696110000000,140
workspaceModel.mutableEntityStorage.add.entity.ms,1787814636107000000,1787814696110000000,424
workspaceModel.mutableEntityStorage.referrers.ms,1787814636107000000,1787814696110000000,0
workspaceModel.mutableEntityStorage.entities.ms,1787814636107000000,1787814696110000000,8
workspaceModel.mutableEntityStorage.mutable.ext.mapping.ms,1787814636107000000,1787814696110000000,24
jps.library.entities.serializer.load.entities.ms,1787814636107000000,1787814696110000000,245
workspaceModel.moduleBridge.before.changed.ms,1787814636107000000,1787814696110000000,0
jps.save.changed.project.entities.ms,1787814636107000000,1787814696110000000,1
jps.module.iml.entities.serializer.load.entities.ms,1787814636107000000,1787814696110000000,246
workspaceModel.mutableEntityStorage.to.snapshot.ms,1787814636107000000,1787814696110000000,9
workspaceModel.mutableEntityStorage.mutable.vfurl.index.ms,1787814636107000000,1787814696110000000,0
jps.save.global.entities.ms,1787814636107000000,1787814696110000000,15
workspaceModel.sync.entities.ms,1787814636107000000,1787814696110000000,0
jps.global.get.libraries.ms,1787814636107000000,1787814696110000000,15
workspaceModel.moduleManagerBridge.create.module.instance.ms,1787814636107000000,1787814696110000000,0
workspaceModel.moduleManagerBridge.build.module.graph.ms,1787814636107000000,1787814696110000000,12
workspaceModel.moduleBridge.update.option.ms,1787814636107000000,1787814696110000000,0
jps.project.serializers.save.ms,1787814636107000000,1787814696110000000,1
workspaceModel.moduleManagerBridge.set.unloadedModules.ms,1787814636107000000,1787814696110000000,0
workspaceModel.mutableEntityStorage.has.same.entities.ms,1787814636107000000,1787814696110000000,0
jps.reload.project.entities.ms,1787814636107000000,1787814696110000000,0
workspaceModel.global.apply.state.to.project.ms,1787814636107000000,1787814696110000000,43
workspaceModel.moduleManagerBridge.load.all.modules.ms,1787814636107000000,1787814696110000000,377
jps.artifact.entities.serializer.load.entities.ms,1787814636107000000,1787814696110000000,0
workspaceModel.mutableEntityStorage.collect.changes.ms,1787814636107000000,1787814696110000000,0
jps.app.storage.content.writer.save.component.ms,1787814636107000000,1787814696110000000,0
workspaceModel.load.cache.from.file.ms,1787814636107000000,1787814696110000000,295
jps.artifact.entities.serializer.save.entities.ms,1787814636107000000,1787814696110000000,0
jps.load.initial.state.ms,1787814636107000000,1787814696110000000,13
workspaceModel.global.updates.ms,1787814636107000000,1787814696110000000,0
workspaceModel.moduleBridge.facet.initialization.ms,1787814636107000000,1787814696110000000,1
jps.global.initialize.library.bridges.ms,1787814636107000000,1787814696110000000,0
workspaceModel.moduleBridgeLoader.loading.modules.ms,1787814636107000000,1787814696110000000,1349
workspaceModel.delayed.project.synchronizer.sync.ms,1787814636107000000,1787814696110000000,1674
jps.facet.change.listener.init.bridge.ms,1787814636107000000,1787814696110000000,0
workspaceModel.mutableEntityStorage.put.entity.ms,1787814636107000000,1787814696110000000,152
workspaceModel.global.updates.count,1787814636107000000,1787814696110000000,0
workspaceModel.mutableEntityStorage.add.diff.ms,1787814636107000000,1787814696110000000,54
jps.global.get.library.ms,1787814636107000000,1787814696110000000,0
workspaceModel.moduleManagerBridge.load.module.ms,1787814636107000000,1787814696110000000,0
jps.facet.change.listener.process.change.events.ms,1787814636107000000,1787814696110000000,1
jps.facet.change.listener.before.change.events.ms,1787814636107000000,1787814696110000000,0
jps.library.entities.serializer.save.entities.ms,1787814636107000000,1787814696110000000,0
jps.global.initialize.library.bridges.after.loading.ms,1787814636107000000,1787814696110000000,0
workspaceModel.mutableEntityStorage.remove.entity.ms,1787814636107000000,1787814696110000000,0
FilePageCache.totalPageDisposalsUs,1787814636107000000,1787814696110000000,0
FilePageCache.pageLoadsAboveSizeThreshold,1787814636107000000,1787814696110000000,0
FilePageCache.pageLoads,1787814636107000000,1787814696110000000,0
DirectByteBufferAllocator.reclaimed,1787814636107000000,1787814696110000000,0
DirectByteBufferAllocator.hits,1787814636107000000,1787814696110000000,0
FilePageCache.totalPageLoadsUs,1787814636107000000,1787814696110000000,0
DirectByteBufferAllocator.misses,1787814636107000000,1787814696110000000,0
StorageLockContext.competingThreads.max,1787814636107000000,1787814696110000000,0
FilePageCache.capacityInBytes,1787814636107000000,1787814696110000000,524288000
FilePageCache.pageFastCacheHits,1787814636107000000,1787814696110000000,0
FilePageCache.maxCacheSizeInBytes,1787814636107000000,1787814696110000000,267534336
FilePageCache.pageHits,1787814636107000000,1787814696110000000,0
StreamlinedBlobStorage.totalLiveRecordsCapacityBytes,1787814636107000000,1787814696110000000,0
DirectByteBufferAllocator.totalSizeOfBuffersAllocatedInBytes,1787814636107000000,1787814696110000000,267534336
StreamlinedBlobStorage.recordsRelocated,1787814636107000000,1787814696110000000,0
FilePageCache.uncachedFileAccess,1787814636107000000,1787814696110000000,0
FilePageCache.maxRegisteredFiles,1787814636107000000,1787814696110000000,617
DirectByteBufferAllocator.disposed,1787814636107000000,1787814696110000000,0
StorageLockContext.competingThreads.90P,1787814636107000000,1787814696110000000,0
StreamlinedBlobStorage.recordsDeleted,1787814636107000000,1787814696110000000,0
StreamlinedBlobStorage.totalLiveRecordsPayloadBytes,1787814636107000000,1787814696110000000,0
StreamlinedBlobStorage.recordsAllocated,1787814636107000000,1787814696110000000,0
StorageLockContext.competingThreads.avg,1787814636107000000,1787814696110000000,0.0
FilePageCache.disposedBuffers,1787814636107000000,1787814696110000000,0
DirectByteBufferAllocator.totalSizeOfBuffersCachedInBytes,1787814636107000000,1787814696110000000,0
FileNameCache.queries,1787814636107000000,1787814696110000000,36
FileNameCache.totalMisses,1787814636107000000,1787814696110000000,0
FileNameCache.fastMisses,1787814636107000000,1787814696110000000,0
FlushQueue.waitingTime90PNs,1787814636107000000,1787814696110000000,221183
FlushQueue.executionTime90PNs,1787814636107000000,1787814696110000000,102911
FlushQueue.queueSizeAvg,1787814636107000000,1787814696110000000,0.0
FlushQueue.tasksExecuted,1787814636107000000,1787814696110000000,120
AWTEventQueue.dispatchTimeAvgNs,1787814636107000000,1787814696110000000,45667.776542848784
FlushQueue.queueSizeMax,1787814636107000000,1787814696110000000,0
FlushQueue.waitingTimeMaxNs,1787814636107000000,1787814696110000000,4816895
NonBlockingReadAction.failedExecutionTimeUs,1787814636107000000,1787814696110000000,0
FlushQueue.queueSize90P,1787814636107000000,1787814696110000000,0
FlushQueue.executionTimeMaxNs,1787814636107000000,1787814696110000000,978943
AWTEventQueue.dispatchTimeMaxNs,1787814636107000000,1787814696110000000,1638399
NonBlockingReadAction.failedExecutionsCount,1787814636107000000,1787814696110000000,0
AWTEventQueue.eventsDispatched,1787814636107000000,1787814696110000000,6838
AWTEventQueue.dispatchTimeTotalNS,1787814636107000000,1787814696110000000,312390309
AWTEventQueue.dispatchTime90PNs,1787814636107000000,1787814696110000000,99327
NonBlockingReadAction.finalizedExecutionTimeUs,1787814636107000000,1787814696110000000,0
NonBlockingReadAction.finalizedExecutionsCount,1787814636107000000,1787814696110000000,0
FlushQueue.executionTimeAvgNs,1787814636107000000,1787814696110000000,55765.333333333336
FlushQueue.waitingTimeAvgNs,1787814636107000000,1787814696110000000,168155.73333333334
workspaceModel.collect.changes.ms,1787814636107000000,1787814696110000000,0
workspaceModel.to.snapshot.ms,1787814636107000000,1787814696110000000,8
workspaceModel.init.bridges.ms,1787814636107000000,1787814696110000000,1
workspaceModel.replace.project.model.ms,1787814636107000000,1787814696110000000,0
workspaceModel.updates.ms,1787814636107000000,1787814696110000000,366
workspaceModel.updates.precise.ms,1787814636107000000,1787814696110000000,272
workspaceModel.loading.from.cache.ms,1787814636107000000,1787814696110000000,304
workspaceModel.pre.handlers.ms,1787814636107000000,1787814696110000000,2
workspaceModel.loading.total.ms,1787814636107000000,1787814696110000000,326
workspaceModel.updates.count,1787814636107000000,1787814696110000000,5
workspaceModel.initializing.ms,1787814636107000000,1787814696110000000,1
workspaceModel.update.unloaded.entities.ms,1787814636107000000,1787814696110000000,0
workspaceModel.check.recursive.update.ms,1787814636107000000,1787814696110000000,36
JVM.totalCpuTimeMs,1787814696110000000,1787814756111000000,3842
JVM.GC.collectionTimesMs,1787814696110000000,1787814756111000000,7
JVM.GC.collections,1787814696110000000,1787814756111000000,1
JVM.maxHeapBytes,1787814696110000000,1787814756111000000,2147483648
JVM.usedHeapBytes,1787814696110000000,1787814756111000000,195815104
JVM.maxNativeBytes,1787814696110000000,1787814756111000000,-1
JVM.usedNativeBytes,1787814696110000000,1787814756111000000,378682208
JVM.threadCount,1787814696110000000,1787814756111000000,41
OS.loadAverage,1787814696110000000,1787814756111000000,3.259765625
IndexesFlusher.totalFlushes,1787814696110000000,1787814756111000000,59
IndexesFlusher.totalFlushesRetried,1787814696110000000,1787814756111000000,0
Indexes.allKeys.lookupDurationMaxMs,1787814696110000000,1787814756111000000,0.0
Indexes.allKeys.lookups,1787814696110000000,1787814756111000000,0.0
VFSFlusher.totalContentionQuotaSpent,1787814696110000000,1787814756111000000,0
Indexes.stubs.lookupDurationMaxMs,1787814696110000000,1787814756111000000,0.0
Indexes.stubs.lookupDurationAvgMs,1787814696110000000,1787814756111000000,0.0
VFSFlusher.totalFlushesRetried,1787814696110000000,1787814756111000000,0
IndexesFlusher.totalContentionQuotaSpent,1787814696110000000,1787814756111000000,0
Indexes.stubs.lookups,1787814696110000000,1787814756111000000,0.0
Indexes.entries.lookups,1787814696110000000,1787814756111000000,0.0
VFSFlusher.totalFlushes,1787814696110000000,1787814756111000000,0
Indexes.allKeys.lookupDurationAvgMs,1787814696110000000,1787814756111000000,0.0
IndexesFlusher.totalFlushingTimeUs,1787814696110000000,1787814756111000000,524559
Indexes.entries.lookupDurationAvgMs,1787814696110000000,1787814756111000000,0.0
VFSFlusher.totalFlushingTimeUs,1787814696110000000,1787814756111000000,0
Indexes.allKeys.lookupDuration90PMs,1787814696110000000,1787814756111000000,0.0
Indexes.stubs.lookupDuration90PMs,1787814696110000000,1787814756111000000,0.0
Indexes.entries.lookupDurationMaxMs,1787814696110000000,1787814756111000000,0.0
Indexes.entries.lookupDuration90PMs,1787814696110000000,1787814756111000000,0.0
workspaceModel.mutableEntityStorage.entities.by.source.ms,1787814696110000000,1787814756111000000,5
workspaceModel.save.cache.to.file.ms,1787814696110000000,1787814756111000000,1983
jps.global.handle.changed.events.ms,1787814696110000000,1787814756111000000,0
jps.project.serializers.load.ms,1787814696110000000,1787814756111000000,331
jps.module.iml.entities.serializer.save.entities.ms,1787814696110000000,1787814756111000000,0
workspaceModel.moduleManagerBridge.newModule.ms,1787814696110000000,1787814756111000000,0
workspaceModel.global.apply.state.to.project.builder.ms,1787814696110000000,1787814756111000000,0
workspaceModel.orphan.listener.update.ms,1787814696110000000,1787814756111000000,14
workspaceModel.moduleManagerBridge.new.nonPersistent.module.ms,1787814696110000000,1787814756111000000,0
jps.storage.jps.conf.reader.load.component.ms,1787814696110000000,1787814756111000000,306
jps.global.get.library.by.name.ms,1787814696110000000,1787814756111000000,0
jps.global.handle.before.change.events.ms,1787814696110000000,1787814756111000000,0
jps.load.project.to.empty.storage.ms,1787814696110000000,1787814756111000000,394
workspaceModel.moduleManagerBridge.get.modules.ms,1787814696110000000,1787814756111000000,9
jps.app.storage.content.reader.load.component.ms,1787814696110000000,1787814756111000000,0
workspaceModel.mutableEntityStorage.resolve.ms,1787814696110000000,1787814756111000000,6
jps.apply.loaded.storage.ms,1787814696110000000,1787814756111000000,1235
workspaceModel.mutableEntityStorage.replace.by.source.ms,1787814696110000000,1787814756111000000,219
workspaceModel.mutableEntityStorage.modify.entity.ms,1787814696110000000,1787814756111000000,140
workspaceModel.mutableEntityStorage.add.entity.ms,1787814696110000000,1787814756111000000,424
workspaceModel.mutableEntityStorage.referrers.ms,1787814696110000000,1787814756111000000,0
workspaceModel.mutableEntityStorage.entities.ms,1787814696110000000,1787814756111000000,8
workspaceModel.mutableEntityStorage.mutable.ext.mapping.ms,1787814696110000000,1787814756111000000,24
jps.library.entities.serializer.load.entities.ms,1787814696110000000,1787814756111000000,245
workspaceModel.moduleBridge.before.changed.ms,1787814696110000000,1787814756111000000,0
jps.save.changed.project.entities.ms,1787814696110000000,1787814756111000000,1
jps.module.iml.entities.serializer.load.entities.ms,1787814696110000000,1787814756111000000,246
workspaceModel.mutableEntityStorage.to.snapshot.ms,1787814696110000000,1787814756111000000,9
workspaceModel.mutableEntityStorage.mutable.vfurl.index.ms,1787814696110000000,1787814756111000000,0
jps.save.global.entities.ms,1787814696110000000,1787814756111000000,15
workspaceModel.sync.entities.ms,1787814696110000000,1787814756111000000,0
jps.global.get.libraries.ms,1787814696110000000,1787814756111000000,16
workspaceModel.moduleManagerBridge.create.module.instance.ms,1787814696110000000,1787814756111000000,0
workspaceModel.moduleManagerBridge.build.module.graph.ms,1787814696110000000,1787814756111000000,12
workspaceModel.moduleBridge.update.option.ms,1787814696110000000,1787814756111000000,0
jps.project.serializers.save.ms,1787814696110000000,1787814756111000000,1
workspaceModel.moduleManagerBridge.set.unloadedModules.ms,1787814696110000000,1787814756111000000,0
workspaceModel.mutableEntityStorage.has.same.entities.ms,1787814696110000000,1787814756111000000,0
jps.reload.project.entities.ms,1787814696110000000,1787814756111000000,0
workspaceModel.global.apply.state.to.project.ms,1787814696110000000,1787814756111000000,43
workspaceModel.moduleManagerBridge.load.all.modules.ms,1787814696110000000,1787814756111000000,377
jps.artifact.entities.serializer.load.entities.ms,1787814696110000000,1787814756111000000,0
workspaceModel.mutableEntityStorage.collect.changes.ms,1787814696110000000,1787814756111000000,0
jps.app.storage.content.writer.save.component.ms,1787814696110000000,1787814756111000000,0
workspaceModel.load.cache.from.file.ms,1787814696110000000,1787814756111000000,295
jps.artifact.entities.serializer.save.entities.ms,1787814696110000000,1787814756111000000,0
jps.load.initial.state.ms,1787814696110000000,1787814756111000000,13
workspaceModel.global.updates.ms,1787814696110000000,1787814756111000000,0
workspaceModel.moduleBridge.facet.initialization.ms,1787814696110000000,1787814756111000000,1
jps.global.initialize.library.bridges.ms,1787814696110000000,1787814756111000000,0
workspaceModel.moduleBridgeLoader.loading.modules.ms,1787814696110000000,1787814756111000000,1349
workspaceModel.delayed.project.synchronizer.sync.ms,1787814696110000000,1787814756111000000,1674
jps.facet.change.listener.init.bridge.ms,1787814696110000000,1787814756111000000,0
workspaceModel.mutableEntityStorage.put.entity.ms,1787814696110000000,1787814756111000000,152
workspaceModel.global.updates.count,1787814696110000000,1787814756111000000,0
workspaceModel.mutableEntityStorage.add.diff.ms,1787814696110000000,1787814756111000000,54
jps.global.get.library.ms,1787814696110000000,1787814756111000000,0
workspaceModel.moduleManagerBridge.load.module.ms,1787814696110000000,1787814756111000000,0
jps.facet.change.listener.process.change.events.ms,1787814696110000000,1787814756111000000,1
jps.facet.change.listener.before.change.events.ms,1787814696110000000,1787814756111000000,0
jps.library.entities.serializer.save.entities.ms,1787814696110000000,1787814756111000000,0
jps.global.initialize.library.bridges.after.loading.ms,1787814696110000000,1787814756111000000,0
workspaceModel.mutableEntityStorage.remove.entity.ms,1787814696110000000,1787814756111000000,0
FilePageCache.totalPageDisposalsUs,1787814696110000000,1787814756111000000,0
FilePageCache.pageLoadsAboveSizeThreshold,1787814696110000000,1787814756111000000,0
FilePageCache.pageLoads,1787814696110000000,1787814756111000000,0
DirectByteBufferAllocator.reclaimed,1787814696110000000,1787814756111000000,0
DirectByteBufferAllocator.hits,1787814696110000000,1787814756111000000,0
FilePageCache.totalPageLoadsUs,1787814696110000000,1787814756111000000,0
DirectByteBufferAllocator.misses,1787814696110000000,1787814756111000000,0
StorageLockContext.competingThreads.max,1787814696110000000,1787814756111000000,0
FilePageCache.capacityInBytes,1787814696110000000,1787814756111000000,524288000
FilePageCache.pageFastCacheHits,1787814696110000000,1787814756111000000,8
FilePageCache.maxCacheSizeInBytes,1787814696110000000,1787814756111000000,267534336
FilePageCache.pageHits,1787814696110000000,1787814756111000000,0
StreamlinedBlobStorage.totalLiveRecordsCapacityBytes,1787814696110000000,1787814756111000000,0
DirectByteBufferAllocator.totalSizeOfBuffersAllocatedInBytes,1787814696110000000,1787814756111000000,267534336
StreamlinedBlobStorage.recordsRelocated,1787814696110000000,1787814756111000000,0
FilePageCache.uncachedFileAccess,1787814696110000000,1787814756111000000,0
FilePageCache.maxRegisteredFiles,1787814696110000000,1787814756111000000,617
DirectByteBufferAllocator.disposed,1787814696110000000,1787814756111000000,0
StorageLockContext.competingThreads.90P,1787814696110000000,1787814756111000000,0
StreamlinedBlobStorage.recordsDeleted,1787814696110000000,1787814756111000000,0
StreamlinedBlobStorage.totalLiveRecordsPayloadBytes,1787814696110000000,1787814756111000000,0
StreamlinedBlobStorage.recordsAllocated,1787814696110000000,1787814756111000000,0
StorageLockContext.competingThreads.avg,1787814696110000000,1787814756111000000,0.0
FilePageCache.disposedBuffers,1787814696110000000,1787814756111000000,0
DirectByteBufferAllocator.totalSizeOfBuffersCachedInBytes,1787814696110000000,1787814756111000000,0
FileNameCache.queries,1787814696110000000,1787814756111000000,171
FileNameCache.totalMisses,1787814696110000000,1787814756111000000,0
FileNameCache.fastMisses,1787814696110000000,1787814756111000000,4
FlushQueue.waitingTime90PNs,1787814696110000000,1787814756111000000,228351
FlushQueue.executionTime90PNs,1787814696110000000,1787814756111000000,107519
FlushQueue.queueSizeAvg,1787814696110000000,1787814756111000000,0.008264462809917356
FlushQueue.tasksExecuted,1787814696110000000,1787814756111000000,121
AWTEventQueue.dispatchTimeAvgNs,1787814696110000000,1787814756111000000,49142.40304405093
FlushQueue.queueSizeMax,1787814696110000000,1787814756111000000,1
FlushQueue.waitingTimeMaxNs,1787814696110000000,1787814756111000000,3031039
NonBlockingReadAction.failedExecutionTimeUs,1787814696110000000,1787814756111000000,0
FlushQueue.queueSize90P,1787814696110000000,1787814756111000000,0
FlushQueue.executionTimeMaxNs,1787814696110000000,1787814756111000000,1982463
AWTEventQueue.dispatchTimeMaxNs,1787814696110000000,1787814756111000000,4620287
NonBlockingReadAction.failedExecutionsCount,1787814696110000000,1787814756111000000,0
AWTEventQueue.eventsDispatched,1787814696110000000,1787814756111000000,6833
AWTEventQueue.dispatchTimeTotalNS,1787814696110000000,1787814756111000000,335762052
AWTEventQueue.dispatchTime90PNs,1787814696110000000,1787814756111000000,97791
NonBlockingReadAction.finalizedExecutionTimeUs,1787814696110000000,1787814756111000000,54095
NonBlockingReadAction.finalizedExecutionsCount,1787814696110000000,1787814756111000000,3
FlushQueue.executionTimeAvgNs,1787814696110000000,1787814756111000000,76085.42148760331
FlushQueue.waitingTimeAvgNs,1787814696110000000,1787814756111000000,176858.44628099175
workspaceModel.collect.changes.ms,1787814696110000000,1787814756111000000,0
workspaceModel.to.snapshot.ms,1787814696110000000,1787814756111000000,8
workspaceModel.init.bridges.ms,1787814696110000000,1787814756111000000,1
workspaceModel.replace.project.model.ms,1787814696110000000,1787814756111000000,0
workspaceModel.updates.ms,1787814696110000000,1787814756111000000,366
workspaceModel.updates.precise.ms,1787814696110000000,1787814756111000000,272
workspaceModel.loading.from.cache.ms,1787814696110000000,1787814756111000000,304
workspaceModel.pre.handlers.ms,1787814696110000000,1787814756111000000,2
workspaceModel.loading.total.ms,1787814696110000000,1787814756111000000,326
workspaceModel.updates.count,1787814696110000000,1787814756111000000,5
workspaceModel.initializing.ms,1787814696110000000,1787814756111000000,1
workspaceModel.update.unloaded.entities.ms,1787814696110000000,1787814756111000000,0
workspaceModel.check.recursive.update.ms,1787814696110000000,1787814756111000000,36
JVM.totalCpuTimeMs,1787814756111000000,1787814816106000000,3212
JVM.GC.collectionTimesMs,1787814756111000000,1787814816106000000,0
JVM.GC.collections,1787814756111000000,1787814816106000000,0
JVM.maxHeapBytes,1787814756111000000,1787814816106000000,2147483648
JVM.usedHeapBytes,1787814756111000000,1787814816106000000,244049600
JVM.maxNativeBytes,1787814756111000000,1787814816106000000,-1
JVM.usedNativeBytes,1787814756111000000,1787814816106000000,378694496
JVM.threadCount,1787814756111000000,1787814816106000000,42
OS.loadAverage,1787814756111000000,1787814816106000000,2.353515625
IndexesFlusher.totalFlushes,1787814756111000000,1787814816106000000,58
IndexesFlusher.totalFlushesRetried,1787814756111000000,1787814816106000000,0
Indexes.allKeys.lookupDurationMaxMs,1787814756111000000,1787814816106000000,0.0
Indexes.allKeys.lookups,1787814756111000000,1787814816106000000,0.0
VFSFlusher.totalContentionQuotaSpent,1787814756111000000,1787814816106000000,0
Indexes.stubs.lookupDurationMaxMs,1787814756111000000,1787814816106000000,0.0
Indexes.stubs.lookupDurationAvgMs,1787814756111000000,1787814816106000000,0.0
VFSFlusher.totalFlushesRetried,1787814756111000000,1787814816106000000,0
IndexesFlusher.totalContentionQuotaSpent,1787814756111000000,1787814816106000000,0
Indexes.stubs.lookups,1787814756111000000,1787814816106000000,0.0
Indexes.entries.lookups,1787814756111000000,1787814816106000000,0.0
VFSFlusher.totalFlushes,1787814756111000000,1787814816106000000,0
Indexes.allKeys.lookupDurationAvgMs,1787814756111000000,1787814816106000000,0.0
IndexesFlusher.totalFlushingTimeUs,1787814756111000000,1787814816106000000,545375
Indexes.entries.lookupDurationAvgMs,1787814756111000000,1787814816106000000,0.0
VFSFlusher.totalFlushingTimeUs,1787814756111000000,1787814816106000000,0
Indexes.allKeys.lookupDuration90PMs,1787814756111000000,1787814816106000000,0.0
Indexes.stubs.lookupDuration90PMs,1787814756111000000,1787814816106000000,0.0
Indexes.entries.lookupDurationMaxMs,1787814756111000000,1787814816106000000,0.0
Indexes.entries.lookupDuration90PMs,1787814756111000000,1787814816106000000,0.0
workspaceModel.mutableEntityStorage.entities.by.source.ms,1787814756111000000,1787814816106000000,5
workspaceModel.save.cache.to.file.ms,1787814756111000000,1787814816106000000,1983
jps.global.handle.changed.events.ms,1787814756111000000,1787814816106000000,0
jps.project.serializers.load.ms,1787814756111000000,1787814816106000000,331
jps.module.iml.entities.serializer.save.entities.ms,1787814756111000000,1787814816106000000,0
workspaceModel.moduleManagerBridge.newModule.ms,1787814756111000000,1787814816106000000,0
workspaceModel.global.apply.state.to.project.builder.ms,1787814756111000000,1787814816106000000,0
workspaceModel.orphan.listener.update.ms,1787814756111000000,1787814816106000000,14
workspaceModel.moduleManagerBridge.new.nonPersistent.module.ms,1787814756111000000,1787814816106000000,0
jps.storage.jps.conf.reader.load.component.ms,1787814756111000000,1787814816106000000,306
jps.global.get.library.by.name.ms,1787814756111000000,1787814816106000000,0
jps.global.handle.before.change.events.ms,1787814756111000000,1787814816106000000,0
jps.load.project.to.empty.storage.ms,1787814756111000000,1787814816106000000,394
workspaceModel.moduleManagerBridge.get.modules.ms,1787814756111000000,1787814816106000000,9
jps.app.storage.content.reader.load.component.ms,1787814756111000000,1787814816106000000,0
workspaceModel.mutableEntityStorage.resolve.ms,1787814756111000000,1787814816106000000,6
jps.apply.loaded.storage.ms,1787814756111000000,1787814816106000000,1235
workspaceModel.mutableEntityStorage.replace.by.source.ms,1787814756111000000,1787814816106000000,219
workspaceModel.mutableEntityStorage.modify.entity.ms,1787814756111000000,1787814816106000000,140
workspaceModel.mutableEntityStorage.add.entity.ms,1787814756111000000,1787814816106000000,424
workspaceModel.mutableEntityStorage.referrers.ms,1787814756111000000,1787814816106000000,0
workspaceModel.mutableEntityStorage.entities.ms,1787814756111000000,1787814816106000000,8
workspaceModel.mutableEntityStorage.mutable.ext.mapping.ms,1787814756111000000,1787814816106000000,24
jps.library.entities.serializer.load.entities.ms,1787814756111000000,1787814816106000000,245
workspaceModel.moduleBridge.before.changed.ms,1787814756111000000,1787814816106000000,0
jps.save.changed.project.entities.ms,1787814756111000000,1787814816106000000,1
jps.module.iml.entities.serializer.load.entities.ms,1787814756111000000,1787814816106000000,246
workspaceModel.mutableEntityStorage.to.snapshot.ms,1787814756111000000,1787814816106000000,9
workspaceModel.mutableEntityStorage.mutable.vfurl.index.ms,1787814756111000000,1787814816106000000,0
jps.save.global.entities.ms,1787814756111000000,1787814816106000000,15
workspaceModel.sync.entities.ms,1787814756111000000,1787814816106000000,0
jps.global.get.libraries.ms,1787814756111000000,1787814816106000000,16
workspaceModel.moduleManagerBridge.create.module.instance.ms,1787814756111000000,1787814816106000000,0
workspaceModel.moduleManagerBridge.build.module.graph.ms,1787814756111000000,1787814816106000000,12
workspaceModel.moduleBridge.update.option.ms,1787814756111000000,1787814816106000000,0
jps.project.serializers.save.ms,1787814756111000000,1787814816106000000,1
workspaceModel.moduleManagerBridge.set.unloadedModules.ms,1787814756111000000,1787814816106000000,0
workspaceModel.mutableEntityStorage.has.same.entities.ms,1787814756111000000,1787814816106000000,0
jps.reload.project.entities.ms,1787814756111000000,1787814816106000000,0
workspaceModel.global.apply.state.to.project.ms,1787814756111000000,1787814816106000000,43
workspaceModel.moduleManagerBridge.load.all.modules.ms,1787814756111000000,1787814816106000000,377
jps.artifact.entities.serializer.load.entities.ms,1787814756111000000,1787814816106000000,0
workspaceModel.mutableEntityStorage.collect.changes.ms,1787814756111000000,1787814816106000000,0
jps.app.storage.content.writer.save.component.ms,1787814756111000000,1787814816106000000,0
workspaceModel.load.cache.from.file.ms,1787814756111000000,1787814816106000000,295
jps.artifact.entities.serializer.save.entities.ms,1787814756111000000,1787814816106000000,0
jps.load.initial.state.ms,1787814756111000000,1787814816106000000,13
workspaceModel.global.updates.ms,1787814756111000000,1787814816106000000,0
workspaceModel.moduleBridge.facet.initialization.ms,1787814756111000000,1787814816106000000,1
jps.global.initialize.library.bridges.ms,1787814756111000000,1787814816106000000,0
workspaceModel.moduleBridgeLoader.loading.modules.ms,1787814756111000000,1787814816106000000,1349
workspaceModel.delayed.project.synchronizer.sync.ms,1787814756111000000,1787814816106000000,1674
jps.facet.change.listener.init.bridge.ms,1787814756111000000,1787814816106000000,0
workspaceModel.mutableEntityStorage.put.entity.ms,1787814756111000000,1787814816106000000,152
workspaceModel.global.updates.count,1787814756111000000,1787814816106000000,0
workspaceModel.mutableEntityStorage.add.diff.ms,1787814756111000000,1787814816106000000,54
jps.global.get.library.ms,1787814756111000000,1787814816106000000,0
workspaceModel.moduleManagerBridge.load.module.ms,1787814756111000000,1787814816106000000,0
jps.facet.change.listener.process.change.events.ms,1787814756111000000,1787814816106000000,1
jps.facet.change.listener.before.change.events.ms,1787814756111000000,1787814816106000000,0
jps.library.entities.serializer.save.entities.ms,1787814756111000000,1787814816106000000,0
jps.global.initialize.library.bridges.after.loading.ms,1787814756111000000,1787814816106000000,0
workspaceModel.mutableEntityStorage.remove.entity.ms,1787814756111000000,1787814816106000000,0
FilePageCache.totalPageDisposalsUs,1787814756111000000,1787814816106000000,0
FilePageCache.pageLoadsAboveSizeThreshold,1787814756111000000,1787814816106000000,0
FilePageCache.pageLoads,1787814756111000000,1787814816106000000,0
DirectByteBufferAllocator.reclaimed,1787814756111000000,1787814816106000000,0
DirectByteBufferAllocator.hits,1787814756111000000,1787814816106000000,0
FilePageCache.totalPageLoadsUs,1787814756111000000,1787814816106000000,0
DirectByteBufferAllocator.misses,1787814756111000000,1787814816106000000,0
StorageLockContext.competingThreads.max,1787814756111000000,1787814816106000000,0
FilePageCache.capacityInBytes,1787814756111000000,1787814816106000000,524288000
FilePageCache.pageFastCacheHits,1787814756111000000,1787814816106000000,0
FilePageCache.maxCacheSizeInBytes,1787814756111000000,1787814816106000000,267534336
FilePageCache.pageHits,1787814756111000000,1787814816106000000,0
StreamlinedBlobStorage.totalLiveRecordsCapacityBytes,1787814756111000000,1787814816106000000,0
DirectByteBufferAllocator.totalSizeOfBuffersAllocatedInBytes,1787814756111000000,1787814816106000000,267534336
StreamlinedBlobStorage.recordsRelocated,1787814756111000000,1787814816106000000,0
FilePageCache.uncachedFileAccess,1787814756111000000,1787814816106000000,0
FilePageCache.maxRegisteredFiles,1787814756111000000,1787814816106000000,617
DirectByteBufferAllocator.disposed,1787814756111000000,1787814816106000000,0
StorageLockContext.competingThreads.90P,1787814756111000000,1787814816106000000,0
StreamlinedBlobStorage.recordsDeleted,1787814756111000000,1787814816106000000,0
StreamlinedBlobStorage.totalLiveRecordsPayloadBytes,1787814756111000000,1787814816106000000,0
StreamlinedBlobStorage.recordsAllocated,1787814756111000000,1787814816106000000,0
StorageLockContext.competingThreads.avg,1787814756111000000,1787814816106000000,0.0
FilePageCache.disposedBuffers,1787814756111000000,1787814816106000000,0
DirectByteBufferAllocator.totalSizeOfBuffersCachedInBytes,1787814756111000000,1787814816106000000,0
FileNameCache.queries,1787814756111000000,1787814816106000000,0
FileNameCache.totalMisses,1787814756111000000,1787814816106000000,0
FileNameCache.fastMisses,1787814756111000000,1787814816106000000,0
FlushQueue.waitingTime90PNs,1787814756111000000,1787814816106000000,225279
FlushQueue.executionTime90PNs,1787814756111000000,1787814816106000000,91647
FlushQueue.queueSizeAvg,1787814756111000000,1787814816106000000,0.0
FlushQueue.tasksExecuted,1787814756111000000,1787814816106000000,121
AWTEventQueue.dispatchTimeAvgNs,1787814756111000000,1787814816106000000,50246.315050460726
FlushQueue.queueSizeMax,1787814756111000000,1787814816106000000,0
FlushQueue.waitingTimeMaxNs,1787814756111000000,1787814816106000000,518143
NonBlockingReadAction.failedExecutionTimeUs,1787814756111000000,1787814816106000000,0
FlushQueue.queueSize90P,1787814756111000000,1787814816106000000,0
FlushQueue.executionTimeMaxNs,1787814756111000000,1787814816106000000,876543
AWTEventQueue.dispatchTimeMaxNs,1787814756111000000,1787814816106000000,2506751
NonBlockingReadAction.failedExecutionsCount,1787814756111000000,1787814816106000000,0
AWTEventQueue.eventsDispatched,1787814756111000000,1787814816106000000,6837
AWTEventQueue.dispatchTimeTotalNS,1787814756111000000,1787814816106000000,343677684
AWTEventQueue.dispatchTime90PNs,1787814756111000000,1787814816106000000,102911
NonBlockingReadAction.finalizedExecutionTimeUs,1787814756111000000,1787814816106000000,0
NonBlockingReadAction.finalizedExecutionsCount,1787814756111000000,1787814816106000000,0
FlushQueue.executionTimeAvgNs,1787814756111000000,1787814816106000000,56417.05785123967
FlushQueue.waitingTimeAvgNs,1787814756111000000,1787814816106000000,140365.22314049586
workspaceModel.collect.changes.ms,1787814756111000000,1787814816106000000,0
workspaceModel.to.snapshot.ms,1787814756111000000,1787814816106000000,8
workspaceModel.init.bridges.ms,1787814756111000000,1787814816106000000,1
workspaceModel.replace.project.model.ms,1787814756111000000,1787814816106000000,0
workspaceModel.updates.ms,1787814756111000000,1787814816106000000,366
workspaceModel.updates.precise.ms,1787814756111000000,1787814816106000000,272
workspaceModel.loading.from.cache.ms,1787814756111000000,1787814816106000000,304
workspaceModel.pre.handlers.ms,1787814756111000000,1787814816106000000,2
workspaceModel.loading.total.ms,1787814756111000000,1787814816106000000,326
workspaceModel.updates.count,1787814756111000000,1787814816106000000,5
workspaceModel.initializing.ms,1787814756111000000,1787814816106000000,1
workspaceModel.update.unloaded.entities.ms,1787814756111000000,1787814816106000000,0
workspaceModel.check.recursive.update.ms,1787814756111000000,1787814816106000000,36
JVM.totalCpuTimeMs,1787814816106000000,1787814824500000000,788
JVM.GC.collectionTimesMs,1787814816106000000,1787814824500000000,0
JVM.GC.collections,1787814816106000000,1787814824500000000,0
JVM.maxHeapBytes,1787814816106000000,1787814824500000000,2147483648
JVM.usedHeapBytes,1787814816106000000,1787814824500000000,265021120
JVM.maxNativeBytes,1787814816106000000,1787814824500000000,-1
JVM.usedNativeBytes,1787814816106000000,1787814824500000000,379089888
JVM.threadCount,1787814816106000000,1787814824500000000,50
OS.loadAverage,1787814816106000000,1787814824500000000,3.685546875
Indexes.allKeys.lookupDurationMaxMs,1787814816106000000,1787814824500000000,0.0
Indexes.allKeys.lookups,1787814816106000000,1787814824500000000,0.0
Indexes.stubs.lookupDurationMaxMs,1787814816106000000,1787814824500000000,0.0
Indexes.stubs.lookupDurationAvgMs,1787814816106000000,1787814824500000000,0.0
Indexes.stubs.lookups,1787814816106000000,1787814824500000000,0.0
Indexes.entries.lookups,1787814816106000000,1787814824500000000,0.0
Indexes.allKeys.lookupDurationAvgMs,1787814816106000000,1787814824500000000,0.0
Indexes.entries.lookupDurationAvgMs,1787814816106000000,1787814824500000000,0.0
Indexes.allKeys.lookupDuration90PMs,1787814816106000000,1787814824500000000,0.0
Indexes.stubs.lookupDuration90PMs,1787814816106000000,1787814824500000000,0.0
Indexes.entries.lookupDurationMaxMs,1787814816106000000,1787814824500000000,0.0
Indexes.entries.lookupDuration90PMs,1787814816106000000,1787814824500000000,0.0
workspaceModel.mutableEntityStorage.entities.by.source.ms,1787814816106000000,1787814824500000000,5
workspaceModel.save.cache.to.file.ms,1787814816106000000,1787814824500000000,1983
jps.global.handle.changed.events.ms,1787814816106000000,1787814824500000000,0
jps.project.serializers.load.ms,1787814816106000000,1787814824500000000,331
jps.module.iml.entities.serializer.save.entities.ms,1787814816106000000,1787814824500000000,0
workspaceModel.moduleManagerBridge.newModule.ms,1787814816106000000,1787814824500000000,0
workspaceModel.global.apply.state.to.project.builder.ms,1787814816106000000,1787814824500000000,0
workspaceModel.orphan.listener.update.ms,1787814816106000000,1787814824500000000,14
workspaceModel.moduleManagerBridge.new.nonPersistent.module.ms,1787814816106000000,1787814824500000000,0
jps.storage.jps.conf.reader.load.component.ms,1787814816106000000,1787814824500000000,306
jps.global.get.library.by.name.ms,1787814816106000000,1787814824500000000,0
jps.global.handle.before.change.events.ms,1787814816106000000,1787814824500000000,0
jps.load.project.to.empty.storage.ms,1787814816106000000,1787814824500000000,394
workspaceModel.moduleManagerBridge.get.modules.ms,1787814816106000000,1787814824500000000,9
jps.app.storage.content.reader.load.component.ms,1787814816106000000,1787814824500000000,0
workspaceModel.mutableEntityStorage.resolve.ms,1787814816106000000,1787814824500000000,6
jps.apply.loaded.storage.ms,1787814816106000000,1787814824500000000,1235
workspaceModel.mutableEntityStorage.replace.by.source.ms,1787814816106000000,1787814824500000000,219
workspaceModel.mutableEntityStorage.modify.entity.ms,1787814816106000000,1787814824500000000,140
workspaceModel.mutableEntityStorage.add.entity.ms,1787814816106000000,1787814824500000000,424
workspaceModel.mutableEntityStorage.referrers.ms,1787814816106000000,1787814824500000000,0
workspaceModel.mutableEntityStorage.entities.ms,1787814816106000000,1787814824500000000,8
workspaceModel.mutableEntityStorage.mutable.ext.mapping.ms,1787814816106000000,1787814824500000000,24
jps.library.entities.serializer.load.entities.ms,1787814816106000000,1787814824500000000,245
workspaceModel.moduleBridge.before.changed.ms,1787814816106000000,1787814824500000000,0
jps.save.changed.project.entities.ms,1787814816106000000,1787814824500000000,1
jps.module.iml.entities.serializer.load.entities.ms,1787814816106000000,1787814824500000000,246
workspaceModel.mutableEntityStorage.to.snapshot.ms,1787814816106000000,1787814824500000000,9
workspaceModel.mutableEntityStorage.mutable.vfurl.index.ms,1787814816106000000,1787814824500000000,0
jps.save.global.entities.ms,1787814816106000000,1787814824500000000,15
workspaceModel.sync.entities.ms,1787814816106000000,1787814824500000000,0
jps.global.get.libraries.ms,1787814816106000000,1787814824500000000,16
workspaceModel.moduleManagerBridge.create.module.instance.ms,1787814816106000000,1787814824500000000,0
workspaceModel.moduleManagerBridge.build.module.graph.ms,1787814816106000000,1787814824500000000,12
workspaceModel.moduleBridge.update.option.ms,1787814816106000000,1787814824500000000,0
jps.project.serializers.save.ms,1787814816106000000,1787814824500000000,1
workspaceModel.moduleManagerBridge.set.unloadedModules.ms,1787814816106000000,1787814824500000000,0
workspaceModel.mutableEntityStorage.has.same.entities.ms,1787814816106000000,1787814824500000000,0
jps.reload.project.entities.ms,1787814816106000000,1787814824500000000,0
workspaceModel.global.apply.state.to.project.ms,1787814816106000000,1787814824500000000,43
workspaceModel.moduleManagerBridge.load.all.modules.ms,1787814816106000000,1787814824500000000,377
jps.artifact.entities.serializer.load.entities.ms,1787814816106000000,1787814824500000000,0
workspaceModel.mutableEntityStorage.collect.changes.ms,1787814816106000000,1787814824500000000,0
jps.app.storage.content.writer.save.component.ms,1787814816106000000,1787814824500000000,0
workspaceModel.load.cache.from.file.ms,1787814816106000000,1787814824500000000,295
jps.artifact.entities.serializer.save.entities.ms,1787814816106000000,1787814824500000000,0
jps.load.initial.state.ms,1787814816106000000,1787814824500000000,13
workspaceModel.global.updates.ms,1787814816106000000,1787814824500000000,0
workspaceModel.moduleBridge.facet.initialization.ms,1787814816106000000,1787814824500000000,1
jps.global.initialize.library.bridges.ms,1787814816106000000,1787814824500000000,0
workspaceModel.moduleBridgeLoader.loading.modules.ms,1787814816106000000,1787814824500000000,1349
workspaceModel.delayed.project.synchronizer.sync.ms,1787814816106000000,1787814824500000000,1674
jps.facet.change.listener.init.bridge.ms,1787814816106000000,1787814824500000000,0
workspaceModel.mutableEntityStorage.put.entity.ms,1787814816106000000,1787814824500000000,152
workspaceModel.global.updates.count,1787814816106000000,1787814824500000000,0
workspaceModel.mutableEntityStorage.add.diff.ms,1787814816106000000,1787814824500000000,54
jps.global.get.library.ms,1787814816106000000,1787814824500000000,0
workspaceModel.moduleManagerBridge.load.module.ms,1787814816106000000,1787814824500000000,0
jps.facet.change.listener.process.change.events.ms,1787814816106000000,1787814824500000000,1
jps.facet.change.listener.before.change.events.ms,1787814816106000000,1787814824500000000,0
jps.library.entities.serializer.save.entities.ms,1787814816106000000,1787814824500000000,0
jps.global.initialize.library.bridges.after.loading.ms,1787814816106000000,1787814824500000000,0
workspaceModel.mutableEntityStorage.remove.entity.ms,1787814816106000000,1787814824500000000,0
FilePageCache.totalPageDisposalsUs,1787814816106000000,1787814824500000000,0
FilePageCache.pageLoadsAboveSizeThreshold,1787814816106000000,1787814824500000000,0
FilePageCache.pageLoads,1787814816106000000,1787814824500000000,0
DirectByteBufferAllocator.reclaimed,1787814816106000000,1787814824500000000,59
DirectByteBufferAllocator.hits,1787814816106000000,1787814824500000000,0
FilePageCache.totalPageLoadsUs,1787814816106000000,1787814824500000000,0
DirectByteBufferAllocator.misses,1787814816106000000,1787814824500000000,0
StorageLockContext.competingThreads.max,1787814816106000000,1787814824500000000,0
FilePageCache.capacityInBytes,1787814816106000000,1787814824500000000,524288000
FilePageCache.pageFastCacheHits,1787814816106000000,1787814824500000000,93
FilePageCache.maxCacheSizeInBytes,1787814816106000000,1787814824500000000,267534336
FilePageCache.pageHits,1787814816106000000,1787814824500000000,0
DirectByteBufferAllocator.totalSizeOfBuffersAllocatedInBytes,1787814816106000000,1787814824500000000,53624832
FilePageCache.uncachedFileAccess,1787814816106000000,1787814824500000000,0
FilePageCache.maxRegisteredFiles,1787814816106000000,1787814824500000000,617
DirectByteBufferAllocator.disposed,1787814816106000000,1787814824500000000,204
StorageLockContext.competingThreads.90P,1787814816106000000,1787814824500000000,0
StorageLockContext.competingThreads.avg,1787814816106000000,1787814824500000000,0.0
FilePageCache.disposedBuffers,1787814816106000000,1787814824500000000,263
DirectByteBufferAllocator.totalSizeOfBuffersCachedInBytes,1787814816106000000,1787814824500000000,52576256
FileNameCache.queries,1787814816106000000,1787814824500000000,426
FileNameCache.totalMisses,1787814816106000000,1787814824500000000,0
FileNameCache.fastMisses,1787814816106000000,1787814824500000000,46
FlushQueue.waitingTime90PNs,1787814816106000000,1787814824500000000,329727
FlushQueue.executionTime90PNs,1787814816106000000,1787814824500000000,110079
FlushQueue.queueSizeAvg,1787814816106000000,1787814824500000000,0.0
FlushQueue.tasksExecuted,1787814816106000000,1787814824500000000,16
AWTEventQueue.dispatchTimeAvgNs,1787814816106000000,1787814824500000000,49597.34439834025
FlushQueue.queueSizeMax,1787814816106000000,1787814824500000000,0
FlushQueue.waitingTimeMaxNs,1787814816106000000,1787814824500000000,2834431
NonBlockingReadAction.failedExecutionTimeUs,1787814816106000000,1787814824500000000,0
FlushQueue.queueSize90P,1787814816106000000,1787814824500000000,0
FlushQueue.executionTimeMaxNs,1787814816106000000,1787814824500000000,135167
AWTEventQueue.dispatchTimeMaxNs,1787814816106000000,1787814824500000000,2015231
NonBlockingReadAction.failedExecutionsCount,1787814816106000000,1787814824500000000,0
AWTEventQueue.eventsDispatched,1787814816106000000,1787814824500000000,964
AWTEventQueue.dispatchTimeTotalNS,1787814816106000000,1787814824500000000,47804919
AWTEventQueue.dispatchTime90PNs,1787814816106000000,1787814824500000000,104447
NonBlockingReadAction.finalizedExecutionTimeUs,1787814816106000000,1787814824500000000,0
NonBlockingReadAction.finalizedExecutionsCount,1787814816106000000,1787814824500000000,0
FlushQueue.executionTimeAvgNs,1787814816106000000,1787814824500000000,51918.0
FlushQueue.waitingTimeAvgNs,1787814816106000000,1787814824500000000,325136.0
workspaceModel.collect.changes.ms,1787814816106000000,1787814824500000000,0
workspaceModel.to.snapshot.ms,1787814816106000000,1787814824500000000,8
workspaceModel.init.bridges.ms,1787814816106000000,1787814824500000000,1
workspaceModel.replace.project.model.ms,1787814816106000000,1787814824500000000,0
workspaceModel.updates.ms,1787814816106000000,1787814824500000000,366
workspaceModel.updates.precise.ms,1787814816106000000,1787814824500000000,272
workspaceModel.loading.from.cache.ms,1787814816106000000,1787814824500000000,304
workspaceModel.pre.handlers.ms,1787814816106000000,1787814824500000000,2
workspaceModel.loading.total.ms,1787814816106000000,1787814824500000000,326
workspaceModel.updates.count,1787814816106000000,1787814824500000000,5
workspaceModel.initializing.ms,1787814816106000000,1787814824500000000,1
workspaceModel.update.unloaded.entities.ms,1787814816106000000,1787814824500000000,0
workspaceModel.check.recursive.update.ms,1787814816106000000,1787814824500000000,36
